node,degree
imgt:IgG1-kappa,634
imgt:IG,598
imgt:Phase_I,560
imgt:FDA,491
imgt:Phase_II,373
imgt:approval,367
imgt:Phase_M,306
imgt:_CHO_(Chinese_Hamster_Ovary)_cells,301
imgt:Homsap,275
imgt:Solid_tumors,244
imgt:IgG1 - kappa,226
imgt:Oncology,226
imgt:Orphan_drug,199
imgt:Phase_I/II,183
imgt:Musmus,171
imgt:IgG4-kappa,156
imgt:Phase_III,149
imgt:bispecific,87
HGNC:17635,85
imgt:Cancers_non-small_cell_lung_(NSCLC),81
imgt:Cancers,78
imgt:IgG4 - kappa,73
imgt:Multiple_myeloma_(MM),73
HGNC:8760,70
imgt:Blocking,68
imgt:Immunostimulant,65
imgt:Non-Hodgkins_lymphoma_(NHL),60
imgt:EMA,54
imgt:Immunology,53
HGNC:1674,51
imgt:Cancers_ovarian,47
imgt:IgG2-kappa,46
imgt:Cancers_gastric,45
imgt:_CHO-K1,45
imgt:Acute_myeloid_leukemia_(AML),44
imgt:Cancers_breast,44
imgt:IG-Light-Kappa-IGKC,44
imgt:IG-Light-Lambda-IGL,43
imgt:Lymphoma_diffuse_large_B_cell_(DLBCL),41
imgt:Chronic_lymphocytic_leukemia_(CLL),40
imgt:IgG1-nd,40
HGNC:5525,37
HGNC:3430,34
imgt:Roche_F_Hoffmann-La_Roche_Ltd,34
imgt:Cancers_colorectal_(CRC),33
imgt:Cancers_pancreatic,32
imgt:IgG1-lambda2,31
HGNC:3236,30
imgt:Hematology,30
imgt:Melanoma,29
HGNC:1633,28
imgt:Amgen,27
imgt:Cancers_prostate,27
imgt:Fc-effector_function,26
imgt:Hepatocellular_carcinoma_(HCC),26
imgt:cleavable_maleimidocaproyl-valyl-citrullinyl-p-aminobenzyloxycarbonyl_(mc-val-cit-PABC)_type_linker,26
imgt:monomethyl_auristatin_E_(MMAE),26
imgt:AbbVie_Inc,25
imgt:EC,25
imgt:Genentech_Inc,25
imgt:Cancers_colorectal_(CRC)_metastatic,24
imgt:Cancers_small_cell_lung_(SCLC),24
imgt:ImmunoGen_Inc,24
imgt:Lymphoma_follicular_(FL),24
imgt:monomethyl_auristatin_E_type_linker,24
imgt:scFv-kappa-heavy,24
imgt:Discontinued,23
imgt:Renal_cell_carcinoma_(RCC),23
imgt:Withdrawn,23
imgt:mAb_151,23
imgt:Acute_lymphocytic_leukemia_(ALL),22
imgt:IgG1 - kappa - 4cys - drug,22
imgt:Product_Merck_&_Co_Inc_472,22
imgt:_CHO_DG44_(Chinese_Hamster_Ovary)_cells,22
imgt:IgG2 - kappa,21
imgt:Rheumatoid_arthritis_(RA),21
imgt:Solid_tumors_advanced_or_metastatic,21
imgt:mAb_11,21
HGNC:7315,20
imgt:Cancers_head_and_neck,20
imgt:FPIA,20
imgt:Genmab_A/S,20
imgt:IgG1 - lambda,20
imgt:_CHOK1SV_(expresses_glutamine_synthetase_(GS)_endogenously)_cells,20
imgt:Lymphoma_B_cell,19
imgt:MH2,19
imgt:Preclinical,19
HGNC:1653,18
HGNC:1700,18
imgt:Hodgkin_lymphoma,18
imgt:Phase_II/III,18
imgt:_Sp2/0_mouse_hybridoma_cells,18
imgt:mAb_24,18
imgt:mAb_97,18
HGNC:11913,17
imgt:Bristol-Myers_Squibb,17
imgt:Homo_sapiens_IGHG1_Fc_,17
imgt:_CHO_(Chinese_Hamster_Ovary)_MTX_(methotrexate_resistant)_cells,17
imgt:_E.coli_(Escherichia_coli),17
imgt:_NS0_mouse_myeloma_cells,17
imgt:mAb_161,17
HGNC:11935,16
HGNC:2505,16
imgt:IG-Heavy-Mu-IGHM,16
imgt:IgG1-lambda,16
imgt:MedImmune,16
imgt:Product_Bristol-Myers_Squibb_424,16
imgt:Product_Ono_Pharmaceutical_Co_Ltd_424,16
imgt:scFv-heavy-kappa,16
imgt:Cancers_bladder,15
imgt:IgG1 - nd,15
imgt:Neoplasms,15
imgt:_CHO-S_(Chinese_Hamster_Ovary)_cells_suspension_culture,15
HGNC:1705,14
HGNC:1817,14
HGNC:3788,14
HGNC:6001,14
imgt:Melanoma_metastatic,14
imgt:Merck_&_Co_Inc,14
imgt:Product_Chugai_Pharmaceutical_Co_Ltd_96,14
imgt:Product_Genentech_Inc_526,14
imgt:Product_Genentech_Inc_96,14
imgt:Product_Roche_F_Hoffmann-La_Roche_Ltd_526,14
imgt:Product_Roche_F_Hoffmann-La_Roche_Ltd_96,14
imgt:VH-CH1,14
imgt:_CHOK1SV_(lacking_the_glutamine_synthetase_(GS)_gene)_cells,14
HGNC:1659,13
HGNC:6476,13
imgt:B_cell_acute_lymphoblastic_leukemia_(B_cell_ALL),13
imgt:Cancers_non-small_cell_lung_(NSCLC)_metastatic,13
imgt:Eli_Lilly,13
imgt:GlaxoSmithKline,13
imgt:Myelodysplastic_syndromes_(MDS),13
imgt:Neuromyelitis_optica_(NMO),13
imgt:Pfizer,13
imgt:Seattle_genetics_Inc,13
imgt:mAb_180,13
imgt:mAb_96,13
imgt:tetravalent,13
imgt:withdrawal,13
HGNC:11919,12
HGNC:12680,12
HGNC:3431,12
imgt:(scFv-heavy-kappa)-(scFv-heavy-lambda)-scFc,12
imgt:AstraZeneca,12
imgt:CD8A_,12
imgt:CPCA,12
imgt:Carcinoma_head_and_neck_squamous_cell_carcinoma_(HNSCC),12
imgt:G,12
imgt:IgG1-kappa_MM,12
imgt:IgG2-lambda,12
imgt:Immunomedics_Inc,12
imgt:Lymphoma,12
imgt:MOA_1024_oncology_blocking,12
imgt:MOA_180_oncology_blocking,12
imgt:Mesothelioma_pleural_malignant,12
imgt:Product_Seattle_genetics_Inc_324,12
imgt:Product_TRACON_Pharmaceuticals_Inc_605,12
imgt:Product_Takeda_Pharmaceutical_Co_Ltd_324,12
imgt:Regeneron_Pharmaceuticals_Inc,12
imgt:TR-Alpha_Beta-2,12
imgt:half-IG_G1-kappa/(scFv-kappa-heavy)-h-CH2-CH3,12
imgt:mAb_194,12
imgt:mAb_248,12
imgt:mAb_472,12
HGNC:11924,11
HGNC:1682,11
HGNC:26838,11
HGNC:7508,11
imgt:CH2-CH3,11
imgt:Cancers_breast_overexpressing_ERBB2_metastatic,11
imgt:Carcinoma_head_and_neck_squamous_cell_(HNSCC)_recurrent_or_metastatic,11
imgt:Hepatitis_C,11
imgt:Immunosuppressant,11
imgt:MOA_248_oncology_blocking,11
imgt:Multiple_sclerosis_(MS),11
imgt:Myasthenia_Gravis_(MG),11
imgt:Product_Biogen_Inc_161,11
imgt:Product_CureTech_453,11
imgt:Product_Regeneron_Pharmaceuticals_Inc_214,11
imgt:Product_Roche_F_Hoffmann-La_Roche_Ltd_161,11
imgt:Systemic_lupus_erythematosus_(SLE),11
imgt:cDNA,11
imgt:mAb_40,11
imgt:mAb_80,11
imgt:mRNA,11
imgt:pegol,11
imgt:sequence_unit,11
imgt:transcript_unit,11
HGNC:11905,10
HGNC:6307,10
HGNC:905,10
imgt:Agonist,10
imgt:CD8A_(CO-TM)-TNFRSF9_(CY1)-CD247_(CY2)_(1:1),10
imgt:Cancers_lung,10
imgt:FPIA_[PROTEIN]2-FC,10
imgt:Glioblastoma,10
imgt:Glioblastoma_multiforme_(GBM),10
imgt:IG-Heavy-Alpha,10
imgt:IG-Heavy-Alpha-1-IGHA1,10
imgt:IG-Heavy-Alpha-2-IGHA2,10
imgt:IG-Heavy-Delta-IGHD,10
imgt:IG-Heavy-Epsilon-IGHE,10
imgt:IG-Heavy-Gamma-1-IGHG1,10
imgt:IG-Heavy-Gamma-2-IGHG2,10
imgt:IG-Heavy-Gamma-2-a-IGHG2A,10
imgt:IG-Heavy-Gamma-2-b-IGHG2B,10
imgt:IG-Heavy-Gamma-2-c-IGHG2C,10
imgt:IG-Heavy-Gamma-3-IGHG3,10
imgt:IG-Heavy-Gamma-4-IGHG4,10
imgt:Ig(G1-kappa_G1-lambda2),10
imgt:IgG1 - kappa - 4lys - drug,10
imgt:ImClone_Systems_Inc,10
imgt:Indium-111_In-111,10
imgt:Inflammation,10
imgt:Iodine-131_I-131,10
imgt:Japan_(MHLW),10
imgt:MOA_913_oncology_blocking,10
imgt:Product_Eli_Lilly_295,10
imgt:Product_Genentech_Inc_161,10
imgt:Product_Genentech_Inc_24,10
imgt:Product_ImClone_Systems_Inc_295,10
imgt:R,10
imgt:Technetium-99m_Tc-99m,10
imgt:Yttrium-90_Y-90,10
imgt:gDNA,10
imgt:gene_unit,10
imgt:linker,10
imgt:mAb_1257,10
imgt:mAb_214,10
imgt:mAb_39,10
imgt:mAb_64,10
imgt:mAb_99,10
imgt:peptidyl_linker,10
HGNC:11529,9
HGNC:1667,9
HGNC:19137,9
HGNC:3791,9
imgt:Bayer_HealthCare_Pharmaceuticals,9
imgt:Cancers_colon,9
imgt:Carcinoma_bladder_cancer_advanced_or_metastatic_urothelial_cancers,9
imgt:GE_Junction_Cancer,9
imgt:Lymphoma_cutaneous_T_cell_(CTCL),9
imgt:MOA_1123_oncology_blocking,9
imgt:MOA_301_immunology_blocking,9
imgt:MacroGenics_Inc,9
imgt:Novartis_Pharmaceuticals_Corp,9
imgt:OncoMed_Pharmaceuticals,9
imgt:Product_Genmab_A/S_194,9
imgt:Product_GlaxoSmithKline_194,9
imgt:Product_Horizon_Therapeutics_plc_553,9
imgt:Product_Kyowa_Hakko_Kirin_366,9
imgt:Product_Merck_&_Co_Inc_626,9
imgt:Product_Merck_Serono_International_SA_512,9
imgt:Product_Novartis_Pharmaceuticals_Corp_194,9
imgt:Product_Roche_F_Hoffmann-La_Roche_Ltd_24,9
imgt:Product_Schering-Plough_626,9
imgt:Product_Viela_Bio_Inc_553,9
imgt:TR-Delta-TRD,9
imgt:ganglioside_GD2_(disialoganglioside_GD2),9
imgt:mAb_1123,9
imgt:mAb_1204,9
imgt:mAb_1248,9
imgt:mAb_238,9
imgt:mAb_294,9
imgt:mAb_295,9
imgt:mAb_424,9
imgt:mAb_498,9
imgt:mAb_526,9
imgt:mAb_528,9
imgt:mAb_659,9
imgt:mAb_771,9
HGNC:11918,8
HGNC:5465,8
HGNC:5528,8
HGNC:7029,8
imgt:(scFv-heavy-kappa)-(scFv-heavy-lambda),8
imgt:Cancers_endometrial_(EC),8
imgt:Cancers_prostate_metastatic,8
imgt:Construct_214,8
imgt:Construct_377,8
imgt:Construct_408,8
imgt:Construct_933,8
imgt:Daiichi_Sankyo_Inc,8
imgt:Gilead,8
imgt:Hairy_cell_leukemia_(HCL),8
imgt:Lymphoma_mantle_cell_(MCL),8
imgt:MOA_1088_oncology_agonist,8
imgt:MOA_1120_oncology_agonist,8
imgt:MOA_1172_oncology_blocking,8
imgt:MOA_1204_oncology_blocking,8
imgt:MOA_1321_oncology_blocking,8
imgt:MOA_1368_oncology_blocking,8
imgt:MOA_453_oncology_blocking,8
imgt:MOA_512_oncology_blocking,8
imgt:MOA_528_oncology_blocking,8
imgt:MOA_801_oncology_agonist,8
imgt:MOA_811_oncology_agonist,8
imgt:Malignant_melanoma,8
imgt:Merck_KgaA,8
imgt:National_Cancer_Institute,8
imgt:Ophthalmology,8
imgt:Product_Akeso_Biopharma_Inc_1124,8
imgt:Product_Amgen_249,8
imgt:Product_Apexigen_Inc_1088,8
imgt:Product_AstraZeneca_528,8
imgt:Product_Bristol-Myers_Squibb_781,8
imgt:Product_Celgene_corporation_874,8
imgt:Product_Daiichi_Sankyo_Inc_722,8
imgt:Product_Gilead_430,8
imgt:Product_Juno_Therapeutics_874,8
imgt:Product_Kymab_1120,8
imgt:Product_MedImmune_528,8
imgt:Product_PDL_(Protein_Design_Labs)_BioPharma_100,8
imgt:Product_Pfizer_512,8
imgt:Product_YM_BioSciences_Inc_76,8
imgt:Pseudomonas_aeruginosa,8
imgt:RPI,8
imgt:Soft-tissue_sarcoma_(STS),8
imgt:Xencor_Inc,8
imgt:_CHO-S,8
imgt:biparatopic,8
imgt:exotoxin_A,8
imgt:mAb_1003,8
imgt:mAb_101,8
imgt:mAb_1024,8
imgt:mAb_1077,8
imgt:mAb_1081,8
imgt:mAb_1124,8
imgt:mAb_1152,8
imgt:mAb_1171,8
imgt:mAb_1189,8
imgt:mAb_1196,8
imgt:mAb_122,8
imgt:mAb_1224,8
imgt:mAb_1225,8
imgt:mAb_1227,8
imgt:mAb_1243,8
imgt:mAb_1258,8
imgt:mAb_1260,8
imgt:mAb_1317,8
imgt:mAb_133,8
imgt:mAb_1365,8
imgt:mAb_1368,8
imgt:mAb_138,8
imgt:mAb_1477,8
imgt:mAb_176,8
imgt:mAb_213,8
imgt:mAb_232,8
imgt:mAb_297,8
imgt:mAb_344,8
imgt:mAb_357,8
imgt:mAb_405,8
imgt:mAb_512,8
imgt:mAb_539,8
imgt:mAb_795,8
imgt:mAb_846,8
imgt:mAb_859,8
imgt:mAb_913,8
imgt:mAb_963,8
HGNC:11892,7
HGNC:1643,7
HGNC:1666,7
HGNC:5423,7
HGNC:6008,7
HGNC:9662,7
imgt:Adenocarcinoma_gastric,7
imgt:Boehringer_Ingelheim_Pharmaceuticals,7
imgt:Cancers_esophageal_metastatic,7
imgt:Carcinoma_esophageal,7
imgt:Construct_1048,7
imgt:Construct_1098,7
imgt:Construct_1115,7
imgt:Construct_1118,7
imgt:Construct_1124,7
imgt:Construct_1196,7
imgt:Construct_1227,7
imgt:Construct_1258,7
imgt:Construct_1260,7
imgt:Construct_1293,7
imgt:Construct_1379,7
imgt:Construct_1380,7
imgt:Construct_213,7
imgt:Construct_331,7
imgt:Construct_388,7
imgt:Construct_475,7
imgt:Construct_530,7
imgt:Construct_545,7
imgt:Construct_546,7
imgt:Construct_611,7
imgt:Construct_634,7
imgt:Construct_704,7
imgt:Construct_732,7
imgt:Construct_798,7
imgt:Construct_818,7
imgt:Construct_820,7
imgt:Construct_825,7
imgt:Construct_870,7
imgt:Construct_926,7
imgt:Construct_935,7
imgt:Construct_997,7
imgt:Hematologic_malignancies,7
imgt:Hepatocellular_carcinoma_(HCC)_metastatic,7
imgt:Innovent_Biologics,7
imgt:Janssen_Biotech_Inc,7
imgt:MOA_1009_oncology_blocking,7
imgt:MOA_1010_oncology_agonist,7
imgt:MOA_1011_immunology_blocking,7
imgt:MOA_1017_oncology_blocking,7
imgt:MOA_1071_oncology_blocking,7
imgt:MOA_1077_oncology_blocking,7
imgt:MOA_1082_oncology_blocking,7
imgt:MOA_1093_oncology_blocking,7
imgt:MOA_1142_oncology_blocking,7
imgt:MOA_1211_oncology_blocking,7
imgt:MOA_176_oncology_blocking,7
imgt:MOA_194_immunology_blocking,7
imgt:MOA_232_oncology_agonist,7
imgt:MOA_372_immunology_blocking,7
imgt:MOA_424_oncology_blocking,7
imgt:MOA_472_oncology_blocking,7
imgt:MOA_526_oncology_blocking,7
imgt:MOA_539_immunology_blocking,7
imgt:MOA_659_oncology_blocking,7
imgt:MOA_757_oncology_blocking,7
imgt:MOA_761_oncology_blocking,7
imgt:MOA_781_oncology_blocking,7
imgt:MOA_809_oncology_blocking,7
imgt:MOA_845_oncology_blocking,7
imgt:MOA_846_oncology_blocking,7
imgt:MOA_849_oncology_blocking,7
imgt:MOA_859_oncology_blocking,7
imgt:MOA_863_oncology_blocking,7
imgt:MOA_882_immunology_blocking,7
imgt:MOA_912_oncology_blocking,7
imgt:MOA_918_oncology_blocking,7
imgt:MOA_934_oncology_blocking,7
imgt:MOA_948_oncology_blocking,7
imgt:MOA_950_oncology_blocking,7
imgt:MOA_955_oncology_blocking,7
imgt:MOA_957_oncology_blocking,7
imgt:MOA_963_oncology_blocking,7
imgt:MOA_969_oncology_blocking,7
imgt:MOA_970_oncology_blocking,7
imgt:MOA_999_oncology_blocking,7
imgt:Neuroblastoma,7
imgt:Pemphigus_vulgaris_(PV),7
imgt:Product_ALX_Oncology_Inc_1293,7
imgt:Product_Acceleron_Pharma_Inc_331,7
imgt:Product_Akeso_Biopharma_Inc_1093,7
imgt:Product_Apogenix_GmbH_530,7
imgt:Product_Arcus_Biosciences_Inc_1356,7
imgt:Product_Biogen_Inc_238,7
imgt:Product_Bristol-Myers_Squibb_180,7
imgt:Product_Celgene_corporation_331,7
imgt:Product_Chiron_Corporation_671,7
imgt:Product_Eli_Lilly_385,7
imgt:Product_Genentech_Inc_238,7
imgt:Product_Genentech_Inc_80,7
imgt:Product_Genmab_A/S_228,7
imgt:Product_IGM_Biosciences_Inc_1257,7
imgt:Product_Leap_Therapeutics_1187,7
imgt:Product_Lyvgen_Biopharma_1366,7
imgt:Product_MD_Anderson_Cancer_Center_1366,7
imgt:Product_MacroGenics_Inc_1289,7
imgt:Product_Medarex_180,7
imgt:Product_Peregrine_Pharmaceuticals_Inc_149,7
imgt:Product_Pfizer_1379,7
imgt:Product_Regeneron_Pharmaceuticals_Inc_846,7
imgt:Product_Roche_F_Hoffmann-La_Roche_Ltd_238,7
imgt:Product_Roche_F_Hoffmann-La_Roche_Ltd_80,7
imgt:Product_Shanghai_Junshi_Biosciences_Co_Ltd_863,7
imgt:Product_TCR2_Therapeutics_Inc_1101,7
imgt:StudyProduct_GlaxoSmithKline_Multiple_myeloma_(MM)_784,7
imgt:mAb_1009,7
imgt:mAb_1014,7
imgt:mAb_1017,7
imgt:mAb_1032,7
imgt:mAb_1055,7
imgt:mAb_1056,7
imgt:mAb_1057,7
imgt:mAb_1058,7
imgt:mAb_1071,7
imgt:mAb_1073,7
imgt:mAb_1074,7
imgt:mAb_1075,7
imgt:mAb_1082,7
imgt:mAb_1093,7
imgt:mAb_1119,7
imgt:mAb_1120,7
imgt:mAb_1143,7
imgt:mAb_1153,7
imgt:mAb_1157,7
imgt:mAb_1161,7
imgt:mAb_1182,7
imgt:mAb_1183,7
imgt:mAb_119,7
imgt:mAb_1192,7
imgt:mAb_1200,7
imgt:mAb_1202,7
imgt:mAb_1236,7
imgt:mAb_1239,7
imgt:mAb_1249,7
imgt:mAb_1281,7
imgt:mAb_1355,7
imgt:mAb_1367,7
imgt:mAb_1369,7
imgt:mAb_1370,7
imgt:mAb_1371,7
imgt:mAb_1372,7
imgt:mAb_1380,7
imgt:mAb_1388,7
imgt:mAb_142,7
imgt:mAb_1492,7
imgt:mAb_150,7
imgt:mAb_1585,7
imgt:mAb_196,7
imgt:mAb_2,7
imgt:mAb_218,7
imgt:mAb_220,7
imgt:mAb_221,7
imgt:mAb_222,7
imgt:mAb_249,7
imgt:mAb_255,7
imgt:mAb_259,7
imgt:mAb_314,7
imgt:mAb_324,7
imgt:mAb_359,7
imgt:mAb_366,7
imgt:mAb_372,7
imgt:mAb_476,7
imgt:mAb_488,7
imgt:mAb_490,7
imgt:mAb_52,7
imgt:mAb_522,7
imgt:mAb_53,7
imgt:mAb_545,7
imgt:mAb_553,7
imgt:mAb_562,7
imgt:mAb_568,7
imgt:mAb_58,7
imgt:mAb_597,7
imgt:mAb_602,7
imgt:mAb_640,7
imgt:mAb_679,7
imgt:mAb_757,7
imgt:mAb_760,7
imgt:mAb_776,7
imgt:mAb_781,7
imgt:mAb_838,7
imgt:mAb_845,7
imgt:mAb_847,7
imgt:mAb_849,7
imgt:mAb_863,7
imgt:mAb_873,7
imgt:mAb_882,7
imgt:mAb_936,7
imgt:mAb_937,7
imgt:mAb_955,7
imgt:mAb_967,7
imgt:mAb_968,7
imgt:mAb_969,7
imgt:mAb_98,7
imgt:mAb_982,7
imgt:maytansinoid_DM4,7
imgt:tumour_associated_glycoprotein_72,7
HGNC:11773,6
HGNC:17087,6
HGNC:5432,6
HGNC:5433,6
HGNC:5977,6
HGNC:7371,6
imgt:ADC_Therapeutics,6
imgt:Biogen_Inc,6
imgt:Cancers_blood,6
imgt:Cancers_rectal,6
imgt:Celgene_corporation,6
imgt:Construct_100,6
imgt:Construct_1000,6
imgt:Construct_1002,6
imgt:Construct_1003,6
imgt:Construct_1004,6
imgt:Construct_1005,6
imgt:Construct_1006,6
imgt:Construct_1007,6
imgt:Construct_1009,6
imgt:Construct_101,6
imgt:Construct_1010,6
imgt:Construct_1011,6
imgt:Construct_1012,6
imgt:Construct_1013,6
imgt:Construct_1014,6
imgt:Construct_1017,6
imgt:Construct_1019,6
imgt:Construct_1022,6
imgt:Construct_1023,6
imgt:Construct_1024,6
imgt:Construct_1025,6
imgt:Construct_1026,6
imgt:Construct_1028,6
imgt:Construct_1029,6
imgt:Construct_1030,6
imgt:Construct_1031,6
imgt:Construct_1032,6
imgt:Construct_1035,6
imgt:Construct_1036,6
imgt:Construct_1037,6
imgt:Construct_1039,6
imgt:Construct_1040,6
imgt:Construct_1041,6
imgt:Construct_1042,6
imgt:Construct_1049,6
imgt:Construct_1054,6
imgt:Construct_1055,6
imgt:Construct_1056,6
imgt:Construct_1057,6
imgt:Construct_1058,6
imgt:Construct_1059,6
imgt:Construct_1062,6
imgt:Construct_1065,6
imgt:Construct_1066,6
imgt:Construct_1067,6
imgt:Construct_1071,6
imgt:Construct_1072,6
imgt:Construct_1073,6
imgt:Construct_1074,6
imgt:Construct_1075,6
imgt:Construct_1076,6
imgt:Construct_1077,6
imgt:Construct_1079,6
imgt:Construct_1080,6
imgt:Construct_1081,6
imgt:Construct_1082,6
imgt:Construct_1083,6
imgt:Construct_1084,6
imgt:Construct_1085,6
imgt:Construct_1088,6
imgt:Construct_1090,6
imgt:Construct_1093,6
imgt:Construct_1095,6
imgt:Construct_11,6
imgt:Construct_1102,6
imgt:Construct_1103,6
imgt:Construct_111,6
imgt:Construct_1112,6
imgt:Construct_1119,6
imgt:Construct_1120,6
imgt:Construct_1122,6
imgt:Construct_1123,6
imgt:Construct_1125,6
imgt:Construct_1127,6
imgt:Construct_1128,6
imgt:Construct_1131,6
imgt:Construct_1134,6
imgt:Construct_1138,6
imgt:Construct_1139,6
imgt:Construct_1142,6
imgt:Construct_1143,6
imgt:Construct_1146,6
imgt:Construct_1150,6
imgt:Construct_1152,6
imgt:Construct_1153,6
imgt:Construct_1154,6
imgt:Construct_1155,6
imgt:Construct_1157,6
imgt:Construct_1159,6
imgt:Construct_1160,6
imgt:Construct_1161,6
imgt:Construct_1167,6
imgt:Construct_1170,6
imgt:Construct_1171,6
imgt:Construct_1172,6
imgt:Construct_1173,6
imgt:Construct_1174,6
imgt:Construct_1176,6
imgt:Construct_1177,6
imgt:Construct_1179,6
imgt:Construct_1181,6
imgt:Construct_1182,6
imgt:Construct_1183,6
imgt:Construct_1184,6
imgt:Construct_1187,6
imgt:Construct_1189,6
imgt:Construct_119,6
imgt:Construct_1192,6
imgt:Construct_1194,6
imgt:Construct_1197,6
imgt:Construct_1200,6
imgt:Construct_1202,6
imgt:Construct_1203,6
imgt:Construct_1204,6
imgt:Construct_1206,6
imgt:Construct_1207,6
imgt:Construct_1208,6
imgt:Construct_1211,6
imgt:Construct_1212,6
imgt:Construct_1224,6
imgt:Construct_1225,6
imgt:Construct_1229,6
imgt:Construct_1230,6
imgt:Construct_1231,6
imgt:Construct_1232,6
imgt:Construct_1233,6
imgt:Construct_1234,6
imgt:Construct_1236,6
imgt:Construct_1239,6
imgt:Construct_1240,6
imgt:Construct_1243,6
imgt:Construct_1246,6
imgt:Construct_1248,6
imgt:Construct_1249,6
imgt:Construct_1256,6
imgt:Construct_1257,6
imgt:Construct_1259,6
imgt:Construct_1262,6
imgt:Construct_1263,6
imgt:Construct_1265,6
imgt:Construct_1266,6
imgt:Construct_1268,6
imgt:Construct_1269,6
imgt:Construct_1272,6
imgt:Construct_1273,6
imgt:Construct_1274,6
imgt:Construct_1276,6
imgt:Construct_1278,6
imgt:Construct_1281,6
imgt:Construct_1285,6
imgt:Construct_1287,6
imgt:Construct_1289,6
imgt:Construct_1296,6
imgt:Construct_1297,6
imgt:Construct_1299,6
imgt:Construct_1307,6
imgt:Construct_1308,6
imgt:Construct_1311,6
imgt:Construct_1313,6
imgt:Construct_1315,6
imgt:Construct_1317,6
imgt:Construct_1321,6
imgt:Construct_1325,6
imgt:Construct_1328,6
imgt:Construct_1330,6
imgt:Construct_1336,6
imgt:Construct_1337,6
imgt:Construct_1338,6
imgt:Construct_1339,6
imgt:Construct_1340,6
imgt:Construct_1342,6
imgt:Construct_1344,6
imgt:Construct_1346,6
imgt:Construct_1347,6
imgt:Construct_135,6
imgt:Construct_1350,6
imgt:Construct_1354,6
imgt:Construct_1355,6
imgt:Construct_1356,6
imgt:Construct_1359,6
imgt:Construct_1361,6
imgt:Construct_1362,6
imgt:Construct_1364,6
imgt:Construct_1365,6
imgt:Construct_1366,6
imgt:Construct_1367,6
imgt:Construct_1368,6
imgt:Construct_1369,6
imgt:Construct_1370,6
imgt:Construct_1371,6
imgt:Construct_1372,6
imgt:Construct_1373,6
imgt:Construct_138,6
imgt:Construct_1383,6
imgt:Construct_1384,6
imgt:Construct_1385,6
imgt:Construct_1388,6
imgt:Construct_1394,6
imgt:Construct_1399,6
imgt:Construct_1411,6
imgt:Construct_1418,6
imgt:Construct_142,6
imgt:Construct_143,6
imgt:Construct_1477,6
imgt:Construct_149,6
imgt:Construct_1492,6
imgt:Construct_151,6
imgt:Construct_154,6
imgt:Construct_158,6
imgt:Construct_161,6
imgt:Construct_164,6
imgt:Construct_168,6
imgt:Construct_176,6
imgt:Construct_18,6
imgt:Construct_180,6
imgt:Construct_183,6
imgt:Construct_194,6
imgt:Construct_196,6
imgt:Construct_198,6
imgt:Construct_200,6
imgt:Construct_21,6
imgt:Construct_224,6
imgt:Construct_225,6
imgt:Construct_226,6
imgt:Construct_228,6
imgt:Construct_229,6
imgt:Construct_232,6
imgt:Construct_233,6
imgt:Construct_234,6
imgt:Construct_236,6
imgt:Construct_237,6
imgt:Construct_238,6
imgt:Construct_24,6
imgt:Construct_240,6
imgt:Construct_248,6
imgt:Construct_249,6
imgt:Construct_250,6
imgt:Construct_254,6
imgt:Construct_255,6
imgt:Construct_259,6
imgt:Construct_270,6
imgt:Construct_274,6
imgt:Construct_276,6
imgt:Construct_290,6
imgt:Construct_291,6
imgt:Construct_292,6
imgt:Construct_293,6
imgt:Construct_294,6
imgt:Construct_295,6
imgt:Construct_296,6
imgt:Construct_297,6
imgt:Construct_301,6
imgt:Construct_302,6
imgt:Construct_321,6
imgt:Construct_324,6
imgt:Construct_328,6
imgt:Construct_329,6
imgt:Construct_332,6
imgt:Construct_333,6
imgt:Construct_348,6
imgt:Construct_349,6
imgt:Construct_352,6
imgt:Construct_356,6
imgt:Construct_357,6
imgt:Construct_359,6
imgt:Construct_360,6
imgt:Construct_365,6
imgt:Construct_366,6
imgt:Construct_368,6
imgt:Construct_370,6
imgt:Construct_372,6
imgt:Construct_373,6
imgt:Construct_374,6
imgt:Construct_379,6
imgt:Construct_381,6
imgt:Construct_385,6
imgt:Construct_387,6
imgt:Construct_389,6
imgt:Construct_40,6
imgt:Construct_403,6
imgt:Construct_405,6
imgt:Construct_407,6
imgt:Construct_414,6
imgt:Construct_415,6
imgt:Construct_416,6
imgt:Construct_417,6
imgt:Construct_419,6
imgt:Construct_420,6
imgt:Construct_423,6
imgt:Construct_424,6
imgt:Construct_425,6
imgt:Construct_427,6
imgt:Construct_430,6
imgt:Construct_431,6
imgt:Construct_432,6
imgt:Construct_433,6
imgt:Construct_44,6
imgt:Construct_451,6
imgt:Construct_452,6
imgt:Construct_453,6
imgt:Construct_455,6
imgt:Construct_457,6
imgt:Construct_458,6
imgt:Construct_464,6
imgt:Construct_466,6
imgt:Construct_467,6
imgt:Construct_469,6
imgt:Construct_470,6
imgt:Construct_471,6
imgt:Construct_472,6
imgt:Construct_473,6
imgt:Construct_476,6
imgt:Construct_478,6
imgt:Construct_482,6
imgt:Construct_483,6
imgt:Construct_488,6
imgt:Construct_489,6
imgt:Construct_490,6
imgt:Construct_491,6
imgt:Construct_492,6
imgt:Construct_493,6
imgt:Construct_496,6
imgt:Construct_497,6
imgt:Construct_498,6
imgt:Construct_500,6
imgt:Construct_501,6
imgt:Construct_502,6
imgt:Construct_504,6
imgt:Construct_505,6
imgt:Construct_512,6
imgt:Construct_519,6
imgt:Construct_52,6
imgt:Construct_522,6
imgt:Construct_526,6
imgt:Construct_528,6
imgt:Construct_53,6
imgt:Construct_531,6
imgt:Construct_532,6
imgt:Construct_533,6
imgt:Construct_534,6
imgt:Construct_539,6
imgt:Construct_540,6
imgt:Construct_541,6
imgt:Construct_542,6
imgt:Construct_544,6
imgt:Construct_548,6
imgt:Construct_552,6
imgt:Construct_553,6
imgt:Construct_554,6
imgt:Construct_555,6
imgt:Construct_558,6
imgt:Construct_559,6
imgt:Construct_560,6
imgt:Construct_561,6
imgt:Construct_562,6
imgt:Construct_565,6
imgt:Construct_568,6
imgt:Construct_569,6
imgt:Construct_570,6
imgt:Construct_571,6
imgt:Construct_572,6
imgt:Construct_575,6
imgt:Construct_577,6
imgt:Construct_58,6
imgt:Construct_580,6
imgt:Construct_581,6
imgt:Construct_582,6
imgt:Construct_584,6
imgt:Construct_588,6
imgt:Construct_590,6
imgt:Construct_592,6
imgt:Construct_597,6
imgt:Construct_600,6
imgt:Construct_601,6
imgt:Construct_602,6
imgt:Construct_603,6
imgt:Construct_604,6
imgt:Construct_605,6
imgt:Construct_608,6
imgt:Construct_615,6
imgt:Construct_62,6
imgt:Construct_633,6
imgt:Construct_64,6
imgt:Construct_640,6
imgt:Construct_644,6
imgt:Construct_645,6
imgt:Construct_649,6
imgt:Construct_65,6
imgt:Construct_653,6
imgt:Construct_654,6
imgt:Construct_655,6
imgt:Construct_656,6
imgt:Construct_657,6
imgt:Construct_659,6
imgt:Construct_660,6
imgt:Construct_662,6
imgt:Construct_665,6
imgt:Construct_668,6
imgt:Construct_671,6
imgt:Construct_679,6
imgt:Construct_712,6
imgt:Construct_714,6
imgt:Construct_720,6
imgt:Construct_721,6
imgt:Construct_722,6
imgt:Construct_723,6
imgt:Construct_724,6
imgt:Construct_729,6
imgt:Construct_735,6
imgt:Construct_738,6
imgt:Construct_739,6
imgt:Construct_740,6
imgt:Construct_749,6
imgt:Construct_753,6
imgt:Construct_754,6
imgt:Construct_755,6
imgt:Construct_757,6
imgt:Construct_759,6
imgt:Construct_76,6
imgt:Construct_760,6
imgt:Construct_761,6
imgt:Construct_765,6
imgt:Construct_768,6
imgt:Construct_770,6
imgt:Construct_771,6
imgt:Construct_772,6
imgt:Construct_773,6
imgt:Construct_774,6
imgt:Construct_775,6
imgt:Construct_776,6
imgt:Construct_777,6
imgt:Construct_780,6
imgt:Construct_781,6
imgt:Construct_784,6
imgt:Construct_789,6
imgt:Construct_792,6
imgt:Construct_795,6
imgt:Construct_796,6
imgt:Construct_797,6
imgt:Construct_80,6
imgt:Construct_800,6
imgt:Construct_801,6
imgt:Construct_803,6
imgt:Construct_809,6
imgt:Construct_810,6
imgt:Construct_811,6
imgt:Construct_812,6
imgt:Construct_813,6
imgt:Construct_814,6
imgt:Construct_815,6
imgt:Construct_817,6
imgt:Construct_827,6
imgt:Construct_828,6
imgt:Construct_834,6
imgt:Construct_835,6
imgt:Construct_838,6
imgt:Construct_840,6
imgt:Construct_845,6
imgt:Construct_846,6
imgt:Construct_847,6
imgt:Construct_849,6
imgt:Construct_855,6
imgt:Construct_856,6
imgt:Construct_858,6
imgt:Construct_859,6
imgt:Construct_861,6
imgt:Construct_863,6
imgt:Construct_865,6
imgt:Construct_866,6
imgt:Construct_867,6
imgt:Construct_869,6
imgt:Construct_871,6
imgt:Construct_873,6
imgt:Construct_874,6
imgt:Construct_876,6
imgt:Construct_879,6
imgt:Construct_882,6
imgt:Construct_885,6
imgt:Construct_886,6
imgt:Construct_890,6
imgt:Construct_891,6
imgt:Construct_894,6
imgt:Construct_896,6
imgt:Construct_900,6
imgt:Construct_902,6
imgt:Construct_903,6
imgt:Construct_904,6
imgt:Construct_905,6
imgt:Construct_907,6
imgt:Construct_912,6
imgt:Construct_913,6
imgt:Construct_916,6
imgt:Construct_918,6
imgt:Construct_919,6
imgt:Construct_920,6
imgt:Construct_921,6
imgt:Construct_928,6
imgt:Construct_931,6
imgt:Construct_934,6
imgt:Construct_936,6
imgt:Construct_937,6
imgt:Construct_938,6
imgt:Construct_940,6
imgt:Construct_942,6
imgt:Construct_945,6
imgt:Construct_946,6
imgt:Construct_948,6
imgt:Construct_949,6
imgt:Construct_950,6
imgt:Construct_952,6
imgt:Construct_954,6
imgt:Construct_955,6
imgt:Construct_956,6
imgt:Construct_957,6
imgt:Construct_958,6
imgt:Construct_959,6
imgt:Construct_96,6
imgt:Construct_960,6
imgt:Construct_962,6
imgt:Construct_963,6
imgt:Construct_964,6
imgt:Construct_965,6
imgt:Construct_966,6
imgt:Construct_967,6
imgt:Construct_968,6
imgt:Construct_969,6
imgt:Construct_97,6
imgt:Construct_970,6
imgt:Construct_973,6
imgt:Construct_974,6
imgt:Construct_975,6
imgt:Construct_976,6
imgt:Construct_981,6
imgt:Construct_982,6
imgt:Construct_983,6
imgt:Construct_984,6
imgt:Construct_985,6
imgt:Construct_986,6
imgt:Construct_987,6
imgt:Construct_999,6
imgt:FN_(fibronectin),6
imgt:Fab-G1-kappa,6
imgt:IgG-nd,6
imgt:IgG1 - kappa - 2cys - drug,6
imgt:IgG1-kappa/lambda_with_domain_crossover_trivalent,6
imgt:IgG1-lambda3,6
imgt:IgG2 - lambda,6
imgt:IgG4-lambda,6
imgt:Infectiology,6
imgt:Leukemia,6
imgt:Lutetium-177_Lu-177,6
imgt:MOA_1012_oncology_agonist,6
imgt:MOA_1243_oncology_agonist,6
imgt:MOA_1367_oncology_agonist,6
imgt:MOA_414_immunology_blocking,6
imgt:MOA_522_oncology_blocking,6
imgt:MOA_723_oncology_agonist,6
imgt:MOA_856_oncology_blocking,6
imgt:MOA_946_oncology_blocking,6
imgt:MOA_96_immunology_blocking,6
imgt:Medarex,6
imgt:Merkel_cell_carcinoma_(MCC)_metastatic,6
imgt:Multicentric_Castlemans_disease_(MCD),6
imgt:N-acetyl-gamma_calicheamicin,6
imgt:Neuroblastoma_pediatric,6
imgt:PR,6
imgt:Product_AVEO_Pharmaceuticals_379,6
imgt:Product_AbbVie_Inc_1307,6
imgt:Product_Akeso_Biopharma_Inc_1196,6
imgt:Product_Alder_Biopharmaceuticals_Inc_414,6
imgt:Product_Amgen_623,6
imgt:Product_AstraZeneca_248,6
imgt:Product_CStone_Pharmaceuticals_1031,6
imgt:Product_Centocor_Inc_297,6
imgt:Product_FibroGen_Inc_554,6
imgt:Product_Immunomedics_Inc_559,6
imgt:Product_Incyte_Biosciences_International_Sàrl_1371,6
imgt:Product_Janssen-Cilag_International_NV_297,6
imgt:Product_Janssen_Biotech_Inc_297,6
imgt:Product_Janssen_Pharmaceuticals_inc_640,6
imgt:Product_Jiangsu_Hengrui_Medicine_Co_Ltd_1328,6
imgt:Product_KaloBios_Pharmaceuticals_Inc_505,6
imgt:Product_Laboratoire_Français_du_fractionnement_et_des_Biotechnologies_(LFB)_372,6
imgt:Product_Lyvgen_Biopharma_1365,6
imgt:Product_Lyvgen_Biopharma_1367,6
imgt:Product_MD_Anderson_Cancer_Center_1365,6
imgt:Product_MD_Anderson_Cancer_Center_1367,6
imgt:Product_MacroGenics_Inc_640,6
imgt:Product_MedImmune_248,6
imgt:Product_Merck_KgaA_489,6
imgt:Product_Merck_Serono_International_SA_213,6
imgt:Product_Merrimack_Pharmaceuticals_455,6
imgt:Product_MorphoSys_522,6
imgt:Product_Novartis_Pharmaceuticals_Corp_1364,6
imgt:Product_Novartis_Pharmaceuticals_Corp_534,6
imgt:Product_Novartis_Pharmaceuticals_Corp_724,6
imgt:Product_Novartis_Pharmaceuticals_Corp_761,6
imgt:Product_Pfizer_259,6
imgt:Product_Roche_F_Hoffmann-La_Roche_Ltd_457,6
imgt:Product_Sanofi_455,6
imgt:Product_Seattle_genetics_Inc_552,6
imgt:Product_Stemline_Therapeutics_Inc_825,6
imgt:Product_Systimmune_Inc_1260,6
imgt:Product_TG_Therapeutics_372,6
imgt:Product_University_of_Bern_792,6
imgt:Product_Xencor_Inc_522,6
imgt:Product_ZymoGenetics_Inc_213,6
imgt:Product_arGEN-X_792,6
imgt:Pseudomonas_aeruginosa_exotoxin_A,6
imgt:Sanofi,6
imgt:Severe_acute_respiratory_syndrome_coronavirus_2_(SARS-CoV-2)_infection_(COVID-19),6
imgt:StudyProduct_ADC_Therapeutics_Lymphoma_diffuse_large_B_cell_(DLBCL)_749,6
imgt:StudyProduct_Bristol-Myers_Squibb_Multiple_myeloma_(MM)_873,6
imgt:StudyProduct_Celgene_corporation_Multiple_myeloma_(MM)_873,6
imgt:StudyProduct_Chugai_Pharmaceutical_Co_Ltd_Rheumatoid_arthritis_(RA)_96,6
imgt:StudyProduct_Corixa_Corp_Non-Hodgkins_lymphoma_(NHL)_142,6
imgt:StudyProduct_Genentech_Inc_Rheumatoid_arthritis_(RA)_96,6
imgt:StudyProduct_Gilead_Multiple_myeloma_(MM)_873,6
imgt:StudyProduct_GlaxoSmithKline_Non-Hodgkins_lymphoma_(NHL)_142,6
imgt:StudyProduct_ImmunoGen_Inc_Multiple_myeloma_(MM)_539,6
imgt:StudyProduct_Immunomedics_Inc_Cancers_colorectal_(CRC)_113,6
imgt:StudyProduct_Janssen_Research_&_Development_LLC_Multiple_myeloma_(MM)_894,6
imgt:StudyProduct_Pfizer_Acute_myeloid_leukemia_(AML)_44,6
imgt:StudyProduct_Pfizer_B_cell_acute_lymphoblastic_leukemia_(B_cell_ALL)_259,6
imgt:StudyProduct_Roche_F_Hoffmann-La_Roche_Ltd_Rheumatoid_arthritis_(RA)_96,6
imgt:StudyProduct_Sanofi-Aventis_US_LLC_Multiple_myeloma_(MM)_539,6
imgt:StudyProduct_Sanofi_Multiple_myeloma_(MM)_539,6
imgt:StudyProduct_Sorin_Radiofarmaci_SRL_Cutaneous_melanoma_lesions_141,6
imgt:StudyProduct_United_Therapeutics_Corporation_Neuroblastoma_pediatric_464,6
imgt:StudyProduct_Wyeth_Pharmaceuticals_B_cell_acute_lymphoblastic_leukemia_(B_cell_ALL)_259,6
imgt:TR,6
imgt:TR-Alpha-TRA,6
imgt:T_cell_lymphoma,6
imgt:_BHK_cells_(ATCC_CCL_10),6
imgt:_CHO-K1_(lacking_the_glutamine_synthetase_(GS)_gene)_cells,6
imgt:bivalent,6
imgt:chain_unit,6
imgt:chelator_corixetan,6
imgt:chelator_tetraxetan_,6
imgt:chelator_tetraxetan_(DOTA),6
imgt:half-IG_G1-kappa/(scFv-heavy-lambda)-h-CH2-CH3,6
imgt:mAb_1006,6
imgt:mAb_1010,6
imgt:mAb_1012,6
imgt:mAb_1029,6
imgt:mAb_1031,6
imgt:mAb_1035,6
imgt:mAb_1042,6
imgt:mAb_1054,6
imgt:mAb_1072,6
imgt:mAb_1079,6
imgt:mAb_1083,6
imgt:mAb_1084,6
imgt:mAb_1085,6
imgt:mAb_1088,6
imgt:mAb_1127,6
imgt:mAb_1138,6
imgt:mAb_1139,6
imgt:mAb_1142,6
imgt:mAb_115,6
imgt:mAb_1150,6
imgt:mAb_1159,6
imgt:mAb_1172,6
imgt:mAb_1173,6
imgt:mAb_1181,6
imgt:mAb_1184,6
imgt:mAb_1203,6
imgt:mAb_1207,6
imgt:mAb_1211,6
imgt:mAb_123,6
imgt:mAb_1232,6
imgt:mAb_1256,6
imgt:mAb_1259,6
imgt:mAb_1263,6
imgt:mAb_1265,6
imgt:mAb_1269,6
imgt:mAb_1274,6
imgt:mAb_1278,6
imgt:mAb_1285,6
imgt:mAb_1289,6
imgt:mAb_1297,6
imgt:mAb_1299,6
imgt:mAb_13,6
imgt:mAb_130,6
imgt:mAb_1321,6
imgt:mAb_1325,6
imgt:mAb_1340,6
imgt:mAb_1346,6
imgt:mAb_135,6
imgt:mAb_1350,6
imgt:mAb_1354,6
imgt:mAb_1359,6
imgt:mAb_1366,6
imgt:mAb_1385,6
imgt:mAb_1418,6
imgt:mAb_143,6
imgt:mAb_1555,6
imgt:mAb_1571,6
imgt:mAb_1580,6
imgt:mAb_1584,6
imgt:mAb_168,6
imgt:mAb_19,6
imgt:mAb_198,6
imgt:mAb_199,6
imgt:mAb_219,6
imgt:mAb_228,6
imgt:mAb_229,6
imgt:mAb_233,6
imgt:mAb_236,6
imgt:mAb_237,6
imgt:mAb_240,6
imgt:mAb_254,6
imgt:mAb_26,6
imgt:mAb_269,6
imgt:mAb_27,6
imgt:mAb_274,6
imgt:mAb_29,6
imgt:mAb_290,6
imgt:mAb_301,6
imgt:mAb_312,6
imgt:mAb_33,6
imgt:mAb_331,6
imgt:mAb_352,6
imgt:mAb_356,6
imgt:mAb_368,6
imgt:mAb_388,6
imgt:mAb_389,6
imgt:mAb_414,6
imgt:mAb_420,6
imgt:mAb_44,6
imgt:mAb_451,6
imgt:mAb_453,6
imgt:mAb_455,6
imgt:mAb_457,6
imgt:mAb_458,6
imgt:mAb_467,6
imgt:mAb_471,6
imgt:mAb_49,6
imgt:mAb_493,6
imgt:mAb_500,6
imgt:mAb_502,6
imgt:mAb_531,6
imgt:mAb_541,6
imgt:mAb_552,6
imgt:mAb_558,6
imgt:mAb_559,6
imgt:mAb_560,6
imgt:mAb_569,6
imgt:mAb_571,6
imgt:mAb_580,6
imgt:mAb_582,6
imgt:mAb_600,6
imgt:mAb_608,6
imgt:mAb_615,6
imgt:mAb_627,6
imgt:mAb_633,6
imgt:mAb_634,6
imgt:mAb_645,6
imgt:mAb_649,6
imgt:mAb_65,6
imgt:mAb_668,6
imgt:mAb_712,6
imgt:mAb_722,6
imgt:mAb_723,6
imgt:mAb_76,6
imgt:mAb_761,6
imgt:mAb_772,6
imgt:mAb_775,6
imgt:mAb_777,6
imgt:mAb_792,6
imgt:mAb_798,6
imgt:mAb_801,6
imgt:mAb_809,6
imgt:mAb_811,6
imgt:mAb_812,6
imgt:mAb_856,6
imgt:mAb_866,6
imgt:mAb_867,6
imgt:mAb_870,6
imgt:mAb_874,6
imgt:mAb_879,6
imgt:mAb_894,6
imgt:mAb_904,6
imgt:mAb_912,6
imgt:mAb_918,6
imgt:mAb_919,6
imgt:mAb_920,6
imgt:mAb_921,6
imgt:mAb_934,6
imgt:mAb_935,6
imgt:mAb_938,6
imgt:mAb_946,6
imgt:mAb_948,6
imgt:mAb_949,6
imgt:mAb_950,6
imgt:mAb_952,6
imgt:mAb_957,6
imgt:mAb_959,6
imgt:mAb_962,6
imgt:mAb_965,6
imgt:mAb_966,6
imgt:mAb_970,6
imgt:mAb_973,6
imgt:mAb_987,6
imgt:mAb_999,6
imgt:maytansinoid_DM4-reducible_SPDB_linker_[N-succinimidyl_4-butanoate],6
imgt:reducible_SPDB_linker_[N-succinimidyl_4-(2-pyridyldithio)butanoate],6
imgt:scFv-scFv-scFc_kappa-lambda,6
HGNC:11766,5
HGNC:11923,5
HGNC:11937,5
HGNC:15582,5
HGNC:18437,5
HGNC:2491,5
HGNC:2910,5
HGNC:3763,5
HGNC:399,5
HGNC:485,5
HGNC:5351,5
HGNC:5978,5
HGNC:6012,5
HGNC:8021,5
imgt:Akeso_Biopharma_Inc,5
imgt:BETA-ALPHA1,5
imgt:B_cell_leukemia,5
imgt:BioAtla_LLC,5
imgt:Cancers_breast_triple_negative_(TNBC),5
imgt:Cancers_cervical,5
imgt:Cancers_gastrointestinal,5
imgt:Cancers_urothelial_(UC),5
imgt:Carcinoma_nasopharyngeal_(NC),5
imgt:Carcinoma_urothelial,5
imgt:Construct_108,5
imgt:Construct_109,5
imgt:Construct_1101,5
imgt:Construct_113,5
imgt:Construct_115,5
imgt:Construct_116,5
imgt:Construct_122,5
imgt:Construct_123,5
imgt:Construct_125,5
imgt:Construct_13,5
imgt:Construct_130,5
imgt:Construct_133,5
imgt:Construct_136,5
imgt:Construct_150,5
imgt:Construct_1537,5
imgt:Construct_1555,5
imgt:Construct_1571,5
imgt:Construct_1580,5
imgt:Construct_1584,5
imgt:Construct_1585,5
imgt:Construct_159,5
imgt:Construct_1616,5
imgt:Construct_166,5
imgt:Construct_184,5
imgt:Construct_19,5
imgt:Construct_190,5
imgt:Construct_191,5
imgt:Construct_199,5
imgt:Construct_2,5
imgt:Construct_201,5
imgt:Construct_218,5
imgt:Construct_219,5
imgt:Construct_220,5
imgt:Construct_221,5
imgt:Construct_222,5
imgt:Construct_251,5
imgt:Construct_26,5
imgt:Construct_268,5
imgt:Construct_269,5
imgt:Construct_27,5
imgt:Construct_282,5
imgt:Construct_283,5
imgt:Construct_286,5
imgt:Construct_287,5
imgt:Construct_29,5
imgt:Construct_306,5
imgt:Construct_312,5
imgt:Construct_314,5
imgt:Construct_320,5
imgt:Construct_33,5
imgt:Construct_340,5
imgt:Construct_39,5
imgt:Construct_45,5
imgt:Construct_49,5
imgt:Construct_508,5
imgt:Construct_614,5
imgt:Construct_624,5
imgt:Construct_626,5
imgt:Construct_627,5
imgt:Construct_67,5
imgt:Construct_672,5
imgt:Construct_680,5
imgt:Construct_690,5
imgt:Construct_7,5
imgt:Construct_70,5
imgt:Construct_743,5
imgt:Construct_748,5
imgt:Construct_750,5
imgt:Construct_98,5
imgt:Construct_scFv-heavy-kappa-JCHAIN_1257,5
imgt:Diabetic_macular_edema,5
imgt:Esophageal_Squamous_Cell_Carcinoma_(ESCC),5
imgt:IG-Heavy-Gamma,5
imgt:Lymphoma_primary_mediastinal_B_cell_(PMBL),5
imgt:Lymphoma_splenic_marginal_zone_(SMZL),5
imgt:MOA_1031_oncology_blocking,5
imgt:MOA_1079_oncology_blocking,5
imgt:MOA_1153_oncology_blocking,5
imgt:MOA_1203_oncology_blocking,5
imgt:MOA_1236_oncology_blocking,5
imgt:MOA_1239_oncology_blocking,5
imgt:MOA_1365_oncology_blocking,5
imgt:MOA_1371_oncology_blocking,5
imgt:MOA_161_immunology_blocking,5
imgt:MOA_297_immunology_blocking,5
imgt:MOA_553_immunology_blocking,5
imgt:MOA_968_oncology_blocking,5
imgt:Malignant_ascites,5
imgt:Neuromyelitis_optica_spectrum_disorder_(NMOSD),5
imgt:PROTEIN_1DOMAIN,5
imgt:Peripheral_T/NK_cell_lymphoma,5
imgt:Polyarticular_Juvenile_Idiopathic_Arthritis_(PJIA),5
imgt:Product_ADC_Therapeutics_228,5
imgt:Product_ADC_Therapeutics_775,5
imgt:Product_Adnexus_634,5
imgt:Product_Agensys_166,5
imgt:Product_Akeso_Biopharma_Inc_1197,5
imgt:Product_Alphamab_CoLtd_1127,5
imgt:Product_Amgen_101,5
imgt:Product_Amgen_196,5
imgt:Product_AstraZeneca_198,5
imgt:Product_AstraZeneca_562,5
imgt:Product_AstraZeneca_722,5
imgt:Product_Behringwerke_Aktiengesellschaft_27,5
imgt:Product_BeiGene_757,5
imgt:Product_Berlex_Inc_11,5
imgt:Product_Biogen_Inc_154,5
imgt:Product_Boehringer_Ingelheim_Pharmaceuticals_1009,5
imgt:Product_Bristol-Myers_Squibb_1362,5
imgt:Product_Bristol-Myers_Squibb_634,5
imgt:Product_Cambridge_Antibody_Technology_184,5
imgt:Product_Celldex_Therapeutics_Inc_346,5
imgt:Product_Chengdu_Kanghong_Biotech_CoLtd_377,5
imgt:Product_Eli_Lilly_294,5
imgt:Product_Eli_Lilly_352,5
imgt:Product_Fresenius_Biotech_GmbH_218,5
imgt:Product_Ganymed_Pharmaceuticals_AG_753,5
imgt:Product_Genentech_Inc_232,5
imgt:Product_Genentech_Inc_97,5
imgt:Product_Genexine_820,5
imgt:Product_Genmab_A/S_201,5
imgt:Product_Genmab_A/S_301,5
imgt:Product_Genmab_A/S_340,5
imgt:Product_Genmab_A/S_775,5
imgt:Product_Genor_Biopharma_Co_Ltd_1077,5
imgt:Product_Genzyme_Corp_11,5
imgt:Product_Gilead_1233,5
imgt:Product_Gilead_533,5
imgt:Product_Gilead_827,5
imgt:Product_GlaxoSmithKline_1361,5
imgt:Product_GlaxoSmithKline_467,5
imgt:Product_GlaxoSmithKline_52,5
imgt:Product_Human_Genome_Sciences_Inc_(HGSI)_184,5
imgt:Product_ImClone_Systems_Inc_294,5
imgt:Product_ImClone_Systems_Inc_352,5
imgt:Product_ImmunoGen_Inc_208,5
imgt:Product_ImmunoGen_Inc_387,5
imgt:Product_ImmunoGen_Inc_490,5
imgt:Product_ImmunoGen_Inc_52,5
imgt:Product_ImmunoGen_Inc_600,5
imgt:Product_Immunomedics_Inc_40,5
imgt:Product_Inhibrx_1477,5
imgt:Product_Innate_Pharma_562,5
imgt:Product_Innovent_Biologics_1281,5
imgt:Product_Janssen_Biotech_Inc_301,5
imgt:Product_Jiangsu_Hengrui_Medicine_Co_Ltd_1159,5
imgt:Product_Lees_Pharmaceutical_1172,5
imgt:Product_MRC_Laboratory_of_Molecular_Biology_27,5
imgt:Product_MacroGenics_Inc_473,5
imgt:Product_MedImmune_1062,5
imgt:Product_MedImmune_1317,5
imgt:Product_MedImmune_198,5
imgt:Product_MedImmune_562,5
imgt:Product_Merck_&_Co_Inc_1308,5
imgt:Product_Merck_&_Co_Inc_166,5
imgt:Product_Merck_KgaA_419,5
imgt:Product_Merck_KgaA_433,5
imgt:Product_Millennium_Pharmaceuticals_Inc_11,5
imgt:Product_Millennium_Pharmaceuticals_Inc_882,5
imgt:Product_MolMed_SpA_818,5
imgt:Product_National_Cancer_Institute_1537,5
imgt:Product_Neoprobe_Corp_137,5
imgt:Product_Neovii_Biotech_GmbH_218,5
imgt:Product_Novartis_Pharmaceuticals_Corp_828,5
imgt:Product_OBI_Pharma_USA_Inc_1166,5
imgt:Product_Omeros_Corporation_780,5
imgt:Product_OncoMed_Pharmaceuticals_467,5
imgt:Product_Peregrine_Pharmaceuticals_Inc_143,5
imgt:Product_Regeneron_Pharmaceuticals_Inc_962,5
imgt:Product_Roche_F_Hoffmann-La_Roche_Ltd_1354,5
imgt:Product_Roche_F_Hoffmann-La_Roche_Ltd_1355,5
imgt:Product_Roche_F_Hoffmann-La_Roche_Ltd_458,5
imgt:Product_Roche_F_Hoffmann-La_Roche_Ltd_97,5
imgt:Product_Sanofi_1299,5
imgt:Product_Seattle_genetics_Inc_232,5
imgt:Product_Seattle_genetics_Inc_432,5
imgt:Product_Sichuan_Kelun-Biotech_Biopharmaceutical_1206,5
imgt:Product_Sorrento_Therapeutics_Inc_1321,5
imgt:Product_Sutro_Biopharma_Inc_1265,5
imgt:Product_Sutro_Biopharma_Inc_1266,5
imgt:Product_Symphogen_419,5
imgt:Product_Symphogen_433,5
imgt:Product_TG_Therapeutics_1325,5
imgt:Product_TRION_Pharma_218,5
imgt:Product_Takeda_Pharmaceuticals_USA_Inc_882,5
imgt:Product_TenX_BioPharma_201,5
imgt:Product_Tessa_Therapeutics_1234,5
imgt:Product_University_of_Saskatchewan_67,5
imgt:Product_Vaccinex_548,5
imgt:Product_Wyeth_Pharmaceuticals_259,5
imgt:Product_XBiotech_544,5
imgt:Product_ZymeWorks_Inc_735,5
imgt:Product_ZymeWorks_Inc_736,5
imgt:Product_iTeos_Therapeutics_1361,5
imgt:StudyProduct_APEIRON_Biologics_AG_Neuroblastoma_pediatric_568,5
imgt:StudyProduct_AbbVie_Inc_Glioblastoma_multiforme_(GBM)_645,5
imgt:StudyProduct_Acceleron_Pharma_Inc_Pulmonary_arterial_hypertension_(PAH)_331,5
imgt:StudyProduct_Actinium_Pharmaceuticals_Inc_Acute_myeloid_leukemia_(AML)_53,5
imgt:StudyProduct_Agensys_Carcinoma_bladder_cancer_advanced_or_metastatic_urothelial_cancers_476,5
imgt:StudyProduct_Altor_BioScience_Cancers_bladder_983,5
imgt:StudyProduct_Amgen_Cancers_colorectal_(CRC)_metastatic_196,5
imgt:StudyProduct_Amgen_Cancers_small_cell_lung_(SCLC)_1073,5
imgt:StudyProduct_Amgen_GE_Junction_Cancer_1200,5
imgt:StudyProduct_Amgen_Hepatitis_C_623,5
imgt:StudyProduct_Amgen_Multiple_myeloma_(MM)_1057,5
imgt:StudyProduct_Amphivena_Therapeutics_Acute_myeloid_leukemia_(AML)_1152,5
imgt:StudyProduct_Astellas_Pharma_US_Inc_Carcinoma_bladder_cancer_advanced_or_metastatic_urothelial_cancers_476,5
imgt:StudyProduct_AstraZeneca_Cancers_small_cell_lung_(SCLC)_528,5
imgt:StudyProduct_Berlex_Inc_Chronic_lymphocytic_leukemia_(CLL)_11,5
imgt:StudyProduct_Berlex_Inc_Multiple_sclerosis_(MS)_11,5
imgt:StudyProduct_BioInvent_Multiple_myeloma_(MM)_800,5
imgt:StudyProduct_Biogen_Inc_Chronic_lymphocytic_leukemia_(CLL)_161,5
imgt:StudyProduct_Biogen_Inc_Non-Hodgkins_lymphoma_(NHL)_122,5
imgt:StudyProduct_Biogen_Inc_Non-Hodgkins_lymphoma_(NHL)_follicular_CD20_positive_relapsed_or_refractory_low_grade_161,5
imgt:StudyProduct_Biogen_Inc_Rheumatoid_arthritis_(RA)_161,5
imgt:StudyProduct_Biogen_Inc_Wegeners_Granulomatosis_(WG)_and_Microscopic_Polygamiitis_(MPA)_in_combination_with_glucocorticoides_161,5
imgt:StudyProduct_Bristol-Myers_Squibb_Cancers_colorectal_(CRC)_metastatic_151,5
imgt:StudyProduct_Bristol-Myers_Squibb_Melanoma_424,5
imgt:StudyProduct_Bristol-Myers_Squibb_Melanoma_metastatic_or_unresectable_424,5
imgt:StudyProduct_Bristol-Myers_Squibb_Mesothelioma_pleural_malignant_424,5
imgt:StudyProduct_CIS_Bio_international_Cancers_ovarian_123,5
imgt:StudyProduct_CSL_Behring_Acute_myeloid_leukemia_(AML)_754,5
imgt:StudyProduct_CStone_Pharmaceuticals_Hepatocellular_carcinoma_(HCC)_1211,5
imgt:StudyProduct_Celgene_corporation_Pulmonary_arterial_hypertension_(PAH)_331,5
imgt:StudyProduct_Centocor_Inc_Multicentric_Castlemans_disease_(MCD)_297,5
imgt:StudyProduct_Chugai_Pharmaceutical_Co_Ltd_Severe_acute_respiratory_syndrome_coronavirus_2_(SARS-CoV-2)_infection_(COVID-19)_96,5
imgt:StudyProduct_CureTech_Chronic_lymphocytic_leukemia_(CLL)_161,5
imgt:StudyProduct_EUSA_Pharma_Neuroblastoma_pediatric_568,5
imgt:StudyProduct_Eisai_Co_Ltd_Lymphoma_cutaneous_T_cell_(CTCL)_704,5
imgt:StudyProduct_Eli_Lilly_Cancers_colorectal_(CRC)_metastatic_151,5
imgt:StudyProduct_Fresenius_Biotech_GmbH_Malignant_ascites_218,5
imgt:StudyProduct_GamaMabs_Cancers_ovarian_835,5
imgt:StudyProduct_Ganymed_Pharmaceuticals_AG_Cancers_gastric_753,5
imgt:StudyProduct_Genentech_Inc_Cancers_breast_80,5
imgt:StudyProduct_Genentech_Inc_Cancers_breast_ERB2_negative_metastatic_24,5
imgt:StudyProduct_Genentech_Inc_Cancers_breast_overexpressing_ERBB2_metastatic_97,5
imgt:StudyProduct_Genentech_Inc_Cancers_colorectal_(CRC)_metastatic_24,5
imgt:StudyProduct_Genentech_Inc_Cancers_gastric_97,5
imgt:StudyProduct_Genentech_Inc_Cancers_non-small_cell_lung_(NSCLC)_metastatic_24,5
imgt:StudyProduct_Genentech_Inc_Cancers_small_cell_lung_(SCLC)_526,5
imgt:StudyProduct_Genentech_Inc_Carcinoma_cervical_late-stage_or_metastatic_24,5
imgt:StudyProduct_Genentech_Inc_Glioblastoma_24,5
imgt:StudyProduct_Genentech_Inc_Hepatocellular_carcinoma_(HCC)_526,5
imgt:StudyProduct_Genentech_Inc_Lymphoma_diffuse_large_B_cell_(DLBCL)_458,5
imgt:StudyProduct_Genentech_Inc_Lymphoma_follicular_(FL)_760,5
imgt:StudyProduct_Genentech_Inc_Melanoma_526,5
imgt:StudyProduct_Genentech_Inc_Non-Hodgkins_lymphoma_(NHL)_follicular_CD20_positive_relapsed_or_refractory_low_grade_161,5
imgt:StudyProduct_Genentech_Inc_Renal_cell_carcinoma_(RCC)_24,5
imgt:StudyProduct_Genentech_Inc_Rheumatoid_arthritis_(RA)_161,5
imgt:StudyProduct_Genentech_Inc_Severe_acute_respiratory_syndrome_coronavirus_2_(SARS-CoV-2)_infection_(COVID-19)_96,5
imgt:StudyProduct_Genentech_Inc_Wegeners_Granulomatosis_(WG)_and_Microscopic_Polygamiitis_(MPA)_in_combination_with_glucocorticoides_161,5
imgt:StudyProduct_Genmab_A/S_AL_amyloidosis_301,5
imgt:StudyProduct_Genmab_A/S_Chronic_lymphocytic_leukemia_(CLL)_194,5
imgt:StudyProduct_Genmab_A/S_Lymphoma_diffuse_large_B_cell_(DLBCL)_949,5
imgt:StudyProduct_Genzyme_Corp_Chronic_lymphocytic_leukemia_(CLL)_11,5
imgt:StudyProduct_Genzyme_Corp_Multiple_sclerosis_(MS)_11,5
imgt:StudyProduct_GlaxoSmithKline_Chronic_lymphocytic_leukemia_(CLL)_194,5
imgt:StudyProduct_GlaxoSmithKline_Solid_tumors_849,5
imgt:StudyProduct_ImClone_Systems_Inc_Cancers_colorectal_(CRC)_metastatic_151,5
imgt:StudyProduct_ImmunoGen_Inc_Blastic_plasmacytoid_dendritic_cell_neoplasm_(BPDCN)_879,5
imgt:StudyProduct_ImmunoGen_Inc_Cancers_ovarian_575,5
imgt:StudyProduct_Immunocore_Ltd_Melanoma_uveal_798,5
imgt:StudyProduct_Innate_Pharma_Lymphoma_cutaneous_T_cell_(CTCL)_519,5
imgt:StudyProduct_Janssen-Cilag_International_NV_Multicentric_Castlemans_disease_(MCD)_297,5
imgt:StudyProduct_Janssen_Biotech_Inc_AL_amyloidosis_301,5
imgt:StudyProduct_Janssen_Biotech_Inc_Multicentric_Castlemans_disease_(MCD)_297,5
imgt:StudyProduct_Janssen_Pharmaceuticals_inc_Acute_myeloid_leukemia_(AML)_754,5
imgt:StudyProduct_Janssen_Research_&_Development_LLC_Cancers_non-small_cell_lung_(NSCLC)_937,5
imgt:StudyProduct_Janssen_Research_&_Development_LLC_Relapsed_multiple_myeloma_973,5
imgt:StudyProduct_KS_Biomedix_Ltd_Cancers_colon_199,5
imgt:StudyProduct_KS_Biomedix_Ltd_Cancers_rectal_199,5
imgt:StudyProduct_Laboratoire_Français_du_fractionnement_et_des_Biotechnologies_(LFB)_Chronic_lymphocytic_leukemia_(CLL)_372,5
imgt:StudyProduct_MacroGenics_Inc_Acute_myeloid_leukemia_(AML)_679,5
imgt:StudyProduct_MedImmune_Cancers_small_cell_lung_(SCLC)_528,5
imgt:StudyProduct_Memorial_Sloan-Kettering_Cancer_Center_Neuroblastoma_890,5
imgt:StudyProduct_Merck_&_Co_Inc_Cancers_colorectal_(CRC)_metastatic_151,5
imgt:StudyProduct_Merck_&_Co_Inc_Carcinoma_esophageal_472,5
imgt:StudyProduct_Merck_&_Co_Inc_Hepatitis_C_627,5
imgt:StudyProduct_Merck_&_Co_Inc_Hepatocellular_carcinoma_(HCC)_472,5
imgt:StudyProduct_Merck_&_Co_Inc_Merkel_cell_carcinoma_(MCC)_metastatic_472,5
imgt:StudyProduct_Merck_Serono_International_SA_Merkel_cell_carcinoma_(MCC)_metastatic_512,5
imgt:StudyProduct_Millennium_Pharmaceuticals_Inc_Chronic_lymphocytic_leukemia_(CLL)_11,5
imgt:StudyProduct_Millennium_Pharmaceuticals_Inc_Multiple_myeloma_(MM)_882,5
imgt:StudyProduct_Millennium_Pharmaceuticals_Inc_Multiple_sclerosis_(MS)_11,5
imgt:StudyProduct_MorphoSys_Lymphoma_diffuse_large_B_cell_(DLBCL)_522,5
imgt:StudyProduct_Neovii_Biotech_GmbH_Malignant_ascites_218,5
imgt:StudyProduct_Novartis_Pharmaceuticals_Corp_Chronic_lymphocytic_leukemia_(CLL)_194,5
imgt:StudyProduct_Omeros_Corporation_high-risk_hematopoietic_stem_cell_transplant-associated_thrombotic_microangiopathy_(HSCT-TMA)_780,5
imgt:StudyProduct_Oncurious_NV_Medulloblastoma_680,5
imgt:StudyProduct_Ono_Pharmaceutical_Co_Ltd_Melanoma_424,5
imgt:StudyProduct_Ono_Pharmaceutical_Co_Ltd_Mesothelioma_pleural_malignant_424,5
imgt:StudyProduct_Organon_Teknika_Corp_Cancers_colon_199,5
imgt:StudyProduct_Organon_Teknika_Corp_Cancers_rectal_199,5
imgt:StudyProduct_Pfizer_Acute_myeloid_leukemia_(AML)_649,5
imgt:StudyProduct_Pfizer_Merkel_cell_carcinoma_(MCC)_metastatic_512,5
imgt:StudyProduct_Pfizer_Multiple_myeloma_(MM)_1202,5
imgt:StudyProduct_PharmAbcine_Inc_Glioblastoma_834,5
imgt:StudyProduct_Prestige_Biopharma_Cancers_pancreatic_1176,5
imgt:StudyProduct_Regeneron_Pharmaceuticals_Inc_Carcinoma_cutaneous_squamous_cell_846,5
imgt:StudyProduct_Regeneron_Pharmaceuticals_Inc_Retinopathy_of_Prematurity_(ROP)_214,5
imgt:StudyProduct_Rentschler_Biotechnologie_GmbH_Neuroblastoma_pediatric_568,5
imgt:StudyProduct_Roche_F_Hoffmann-La_Roche_Ltd_Cancers_breast_80,5
imgt:StudyProduct_Roche_F_Hoffmann-La_Roche_Ltd_Cancers_breast_ERB2_negative_metastatic_24,5
imgt:StudyProduct_Roche_F_Hoffmann-La_Roche_Ltd_Cancers_breast_overexpressing_ERBB2_metastatic_97,5
imgt:StudyProduct_Roche_F_Hoffmann-La_Roche_Ltd_Cancers_colorectal_(CRC)_metastatic_24,5
imgt:StudyProduct_Roche_F_Hoffmann-La_Roche_Ltd_Cancers_gastric_97,5
imgt:StudyProduct_Roche_F_Hoffmann-La_Roche_Ltd_Cancers_non-small_cell_lung_(NSCLC)_metastatic_24,5
imgt:StudyProduct_Roche_F_Hoffmann-La_Roche_Ltd_Cancers_small_cell_lung_(SCLC)_526,5
imgt:StudyProduct_Roche_F_Hoffmann-La_Roche_Ltd_Carcinoma_cervical_late-stage_or_metastatic_24,5
imgt:StudyProduct_Roche_F_Hoffmann-La_Roche_Ltd_Chronic_lymphocytic_leukemia_(CLL)_161,5
imgt:StudyProduct_Roche_F_Hoffmann-La_Roche_Ltd_Glioblastoma_24,5
imgt:StudyProduct_Roche_F_Hoffmann-La_Roche_Ltd_Hepatocellular_carcinoma_(HCC)_526,5
imgt:StudyProduct_Roche_F_Hoffmann-La_Roche_Ltd_Lymphoma_B_cell_952,5
imgt:StudyProduct_Roche_F_Hoffmann-La_Roche_Ltd_Lymphoma_diffuse_large_B_cell_(DLBCL)_458,5
imgt:StudyProduct_Roche_F_Hoffmann-La_Roche_Ltd_Lymphoma_follicular_(FL)_760,5
imgt:StudyProduct_Roche_F_Hoffmann-La_Roche_Ltd_Melanoma_526,5
imgt:StudyProduct_Roche_F_Hoffmann-La_Roche_Ltd_Non-Hodgkins_lymphoma_(NHL)_follicular_CD20_positive_relapsed_or_refractory_low_grade_161,5
imgt:StudyProduct_Roche_F_Hoffmann-La_Roche_Ltd_Renal_cell_carcinoma_(RCC)_24,5
imgt:StudyProduct_Roche_F_Hoffmann-La_Roche_Ltd_Rheumatoid_arthritis_(RA)_161,5
imgt:StudyProduct_Roche_F_Hoffmann-La_Roche_Ltd_Severe_acute_respiratory_syndrome_coronavirus_2_(SARS-CoV-2)_infection_(COVID-19)_96,5
imgt:StudyProduct_Roche_F_Hoffmann-La_Roche_Ltd_Wegeners_Granulomatosis_(WG)_and_Microscopic_Polygamiitis_(MPA)_in_combination_with_glucocorticoides_161,5
imgt:StudyProduct_Sanofi_Carcinoma_cutaneous_squamous_cell_846,5
imgt:StudyProduct_Sanofi_Multiple_sclerosis_(MS)_11,5
imgt:StudyProduct_Schering-Plough_Hepatitis_C_627,5
imgt:StudyProduct_Schering_AG_Non-Hodgkins_lymphoma_(NHL)_122,5
imgt:StudyProduct_Seattle_genetics_Inc_Acute_myeloid_leukemia_(AML)_552,5
imgt:StudyProduct_Seattle_genetics_Inc_Carcinoma_bladder_cancer_advanced_or_metastatic_urothelial_cancers_476,5
imgt:StudyProduct_Seattle_genetics_Inc_Lymphoma_cutaneous_T_cell_(CTCL)_324,5
imgt:StudyProduct_Spectrum_Pharmaceuticals_Inc_Non-Hodgkins_lymphoma_(NHL)_122,5
imgt:StudyProduct_TG_Therapeutics_Chronic_lymphocytic_leukemia_(CLL)_372,5
imgt:StudyProduct_TRACON_Pharmaceuticals_Inc_Sarcoma_605,5
imgt:StudyProduct_TRION_Pharma_Malignant_ascites_218,5
imgt:StudyProduct_Takeda_Pharmaceutical_Co_Ltd_Lymphoma_cutaneous_T_cell_(CTCL)_324,5
imgt:StudyProduct_Takeda_Pharmaceuticals_USA_Inc_Multiple_myeloma_(MM)_882,5
imgt:StudyProduct_Tesaro_Inc_Solid_tumors_849,5
imgt:StudyProduct_Vaccinex_Huntingtons_disease_548,5
imgt:StudyProduct_Xencor_Inc_Lymphoma_diffuse_large_B_cell_(DLBCL)_522,5
imgt:StudyProduct_YM_BioSciences_Inc_Cancers_glioma_76,5
imgt:StudyProduct_YM_BioSciences_Inc_Cancers_pancreatic_76,5
imgt:_CHO_(Chinese_Hamster_Ovary)_glutamine_synthetase_(GS)_deficient_cells_,5
imgt:_YB2/0_rat_hybridoma_cells,5
imgt:deruxtecan_a_camptothecin_derivative,5
imgt:deruxtecan_a_camptothecin_derivative-linker,5
imgt:mAb_100,5
imgt:mAb_1004,5
imgt:mAb_1005,5
imgt:mAb_1011,5
imgt:mAb_1013,5
imgt:mAb_1019,5
imgt:mAb_1028,5
imgt:mAb_1037,5
imgt:mAb_1040,5
imgt:mAb_1048,5
imgt:mAb_1049,5
imgt:mAb_1059,5
imgt:mAb_1065,5
imgt:mAb_1066,5
imgt:mAb_1067,5
imgt:mAb_1076,5
imgt:mAb_108,5
imgt:mAb_1090,5
imgt:mAb_1098,5
imgt:mAb_1101,5
imgt:mAb_1102,5
imgt:mAb_1103,5
imgt:mAb_111,5
imgt:mAb_1115,5
imgt:mAb_1118,5
imgt:mAb_1122,5
imgt:mAb_113,5
imgt:mAb_1131,5
imgt:mAb_1134,5
imgt:mAb_1154,5
imgt:mAb_1155,5
imgt:mAb_1167,5
imgt:mAb_1174,5
imgt:mAb_1177,5
imgt:mAb_1187,5
imgt:mAb_1194,5
imgt:mAb_1197,5
imgt:mAb_1208,5
imgt:mAb_1229,5
imgt:mAb_1230,5
imgt:mAb_1231,5
imgt:mAb_1233,5
imgt:mAb_1234,5
imgt:mAb_1240,5
imgt:mAb_1246,5
imgt:mAb_125,5
imgt:mAb_1266,5
imgt:mAb_1268,5
imgt:mAb_1272,5
imgt:mAb_1273,5
imgt:mAb_1276,5
imgt:mAb_1287,5
imgt:mAb_1293,5
imgt:mAb_1296,5
imgt:mAb_1307,5
imgt:mAb_1308,5
imgt:mAb_1315,5
imgt:mAb_1328,5
imgt:mAb_1330,5
imgt:mAb_1338,5
imgt:mAb_1339,5
imgt:mAb_1344,5
imgt:mAb_1347,5
imgt:mAb_1356,5
imgt:mAb_1361,5
imgt:mAb_1364,5
imgt:mAb_1373,5
imgt:mAb_1379,5
imgt:mAb_1383,5
imgt:mAb_1384,5
imgt:mAb_1394,5
imgt:mAb_141,5
imgt:mAb_149,5
imgt:mAb_154,5
imgt:mAb_158,5
imgt:mAb_159,5
imgt:mAb_164,5
imgt:mAb_166,5
imgt:mAb_18,5
imgt:mAb_183,5
imgt:mAb_184,5
imgt:mAb_200,5
imgt:mAb_201,5
imgt:mAb_205,5
imgt:mAb_21,5
imgt:mAb_224,5
imgt:mAb_225,5
imgt:mAb_226,5
imgt:mAb_23,5
imgt:mAb_234,5
imgt:mAb_250,5
imgt:mAb_276,5
imgt:mAb_282,5
imgt:mAb_286,5
imgt:mAb_291,5
imgt:mAb_293,5
imgt:mAb_296,5
imgt:mAb_320,5
imgt:mAb_329,5
imgt:mAb_349,5
imgt:mAb_360,5
imgt:mAb_365,5
imgt:mAb_373,5
imgt:mAb_377,5
imgt:mAb_379,5
imgt:mAb_387,5
imgt:mAb_407,5
imgt:mAb_408,5
imgt:mAb_419,5
imgt:mAb_423,5
imgt:mAb_432,5
imgt:mAb_433,5
imgt:mAb_45,5
imgt:mAb_464,5
imgt:mAb_466,5
imgt:mAb_469,5
imgt:mAb_475,5
imgt:mAb_478,5
imgt:mAb_482,5
imgt:mAb_491,5
imgt:mAb_492,5
imgt:mAb_496,5
imgt:mAb_507,5
imgt:mAb_508,5
imgt:mAb_530,5
imgt:mAb_532,5
imgt:mAb_546,5
imgt:mAb_548,5
imgt:mAb_555,5
imgt:mAb_565,5
imgt:mAb_570,5
imgt:mAb_572,5
imgt:mAb_575,5
imgt:mAb_581,5
imgt:mAb_588,5
imgt:mAb_590,5
imgt:mAb_592,5
imgt:mAb_601,5
imgt:mAb_603,5
imgt:mAb_604,5
imgt:mAb_605,5
imgt:mAb_611,5
imgt:mAb_62,5
imgt:mAb_624,5
imgt:mAb_626,5
imgt:mAb_644,5
imgt:mAb_653,5
imgt:mAb_654,5
imgt:mAb_656,5
imgt:mAb_660,5
imgt:mAb_662,5
imgt:mAb_665,5
imgt:mAb_67,5
imgt:mAb_7,5
imgt:mAb_70,5
imgt:mAb_704,5
imgt:mAb_714,5
imgt:mAb_721,5
imgt:mAb_735,5
imgt:mAb_739,5
imgt:mAb_748,5
imgt:mAb_749,5
imgt:mAb_754,5
imgt:mAb_755,5
imgt:mAb_765,5
imgt:mAb_773,5
imgt:mAb_774,5
imgt:mAb_780,5
imgt:mAb_784,5
imgt:mAb_796,5
imgt:mAb_797,5
imgt:mAb_814,5
imgt:mAb_815,5
imgt:mAb_818,5
imgt:mAb_820,5
imgt:mAb_827,5
imgt:mAb_828,5
imgt:mAb_834,5
imgt:mAb_835,5
imgt:mAb_840,5
imgt:mAb_858,5
imgt:mAb_861,5
imgt:mAb_865,5
imgt:mAb_869,5
imgt:mAb_871,5
imgt:mAb_876,5
imgt:mAb_885,5
imgt:mAb_896,5
imgt:mAb_900,5
imgt:mAb_902,5
imgt:mAb_907,5
imgt:mAb_926,5
imgt:mAb_933,5
imgt:mAb_940,5
imgt:mAb_942,5
imgt:mAb_945,5
imgt:mAb_954,5
imgt:mAb_956,5
imgt:mAb_958,5
imgt:mAb_964,5
imgt:mAb_981,5
imgt:mAb_984,5
imgt:mAb_986,5
imgt:maytansinoid_DM1,5
imgt:scFv,5
imgt:scFv-heavy-lambda,5
imgt:scFv-kappa-heavy-CD8A (CO-TM)-TNFRSF9 (CY)-CD247,5
HGNC:10257,4
HGNC:11020,4
HGNC:11530,4
HGNC:11904,4
HGNC:11914,4
HGNC:11925,4
HGNC:11929,4
HGNC:1383,4
HGNC:175,4
HGNC:2039,4
HGNC:21394,4
HGNC:2909,4
HGNC:3613,4
HGNC:3689,4
HGNC:6011,4
HGNC:6018,4
HGNC:6150,4
PM1718599,4
imgt:(scFv - heavy - kappa) - (scFv - heavy - lambda),4
imgt:(scFv-kappa-heavy)-(scFv-heavy-kappa),4
imgt:AIDS-related_Kaposis_sarcoma,4
imgt:Adenocarcinoma,4
imgt:Age-related_macular_degeneration_(AMD)_neovascular_(wet),4
imgt:Anaplastic_large_cell_lymphoma_(ALCL),4
imgt:Angiogenesis,4
imgt:Arcus_Biosciences_Inc,4
imgt:Autoimmune_diseases,4
imgt:Bayer_AG,4
imgt:BeiGene,4
imgt:C-gene,4
imgt:C-sequence,4
imgt:CD28_,4
imgt:CD28_(CO-TM-CY1)-CD247_(CY2)_(1:1),4
imgt:Cancers_brain_and_central_nervous_system,4
imgt:Cancers_fallopian_tube,4
imgt:Cancers_liver,4
imgt:Cancers_nasopharyngeal,4
imgt:Cancers_renal,4
imgt:Carcinoma_cutaneous_squamous_cell,4
imgt:Celldex_Therapeutics_Inc,4
imgt:Chronic_focal_encephalitis_(CFE),4
imgt:Construct_3_to_5_flexible_polymers_PHF-BA-EG2-MIAF-HPA-Ala_and_3_to_4_auristatin_F_hydroxypropylamide-L-alanine-thioether_bond_1059,4
imgt:Construct_7-ethyl-10-hydroxycamptothecin_558,4
imgt:Construct_7-ethyl-10-hydroxycamptothecin_559,4
imgt:Construct_Homo_sapiens_IGHG1_Fc-peptidyl_linker_1227,4
imgt:Construct_Homo_sapiens_IL15-20-mer_Gly-Ser_linker_933,4
imgt:Construct_Homo_sapiens_LCN2-peptidyl_linker_982,4
imgt:Construct_Homo_sapiens_TGFBR2-peptidyl_linker_1225,4
imgt:Construct_Homo_sapiens_TNFSF9-peptidyl_linker_1224,4
imgt:Construct_Indolino-benzodiazepine_compound_839,4
imgt:Construct_Indolino-benzodiazepine_compound_type_linker_879,4
imgt:Construct_[Homo_sapiens_COL1A1_]3-peptidyl_linker_1297,4
imgt:Construct_[Homo_sapiens_IFNA2_]2-peptidyl_linker_1157,4
imgt:Construct_[Homo_sapiens_TGFBR2_]2-peptidyl_linker_1159,4
imgt:Construct_[Homo_sapiens_TGFBR2_]2-peptidyl_linker_1616,4
imgt:Construct_[Homo_sapiens_TGFBR2_]2-peptidyl_linker_869,4
imgt:Construct_auristatin-0101_type_linker_777,4
imgt:Construct_auristatin_W_derivative-partially_reduced_S-cystine_sulfurhydryl_groups_665,4
imgt:Construct_camptothecin_derivative-thioether_bond_1328,4
imgt:Construct_deacetylmaytansine-6-hexanoyl_linker_1346,4
imgt:Construct_derivative_of_the_glucocorticoid_receptor_modulator_acetyl-Gly-Glu_link_1307,4
imgt:Construct_deruxtecan_a_camptothecin_derivative-linker_1006,4
imgt:Construct_deruxtecan_a_camptothecin_derivative-linker_1256,4
imgt:Construct_deruxtecan_a_camptothecin_derivative-linker_1350,4
imgt:Construct_deruxtecan_a_camptothecin_derivative-linker_722,4
imgt:Construct_deruxtecan_a_camptothecin_derivative-linker_964,4
imgt:Construct_duostatin-5-cleavable_linker_840,4
imgt:Construct_eribulin-linker_1208,4
imgt:Construct_hemiasterlin_analogue-cleavable_valyl-citrullyl_linker_1265,4
imgt:Construct_masking_peptide-linker_963,4
imgt:Construct_masking_peptide-linker_966,4
imgt:Construct_masking_peptide-linker_967,4
imgt:Construct_maytansinoid_DM1-noncleavable_succinimidyl-4-linker_357,4
imgt:Construct_maytansinoid_DM1-noncleavable_succinimidyl-4-linker_600,4
imgt:Construct_maytansinoid_DM1-noncleavable_succinimidyl-4-linker_602,4
imgt:Construct_maytansinoid_DM1-thiopentanoate_linker_52,4
imgt:Construct_maytansinoid_DM1-thiopentanoate_linker_58,4
imgt:Construct_maytansinoid_DM4-reducible_SPDB_linker_[N-succinimidyl_4-butanoate]_1065,4
imgt:Construct_maytansinoid_DM4-reducible_SPDB_linker_[N-succinimidyl_4-butanoate]_387,4
imgt:Construct_maytansinoid_DM4-reducible_SPDB_linker_[N-succinimidyl_4-butanoate]_389,4
imgt:Construct_maytansinoid_DM4-reducible_SPDB_linker_[N-succinimidyl_4-butanoate]_471,4
imgt:Construct_maytansinoid_DM4-reducible_SPDB_linker_[N-succinimidyl_4-butanoate]_490,4
imgt:Construct_maytansinoid_DM4-reducible_SPDB_linker_[N-succinimidyl_4-butanoate]_967,4
imgt:Construct_maytansinoid_DM4-reducible_sulfo-SPDB_linker_[N-succinimidyl_4-2-sulfobutanoate]_575,4
imgt:Construct_monomethyl_auristatin_E-peptidyl_linker_883,4
imgt:Construct_monomethyl_auristatin_E_type_linker_1155,4
imgt:Construct_monomethyl_auristatin_E_type_linker_1269,4
imgt:Construct_monomethyl_auristatin_E_type_linker_1274,4
imgt:Construct_monomethyl_auristatin_E_type_linker_324,4
imgt:Construct_monomethyl_auristatin_E_type_linker_346,4
imgt:Construct_monomethyl_auristatin_E_type_linker_457,4
imgt:Construct_monomethyl_auristatin_E_type_linker_458,4
imgt:Construct_monomethyl_auristatin_E_type_linker_476,4
imgt:Construct_monomethyl_auristatin_E_type_linker_478,4
imgt:Construct_monomethyl_auristatin_E_type_linker_482,4
imgt:Construct_monomethyl_auristatin_E_type_linker_513,4
imgt:Construct_monomethyl_auristatin_E_type_linker_531,4
imgt:Construct_monomethyl_auristatin_E_type_linker_532,4
imgt:Construct_monomethyl_auristatin_E_type_linker_565,4
imgt:Construct_monomethyl_auristatin_E_type_linker_571,4
imgt:Construct_monomethyl_auristatin_E_type_linker_653,4
imgt:Construct_monomethyl_auristatin_E_type_linker_712,4
imgt:Construct_monomethyl_auristatin_E_type_linker_721,4
imgt:Construct_monomethyl_auristatin_E_type_linker_772,4
imgt:Construct_monomethyl_auristatin_E_type_linker_773,4
imgt:Construct_monomethyl_auristatin_E_type_linker_774,4
imgt:Construct_monomethyl_auristatin_E_type_linker_814,4
imgt:Construct_monomethyl_auristatin_E_type_linker_815,4
imgt:Construct_monomethyl_auristatin_E_type_linker_896,4
imgt:Construct_monomethyl_auristatin_F_linker_432,4
imgt:Construct_monomethyl_auristatin_F_linker_493,4
imgt:Construct_monomethyl_auristatin_F_linker_645,4
imgt:Construct_monomethyl_auristatin_F_linker_784,4
imgt:Construct_olatansine-linker_1585,4
imgt:Construct_pyrrolobenzodiazepine_569,4
imgt:Construct_pyrrolobenzodiazepine_749,4
imgt:Construct_pyrrolobenzodiazepine_775,4
imgt:Construct_pyrrolobenzodiazepine_904,4
imgt:Construct_pyrrolobenzodiazepine_dimer_SG3199-cleavable_valine-alanine_linker_1072,4
imgt:Construct_pyrrolobenzodiazepine_maleimidocaproyl_type_linker_552,4
imgt:Construct_pyrrolobenzodiazepine_maleimidocaproyl_type_linker_866,4
imgt:Construct_pyrrolobenzodiazepine_maleimidocaproyl_type_linker_902,4
imgt:Construct_seco-DUBA-cleavable_linker_N-[2-ethyl]carbamoyl_1289,4
imgt:Construct_seco-DUBA-cleavable_linker_N-[2-ethyl]carbamoyl_668,4
imgt:Construct_sulfonamide_containing_auristatin_derivative-cleavable_1-maleimido369-trioxadodecan-12-oyl-valyl-citrullyl_linker_1075,4
imgt:Crohns_disease_(CD),4
imgt:Cytokine_Release_Syndrome_(CRS),4
imgt:D-J-C-sequence,4
imgt:D-J-gene,4
imgt:D-gene,4
imgt:D-sequence,4
imgt:ERBB2-positive_malignancies,4
imgt:F(ab')2-G1-nd,4
imgt:F(ab)2-G1-nd,4
imgt:G1-kappa_scFv-h-CH2-CH3,4
imgt:Giant_cell_arteritis,4
imgt:Hematologic-blood_cancer,4
imgt:Hodgkins_disease_(HD),4
imgt:Homo_sapiens_IGHG4_Fc_,4
imgt:Homo_sapiens_IL2_,4
imgt:Ig(G4-kappa_G4-lambda2),4
imgt:IgG1 - kappa - S239C_2cys - drug,4
imgt:IgG1-Vlambda-Ckappa,4
imgt:IgG1-kappa_with_half-IG_VK-CH1/VH-CK_crossover,4
imgt:IgG1-nd_MM,4
imgt:IgG2a-kappa,4
imgt:IgG2a-kappa/G2b-lambda,4
imgt:IgG2a-nd,4
imgt:IgG2b-kappa,4
imgt:IgG3-nd,4
imgt:IgM_Iota-4,4
imgt:IgM_Kappa_J-chain,4
imgt:Innate_Pharma,4
imgt:J-C-sequence,4
imgt:J-gene,4
imgt:J-sequence,4
imgt:Janssen_Research_&_Development_LLC,4
imgt:Kidney_transplant_rejection,4
imgt:L-V-D-J-C-sequence,4
imgt:L-V-D-sequence,4
imgt:L-V-J-C-sequence,4
imgt:L-V-sequence,4
imgt:Large-vessel_vasculitis,4
imgt:Lewis_Y,4
imgt:Lymphoma_peripheral_T_cell_(PTCL),4
imgt:Lymphoproliferative_disorder_giant_lymph_node_hyperplasia_(Castlemans_disease),4
imgt:MRC_Technology,4
imgt:Memorial_Sloan-Kettering_Cancer_Center,4
imgt:Merck_Serono_International_SA,4
imgt:Merrimack_Pharmaceuticals,4
imgt:Mesothelioma_malignant,4
imgt:Millennium_Pharmaceuticals_Inc,4
imgt:MorphoSys,4
imgt:Morphotek_Inc,4
imgt:Mycoisis_fungoides_(MF)_or_Sezary_syndrome,4
imgt:Neurology,4
imgt:Non-Hodgkins_lymphoma_(NHL)_follicular_CD20_positive_relapsed_or_refractory_low_grade,4
imgt:PROTEIN_1DOMAIN-PEG,4
imgt:Philogen,4
imgt:Primary_cutaneous_anaplastic_large_cell_lymphoma_(pcALCL),4
imgt:Product_3SBio_Inc_509,4
imgt:Product_ADC_Therapeutics_749,4
imgt:Product_ADC_Therapeutics_759,4
imgt:Product_APEIRON_Biologics_AG_568,4
imgt:Product_AbbVie_Inc_645,4
imgt:Product_Abcuro_Inc_1344,4
imgt:Product_Acceleron_Pharma_Inc_388,4
imgt:Product_Active_Biotech_AB_65,4
imgt:Product_Affimed_Therapeutics_1388,4
imgt:Product_Akeso_Biopharma_Inc_1194,4
imgt:Product_Alexion_Pharmaceuticals_Inc_356,4
imgt:Product_Alphamab_CoLtd_1122,4
imgt:Product_Alpine_Immune_Sciences_1227,4
imgt:Product_Altor_BioScience_926,4
imgt:Product_Amgen_1200,4
imgt:Product_Amgen_168,4
imgt:Product_Amgen_302,4
imgt:Product_Amgen_408,4
imgt:Product_Amphivena_Therapeutics_1152,4
imgt:Product_Antisoma_257,4
imgt:Product_Aptevo_Therapeutics_488,4
imgt:Product_Arcus_Biosciences_Inc_1071,4
imgt:Product_AstraZeneca_1418,4
imgt:Product_AstraZeneca_240,4
imgt:Product_AstraZeneca_469,4
imgt:Product_Atridia_Pty_Ltd_659,4
imgt:Product_Baxter_BioScience_504,4
imgt:Product_Bayer_HealthCare_Pharmaceuticals_214,4
imgt:Product_Bayer_HealthCare_Pharmaceuticals_471,4
imgt:Product_BioClin_Therapeutics_Inc_891,4
imgt:Product_Biogen_Inc_158,4
imgt:Product_Biogen_Inc_313,4
imgt:Product_Boehringer_Ingelheim_Pharmaceuticals_1017,4
imgt:Product_Boehringer_Ingelheim_Pharmaceuticals_743,4
imgt:Product_Bristol-Myers_Squibb_150,4
imgt:Product_Bristol-Myers_Squibb_151,4
imgt:Product_Bristol-Myers_Squibb_483,4
imgt:Product_Bristol-Myers_Squibb_514,4
imgt:Product_CJSC_Biocad_856,4
imgt:Product_CStone_Pharmaceuticals_1211,4
imgt:Product_Cantargia_AB_928,4
imgt:Product_Celldex_Therapeutics_Inc_332,4
imgt:Product_Celldex_Therapeutics_Inc_497,4
imgt:Product_Celldex_Therapeutics_Inc_565,4
imgt:Product_Celltech_UCB_33,4
imgt:Product_Center_of_Molecular_Immunology_(CMI)_225,4
imgt:Product_Centocor_Inc_359,4
imgt:Product_Corvus_Pharmaceuticals_1212,4
imgt:Product_Cytogen_Corp_138,4
imgt:Product_Daiichi_Sankyo_Inc_1350,4
imgt:Product_Daiichi_Sankyo_Inc_407,4
imgt:Product_Daiichi_Sankyo_Inc_964,4
imgt:Product_Debiopharm_Internaltional_SA_602,4
imgt:Product_DiNonA_Co_Ltd_509,4
imgt:Product_EUSA_Pharma_568,4
imgt:Product_Eisai_Co_Ltd_704,4
imgt:Product_Eli_Lilly_1112,4
imgt:Product_Eli_Lilly_151,4
imgt:Product_Eli_Lilly_290,4
imgt:Product_Eli_Lilly_365,4
imgt:Product_Eli_Lilly_496,4
imgt:Product_Eli_Lilly_776,4
imgt:Product_EpimAb_Biotherapeutics_1207,4
imgt:Product_Five_Prime_Therapeutics_Inc_770,4
imgt:Product_Forty_Seven_Inc_916,4
imgt:Product_Fudan_University_1339,4
imgt:Product_Fudan_University_1340,4
imgt:Product_Genentech_Inc_357,4
imgt:Product_Genentech_Inc_368,4
imgt:Product_Genentech_Inc_760,4
imgt:Product_Genentech_Inc_795,4
imgt:Product_Genentech_Inc_98,4
imgt:Product_Genmab_A/S_571,4
imgt:Product_Gilead_1359,4
imgt:Product_GlaxoSmithKline_849,4
imgt:Product_Glycotope_GmbH_738,4
imgt:Product_I-Mab_Biopharma_1131,4
imgt:Product_ImClone_Systems_Inc_130,4
imgt:Product_ImClone_Systems_Inc_151,4
imgt:Product_ImClone_Systems_Inc_290,4
imgt:Product_ImClone_Systems_Inc_365,4
imgt:Product_ImaginAb_Inc_1246,4
imgt:Product_ImmunoGen_Inc_13,4
imgt:Product_ImmunoGen_Inc_209,4
imgt:Product_ImmunoGen_Inc_210,4
imgt:Product_ImmunoGen_Inc_357,4
imgt:Product_ImmunoGen_Inc_471,4
imgt:Product_ImmunoGen_Inc_539,4
imgt:Product_ImmunoGen_Inc_575,4
imgt:Product_ImmunoGen_Inc_58,4
imgt:Product_ImmunoGen_Inc_602,4
imgt:Product_ImmunoGen_Inc_879,4
imgt:Product_Immunocore_Ltd_798,4
imgt:Product_Incyte_Corporation_968,4
imgt:Product_Innate_Pharma_423,4
imgt:Product_Jasper_Therapeutics_Inc_1240,4
imgt:Product_Jiangsu_Hengrui_Medicine_Co_Ltd_999,4
imgt:Product_KS_Biomedix_Ltd_199,4
imgt:Product_KaloBios_Pharmaceuticals_Inc_572,4
imgt:Product_Lonza_Biologics_138,4
imgt:Product_MacroGenics_Inc_1032,4
imgt:Product_MacroGenics_Inc_679,4
imgt:Product_MedImmune_240,4
imgt:Product_MedImmune_469,4
imgt:Product_MedImmune_617,4
imgt:Product_Medarex_220,4
imgt:Product_Medarex_250,4
imgt:Product_Medarex_296,4
imgt:Product_Medicenna_Therapeutics_Inc_1380,4
imgt:Product_Memorial_Sloan-Kettering_Cancer_Center_130,4
imgt:Product_Merck_&_Co_Inc_1155,4
imgt:Product_Merck_&_Co_Inc_1243,4
imgt:Product_Merck_&_Co_Inc_151,4
imgt:Product_Merck_&_Co_Inc_627,4
imgt:Product_Merck_KgaA_130,4
imgt:Product_Merck_KgaA_1359,4
imgt:Product_Merck_Serono_International_SA_254,4
imgt:Product_Merck_Serono_International_SA_39,4
imgt:Product_Merrimack_Pharmaceuticals_545,4
imgt:Product_Micromet_AG_164,4
imgt:Product_Millennium_Pharmaceuticals_Inc_532,4
imgt:Product_Morphotek_Inc_64,4
imgt:Product_NantCell_Inc_168,4
imgt:Product_National_Cancer_Institute_109,4
imgt:Product_National_Cancer_Institute_116,4
imgt:Product_National_Cancer_Institute_202,4
imgt:Product_National_Cancer_Institute_204,4
imgt:Product_Nektar_Therapeutics_1359,4
imgt:Product_Neogenix_Oncology_Inc_349,4
imgt:Product_Neurocrine_Biosciences_1380,4
imgt:Product_Novartis_Pharmaceuticals_Corp_176,4
imgt:Product_OBI_Pharma_USA_Inc_1165,4
imgt:Product_OncoMed_Pharmaceuticals_492,4
imgt:Product_Oncternal_Therapeutics_1154,4
imgt:Product_Oncurious_NV_680,4
imgt:Product_Organon_Teknika_Corp_199,4
imgt:Product_PDL_(Protein_Design_Labs)_BioPharma_18,4
imgt:Product_Pfizer_293,4
imgt:Product_Pfizer_561,4
imgt:Product_Pfizer_657,4
imgt:Product_Pfizer_954,4
imgt:Product_Pfizer_969,4
imgt:Product_Philogen_370,4
imgt:Product_Philogen_690,4
imgt:Product_Philogen_796,4
imgt:Product_Philogen_797,4
imgt:Product_Precision_Biologics_349,4
imgt:Product_Precision_Biosciences_1102,4
imgt:Product_Prima_BioMed_611,4
imgt:Product_Regeneron_Pharmaceuticals_Inc_1263,4
imgt:Product_Regeneron_Pharmaceuticals_Inc_1492,4
imgt:Product_Regeneron_Pharmaceuticals_Inc_1555,4
imgt:Product_Regeneron_Pharmaceuticals_Inc_748,4
imgt:Product_RemeGen_Ltd_896,4
imgt:Product_RemeGen_Ltd_931,4
imgt:Product_Rentschler_Biotechnologie_GmbH_568,4
imgt:Product_Roche_F_Hoffmann-La_Roche_Ltd_357,4
imgt:Product_Roche_F_Hoffmann-La_Roche_Ltd_368,4
imgt:Product_Roche_F_Hoffmann-La_Roche_Ltd_478,4
imgt:Product_Roche_F_Hoffmann-La_Roche_Ltd_500,4
imgt:Product_Roche_F_Hoffmann-La_Roche_Ltd_624,4
imgt:Product_Roche_F_Hoffmann-La_Roche_Ltd_723,4
imgt:Product_Roche_F_Hoffmann-La_Roche_Ltd_760,4
imgt:Product_Roche_F_Hoffmann-La_Roche_Ltd_795,4
imgt:Product_Sanofi-Aventis_US_LLC_539,4
imgt:Product_Sanofi_214,4
imgt:Product_Sanofi_539,4
imgt:Product_Schering-Plough_627,4
imgt:Product_Seagen_Inc_formely_Seatlle_Genetics_Inc_1243,4
imgt:Product_Seattle_genetics_Inc_431,4
imgt:Product_Seattle_genetics_Inc_493,4
imgt:Product_Shanghai_Hengrui_Pharmaceuticals_Co_Ltd_659,4
imgt:Product_Sichuan_Baili_Pharmaceutical_Co_1248,4
imgt:Product_Sichuan_Clover_Biopharmaceuticals_Inc_1297,4
imgt:Product_Sinocelltech_Ltd_1128,4
imgt:Product_Sophiris_Bio_Inc_1380,4
imgt:Product_Stemcentrx_Inc_569,4
imgt:Product_Surface_Oncology_Inc_1037,4
imgt:Product_Surface_Oncology_Inc_1337,4
imgt:Product_Synthon_Biopharmaceuticals_668,4
imgt:Product_Taizhou_Hanzhong_Pharmaceuticals_Inc_1142,4
imgt:Product_Takeda_Pharmaceutical_Co_Ltd_39,4
imgt:Product_Tesaro_Inc_849,4
imgt:Product_U3_Pharma_407,4
imgt:Product_Unilever_45,4
imgt:Product_United_Therapeutics_Corporation_464,4
imgt:Product_University_Bath_13,4
imgt:Product_Viventia_Biotechnologies_Inc_237,4
imgt:Product_Wilex_AG_329,4
imgt:Product_XBiotech_1311,4
imgt:Product_Xencor_Inc_743,4
imgt:Product_Xoma_176,4
imgt:Pulmonary_arterial_hypertension_(PAH),4
imgt:RPI-MH1Like,4
imgt:Renal_Cell_Carcinoma_(RCC)_advanced,4
imgt:Sarcoma,4
imgt:Small_lymphocytic_lymphoma_(SLL),4
imgt:Solid_organ_transplantation,4
imgt:StudyProduct_ADC_Therapeutics_Lymphoma_B_cell_759,4
imgt:StudyProduct_ADC_Therapeutics_Lymphoma_mantle_cell_(MCL)_749,4
imgt:StudyProduct_ADC_Therapeutics_Non-Hodgkins_lymphoma_(NHL)_228,4
imgt:StudyProduct_ADC_Therapeutics_Non-Hodgkins_lymphoma_(NHL)_775,4
imgt:StudyProduct_ADC_Therapeutics_Solid_tumors_1072,4
imgt:StudyProduct_ADC_Therapeutics_Solid_tumors_advanced_or_metastatic_1090,4
imgt:StudyProduct_ALX_Oncology_Inc_Cancers_colorectal_microsatellite_stable_metastatic_1293,4
imgt:StudyProduct_APEIRON_Biologics_AG_Neuroblastoma_568,4
imgt:StudyProduct_APEIRON_Biologics_AG_Neuroblastoma_pediatric_900,4
imgt:StudyProduct_AbbVie_Inc_Cancers_breast_858,4
imgt:StudyProduct_AbbVie_Inc_Cancers_ovarian_904,4
imgt:StudyProduct_AbbVie_Inc_Cancers_ovarian_905,4
imgt:StudyProduct_AbbVie_Inc_Multiple_myeloma_(MM)_291,4
imgt:StudyProduct_AbbVie_Inc_Multiple_myeloma_(MM)_721,4
imgt:StudyProduct_AbbVie_Inc_Rheumatoid_arthritis_(RA)_1307,4
imgt:StudyProduct_AbbVie_Inc_Solid_tumors_1012,4
imgt:StudyProduct_AbbVie_Inc_Solid_tumors_1026,4
imgt:StudyProduct_AbbVie_Inc_Solid_tumors_1184,4
imgt:StudyProduct_AbbVie_Inc_Solid_tumors_644,4
imgt:StudyProduct_AbbVie_Inc_Solid_tumors_653,4
imgt:StudyProduct_AbbVie_Inc_Solid_tumors_654,4
imgt:StudyProduct_AbbVie_Inc_Solid_tumors_712,4
imgt:StudyProduct_AbbVie_Inc_Solid_tumors_777,4
imgt:StudyProduct_AbbVie_Inc_Solid_tumors_815,4
imgt:StudyProduct_AbbVie_Inc_Solid_tumors_845,4
imgt:StudyProduct_AbbVie_Inc_Solid_tumors_847,4
imgt:StudyProduct_AbbVie_Inc_Solid_tumors_866,4
imgt:StudyProduct_AbbVie_Inc_Solid_tumors_870,4
imgt:StudyProduct_AbbVie_Inc_Solid_tumors_902,4
imgt:StudyProduct_AbbVie_Inc_Solid_tumors_903,4
imgt:StudyProduct_AbbVie_Inc_Solid_tumors_advanced_or_metastatic_958,4
imgt:StudyProduct_AbbVie_Inc_Solid_tumors_advanced_or_metastatic_959,4
imgt:StudyProduct_Abcuro_Inc_Inclusion_body_myositis_(IBM)_1344,4
imgt:StudyProduct_Actinium_Pharmaceuticals_Inc_Acute_myeloid_leukemia_(AML)_633,4
imgt:StudyProduct_Affimed_Therapeutics_Peripheral_T/NK_cell_lymphoma_1388,4
imgt:StudyProduct_Affitech_Cancers_714,4
imgt:StudyProduct_Agenus_Inc_Cancers_cervical_912,4
imgt:StudyProduct_Agenus_Inc_Cancers_non-small_cell_lung_(NSCLC)_913,4
imgt:StudyProduct_Agenus_Inc_Solid_tumors_1123,4
imgt:StudyProduct_Akeso_Biopharma_Inc_Cancers_non-small_cell_lung_(NSCLC)_1093,4
imgt:StudyProduct_Akeso_Biopharma_Inc_Cancers_non-small_cell_lung_(NSCLC)_1196,4
imgt:StudyProduct_Akeso_Biopharma_Inc_Neoplasms_1197,4
imgt:StudyProduct_Akeso_Biopharma_Inc_Solid_tumors_1124,4
imgt:StudyProduct_Akeso_Biopharma_Inc_Solid_tumors_1194,4
imgt:StudyProduct_Alethia_Biotherapeutics_Solid_tumors_1170,4
imgt:StudyProduct_Alkermes_Inc_Solid_tumors_1118,4
imgt:StudyProduct_Alligator_Bioscience_Solid_tumors_1336,4
imgt:StudyProduct_Alphamab_CoLtd_Cancers_breast_1122,4
imgt:StudyProduct_Alphamab_CoLtd_Cancers_non-small_cell_lung_(NSCLC)_metastatic_1127,4
imgt:StudyProduct_Alphamab_CoLtd_Solid_tumors_934,4
imgt:StudyProduct_Alpine_Immune_Sciences_Solid_tumors_1227,4
imgt:StudyProduct_Altor_BioScience_Cancers_bladder_926,4
imgt:StudyProduct_Amgen_Acute_myeloid_leukemia_(AML)_1055,4
imgt:StudyProduct_Amgen_Acute_myeloid_leukemia_(AML)_1056,4
imgt:StudyProduct_Amgen_Acute_myeloid_leukemia_(AML)_1249,4
imgt:StudyProduct_Amgen_B_cell_acute_lymphoblastic_leukemia_(B_cell_ALL)_101,4
imgt:StudyProduct_Amgen_Cancers_non-small_cell_lung_(NSCLC)_metastatic_584,4
imgt:StudyProduct_Amgen_Cancers_prostate_metastatic_1074,4
imgt:StudyProduct_Amgen_GE_Junction_Cancer_1192,4
imgt:StudyProduct_Amgen_Hypercalcemia_of_malignancy_refractory_to_bisphosphonate_therapy_249,4
imgt:StudyProduct_Amgen_Lymphoma_B_cell_101,4
imgt:StudyProduct_Amgen_Lymphoma_diffuse_large_B_cell_(DLBCL)_101,4
imgt:StudyProduct_Amgen_Multiple_myeloma_(MM)_1058,4
imgt:StudyProduct_Amgen_Osteoporosis_postmenopausal_women_249,4
imgt:StudyProduct_Amgen_Solid_tumors_1153,4
imgt:StudyProduct_Amgen_Solid_tumors_1258,4
imgt:StudyProduct_Amgen_Solid_tumors_1296,4
imgt:StudyProduct_Amgen_skeletal-related_events_in_patients_with_bone_metastases_from_solid_tumors_249,4
imgt:StudyProduct_Apexigen_Inc_Adenocarcinoma_gastric_1088,4
imgt:StudyProduct_Apogenix_GmbH_Glioblastoma_multiforme_(GBM)_530,4
imgt:StudyProduct_Apogenix_GmbH_Graft-versus-host_disease_(GvHD)_acute_530,4
imgt:StudyProduct_Apogenix_GmbH_Myelodysplastic_syndromes_(MDS)_530,4
imgt:StudyProduct_Aravive_Biologics_Inc_Cancers_ovarian_1098,4
imgt:StudyProduct_Arcus_Biosciences_Inc_Cancers_non-small_cell_lung_(NSCLC)_1071,4
imgt:StudyProduct_Arcus_Biosciences_Inc_Cancers_prostate_1338,4
imgt:StudyProduct_Arcus_Biosciences_Inc_Solid_tumors_1125,4
imgt:StudyProduct_Arcus_Biosciences_Inc_Solid_tumors_1356,4
imgt:StudyProduct_Astellas_Pharma_Inc_Cancers_bladder_772,4
imgt:StudyProduct_AstraZeneca_Acute_lymphocytic_leukemia_(ALL)_198,4
imgt:StudyProduct_AstraZeneca_Cancers_562,4
imgt:StudyProduct_AstraZeneca_Cancers_biliary_tract_528,4
imgt:StudyProduct_AstraZeneca_Cancers_breast_overexpressing_ERBB2_metastatic_722,4
imgt:StudyProduct_AstraZeneca_Cancers_head_and_neck_562,4
imgt:StudyProduct_AstraZeneca_Cancers_non-small_cell_lung_(NSCLC)_1370,4
imgt:StudyProduct_AstraZeneca_Cancers_non-small_cell_lung_(NSCLC)_1418,4
imgt:StudyProduct_AstraZeneca_Cancers_non-small_cell_lung_(NSCLC)_248,4
imgt:StudyProduct_AstraZeneca_Cancers_non-small_cell_lung_(NSCLC)_528,4
imgt:StudyProduct_AstraZeneca_Cancers_non-small_cell_lung_(NSCLC)_722,4
imgt:StudyProduct_AstraZeneca_Cancers_urothelial_(UC)_528,4
imgt:StudyProduct_AstraZeneca_Hairy_cell_leukemia_(HCL)_198,4
imgt:StudyProduct_AstraZeneca_Hepatocellular_carcinoma_(HCC)_248,4
imgt:StudyProduct_AstraZeneca_Hepatocellular_carcinoma_(HCC)_528,4
imgt:StudyProduct_AstraZeneca_Lymphoma_B_cell_101,4
imgt:StudyProduct_AstraZeneca_Melanoma_248,4
imgt:StudyProduct_AstraZeneca_Solid_tumors_722,4
imgt:StudyProduct_Atara_Biotherapeutics_Inc_Cancers_ovarian_582,4
imgt:StudyProduct_Atridia_Pty_Ltd_Solid_tumors_659,4
imgt:StudyProduct_Bayer_AG_Cancers_prostate_metastatic_1139,4
imgt:StudyProduct_Bayer_AG_Solid_tumors_1095,4
imgt:StudyProduct_Bayer_HealthCare_Pharmaceuticals_Age-related_macular_degeneration_(AMD)_neovascular_(wet)_214,4
imgt:StudyProduct_Bayer_HealthCare_Pharmaceuticals_Cancers_975,4
imgt:StudyProduct_Bayer_HealthCare_Pharmaceuticals_Diabetic_macular_edema_214,4
imgt:StudyProduct_Bayer_HealthCare_Pharmaceuticals_Mesothelioma_pleural_malignant_471,4
imgt:StudyProduct_Bayer_HealthCare_Pharmaceuticals_Neoplasms_665,4
imgt:StudyProduct_Bayer_HealthCare_Pharmaceuticals_Solid_tumors_655,4
imgt:StudyProduct_Bayer_HealthCare_Pharmaceuticals_Solid_tumors_656,4
imgt:StudyProduct_BeiGene_Esophageal_Squamous_Cell_Carcinoma_(ESCC)_metastatic_757,4
imgt:StudyProduct_BeiGene_Solid_tumors_1079,4
imgt:StudyProduct_BeiGene_Solid_tumors_1146,4
imgt:StudyProduct_BeiGene_Solid_tumors_757,4
imgt:StudyProduct_BeiGene_Solid_tumors_advanced_or_metastatic_1080,4
imgt:StudyProduct_BerGenBio_AS_Cancers_974,4
imgt:StudyProduct_Berlex_Inc_Kidney_transplant_rejection_11,4
imgt:StudyProduct_Bicara_Therapeutics_Carcinoma_head_and_neck_squamous_cell_carcinoma_(HNSCC)_1616,4
imgt:StudyProduct_BioAtla_LLC_Soft-tissue_sarcoma_(STS)_883,4
imgt:StudyProduct_BioClin_Therapeutics_Inc_Multiple_myeloma_(MM)_891,4
imgt:StudyProduct_BioNTech_SE_Solid_tumors_1119,4
imgt:StudyProduct_Biogen_Inc_Chronic_focal_encephalitis_(CFE)_161,4
imgt:StudyProduct_Biogen_Inc_Chronic_lymphocytic_leukemia_(CLL)_238,4
imgt:StudyProduct_Biogen_Inc_Lymphoma_diffuse_large_B_cell_(DLBCL)_161,4
imgt:StudyProduct_Biogen_Inc_Lymphoma_diffuse_large_B_cell_(DLBCL)_238,4
imgt:StudyProduct_Biogen_Inc_Lymphoma_follicular_(FL)_238,4
imgt:StudyProduct_Biogen_Inc_Pemphigus_vulgaris_(PV)_161,4
imgt:StudyProduct_Biogen_Inc_Solid_organ_transplantation_161,4
imgt:StudyProduct_Boehringer_Ingelheim_Pharmaceuticals_Cancers_non-small_cell_lung_(NSCLC)_1009,4
imgt:StudyProduct_Boehringer_Ingelheim_Pharmaceuticals_Cancers_small_cell_lung_(SCLC)_133,4
imgt:StudyProduct_Boehringer_Ingelheim_Pharmaceuticals_Cancers_small_cell_lung_(SCLC)_1580,4
imgt:StudyProduct_Boehringer_Ingelheim_Pharmaceuticals_Myelodysplastic_syndromes_(MDS)_743,4
imgt:StudyProduct_Boehringer_Ingelheim_Pharmaceuticals_Solid_tumors_1017,4
imgt:StudyProduct_Boehringer_Ingelheim_Pharmaceuticals_Solid_tumors_588,4
imgt:StudyProduct_Bolt_Biotherapeutics_Inc_ERBB2-positive_malignancies_1369,4
imgt:StudyProduct_Bristol-Myers_Squibb_Acute_myeloid_leukemia_(AML)_1362,4
imgt:StudyProduct_Bristol-Myers_Squibb_Acute_myeloid_leukemia_(AML)_483,4
imgt:StudyProduct_Bristol-Myers_Squibb_BRAF_wild-type_melanoma_metastatic_or_unresectable_424,4
imgt:StudyProduct_Bristol-Myers_Squibb_Cancers_anal_424,4
imgt:StudyProduct_Bristol-Myers_Squibb_Cancers_gastric_424,4
imgt:StudyProduct_Bristol-Myers_Squibb_Cancers_non-small_cell_lung_(NSCLC)_180,4
imgt:StudyProduct_Bristol-Myers_Squibb_Cancers_non-small_cell_lung_(NSCLC)_metastatic_424,4
imgt:StudyProduct_Bristol-Myers_Squibb_Cancers_small_cell_lung_(SCLC)_180,4
imgt:StudyProduct_Bristol-Myers_Squibb_Cancers_small_cell_lung_(SCLC)_metastatic_424,4
imgt:StudyProduct_Bristol-Myers_Squibb_Carcinoma_head_and_neck_squamous_cell_(HNSCC)_recurrent_or_metastatic_424,4
imgt:StudyProduct_Bristol-Myers_Squibb_Carcinoma_head_and_neck_squamous_cell_carcinoma_(HNSCC)_151,4
imgt:StudyProduct_Bristol-Myers_Squibb_ERBB2-positive_malignancies_1369,4
imgt:StudyProduct_Bristol-Myers_Squibb_GE_Junction_Cancer_424,4
imgt:StudyProduct_Bristol-Myers_Squibb_Hodgkin_lymphoma_424,4
imgt:StudyProduct_Bristol-Myers_Squibb_Melanoma_metastatic_180,4
imgt:StudyProduct_Bristol-Myers_Squibb_Melanoma_metastatic_or_unresectable_781,4
imgt:StudyProduct_Bristol-Myers_Squibb_Mesothelioma_781,4
imgt:StudyProduct_Bristol-Myers_Squibb_Mesothelioma_pleural_malignant_180,4
imgt:StudyProduct_Bristol-Myers_Squibb_Multiple_myeloma_(MM)_291,4
imgt:StudyProduct_Bristol-Myers_Squibb_Renal_cell_carcinoma_(RCC)_180,4
imgt:StudyProduct_Bristol-Myers_Squibb_Renal_cell_carcinoma_(RCC)_424,4
imgt:StudyProduct_Bristol-Myers_Squibb_Solid_tumors_781,4
imgt:StudyProduct_CJSC_Biocad_Melanoma_856,4
imgt:StudyProduct_CJSC_Biocad_Melanoma_metastatic_960,4
imgt:StudyProduct_CJSC_Biocad_Solid_tumors_956,4
imgt:StudyProduct_CJSC_GENERIUM_Cancers_714,4
imgt:StudyProduct_CSPC_Pharmaceutical_Group_Cancers_non-small_cell_lung_(NSCLC)_metastatic_1372,4
imgt:StudyProduct_CStone_Pharmaceuticals_Cancers_non-small_cell_lung_(NSCLC)_1031,4
imgt:StudyProduct_Cancers_non-small_cell_lung_(NSCLC)_metastatic_1372,4
imgt:StudyProduct_Cantargia_AB_Cancers_non-small_cell_lung_(NSCLC)_928,4
imgt:StudyProduct_CatalYm_GmbH_Solid_tumors_1287,4
imgt:StudyProduct_Celgene_corporation_Chronic_lymphocytic_leukemia_(CLL)_874,4
imgt:StudyProduct_Celgene_corporation_Lymphoma_diffuse_large_B_cell_(DLBCL)_874,4
imgt:StudyProduct_Celgene_corporation_Lymphoma_follicular_(FL)_874,4
imgt:StudyProduct_Celgene_corporation_Lymphoma_mantle_cell_(MCL)_874,4
imgt:StudyProduct_Celgene_corporation_Multiple_myeloma_(MM)_1081,4
imgt:StudyProduct_Celgene_corporation_Multiple_myeloma_(MM)_1259,4
imgt:StudyProduct_Celgene_corporation_Multiple_myeloma_(MM)_1313,4
imgt:StudyProduct_Celgene_corporation_Small_lymphocytic_lymphoma_(SLL)_874,4
imgt:StudyProduct_Celldex_Therapeutics_Inc_Cancers_breast_565,4
imgt:StudyProduct_Centocor_Inc_Cancers_colon_119,4
imgt:StudyProduct_Checkpoint_Therapeutics_Cancers_946,4
imgt:StudyProduct_Chinook_Therapeutics_Inc_Multiple_myeloma_(MM)_1347,4
imgt:StudyProduct_Chiron_Corporation_Acute_myeloid_leukemia_(AML)_671,4
imgt:StudyProduct_Chiron_Corporation_Melanoma_metastatic_671,4
imgt:StudyProduct_Chiron_Corporation_Non-Hodgkins_lymphoma_(NHL)_671,4
imgt:StudyProduct_Chiron_Corporation_Renal_cell_carcinoma_(RCC)_671,4
imgt:StudyProduct_Chugai_Pharmaceutical_Co_Ltd_Cytokine_Release_Syndrome_(CRS)_96,4
imgt:StudyProduct_Chugai_Pharmaceutical_Co_Ltd_Giant_cell_arteritis_96,4
imgt:StudyProduct_Chugai_Pharmaceutical_Co_Ltd_Lymphoproliferative_disorder_giant_lymph_node_hyperplasia_(Castlemans_disease)_96,4
imgt:StudyProduct_Chugai_Pharmaceutical_Co_Ltd_Polyarticular_Juvenile_Idiopathic_Arthritis_(PJIA)_96,4
imgt:StudyProduct_Chugai_Pharmaceutical_Co_Ltd_Systemic_juvenile_idiopathic_athritis_(SJIA)_96,4
imgt:StudyProduct_Chugai_Pharmaceutical_Co_Ltd_Systemic_sclerosis_96,4
imgt:StudyProduct_Corvus_Pharmaceuticals_Solid_tumors_1212,4
imgt:StudyProduct_Cytogen_Corp_Cancers_colorectal_(CRC)_138,4
imgt:StudyProduct_Cytogen_Corp_Cancers_ovarian_138,4
imgt:StudyProduct_CytomX_Therapeutics_Inc_Solid_tumors_963,4
imgt:StudyProduct_CytomX_Therapeutics_Inc_Solid_tumors_966,4
imgt:StudyProduct_CytomX_Therapeutics_Inc_Solid_tumors_967,4
imgt:StudyProduct_Cytune_Pharma_SAS_Solid_tumors_advanced_or_metastatic_933,4
imgt:StudyProduct_Daiichi_Sankyo_Inc_Adenocarcinoma_gastric_722,4
imgt:StudyProduct_Daiichi_Sankyo_Inc_Cancers_breast_964,4
imgt:StudyProduct_Daiichi_Sankyo_Inc_Cancers_breast_overexpressing_ERBB2_metastatic_722,4
imgt:StudyProduct_Daiichi_Sankyo_Inc_Cancers_gastric_overexpressing_ERBB2_metastatic_722,4
imgt:StudyProduct_Daiichi_Sankyo_Inc_Cancers_non-small_cell_lung_(NSCLC)_1005,4
imgt:StudyProduct_Daiichi_Sankyo_Inc_Cancers_non-small_cell_lung_(NSCLC)_1006,4
imgt:StudyProduct_Daiichi_Sankyo_Inc_Cancers_non-small_cell_lung_(NSCLC)_722,4
imgt:StudyProduct_Daiichi_Sankyo_Inc_Renal_cell_carcinoma_(RCC)_1350,4
imgt:StudyProduct_Daiichi_Sankyo_Inc_Solid_tumors_1256,4
imgt:StudyProduct_Daiichi_Sankyo_Inc_Solid_tumors_722,4
imgt:StudyProduct_Daiichi_Sankyo_Inc_Solid_tumors_overexpressing_ERBB2_metastatic_722,4
imgt:StudyProduct_Debiopharm_Internaltional_SA_Lymphoma_diffuse_large_B_cell_(DLBCL)_602,4
imgt:StudyProduct_Debiopharm_Internaltional_SA_Non-Hodgkins_lymphoma_(NHL)_602,4
imgt:StudyProduct_Dragon_Sail_Pharmaceutical_Co_Ltd_Cancers_1262,4
imgt:StudyProduct_DuPont_Merck_Pharmaceutical_Cancers_small_cell_lung_(SCLC)_133,4
imgt:StudyProduct_EUSA_Pharma_Cancers_prostate_115,4
imgt:StudyProduct_EUSA_Pharma_Neuroblastoma_568,4
imgt:StudyProduct_Eisai_Co_Ltd_Lymphoproliferative_disease_704,4
imgt:StudyProduct_Eisai_Co_Ltd_Solid_tumors_1208,4
imgt:StudyProduct_Eli_Lilly_Cancers_colorectal_(CRC)_metastatic_295,4
imgt:StudyProduct_Eli_Lilly_Cancers_gastric_295,4
imgt:StudyProduct_Eli_Lilly_Cancers_non-small_cell_lung_(NSCLC)_294,4
imgt:StudyProduct_Eli_Lilly_Cancers_non-small_cell_lung_(NSCLC)_295,4
imgt:StudyProduct_Eli_Lilly_Carcinoma_head_and_neck_squamous_cell_carcinoma_(HNSCC)_151,4
imgt:StudyProduct_Eli_Lilly_Hepatocellular_carcinoma_(HCC)_295,4
imgt:StudyProduct_Eli_Lilly_Non-Hodgkins_lymphoma_(NHL)_776,4
imgt:StudyProduct_Eli_Lilly_Severe_acute_respiratory_syndrome_coronavirus_2_(SARS-CoV-2)_infection_(COVID-19)_1112,4
imgt:StudyProduct_Eli_Lilly_Soft-tissue_sarcoma_(STS)_352,4
imgt:StudyProduct_Eli_Lilly_Solid_tumors_859,4
imgt:StudyProduct_Eli_Lilly_Solid_tumors_955,4
imgt:StudyProduct_EpimAb_Biotherapeutics_Cancers_non-small_cell_lung_(NSCLC)_1207,4
imgt:StudyProduct_Faron_Pharmaceuticals_Oy_Solid_tumors_1002,4
imgt:StudyProduct_FibroGen_Inc_Cancers_pancreatic_554,4
imgt:StudyProduct_FibroGen_Inc_Duchenne_muscular_dystrophy_(DMD)_554,4
imgt:StudyProduct_FibroGen_Inc_Idiopathic_pulmonary_fibrosis_554,4
imgt:StudyProduct_Five_Prime_Therapeutics_Inc_Cancers_gastric_770,4
imgt:StudyProduct_Five_Prime_Therapeutics_Inc_Solid_tumors_1000,4
imgt:StudyProduct_Forty_Seven_Inc_Solid_tumors_916,4
imgt:StudyProduct_Fresenius_Biotech_GmbH_Cancers_gastric_218,4
imgt:StudyProduct_Fudan_University_Cancers_breast_1339,4
imgt:StudyProduct_Fudan_University_Cancers_breast_1340,4
imgt:StudyProduct_Genentech_Inc_Cancers_blood_760,4
imgt:StudyProduct_Genentech_Inc_Cancers_breast_overexpressing_ERBB2_97,4
imgt:StudyProduct_Genentech_Inc_Cancers_breast_overexpressing_ERBB2_metastatic_357,4
imgt:StudyProduct_Genentech_Inc_Cancers_breast_triple_negative_(TNBC)_526,4
imgt:StudyProduct_Genentech_Inc_Cancers_gastric_795,4
imgt:StudyProduct_Genentech_Inc_Cancers_non-small_cell_lung_(NSCLC)_526,4
imgt:StudyProduct_Genentech_Inc_Carcinoma_bladder_cancer_advanced_or_metastatic_urothelial_cancers_526,4
imgt:StudyProduct_Genentech_Inc_Carcinoma_urothelial_526,4
imgt:StudyProduct_Genentech_Inc_Chronic_focal_encephalitis_(CFE)_161,4
imgt:StudyProduct_Genentech_Inc_Chronic_lymphocytic_leukemia_(CLL)_238,4
imgt:StudyProduct_Genentech_Inc_Cytokine_Release_Syndrome_(CRS)_96,4
imgt:StudyProduct_Genentech_Inc_Giant_cell_arteritis_96,4
imgt:StudyProduct_Genentech_Inc_Lymphoma_diffuse_large_B_cell_(DLBCL)_161,4
imgt:StudyProduct_Genentech_Inc_Lymphoma_diffuse_large_B_cell_(DLBCL)_238,4
imgt:StudyProduct_Genentech_Inc_Lymphoma_follicular_(FL)_238,4
imgt:StudyProduct_Genentech_Inc_Lymphoproliferative_disorder_giant_lymph_node_hyperplasia_(Castlemans_disease)_96,4
imgt:StudyProduct_Genentech_Inc_Mesothelioma_24,4
imgt:StudyProduct_Genentech_Inc_Multiple_myeloma_(MM)_1003,4
imgt:StudyProduct_Genentech_Inc_Pemphigus_vulgaris_(PV)_161,4
imgt:StudyProduct_Genentech_Inc_Polyarticular_Juvenile_Idiopathic_Arthritis_(PJIA)_96,4
imgt:StudyProduct_Genentech_Inc_Solid_organ_transplantation_161,4
imgt:StudyProduct_Genentech_Inc_Solid_tumors_1143,4
imgt:StudyProduct_Genentech_Inc_Solid_tumors_502,4
imgt:StudyProduct_Genentech_Inc_Solid_tumors_608,4
imgt:StudyProduct_Genentech_Inc_Solid_tumors_765,4
imgt:StudyProduct_Genentech_Inc_Systemic_juvenile_idiopathic_athritis_(SJIA)_96,4
imgt:StudyProduct_Genentech_Inc_Systemic_sclerosis_96,4
imgt:StudyProduct_Genexine_Infection_papillomavirus_(HPV)_820,4
imgt:StudyProduct_Genmab_A/S_Cancers_cervical_571,4
imgt:StudyProduct_Genmab_A/S_Lymphoma_B_cell_1177,4
imgt:StudyProduct_Genmab_A/S_Multiple_myeloma_(MM)_301,4
imgt:StudyProduct_Genmab_A/S_Multiple_sclerosis_(MS)_194,4
imgt:StudyProduct_Genmab_A/S_Non-Hodgkins_lymphoma_(NHL)_228,4
imgt:StudyProduct_Genmab_A/S_Non-Hodgkins_lymphoma_(NHL)_775,4
imgt:StudyProduct_Genmab_A/S_Solid_tumors_1035,4
imgt:StudyProduct_Genmab_A/S_Solid_tumors_1119,4
imgt:StudyProduct_Genmab_A/S_Solid_tumors_1181,4
imgt:StudyProduct_Genmab_A/S_Solid_tumors_571,4
imgt:StudyProduct_Genor_Biopharma_Co_Ltd_Cancers_1076,4
imgt:StudyProduct_Genor_Biopharma_Co_Ltd_Solid_tumors_1077,4
imgt:StudyProduct_Genzyme_Corp_Kidney_transplant_rejection_11,4
imgt:StudyProduct_Gilead_B_cell_acute_lymphoblastic_leukemia_(B_cell_ALL)_1233,4
imgt:StudyProduct_Gilead_Crohns_disease_(CD)_533,4
imgt:StudyProduct_Gilead_Lymphoma_diffuse_large_B_cell_(DLBCL)_827,4
imgt:StudyProduct_Gilead_Lymphoma_follicular_(FL)_827,4
imgt:StudyProduct_Gilead_Lymphoma_mantle_cell_(MCL)_1233,4
imgt:StudyProduct_Gilead_Non-Hodgkins_lymphoma_(NHL)_1315,4
imgt:StudyProduct_Gilead_Solid_tumors_1225,4
imgt:StudyProduct_Gilead_Solid_tumors_advanced_or_metastatic_1359,4
imgt:StudyProduct_GlaxoSmithKline_Cancers_colon_119,4
imgt:StudyProduct_GlaxoSmithKline_Cancers_endometrial_(EC)_849,4
imgt:StudyProduct_GlaxoSmithKline_Multiple_myeloma_(MM)_1361,4
imgt:StudyProduct_GlaxoSmithKline_Multiple_myeloma_(MM)_817,4
imgt:StudyProduct_GlaxoSmithKline_Multiple_sclerosis_(MS)_194,4
imgt:StudyProduct_GlaxoSmithKline_Solid_tumors_1010,4
imgt:StudyProduct_GlaxoSmithKline_Solid_tumors_1411,4
imgt:StudyProduct_Glycotope_GmbH_Cancers_739,4
imgt:StudyProduct_Glycotope_GmbH_Solid_tumors_738,4
imgt:StudyProduct_Glycotope_GmbH_Solid_tumors_740,4
imgt:StudyProduct_Hanmi_Pharmaceutical_Solid_tumors_1171,4
imgt:StudyProduct_Harbour_BioMed_Solid_tumors_1368,4
imgt:StudyProduct_Henlix_Inc_Solid_tumors_1039,4
imgt:StudyProduct_Henlix_Inc_Solid_tumors_970,4
imgt:StudyProduct_Horizon_Therapeutics_plc_Chronic_lymphocytic_leukemia_(CLL)_553,4
imgt:StudyProduct_Horizon_Therapeutics_plc_Neuromyelitis_optica_(NMO)_553,4
imgt:StudyProduct_Horizon_Therapeutics_plc_Neuromyelitis_optica_spectrum_disorder_(NMOSD)_553,4
imgt:StudyProduct_I-Mab_Biopharma_Solid_tumors_1131,4
imgt:StudyProduct_I-Mab_Biopharma_Solid_tumors_1150,4
imgt:StudyProduct_IGM_Biosciences_Inc_Non-Hodgkins_lymphoma_(NHL)_1257,4
imgt:StudyProduct_ISU_Abxis_Solid_tumors_1067,4
imgt:StudyProduct_ImClone_Systems_Inc_Cancers_colorectal_(CRC)_metastatic_295,4
imgt:StudyProduct_ImClone_Systems_Inc_Cancers_gastric_295,4
imgt:StudyProduct_ImClone_Systems_Inc_Cancers_non-small_cell_lung_(NSCLC)_294,4
imgt:StudyProduct_ImClone_Systems_Inc_Cancers_non-small_cell_lung_(NSCLC)_295,4
imgt:StudyProduct_ImClone_Systems_Inc_Carcinoma_head_and_neck_squamous_cell_carcinoma_(HNSCC)_151,4
imgt:StudyProduct_ImClone_Systems_Inc_Hepatocellular_carcinoma_(HCC)_295,4
imgt:StudyProduct_ImClone_Systems_Inc_Soft-tissue_sarcoma_(STS)_352,4
imgt:StudyProduct_ImaginAb_Inc_Solid_tumors_1246,4
imgt:StudyProduct_ImmunGene_Non-Hodgkins_lymphoma_(NHL)_1157,4
imgt:StudyProduct_ImmunoGen_Inc_Acute_myeloid_leukemia_(AML)_839,4
imgt:StudyProduct_ImmunoGen_Inc_Acute_myeloid_leukemia_(AML)_879,4
imgt:StudyProduct_ImmunoGen_Inc_Cancers_breast_overexpressing_ERBB2_metastatic_357,4
imgt:StudyProduct_ImmunoGen_Inc_Cancers_endometrial_(EC)_1584,4
imgt:StudyProduct_ImmunoGen_Inc_Cancers_endometrial_(EC)_1585,4
imgt:StudyProduct_ImmunoGen_Inc_Cancers_head_and_neck_600,4
imgt:StudyProduct_ImmunoGen_Inc_Cancers_non-small_cell_lung_(NSCLC)_600,4
imgt:StudyProduct_ImmunoGen_Inc_Cancers_small_cell_lung_(SCLC)_58,4
imgt:StudyProduct_ImmunoGen_Inc_Lymphoma_diffuse_large_B_cell_(DLBCL)_602,4
imgt:StudyProduct_ImmunoGen_Inc_Mesothelioma_pleural_malignant_471,4
imgt:StudyProduct_ImmunoGen_Inc_Non-Hodgkins_lymphoma_(NHL)_602,4
imgt:StudyProduct_ImmunoGen_Inc_Solid_tumors_1346,4
imgt:StudyProduct_ImmunoGen_Inc_Solid_tumors_575,4
imgt:StudyProduct_ImmunoGen_Inc_Solid_tumors_592,4
imgt:StudyProduct_ImmunoGen_Inc_Solid_tumors_600,4
imgt:StudyProduct_Immunomedics_Inc_Cancers_559,4
imgt:StudyProduct_Immunomedics_Inc_Cancers_breast_triple_negative_(TNBC)_metastatic_559,4
imgt:StudyProduct_Immunomedics_Inc_Cancers_colorectal_(CRC)_metastatic_558,4
imgt:StudyProduct_Immunomedics_Inc_Cancers_pancreatic_559,4
imgt:StudyProduct_Immunomedics_Inc_Cancers_urothelial_(UC)_559,4
imgt:StudyProduct_Incyte_Biosciences_International_Sàrl_Cancers_head_and_neck_1371,4
imgt:StudyProduct_Incyte_Corporation_Cancers_non-small_cell_lung_(NSCLC)_968,4
imgt:StudyProduct_Incyte_Corporation_Merkel_cell_carcinoma_(MCC)_metastatic_968,4
imgt:StudyProduct_Incyte_Corporation_Solid_tumors_1025,4
imgt:StudyProduct_Inhibrx_Solid_tumors_advanced_or_metastatic_1477,4
imgt:StudyProduct_Innate_Pharma_Cancers_562,4
imgt:StudyProduct_Innate_Pharma_Cancers_head_and_neck_562,4
imgt:StudyProduct_Innate_Pharma_Solid_tumors_advanced_or_metastatic_940,4
imgt:StudyProduct_Innovent_Biologics_Cancers_1066,4
imgt:StudyProduct_Innovent_Biologics_Cancers_1174,4
imgt:StudyProduct_Innovent_Biologics_Cancers_non-small_cell_lung_(NSCLC)_1281,4
imgt:StudyProduct_Innovent_Biologics_Solid_tumors_1171,4
imgt:StudyProduct_Innovent_Biologics_Solid_tumors_1182,4
imgt:StudyProduct_Innovent_Biologics_Solid_tumors_859,4
imgt:StudyProduct_Innovent_Biologics_Solid_tumors_advanced_or_metastatic_1004,4
imgt:StudyProduct_Janssen_Biotech_Inc_Multiple_myeloma_(MM)_1042,4
imgt:StudyProduct_Janssen_Biotech_Inc_Multiple_myeloma_(MM)_301,4
imgt:StudyProduct_Janssen_Biotech_Inc_Solid_tumors_809,4
imgt:StudyProduct_Janssen_Biotech_Inc_Solid_tumors_810,4
imgt:StudyProduct_Janssen_Biotech_Inc_Solid_tumors_811,4
imgt:StudyProduct_Janssen_Pharmaceuticals_inc_Lymphoma_diffuse_large_B_cell_(DLBCL)_640,4
imgt:StudyProduct_Janssen_Research_&_Development_LLC_Solid_tumors_1183,4
imgt:StudyProduct_Jasper_Therapeutics_Inc_Acute_myeloid_leukemia_(AML)_1240,4
imgt:StudyProduct_Jiangsu_Hengrui_Medicine_Co_Ltd_Cancers_non-small_cell_lung_(NSCLC)_1328,4
imgt:StudyProduct_Jiangsu_Hengrui_Medicine_Co_Ltd_Cancers_pancreatic_1159,4
imgt:StudyProduct_Jiangsu_Hengrui_Medicine_Co_Ltd_Carcinoma_esophageal_999,4
imgt:StudyProduct_Jounce_Therapeutics_Cancers_1330,4
imgt:StudyProduct_Jounce_Therapeutics_Solid_tumors_1082,4
imgt:StudyProduct_Jounce_Therapeutics_Solid_tumors_801,4
imgt:StudyProduct_Juno_Therapeutics_Chronic_lymphocytic_leukemia_(CLL)_874,4
imgt:StudyProduct_Juno_Therapeutics_Lymphoma_diffuse_large_B_cell_(DLBCL)_874,4
imgt:StudyProduct_Juno_Therapeutics_Lymphoma_follicular_(FL)_874,4
imgt:StudyProduct_Juno_Therapeutics_Lymphoma_mantle_cell_(MCL)_874,4
imgt:StudyProduct_Juno_Therapeutics_Small_lymphocytic_lymphoma_(SLL)_874,4
imgt:StudyProduct_KaloBios_Pharmaceuticals_Inc_Solid_tumors_572,4
imgt:StudyProduct_Klus_Pharma_Inc_Cancers_gastric_840,4
imgt:StudyProduct_Kymab_Carcinoma_head_and_neck_squamous_cell_carcinoma_(HNSCC)_1120,4
imgt:StudyProduct_Kyowa_Hakko_Kirin_Adult_T_cell_leukemia/lymphoma_(ATL)_366,4
imgt:StudyProduct_Kyowa_Hakko_Kirin_Lymphoma_cutaneous_T_cell_(CTCL)_366,4
imgt:StudyProduct_Kyowa_Hakko_Kirin_Mycoisis_fungoides_(MF)_or_Sezary_syndrome_366,4
imgt:StudyProduct_Kyowa_Hakko_Kirin_Mycosis_fungoides_(MF)_relapsed_or_refractory_366,4
imgt:StudyProduct_Laboratoire_Français_du_fractionnement_et_des_Biotechnologies_(LFB)_Lymphoma_diffuse_large_B_cell_(DLBCL)_372,4
imgt:StudyProduct_Laboratoire_Français_du_fractionnement_et_des_Biotechnologies_(LFB)_Multiple_sclerosis_relapsing-remitting_372,4
imgt:StudyProduct_Laboratoire_Français_du_fractionnement_et_des_Biotechnologies_(LFB)_Neuromyelitis_optica_(NMO)_372,4
imgt:StudyProduct_Leap_Therapeutics_Cancers_endometrial_(EC)_1187,4
imgt:StudyProduct_Leap_Therapeutics_GE_Junction_Cancer_1187,4
imgt:StudyProduct_Lees_Pharmaceutical_Carcinoma_urothelial_1172,4
imgt:StudyProduct_Livzon_Pharmaceutical_Group_Inc_Solid_tumors_1373,4
imgt:StudyProduct_Lonza_Biologics_Cancers_colorectal_(CRC)_138,4
imgt:StudyProduct_Lonza_Biologics_Cancers_ovarian_138,4
imgt:StudyProduct_Lyvgen_Biopharma_Hepatocellular_carcinoma_(HCC)_metastatic_1365,4
imgt:StudyProduct_Lyvgen_Biopharma_Hepatocellular_carcinoma_(HCC)_metastatic_1367,4
imgt:StudyProduct_Lyvgen_Biopharma_Soft-tissue_sarcoma_(STS)_1366,4
imgt:StudyProduct_MD_Anderson_Cancer_Center_Hepatocellular_carcinoma_(HCC)_metastatic_1365,4
imgt:StudyProduct_MD_Anderson_Cancer_Center_Hepatocellular_carcinoma_(HCC)_metastatic_1367,4
imgt:StudyProduct_MD_Anderson_Cancer_Center_Soft-tissue_sarcoma_(STS)_1366,4
imgt:StudyProduct_MacroGenics_Inc_Cancers_breast_overexpressing_ERBB2_metastatic_473,4
imgt:StudyProduct_MacroGenics_Inc_Carcinoma_head_and_neck_squamous_cell_carcinoma_(HNSCC)_1289,4
imgt:StudyProduct_MacroGenics_Inc_Lymphoma_diffuse_large_B_cell_(DLBCL)_640,4
imgt:StudyProduct_MacroGenics_Inc_Solid_tumors_1032,4
imgt:StudyProduct_MacroGenics_Inc_Solid_tumors_1189,4
imgt:StudyProduct_MacroGenics_Inc_Solid_tumors_590,4
imgt:StudyProduct_MacroGenics_Inc_Solid_tumors_advanced_or_metastatic_1054,4
imgt:StudyProduct_MedImmune_Acute_lymphocytic_leukemia_(ALL)_198,4
imgt:StudyProduct_MedImmune_Acute_myeloid_leukemia_(AML)_1062,4
imgt:StudyProduct_MedImmune_Cancers_562,4
imgt:StudyProduct_MedImmune_Cancers_biliary_tract_528,4
imgt:StudyProduct_MedImmune_Cancers_head_and_neck_562,4
imgt:StudyProduct_MedImmune_Cancers_non-small_cell_lung_(NSCLC)_248,4
imgt:StudyProduct_MedImmune_Cancers_non-small_cell_lung_(NSCLC)_528,4
imgt:StudyProduct_MedImmune_Cancers_urothelial_(UC)_528,4
imgt:StudyProduct_MedImmune_Hairy_cell_leukemia_(HCL)_198,4
imgt:StudyProduct_MedImmune_Hepatocellular_carcinoma_(HCC)_248,4
imgt:StudyProduct_MedImmune_Hepatocellular_carcinoma_(HCC)_528,4
imgt:StudyProduct_MedImmune_Lymphoma_B_cell_101,4
imgt:StudyProduct_MedImmune_Melanoma_248,4
imgt:StudyProduct_MedImmune_Renal_Cell_Carcinoma_(RCC)_advanced_1317,4
imgt:StudyProduct_MedImmune_Solid_tumors_662,4
imgt:StudyProduct_MedImmune_Solid_tumors_729,4
imgt:StudyProduct_MedImmune_Solid_tumors_885,4
imgt:StudyProduct_Medarex_Cancers_non-small_cell_lung_(NSCLC)_180,4
imgt:StudyProduct_Medarex_Cancers_small_cell_lung_(SCLC)_180,4
imgt:StudyProduct_Medarex_Hodgkins_disease_(HD)_250,4
imgt:StudyProduct_Medarex_Melanoma_metastatic_180,4
imgt:StudyProduct_Medarex_Mesothelioma_pleural_malignant_180,4
imgt:StudyProduct_Medarex_Renal_cell_carcinoma_(RCC)_180,4
imgt:StudyProduct_Medicenna_Therapeutics_Inc_Cancers_brain_and_central_nervous_system_1380,4
imgt:StudyProduct_Memorial_Sloan-Kettering_Cancer_Center_Cancers_brain_metastatic_855,4
imgt:StudyProduct_Memorial_Sloan-Kettering_Cancer_Center_Neuroblastoma_1138,4
imgt:StudyProduct_Merck_&_Co_Inc_Cancers_breast_472,4
imgt:StudyProduct_Merck_&_Co_Inc_Cancers_cervical_472,4
imgt:StudyProduct_Merck_&_Co_Inc_Cancers_colorectal_(CRC)_472,4
imgt:StudyProduct_Merck_&_Co_Inc_Cancers_gastric_472,4
imgt:StudyProduct_Merck_&_Co_Inc_Cancers_head_and_neck_472,4
imgt:StudyProduct_Merck_&_Co_Inc_Cancers_non-small_cell_lung_(NSCLC)_472,4
imgt:StudyProduct_Merck_&_Co_Inc_Cancers_small_cell_lung_(SCLC)_472,4
imgt:StudyProduct_Merck_&_Co_Inc_Carcinoma_head_and_neck_squamous_cell_carcinoma_(HNSCC)_151,4
imgt:StudyProduct_Merck_&_Co_Inc_Carcinoma_nasopharyngeal_(NC)_472,4
imgt:StudyProduct_Merck_&_Co_Inc_Hairy_cell_leukemia_(HCL)_626,4
imgt:StudyProduct_Merck_&_Co_Inc_Hodgkin_lymphoma_472,4
imgt:StudyProduct_Merck_&_Co_Inc_Lymphoma_follicular_(FL)_472,4
imgt:StudyProduct_Merck_&_Co_Inc_Lymphoma_primary_mediastinal_B_cell_(PMBL)_472,4
imgt:StudyProduct_Merck_&_Co_Inc_Melanoma_1243,4
imgt:StudyProduct_Merck_&_Co_Inc_Melanoma_metastatic_472,4
imgt:StudyProduct_Merck_&_Co_Inc_Multiple_myeloma_(MM)_472,4
imgt:StudyProduct_Merck_&_Co_Inc_Neoplasms_976,4
imgt:StudyProduct_Merck_&_Co_Inc_Soft-tissue_sarcoma_(STS)_997,4
imgt:StudyProduct_Merck_&_Co_Inc_Solid_tumors_1024,4
imgt:StudyProduct_Merck_&_Co_Inc_Solid_tumors_1308,4
imgt:StudyProduct_Merck_&_Co_Inc_Solid_tumors_869,4
imgt:StudyProduct_Merck_&_Co_Inc_Solid_tumors_957,4
imgt:StudyProduct_Merck_&_Co_Inc_microsatellite_instability-high_cancer_(MSI-H)_472,4
imgt:StudyProduct_Merck_KgaA_Solid_tumors_1014,4
imgt:StudyProduct_Merck_KgaA_Solid_tumors_advanced_or_metastatic_1359,4
imgt:StudyProduct_Merck_Serono_International_SA_Cancers_gastric_512,4
imgt:StudyProduct_Merck_Serono_International_SA_Cancers_non-small_cell_lung_(NSCLC)_metastatic_512,4
imgt:StudyProduct_Merck_Serono_International_SA_Cancers_ovarian_254,4
imgt:StudyProduct_Merck_Serono_International_SA_Cancers_small_cell_lung_(SCLC)_254,4
imgt:StudyProduct_Merck_Serono_International_SA_Carcinoma_urothelial_512,4
imgt:StudyProduct_Merrimack_Pharmaceuticals_Cancers_breast_865,4
imgt:StudyProduct_Merrimack_Pharmaceuticals_Cancers_non-small_cell_lung_(NSCLC)_455,4
imgt:StudyProduct_Merrimack_Pharmaceuticals_Cancers_pancreatic_545,4
imgt:StudyProduct_Mersana_Therapeutics_Solid_tumors_1036,4
imgt:StudyProduct_Mersana_Therapeutics_Solid_tumors_1059,4
imgt:StudyProduct_Merus_NV_Cancers_colorectal_(CRC)_965,4
imgt:StudyProduct_Merus_NV_Solid_tumors_771,4
imgt:StudyProduct_Millennium_Pharmaceuticals_Inc_Cancers_gastrointestinal_532,4
imgt:StudyProduct_Millennium_Pharmaceuticals_Inc_Kidney_transplant_rejection_11,4
imgt:StudyProduct_Millennium_Pharmaceuticals_Inc_Solid_tumors_532,4
imgt:StudyProduct_Miltenyi_Biotec_Lymphoma_B_cell_1161,4
imgt:StudyProduct_MolMed_SpA_Mesothelioma_pleural_malignant_818,4
imgt:StudyProduct_MorphoSys_Chronic_lymphocytic_leukemia_(CLL)_522,4
imgt:StudyProduct_MorphoSys_Multiple_myeloma_(MM)_1011,4
imgt:StudyProduct_Morphotek_Inc_Cancers_ovarian_292,4
imgt:StudyProduct_Morphotek_Inc_Cancers_pancreatic_64,4
imgt:StudyProduct_Morphotek_Inc_Mesothelioma_pleural_malignant_64,4
imgt:StudyProduct_Nanjing_Legend_Biotechnology_Co_Ltd_Multiple_myeloma_(MM)_1042,4
imgt:StudyProduct_National_Cancer_Institute_Myelodysplastic_syndromes_(MDS)_1537,4
imgt:StudyProduct_Nektar_Therapeutics_Solid_tumors_871,4
imgt:StudyProduct_Nektar_Therapeutics_Solid_tumors_advanced_or_metastatic_1359,4
imgt:StudyProduct_NeoRx_Corp_Cancers_small_cell_lung_(SCLC)_133,4
imgt:StudyProduct_Neogenix_Oncology_Inc_Cancers_pancreatic_349,4
imgt:StudyProduct_Neovii_Biotech_GmbH_Cancers_gastric_218,4
imgt:StudyProduct_Neurocrine_Biosciences_Cancers_brain_and_central_nervous_system_1380,4
imgt:StudyProduct_Nordic_Nanovector_ASA_Non-Hodgkins_lymphoma_(NHL)_540,4
imgt:StudyProduct_Nordic_Nanovector_ASA_Non-Hodgkins_lymphoma_(NHL)_541,4
imgt:StudyProduct_Novartis_Pharmaceuticals_Corp_Acute_lymphocytic_leukemia_(ALL)_828,4
imgt:StudyProduct_Novartis_Pharmaceuticals_Corp_Cancers_nasopharyngeal_761,4
imgt:StudyProduct_Novartis_Pharmaceuticals_Corp_Lymphoma_diffuse_large_B_cell_(DLBCL)_828,4
imgt:StudyProduct_Novartis_Pharmaceuticals_Corp_Lymphoma_follicular_(FL)_828,4
imgt:StudyProduct_Novartis_Pharmaceuticals_Corp_Melanoma_(stage_llb_and_IV)_761,4
imgt:StudyProduct_Novartis_Pharmaceuticals_Corp_Multiple_sclerosis_(MS)_194,4
imgt:StudyProduct_Novartis_Pharmaceuticals_Corp_Pancreatic_ductal_adenocarcinoma_metastatic_(PDAC)_1364,4
imgt:StudyProduct_Novartis_Pharmaceuticals_Corp_Solid_tumors_918,4
imgt:StudyProduct_Novartis_Solid_tumors_1030,4
imgt:StudyProduct_Omeros_Corporation_Atypical_hemolytic_uremic_syndrome_(aHUS)_780,4
imgt:StudyProduct_Omeros_Corporation_IgA_nephropathy_(IgAN)_780,4
imgt:StudyProduct_OncoMed_Pharmaceuticals_Cancers_935,4
imgt:StudyProduct_OncoMed_Pharmaceuticals_Lymphoma_492,4
imgt:StudyProduct_OncoMed_Pharmaceuticals_Solid_tumors_492,4
imgt:StudyProduct_OncoMed_Pharmaceuticals_Solid_tumors_597,4
imgt:StudyProduct_OncoMed_Pharmaceuticals_Solid_tumors_660,4
imgt:StudyProduct_OncoTherapy_Science_Inc_Synovial_sarcoma_867,4
imgt:StudyProduct_Oncternal_Therapeutics_Chronic_lymphocytic_leukemia_(CLL)_1154,4
imgt:StudyProduct_Oncternal_Therapeutics_Lymphoma_mantle_cell_(MCL)_1154,4
imgt:StudyProduct_Ono_Pharmaceutical_Co_Ltd_BRAF_wild-type_melanoma_metastatic_or_unresectable_424,4
imgt:StudyProduct_Ono_Pharmaceutical_Co_Ltd_Cancers_anal_424,4
imgt:StudyProduct_Ono_Pharmaceutical_Co_Ltd_Cancers_gastric_424,4
imgt:StudyProduct_Ono_Pharmaceutical_Co_Ltd_Cancers_non-small_cell_lung_(NSCLC)_metastatic_424,4
imgt:StudyProduct_Ono_Pharmaceutical_Co_Ltd_Carcinoma_head_and_neck_squamous_cell_(HNSCC)_recurrent_or_metastatic_424,4
imgt:StudyProduct_Ono_Pharmaceutical_Co_Ltd_GE_Junction_Cancer_424,4
imgt:StudyProduct_Ono_Pharmaceutical_Co_Ltd_Hodgkin_lymphoma_424,4
imgt:StudyProduct_Ono_Pharmaceutical_Co_Ltd_Renal_cell_carcinoma_(RCC)_424,4
imgt:StudyProduct_Ono_Pharmaceuticals_Co_Ltd_Solid_tumors_781,4
imgt:StudyProduct_Peregrine_Pharmaceuticals_Inc_Glioblastoma_multiforme_(GBM)_143,4
imgt:StudyProduct_Peregrine_Pharmaceuticals_Inc_Non-Hodgkins_lymphoma_(NHL)_159,4
imgt:StudyProduct_Pfizer_Acute_myeloid_leukemia_(AML)_954,4
imgt:StudyProduct_Pfizer_Cancers_gastric_512,4
imgt:StudyProduct_Pfizer_Cancers_non-small_cell_lung_(NSCLC)_metastatic_512,4
imgt:StudyProduct_Pfizer_Hepatocellular_carcinoma_(HCC)_561,4
imgt:StudyProduct_Pfizer_Lymphoma_1379,4
imgt:StudyProduct_Pfizer_Melanoma_969,4
imgt:StudyProduct_Pfizer_Renal_Cell_Carcinoma_(RCC)_advanced_512,4
imgt:StudyProduct_Pfizer_Solid_tumors_657,4
imgt:StudyProduct_Pfizer_Solid_tumors_768,4
imgt:StudyProduct_Pfizer_Solid_tumors_777,4
imgt:StudyProduct_Philogen_Melanoma_797,4
imgt:StudyProduct_Philogen_Melanoma_metastatic_796,4
imgt:StudyProduct_Pieris_Pharmaceuticals_Inc_Solid_tumors_982,4
imgt:StudyProduct_Pierre_Fabre_Solid_tumors_1134,4
imgt:StudyProduct_Precision_Biologics_Cancers_pancreatic_349,4
imgt:StudyProduct_Prima_BioMed_Cancers_breast_metastatic_611,4
imgt:StudyProduct_Qilu_Puget_Sound_Biotherapeutics_Corp_Neoplasms_1203,4
imgt:StudyProduct_Qilu_Puget_Sound_Biotherapeutics_Corp_Neoplasms_1204,4
imgt:StudyProduct_Regeneron_Pharmaceuticals_Inc_Age-related_macular_degeneration_(AMD)_neovascular_(wet)_214,4
imgt:StudyProduct_Regeneron_Pharmaceuticals_Inc_Cancers_1555,4
imgt:StudyProduct_Regeneron_Pharmaceuticals_Inc_Cancers_colorectal_(CRC)_metastatic_214,4
imgt:StudyProduct_Regeneron_Pharmaceuticals_Inc_Cancers_non-small_cell_lung_(NSCLC)_1394,4
imgt:StudyProduct_Regeneron_Pharmaceuticals_Inc_Cancers_non-small_cell_lung_(NSCLC)_846,4
imgt:StudyProduct_Regeneron_Pharmaceuticals_Inc_Cancers_ovarian_1173,4
imgt:StudyProduct_Regeneron_Pharmaceuticals_Inc_Cancers_prostate_metastatic_1492,4
imgt:StudyProduct_Regeneron_Pharmaceuticals_Inc_Carcinoma_basal_cell_(BCC)_846,4
imgt:StudyProduct_Regeneron_Pharmaceuticals_Inc_Diabetic_macular_edema_214,4
imgt:StudyProduct_Regeneron_Pharmaceuticals_Inc_Lymphoma_diffuse_large_B_cell_(DLBCL)_748,4
imgt:StudyProduct_Regeneron_Pharmaceuticals_Inc_Lymphoma_follicular_(FL)_748,4
imgt:StudyProduct_Regeneron_Pharmaceuticals_Inc_Macular_edema_following_Central_Retinal_Vein_Occlusion_(CRVO)_214,4
imgt:StudyProduct_Regeneron_Pharmaceuticals_Inc_Macular_edema_following_Retinal_Vein_Occlusion_(RVO)_214,4
imgt:StudyProduct_Regeneron_Pharmaceuticals_Inc_Multiple_myeloma_(MM)_1263,4
imgt:StudyProduct_Regeneron_Pharmaceuticals_Inc_Myopic_choroidal_neovascularization_(myopic_CNV)_214,4
imgt:StudyProduct_Regeneron_Pharmaceuticals_Inc_Non-Hodgkins_lymphoma_(NHL)_962,4
imgt:StudyProduct_RemeGen_Ltd_Cancers_breast_896,4
imgt:StudyProduct_RemeGen_Ltd_Cancers_breast_931,4
imgt:StudyProduct_Rentschler_Biotechnologie_GmbH_Neuroblastoma_568,4
imgt:StudyProduct_Roche_F_Hoffmann-La_Roche_Ltd_Cancers_blood_760,4
imgt:StudyProduct_Roche_F_Hoffmann-La_Roche_Ltd_Cancers_breast_overexpressing_ERBB2_97,4
imgt:StudyProduct_Roche_F_Hoffmann-La_Roche_Ltd_Cancers_breast_overexpressing_ERBB2_metastatic_357,4
imgt:StudyProduct_Roche_F_Hoffmann-La_Roche_Ltd_Cancers_breast_triple_negative_(TNBC)_526,4
imgt:StudyProduct_Roche_F_Hoffmann-La_Roche_Ltd_Cancers_non-small_cell_lung_(NSCLC)_1355,4
imgt:StudyProduct_Roche_F_Hoffmann-La_Roche_Ltd_Cancers_non-small_cell_lung_(NSCLC)_526,4
imgt:StudyProduct_Roche_F_Hoffmann-La_Roche_Ltd_Carcinoma_bladder_cancer_advanced_or_metastatic_urothelial_cancers_526,4
imgt:StudyProduct_Roche_F_Hoffmann-La_Roche_Ltd_Carcinoma_urothelial_526,4
imgt:StudyProduct_Roche_F_Hoffmann-La_Roche_Ltd_Chronic_focal_encephalitis_(CFE)_161,4
imgt:StudyProduct_Roche_F_Hoffmann-La_Roche_Ltd_Chronic_lymphocytic_leukemia_(CLL)_238,4
imgt:StudyProduct_Roche_F_Hoffmann-La_Roche_Ltd_Cytokine_Release_Syndrome_(CRS)_96,4
imgt:StudyProduct_Roche_F_Hoffmann-La_Roche_Ltd_Giant_cell_arteritis_96,4
imgt:StudyProduct_Roche_F_Hoffmann-La_Roche_Ltd_Lymphoma_B_cell_1224,4
imgt:StudyProduct_Roche_F_Hoffmann-La_Roche_Ltd_Lymphoma_diffuse_large_B_cell_(DLBCL)_161,4
imgt:StudyProduct_Roche_F_Hoffmann-La_Roche_Ltd_Lymphoma_diffuse_large_B_cell_(DLBCL)_238,4
imgt:StudyProduct_Roche_F_Hoffmann-La_Roche_Ltd_Lymphoma_follicular_(FL)_238,4
imgt:StudyProduct_Roche_F_Hoffmann-La_Roche_Ltd_Lymphoproliferative_disorder_giant_lymph_node_hyperplasia_(Castlemans_disease)_96,4
imgt:StudyProduct_Roche_F_Hoffmann-La_Roche_Ltd_Melanoma_1354,4
imgt:StudyProduct_Roche_F_Hoffmann-La_Roche_Ltd_Non-Hodgkins_lymphoma_(NHL)_774,4
imgt:StudyProduct_Roche_F_Hoffmann-La_Roche_Ltd_Pemphigus_vulgaris_(PV)_161,4
imgt:StudyProduct_Roche_F_Hoffmann-La_Roche_Ltd_Polyarticular_Juvenile_Idiopathic_Arthritis_(PJIA)_96,4
imgt:StudyProduct_Roche_F_Hoffmann-La_Roche_Ltd_Solid_organ_transplantation_161,4
imgt:StudyProduct_Roche_F_Hoffmann-La_Roche_Ltd_Solid_tumors_500,4
imgt:StudyProduct_Roche_F_Hoffmann-La_Roche_Ltd_Solid_tumors_501,4
imgt:StudyProduct_Roche_F_Hoffmann-La_Roche_Ltd_Solid_tumors_502,4
imgt:StudyProduct_Roche_F_Hoffmann-La_Roche_Ltd_Solid_tumors_555,4
imgt:StudyProduct_Roche_F_Hoffmann-La_Roche_Ltd_Solid_tumors_608,4
imgt:StudyProduct_Roche_F_Hoffmann-La_Roche_Ltd_Solid_tumors_765,4
imgt:StudyProduct_Roche_F_Hoffmann-La_Roche_Ltd_Systemic_juvenile_idiopathic_athritis_(SJIA)_96,4
imgt:StudyProduct_Roche_F_Hoffmann-La_Roche_Ltd_Systemic_sclerosis_96,4
imgt:StudyProduct_Sanofi-Aventis_US_LLC_Solid_tumors_1065,4
imgt:StudyProduct_Sanofi_Cancers_colorectal_(CRC)_metastatic_214,4
imgt:StudyProduct_Sanofi_Cancers_non-small_cell_lung_(NSCLC)_455,4
imgt:StudyProduct_Sanofi_Hodgkins_disease_(HD)_1299,4
imgt:StudyProduct_Schering-Plough_Hairy_cell_leukemia_(HCL)_626,4
imgt:StudyProduct_Scholar_Rock_Solid_tumors_1342,4
imgt:StudyProduct_Seagen_Inc_formely_Seatlle_Genetics_Inc_Cancers_cervical_571,4
imgt:StudyProduct_Seagen_Inc_formely_Seatlle_Genetics_Inc_Melanoma_1243,4
imgt:StudyProduct_Seattle_genetics_Inc_Anaplastic_large_cell_lymphoma_(ALCL)_324,4
imgt:StudyProduct_Seattle_genetics_Inc_Cancers_bladder_772,4
imgt:StudyProduct_Seattle_genetics_Inc_Cancers_breast_overexpressing_ERBB2_metastatic_773,4
imgt:StudyProduct_Seattle_genetics_Inc_Extranodal_NK/T-cell_lymphoma_(ENKTL)_324,4
imgt:StudyProduct_Seattle_genetics_Inc_Hodgkin_lymphoma_324,4
imgt:StudyProduct_Seattle_genetics_Inc_Lymphoma_enteropathy-associated_T_cell_(EATL)_324,4
imgt:StudyProduct_Seattle_genetics_Inc_Lymphoproliferative_disorders_T-cell_primary_cutaneous_CD30-positive_324,4
imgt:StudyProduct_Seattle_genetics_Inc_Primary_cutaneous_anaplastic_large_cell_lymphoma_(pcALCL)_324,4
imgt:StudyProduct_Shandong_New_Time_Pharmaceutical_Cancers_1179,4
imgt:StudyProduct_Shanghai_Hengrui_Pharmaceuticals_Co_Ltd_Solid_tumors_659,4
imgt:StudyProduct_Shanghai_Henlius_Biotech_Solid_tumors_1023,4
imgt:StudyProduct_Shanghai_Jinmante_Biotechnology_Cancers_non-small_cell_lung_(NSCLC)_metastatic_1372,4
imgt:StudyProduct_Shanghai_Junshi_Biosciences_Co_Ltd_Cancers_bladder_863,4
imgt:StudyProduct_Shanghai_Junshi_Biosciences_Co_Ltd_Carcinoma_nasopharyngeal_(NC)_863,4
imgt:StudyProduct_Shanghai_Junshi_Biosciences_Co_Ltd_Solid_tumors_advanced_or_metastatic_1013,4
imgt:StudyProduct_Sichuan_Baili_Pharmaceutical_Co_Lymphoma_diffuse_large_B_cell_(DLBCL)_1248,4
imgt:StudyProduct_Sichuan_Clover_Biopharmaceuticals_Inc_Malignant_pleural_effusion_1297,4
imgt:StudyProduct_Sichuan_Kelun-Biotech_Biopharmaceutical_Cancers_nasopharyngeal_1206,4
imgt:StudyProduct_Sichuan_Kelun-Biotech_Biopharmaceutical_Carcinoma_nasopharyngeal_(NC)_1206,4
imgt:StudyProduct_Silverback_Therapeutics_Inc_Solid_tumors_1278,4
imgt:StudyProduct_Sinocelltech_Ltd_Cancers_1007,4
imgt:StudyProduct_Sinocelltech_Ltd_Carcinoma_head_and_neck_squamous_cell_carcinoma_(HNSCC)_1128,4
imgt:StudyProduct_Sophiris_Bio_Inc_Cancers_brain_and_central_nervous_system_1380,4
imgt:StudyProduct_Sorrento_Therapeutics_Inc_Solid_tumors_1321,4
imgt:StudyProduct_Sotio_Solid_tumors_advanced_or_metastatic_933,4
imgt:StudyProduct_Spectrum_Pharmaceuticals_Inc_Non-Hodgkins_lymphoma_(NHL)_1157,4
imgt:StudyProduct_Stemcentrx_Inc_Cancers_small_cell_lung_(SCLC)_569,4
imgt:StudyProduct_Stemline_Therapeutics_Inc_Acute_myeloid_leukemia_(AML)_825,4
imgt:StudyProduct_Stemline_Therapeutics_Inc_Blastic_plasmacytoid_dendritic_cell_neoplasm_(BPDCN)_825,4
imgt:StudyProduct_Surface_Oncology_Inc_Cancers_1037,4
imgt:StudyProduct_Surface_Oncology_Inc_Cancers_prostate_1338,4
imgt:StudyProduct_Surface_Oncology_Inc_Hepatocellular_carcinoma_(HCC)_1337,4
imgt:StudyProduct_Surface_Oncology_Inc_Multiple_myeloma_(MM)_1037,4
imgt:StudyProduct_Sutro_Biopharma_Inc_Cancers_ovarian_1265,4
imgt:StudyProduct_Sutro_Biopharma_Inc_Cancers_ovarian_1266,4
imgt:StudyProduct_Sutro_Biopharma_Inc_Multiple_myeloma_(MM)_880,4
imgt:StudyProduct_Syndax_Pharmaceuticals_Inc_Solid_tumors_advanced_or_metastatic_942,4
imgt:StudyProduct_Synthon_Biopharmaceuticals_Solid_tumors_668,4
imgt:StudyProduct_Systimmune_Inc_Esophageal_Squamous_Cell_Carcinoma_(ESCC)_1260,4
imgt:StudyProduct_TG_Therapeutics_B_cell_lymphoma_1325,4
imgt:StudyProduct_TG_Therapeutics_Lymphoma_diffuse_large_B_cell_(DLBCL)_372,4
imgt:StudyProduct_TG_Therapeutics_Multiple_sclerosis_relapsing-remitting_372,4
imgt:StudyProduct_TG_Therapeutics_Neuromyelitis_optica_(NMO)_372,4
imgt:StudyProduct_TRACON_Pharmaceuticals_Inc_Cancers_bladder_605,4
imgt:StudyProduct_TRACON_Pharmaceuticals_Inc_Cancers_fallopian_tube_605,4
imgt:StudyProduct_TRACON_Pharmaceuticals_Inc_Cancers_ovarian_605,4
imgt:StudyProduct_TRACON_Pharmaceuticals_Inc_Glioblastoma_multiforme_(GBM)_605,4
imgt:StudyProduct_TRACON_Pharmaceuticals_Inc_Hepatocellular_carcinoma_(HCC)_605,4
imgt:StudyProduct_TRACON_Pharmaceuticals_Inc_Kidney_tumours_605,4
imgt:StudyProduct_TRACON_Pharmaceuticals_Inc_Renal_cell_carcinoma_(RCC)_605,4
imgt:StudyProduct_TRACON_Pharmaceuticals_Inc_Solid_tumors_1150,4
imgt:StudyProduct_TRION_Pharma_Cancers_gastric_218,4
imgt:StudyProduct_Taizhou_Hanzhong_Pharmaceuticals_Inc_Solid_tumors_1142,4
imgt:StudyProduct_Takeda_Pharmaceutical_Co_Ltd_Anaplastic_large_cell_lymphoma_(ALCL)_324,4
imgt:StudyProduct_Takeda_Pharmaceutical_Co_Ltd_Extranodal_NK/T-cell_lymphoma_(ENKTL)_324,4
imgt:StudyProduct_Takeda_Pharmaceutical_Co_Ltd_Hodgkin_lymphoma_324,4
imgt:StudyProduct_Takeda_Pharmaceutical_Co_Ltd_Lymphoma_enteropathy-associated_T_cell_(EATL)_324,4
imgt:StudyProduct_Takeda_Pharmaceutical_Co_Ltd_Lymphoproliferative_disorders_T-cell_primary_cutaneous_CD30-positive_324,4
imgt:StudyProduct_Takeda_Pharmaceutical_Co_Ltd_Primary_cutaneous_anaplastic_large_cell_lymphoma_(pcALCL)_324,4
imgt:StudyProduct_Takeda_Pharmaceuticals_USA_Inc_Multiple_myeloma_(MM)_1019,4
imgt:StudyProduct_Telix_Pharmaceuticals_Cancers_prostate_1571,4
imgt:StudyProduct_Tesaro_Inc_Cancers_endometrial_(EC)_849,4
imgt:StudyProduct_Tesaro_Inc_Solid_tumors_886,4
imgt:StudyProduct_Tesaro_Inc_Solid_tumors_948,4
imgt:StudyProduct_Transcenta_Holding_Ltd_Solid_tumors_1239,4
imgt:StudyProduct_Transcenta_Holding_Ltd_Solid_tumors_1272,4
imgt:StudyProduct_Trillium_Therapeutics_Inc_Solid_tumors_1048,4
imgt:StudyProduct_UCB_Solid_tumors_advanced_or_metastatic_1167,4
imgt:StudyProduct_University_of_Bern_Acute_myeloid_leukemia_(AML)_792,4
imgt:StudyProduct_University_of_Bern_Waldenstroms_macroglobulinemia_792,4
imgt:StudyProduct_University_of_California_Cancers_breast_865,4
imgt:StudyProduct_Viela_Bio_Inc_Chronic_lymphocytic_leukemia_(CLL)_553,4
imgt:StudyProduct_Viela_Bio_Inc_Neuromyelitis_optica_(NMO)_553,4
imgt:StudyProduct_Viela_Bio_Inc_Neuromyelitis_optica_spectrum_disorder_(NMOSD)_553,4
imgt:StudyProduct_Viventia_Biotechnologies_Inc_Cancers_bladder_237,4
imgt:StudyProduct_Viventia_Biotechnologies_Inc_Cancers_head_and_neck_237,4
imgt:StudyProduct_Weill_Cornell_Medical_Cancers_prostate_1028,4
imgt:StudyProduct_Weill_Cornell_Medical_Cancers_prostate_1029,4
imgt:StudyProduct_XBiotech_Cancers_colorectal_(CRC)_metastatic_544,4
imgt:StudyProduct_XBiotech_Cancers_pancreatic_1311,4
imgt:StudyProduct_Xencor_Inc_Cancers_gastrointestinal_921,4
imgt:StudyProduct_Xencor_Inc_Chronic_lymphocytic_leukemia_(CLL)_522,4
imgt:StudyProduct_Xencor_Inc_Hematologic-blood_cancer_919,4
imgt:StudyProduct_Xencor_Inc_Myelodysplastic_syndromes_(MDS)_743,4
imgt:StudyProduct_Xencor_Inc_Solid_tumors_1083,4
imgt:StudyProduct_Xencor_Inc_Solid_tumors_1084,4
imgt:StudyProduct_Xencor_Inc_Solid_tumors_1085,4
imgt:StudyProduct_Y-Biologics_Solid_tumors_1236,4
imgt:StudyProduct_Y-mAbs_Therapeutics_Inc_Neuroblastoma_750,4
imgt:StudyProduct_YM_BioSciences_Inc_Cancers_head_and_neck_76,4
imgt:StudyProduct_Zhejiang_Hisun_Pharmaceutical_Co_LTD_Lymphoma_diffuse_large_B_cell_(DLBCL)_1040,4
imgt:StudyProduct_ZymeWorks_Inc_Cancers_735,4
imgt:StudyProduct_ZymeWorks_Inc_Solid_tumors_1075,4
imgt:StudyProduct_arGEN-X_Acute_myeloid_leukemia_(AML)_792,4
imgt:StudyProduct_arGEN-X_Waldenstroms_macroglobulinemia_792,4
imgt:StudyProduct_iTeos_Therapeutics_Multiple_myeloma_(MM)_1361,4
imgt:StudyProduct_microsatellite_instability-high_cancer_(MSI-H)_472,4
imgt:Systemic_juvenile_idiopathic_athritis_(SJIA),4
imgt:Systemic_sclerosis,4
imgt:TR-Beta-TRB,4
imgt:TR-Gamma-TRG,4
imgt:Tropical_spastic_paraparesis_(TSP_model_for_multiple_sclerosis),4
imgt:V-D-J-gene,4
imgt:V-D-gene,4
imgt:V-J-gene,4
imgt:V-gene,4
imgt:Waldenstroms_macroglobulinemia,4
imgt:Wegeners_Granulomatosis_(WG)_and_Microscopic_Polygamiitis_(MPA)_in_combination_with_glucocorticoides,4
imgt:_CHOK1SV,4
imgt:_COS_cells_transient_expression,4
imgt:_Hybridoma,4
imgt:_XpressCF+™,4
imgt:blocked_ricin,4
imgt:calicheamicin,4
imgt:doxorubicin,4
imgt:mAb_1000,4
imgt:mAb_1002,4
imgt:mAb_1007,4
imgt:mAb_1022,4
imgt:mAb_1023,4
imgt:mAb_1025,4
imgt:mAb_1026,4
imgt:mAb_1030,4
imgt:mAb_1036,4
imgt:mAb_1039,4
imgt:mAb_1041,4
imgt:mAb_1062,4
imgt:mAb_1080,4
imgt:mAb_109,4
imgt:mAb_1095,4
imgt:mAb_110,4
imgt:mAb_1112,4
imgt:mAb_1125,4
imgt:mAb_1128,4
imgt:mAb_114,4
imgt:mAb_1146,4
imgt:mAb_116,4
imgt:mAb_1160,4
imgt:mAb_1170,4
imgt:mAb_1176,4
imgt:mAb_1179,4
imgt:mAb_1206,4
imgt:mAb_1212,4
imgt:mAb_1262,4
imgt:mAb_1311,4
imgt:mAb_1313,4
imgt:mAb_1336,4
imgt:mAb_1337,4
imgt:mAb_1342,4
imgt:mAb_136,4
imgt:mAb_1362,4
imgt:mAb_1399,4
imgt:mAb_1411,4
imgt:mAb_145,4
imgt:mAb_1616,4
imgt:mAb_190,4
imgt:mAb_191,4
imgt:mAb_206,4
imgt:mAb_208,4
imgt:mAb_209,4
imgt:mAb_211,4
imgt:mAb_251,4
imgt:mAb_270,4
imgt:mAb_287,4
imgt:mAb_292,4
imgt:mAb_302,4
imgt:mAb_306,4
imgt:mAb_32,4
imgt:mAb_321,4
imgt:mAb_328,4
imgt:mAb_332,4
imgt:mAb_333,4
imgt:mAb_348,4
imgt:mAb_370,4
imgt:mAb_374,4
imgt:mAb_381,4
imgt:mAb_385,4
imgt:mAb_403,4
imgt:mAb_415,4
imgt:mAb_416,4
imgt:mAb_417,4
imgt:mAb_425,4
imgt:mAb_427,4
imgt:mAb_430,4
imgt:mAb_431,4
imgt:mAb_452,4
imgt:mAb_470,4
imgt:mAb_473,4
imgt:mAb_483,4
imgt:mAb_489,4
imgt:mAb_497,4
imgt:mAb_50,4
imgt:mAb_501,4
imgt:mAb_504,4
imgt:mAb_505,4
imgt:mAb_519,4
imgt:mAb_533,4
imgt:mAb_534,4
imgt:mAb_540,4
imgt:mAb_542,4
imgt:mAb_544,4
imgt:mAb_554,4
imgt:mAb_561,4
imgt:mAb_577,4
imgt:mAb_584,4
imgt:mAb_614,4
imgt:mAb_655,4
imgt:mAb_657,4
imgt:mAb_690,4
imgt:mAb_720,4
imgt:mAb_724,4
imgt:mAb_729,4
imgt:mAb_732,4
imgt:mAb_736,4
imgt:mAb_738,4
imgt:mAb_740,4
imgt:mAb_743,4
imgt:mAb_753,4
imgt:mAb_759,4
imgt:mAb_768,4
imgt:mAb_770,4
imgt:mAb_789,4
imgt:mAb_800,4
imgt:mAb_803,4
imgt:mAb_810,4
imgt:mAb_813,4
imgt:mAb_817,4
imgt:mAb_825,4
imgt:mAb_839,4
imgt:mAb_855,4
imgt:mAb_880,4
imgt:mAb_886,4
imgt:mAb_890,4
imgt:mAb_891,4
imgt:mAb_903,4
imgt:mAb_905,4
imgt:mAb_916,4
imgt:mAb_928,4
imgt:mAb_931,4
imgt:mAb_960,4
imgt:mAb_974,4
imgt:mAb_975,4
imgt:mAb_976,4
imgt:mAb_983,4
imgt:mAb_985,4
imgt:mAb_988,4
imgt:mAb_997,4
imgt:monomethyl_auristatin_F_(MMAF),4
imgt:monomethyl_auristatin_F_linker,4
imgt:noncleavable_maleimidocaproyl_(mc)_linker,4
imgt:pyrrolobenzodiazepine_,4
HGNC:10256,3
HGNC:11922,3
HGNC:11939,3
HGNC:1685,3
HGNC:1697,3
HGNC:1699,3
HGNC:173,3
HGNC:2197,3
HGNC:23029,3
HGNC:23503,3
HGNC:2433,3
HGNC:3541,3
HGNC:400,3
HGNC:4039,3
HGNC:4462,3
HGNC:4688,3
HGNC:4893,3
HGNC:5318,3
HGNC:5464,3
HGNC:5466,3
HGNC:5991,3
HGNC:6005,3
HGNC:6009,3
HGNC:6014,3
HGNC:6066,3
HGNC:6526,3
HGNC:7656,3
HGNC:8803,3
HGNC:9446,3
HGNC:9618,3
imgt:AL_amyloidosis,3
imgt:Actinium_Pharmaceuticals_Inc,3
imgt:Adaptimmune_LLC,3
imgt:Adult_T_cell_leukemia/lymphoma_(ATL),3
imgt:Agenus_Inc,3
imgt:Alphamab_CoLtd,3
imgt:Anemia_chemotherapy-induced_(CIA),3
imgt:Anemia_in_chronic_kidney_disease-related_(CKD),3
imgt:Antisoma,3
imgt:Asthma,3
imgt:BRAF_wild-type_melanoma_metastatic_or_unresectable,3
imgt:Beta2-Microglobulin,3
imgt:Bone_loss_in_cancer,3
imgt:C-transcript,3
imgt:CD70-positive_hematologic_malignancies,3
imgt:CJSC_Biocad,3
imgt:Cancers_anal,3
imgt:Cancers_biliary_tract,3
imgt:Cancers_breast_ERB2_negative_metastatic,3
imgt:Cancers_esophageal,3
imgt:Cancers_pancreatic_metastatic,3
imgt:Cancers_squamous,3
imgt:Carcinoma_cervical_late-stage_or_metastatic,3
imgt:Celltech_UCB,3
imgt:Centocor_Inc,3
imgt:Clone_1248,3
imgt:Clone_1257,3
imgt:Clone_1260,3
imgt:Clone_1370,3
imgt:Colitis_ulcerative_(UC),3
imgt:Colon_sarcoma,3
imgt:Condylomata_acuminata_(anogenital_warts),3
imgt:Construct_141,3
imgt:Construct_205,3
imgt:Construct_344,3
imgt:Construct_507,3
imgt:Construct_736,3
imgt:Construct_839,3
imgt:Construct_880,3
imgt:Construct_99,3
imgt:Construct_Actinium-225_Ac-225_53,3
imgt:Construct_Bougainvillea_spectabilis_Willd_bouganin_236,3
imgt:Construct_CD28_1233,3
imgt:Construct_CD28_827,3
imgt:Construct_CD28_876,3
imgt:Construct_CD28_986,3
imgt:Construct_CD4_1232,3
imgt:Construct_CD8A_1042,3
imgt:Construct_CD8A_1102,3
imgt:Construct_CD8A_1103,3
imgt:Construct_CD8A_1161,3
imgt:Construct_CD8A_1229,3
imgt:Construct_CD8A_1230,3
imgt:Construct_CD8A_1231,3
imgt:Construct_CD8A_1383,3
imgt:Construct_CD8A_1384,3
imgt:Construct_CD8A_1385,3
imgt:Construct_CD8A_828,3
imgt:Construct_CD8A_873,3
imgt:Construct_Homo_sapiens_CD3E_1101,3
imgt:Construct_Homo_sapiens_IFNA2_1019,3
imgt:Construct_Homo_sapiens_IGHG1_Fc_1048,3
imgt:Construct_Homo_sapiens_IGHG1_Fc_1098,3
imgt:Construct_Homo_sapiens_IGHG1_Fc_1293,3
imgt:Construct_Homo_sapiens_IGHG1_Fc_213,3
imgt:Construct_Homo_sapiens_IGHG1_Fc_214,3
imgt:Construct_Homo_sapiens_IGHG1_Fc_331,3
imgt:Construct_Homo_sapiens_IGHG1_Fc_377,3
imgt:Construct_Homo_sapiens_IGHG1_Fc_388,3
imgt:Construct_Homo_sapiens_IGHG1_Fc_408,3
imgt:Construct_Homo_sapiens_IGHG1_Fc_475,3
imgt:Construct_Homo_sapiens_IGHG1_Fc_530,3
imgt:Construct_Homo_sapiens_IGHG1_Fc_611,3
imgt:Construct_Homo_sapiens_IGHG1_Fc_615,3
imgt:Construct_Homo_sapiens_IGHG1_Fc_870,3
imgt:Construct_Homo_sapiens_IGHG1_Fc_885,3
imgt:Construct_Homo_sapiens_IGHG1_Fc_926,3
imgt:Construct_Homo_sapiens_IGHG1_Fc_935,3
imgt:Construct_Homo_sapiens_IGHG4_Fc_1379,3
imgt:Construct_Homo_sapiens_IGHG4_Fc_581,3
imgt:Construct_Homo_sapiens_IGHG4_Fc_582,3
imgt:Construct_Homo_sapiens_IGHG4_Fc_820,3
imgt:Construct_Homo_sapiens_IL21_1296,3
imgt:Construct_Homo_sapiens_IL2_555,3
imgt:Construct_Homo_sapiens_IL2_690,3
imgt:Construct_Homo_sapiens_IL2_704,3
imgt:Construct_Homo_sapiens_IL2_900,3
imgt:Construct_Homo_sapiens_IL3_825,3
imgt:Construct_IGHG4_h-CH2-CH3_1049,3
imgt:Construct_IGHG4_h-CH2-CH3_874,3
imgt:Construct_IL2RA_1118,3
imgt:Construct_IL2_254,3
imgt:Construct_IL2_981,3
imgt:Construct_IgG1-h-CH2-CH3_1234,3
imgt:Construct_Indium-111_In-111_115,3
imgt:Construct_Indium-111_In-111_123,3
imgt:Construct_Indium-111_In-111_138,3
imgt:Construct_Indium-111_In-111_312,3
imgt:Construct_Indium-111_In-111_98,3
imgt:Construct_Iodine-124_I-124_329,3
imgt:Construct_Iodine-125_I-125_137,3
imgt:Construct_Iodine-131_I-131_125,3
imgt:Construct_Iodine-131_I-131_142,3
imgt:Construct_Iodine-131_I-131_143,3
imgt:Construct_Iodine-131_I-131_159,3
imgt:Construct_Iodine-131_I-131_633,3
imgt:Construct_Lutetium-177_Lu-177_110,3
imgt:Construct_Lutetium-177_Lu-177_1571,3
imgt:Construct_Lutetium-177_Lu-177_541,3
imgt:Construct_N-acetyl-gamma_calicheamicin_259,3
imgt:Construct_N-acetyl-gamma_calicheamicin_44,3
imgt:Construct_N-acetyl-gamma_calicheamicin_649,3
imgt:Construct_Phytolacca_americana_antiviral_protein_PAP_282,3
imgt:Construct_Pseudomonas_aeruginosa_exotoxin_A_1380,3
imgt:Construct_Pseudomonas_aeruginosa_exotoxin_A_198,3
imgt:Construct_Pseudomonas_aeruginosa_exotoxin_A_202,3
imgt:Construct_Pseudomonas_aeruginosa_exotoxin_A_203,3
imgt:Construct_Pseudomonas_aeruginosa_exotoxin_A_204,3
imgt:Construct_Pseudomonas_aeruginosa_exotoxin_A_206,3
imgt:Construct_Pseudomonas_aeruginosa_exotoxin_A_237,3
imgt:Construct_Ricinus_communis_ricin_A_314,3
imgt:Construct_Ricinus_communis_ricin_A_320,3
imgt:Construct_Staphylococcus_aureus_enterotoxin_A_287,3
imgt:Construct_Staphylococcus_aureus_enterotoxin_E_SEA/E120_superantigen_65,3
imgt:Construct_Technetium-99m_Tc-99m_113,3
imgt:Construct_Technetium-99m_Tc-99m_133,3
imgt:Construct_Technetium-99m_Tc-99m_141,3
imgt:Construct_Technetium-99m_Tc-99m_199,3
imgt:Construct_Technetium-99m_Tc-99m_286,3
imgt:Construct_Yttrium-90_Y-90_114,3
imgt:Construct_Yttrium-90_Y-90_122,3
imgt:Construct_Yttrium-90_Y-90_229,3
imgt:Construct_Yttrium-90_Y-90_255,3
imgt:Construct_Yttrium-90_Y-90_269,3
imgt:Construct_Yttrium-90_Y-90_40,3
imgt:Construct_[Homo_sapiens_IL2_noncovalent_dimer]-dimer_796,3
imgt:Construct_[Homo_sapiens_TNF-trimer]-trimer_797,3
imgt:Construct_[Homo_sapiens_TNF_]-trimer_818,3
imgt:Construct_actinium-225_936,3
imgt:Construct_aldifitox_diphteriatoxin_732,3
imgt:Construct_analogue_of_motolimod_1278,3
imgt:Construct_auristatin_W_derivative_656,3
imgt:Construct_blocked_ricin_208,3
imgt:Construct_blocked_ricin_211,3
imgt:Construct_calicheamicin_205,3
imgt:Construct_calicheamicin_98,3
imgt:Construct_chelator_cituxetan_269,3
imgt:Construct_chelator_corixetan_1139,3
imgt:Construct_chelator_corixetan_1285,3
imgt:Construct_chelator_corixetan_938,3
imgt:Construct_chelator_derivative_barzuxetan_867,3
imgt:Construct_chelator_matraxetan_1115,3
imgt:Construct_chelator_merpentan_133,3
imgt:Construct_chelator_pendetide_115,3
imgt:Construct_chelator_pendetide_138,3
imgt:Construct_chelator_pentetate_123,3
imgt:Construct_chelator_pentetate_312,3
imgt:Construct_chelator_satetraxetan_541,3
imgt:Construct_chelator_satetraxetan_936,3
imgt:Construct_chelator_tetraxetan_1029,3
imgt:Construct_chelator_tetraxetan_1571,3
imgt:Construct_chelator_tetraxetan_229,3
imgt:Construct_chelator_tetraxetan_255,3
imgt:Construct_chelator_tetraxetan_40,3
imgt:Construct_chelator_tetraxetan_560,3
imgt:Construct_chelator_tiuxetan_122,3
imgt:Construct_clezutoclax_959,3
imgt:Construct_debotansine_1259,3
imgt:Construct_dithiocarbamates_209,3
imgt:Construct_dolastatin_derivative_1134,3
imgt:Construct_doxorubicin_135,3
imgt:Construct_doxorubicin_344,3
imgt:Construct_duocarmycin_514,3
imgt:Construct_imbotolimod_a_derivative_of_telratolimod_1369,3
imgt:Construct_interleukin_12_257,3
imgt:Construct_microtubule-disrupting_agent_opadotin_1340,3
imgt:Construct_monomethyl_auristatin_E_1166,3
imgt:Construct_non-cleavable_dibenzocyclooctyne-maytansinoid_linker-warhead_880,3
imgt:Construct_pegol_1299,3
imgt:Construct_pegol_233,3
imgt:Construct_pegol_627,3
imgt:Construct_pegol_634,3
imgt:Construct_pegol_871,3
imgt:Construct_sarotalocan_IRDye_700DX_near-infrared_photosensitizing_dye_907,3
imgt:CytomX_Therapeutics_Inc,3
imgt:D-J-C-transcript,3
imgt:D-transcript,3
imgt:Decision_ADC_Therapeutics_Lymphoma_diffuse_large_B_cell_(DLBCL)_749_1_FDA,3
imgt:Decision_ADC_Therapeutics_Lymphoma_diffuse_large_B_cell_(DLBCL)_749_2_FDA,3
imgt:Decision_ADC_Therapeutics_Lymphoma_mantle_cell_(MCL)_749_1_FDA,3
imgt:Decision_APEIRON_Biologics_AG_Neuroblastoma_568_1_EMA,3
imgt:Decision_APEIRON_Biologics_AG_Neuroblastoma_pediatric_568_1_EMA,3
imgt:Decision_AbbVie_Inc_Glioblastoma_multiforme_(GBM)_645_1_FDA,3
imgt:Decision_AbbVie_Inc_Multiple_myeloma_(MM)_291_1_FDA,3
imgt:Decision_Acceleron_Pharma_Inc_Pulmonary_arterial_hypertension_(PAH)_331_1_FDA,3
imgt:Decision_Acceleron_Pharma_Inc_Pulmonary_arterial_hypertension_(PAH)_331_2_FDA,3
imgt:Decision_Actinium_Pharmaceuticals_Inc_Acute_myeloid_leukemia_(AML)_53_1_FDA,3
imgt:Decision_Actinium_Pharmaceuticals_Inc_Acute_myeloid_leukemia_(AML)_633_1_FDA,3
imgt:Decision_Agensys_Carcinoma_bladder_cancer_advanced_or_metastatic_urothelial_cancers_476_1_FDA,3
imgt:Decision_Altor_BioScience_Cancers_bladder_926_1_FDA,3
imgt:Decision_Altor_BioScience_Cancers_bladder_983_1_FDA,3
imgt:Decision_Amgen_B_cell_acute_lymphoblastic_leukemia_(B_cell_ALL)_101_1_FDA,3
imgt:Decision_Amgen_Cancers_colorectal_(CRC)_metastatic_196_1_FDA,3
imgt:Decision_Amgen_Cancers_small_cell_lung_(SCLC)_1073_1_FDA,3
imgt:Decision_Amgen_Ewing_sarcoma_168_1_FDA,3
imgt:Decision_Amgen_GE_Junction_Cancer_1200_1_FDA,3
imgt:Decision_Amgen_Hepatitis_C_623_1_FDA,3
imgt:Decision_Amgen_Hypercalcemia_of_malignancy_refractory_to_bisphosphonate_therapy_249_1_FDA,3
imgt:Decision_Amgen_Lymphoma_B_cell_101_1_FDA,3
imgt:Decision_Amgen_Lymphoma_diffuse_large_B_cell_(DLBCL)_101_1_FDA,3
imgt:Decision_Amgen_Multiple_myeloma_(MM)_1057_1_FDA,3
imgt:Decision_Amgen_Osteoporosis_postmenopausal_women_249_1_FDA,3
imgt:Decision_Amgen_skeletal-related_events_in_patients_with_bone_metastases_from_solid_tumors_249_1_FDA,3
imgt:Decision_Amphivena_Therapeutics_Acute_myeloid_leukemia_(AML)_1152_1_FDA,3
imgt:Decision_Apogenix_GmbH_Glioblastoma_multiforme_(GBM)_530_1_FDA,3
imgt:Decision_Apogenix_GmbH_Graft-versus-host_disease_(GvHD)_acute_530_1_EMA,3
imgt:Decision_Apogenix_GmbH_Myelodysplastic_syndromes_(MDS)_530_1_EC,3
imgt:Decision_Astellas_Pharma_US_Inc_Carcinoma_bladder_cancer_advanced_or_metastatic_urothelial_cancers_476_1_FDA,3
imgt:Decision_AstraZeneca_Acute_lymphocytic_leukemia_(ALL)_198_1_FDA,3
imgt:Decision_AstraZeneca_Cancers_biliary_tract_528_1_FDA,3
imgt:Decision_AstraZeneca_Cancers_breast_overexpressing_ERBB2_metastatic_722_1_FDA,3
imgt:Decision_AstraZeneca_Cancers_non-small_cell_lung_(NSCLC)_248_1_FDA,3
imgt:Decision_AstraZeneca_Cancers_non-small_cell_lung_(NSCLC)_528_1_FDA,3
imgt:Decision_AstraZeneca_Cancers_non-small_cell_lung_(NSCLC)_722_1_FDA,3
imgt:Decision_AstraZeneca_Cancers_small_cell_lung_(SCLC)_528_1_FDA,3
imgt:Decision_AstraZeneca_Cancers_small_cell_lung_(SCLC)_528_2_FDA,3
imgt:Decision_AstraZeneca_Cancers_urothelial_(UC)_528_1_FDA,3
imgt:Decision_AstraZeneca_Hairy_cell_leukemia_(HCL)_198_1_FDA,3
imgt:Decision_AstraZeneca_Hepatocellular_carcinoma_(HCC)_248_1_FDA,3
imgt:Decision_AstraZeneca_Hepatocellular_carcinoma_(HCC)_528_1_FDA,3
imgt:Decision_AstraZeneca_Lymphoma_B_cell_101_1_FDA,3
imgt:Decision_AstraZeneca_Melanoma_248_1_FDA,3
imgt:Decision_AstraZeneca_Mesothelioma_malignant_248_1_FDA,3
imgt:Decision_Atara_Biotherapeutics_Inc_Cancers_ovarian_582_1_FDA,3
imgt:Decision_Bayer_HealthCare_Pharmaceuticals_Age-related_macular_degeneration_(AMD)_neovascular_(wet)_214_1_FDA,3
imgt:Decision_Bayer_HealthCare_Pharmaceuticals_Diabetic_macular_edema_214_1_FDA,3
imgt:Decision_BeiGene_Esophageal_Squamous_Cell_Carcinoma_(ESCC)_metastatic_757_1_FDA,3
imgt:Decision_Berlex_Inc_Chronic_lymphocytic_leukemia_(CLL)_11_1_FDA,3
imgt:Decision_Berlex_Inc_Multiple_sclerosis_(MS)_11_1_EMA,3
imgt:Decision_BioAtla_LLC_Soft-tissue_sarcoma_(STS)_883_1_FDA,3
imgt:Decision_BioInvent_Multiple_myeloma_(MM)_800_1_FDA,3
imgt:Decision_Biogen_Inc_Chronic_focal_encephalitis_(CFE)_161_1_FDA,3
imgt:Decision_Biogen_Inc_Chronic_lymphocytic_leukemia_(CLL)_161_1_FDA,3
imgt:Decision_Biogen_Inc_Chronic_lymphocytic_leukemia_(CLL)_238_1_FDA,3
imgt:Decision_Biogen_Inc_Lymphoma_diffuse_large_B_cell_(DLBCL)_161_1_FDA,3
imgt:Decision_Biogen_Inc_Lymphoma_diffuse_large_B_cell_(DLBCL)_238_1_EMA,3
imgt:Decision_Biogen_Inc_Lymphoma_follicular_(FL)_238_1_FDA,3
imgt:Decision_Biogen_Inc_Lymphoma_splenic_marginal_zone_(SMZL)_238_1_FDA,3
imgt:Decision_Biogen_Inc_Non-Hodgkins_lymphoma_(NHL)_122_1_FDA,3
imgt:Decision_Biogen_Inc_Non-Hodgkins_lymphoma_(NHL)_follicular_CD20_positive_relapsed_or_refractory_low_grade_161_1_FDA,3
imgt:Decision_Biogen_Inc_Pemphigus_vulgaris_(PV)_161_1_FDA,3
imgt:Decision_Biogen_Inc_Rheumatoid_arthritis_(RA)_161_1_FDA,3
imgt:Decision_Biogen_Inc_Solid_organ_transplantation_161_1_EMA,3
imgt:Decision_Biogen_Inc_Wegeners_Granulomatosis_(WG)_and_Microscopic_Polygamiitis_(MPA)_in_combination_with_glucocorticoides_161_1_FDA,3
imgt:Decision_Boehringer_Ingelheim_Pharmaceuticals_Cancers_small_cell_lung_(SCLC)_133_1_FDA,3
imgt:Decision_Boehringer_Ingelheim_Pharmaceuticals_Myelodysplastic_syndromes_(MDS)_743_1_FDA,3
imgt:Decision_Bristol-Myers_Squibb_Acute_myeloid_leukemia_(AML)_483_1_EMA,3
imgt:Decision_Bristol-Myers_Squibb_BRAF_wild-type_melanoma_metastatic_or_unresectable_424_1_FDA,3
imgt:Decision_Bristol-Myers_Squibb_Cancers_anal_424_1_FDA,3
imgt:Decision_Bristol-Myers_Squibb_Cancers_colorectal_(CRC)_metastatic_151_1_FDA,3
imgt:Decision_Bristol-Myers_Squibb_Cancers_gastric_424_1_FDA,3
imgt:Decision_Bristol-Myers_Squibb_Cancers_non-small_cell_lung_(NSCLC)_180_1_FDA,3
imgt:Decision_Bristol-Myers_Squibb_Cancers_non-small_cell_lung_(NSCLC)_metastatic_424_1_FDA,3
imgt:Decision_Bristol-Myers_Squibb_Cancers_small_cell_lung_(SCLC)_180_1_FDA,3
imgt:Decision_Bristol-Myers_Squibb_Cancers_small_cell_lung_(SCLC)_metastatic_424_1_FDA,3
imgt:Decision_Bristol-Myers_Squibb_Carcinoma_head_and_neck_squamous_cell_(HNSCC)_recurrent_or_metastatic_424_1_FDA,3
imgt:Decision_Bristol-Myers_Squibb_Carcinoma_head_and_neck_squamous_cell_carcinoma_(HNSCC)_151_1_FDA,3
imgt:Decision_Bristol-Myers_Squibb_GE_Junction_Cancer_424_1_FDA,3
imgt:Decision_Bristol-Myers_Squibb_Hodgkin_lymphoma_424_1_FDA,3
imgt:Decision_Bristol-Myers_Squibb_Lymphoma_primary_mediastinal_B_cell_(PMBL)_424_1_FDA,3
imgt:Decision_Bristol-Myers_Squibb_Melanoma_424_1_FDA,3
imgt:Decision_Bristol-Myers_Squibb_Melanoma_424_2_Japan_(MHLW),3
imgt:Decision_Bristol-Myers_Squibb_Melanoma_metastatic_180_1_FDA,3
imgt:Decision_Bristol-Myers_Squibb_Melanoma_metastatic_or_unresectable_424_1_FDA,3
imgt:Decision_Bristol-Myers_Squibb_Melanoma_metastatic_or_unresectable_424_2_FDA,3
imgt:Decision_Bristol-Myers_Squibb_Melanoma_metastatic_or_unresectable_781_1_FDA,3
imgt:Decision_Bristol-Myers_Squibb_Mesothelioma_781_1_FDA,3
imgt:Decision_Bristol-Myers_Squibb_Mesothelioma_pleural_malignant_180_1_FDA,3
imgt:Decision_Bristol-Myers_Squibb_Mesothelioma_pleural_malignant_424_1_FDA,3
imgt:Decision_Bristol-Myers_Squibb_Mesothelioma_pleural_malignant_424_2_FDA,3
imgt:Decision_Bristol-Myers_Squibb_Multiple_myeloma_(MM)_291_1_FDA,3
imgt:Decision_Bristol-Myers_Squibb_Multiple_myeloma_(MM)_873_1_EMA,3
imgt:Decision_Bristol-Myers_Squibb_Multiple_myeloma_(MM)_873_2_FDA,3
imgt:Decision_Bristol-Myers_Squibb_Multiple_myeloma_(MM)_873_3_FDA,3
imgt:Decision_Bristol-Myers_Squibb_Renal_cell_carcinoma_(RCC)_180_1_FDA,3
imgt:Decision_Bristol-Myers_Squibb_Renal_cell_carcinoma_(RCC)_424_1_FDA,3
imgt:Decision_CIS_Bio_international_Cancers_ovarian_123_1_EC,3
imgt:Decision_CIS_Bio_international_Cancers_ovarian_123_2_FDA,3
imgt:Decision_CSL_Behring_Acute_myeloid_leukemia_(AML)_754_1_FDA,3
imgt:Decision_CStone_Pharmaceuticals_Hepatocellular_carcinoma_(HCC)_1211_1_FDA,3
imgt:Decision_Celgene_corporation_Chronic_lymphocytic_leukemia_(CLL)_874_1_FDA,3
imgt:Decision_Celgene_corporation_Lymphoma_diffuse_large_B_cell_(DLBCL)_874_1_FDA,3
imgt:Decision_Celgene_corporation_Lymphoma_follicular_(FL)_874_1_FDA,3
imgt:Decision_Celgene_corporation_Lymphoma_mantle_cell_(MCL)_874_1_FDA,3
imgt:Decision_Celgene_corporation_Multiple_myeloma_(MM)_873_1_EMA,3
imgt:Decision_Celgene_corporation_Multiple_myeloma_(MM)_873_2_FDA,3
imgt:Decision_Celgene_corporation_Multiple_myeloma_(MM)_873_3_FDA,3
imgt:Decision_Celgene_corporation_Pulmonary_arterial_hypertension_(PAH)_331_1_FDA,3
imgt:Decision_Celgene_corporation_Pulmonary_arterial_hypertension_(PAH)_331_2_FDA,3
imgt:Decision_Celgene_corporation_Small_lymphocytic_lymphoma_(SLL)_874_1_FDA,3
imgt:Decision_Centocor_Inc_Multicentric_Castlemans_disease_(MCD)_297_1_EC,3
imgt:Decision_Centocor_Inc_Multicentric_Castlemans_disease_(MCD)_297_2_FDA,3
imgt:Decision_Chiron_Corporation_Acute_myeloid_leukemia_(AML)_671_1_FDA,3
imgt:Decision_Chiron_Corporation_Immunodeficiency_disease_associated_with_T-cell_defects_671_1_FDA,3
imgt:Decision_Chiron_Corporation_Melanoma_metastatic_671_1_FDA,3
imgt:Decision_Chiron_Corporation_Non-Hodgkins_lymphoma_(NHL)_671_1_FDA,3
imgt:Decision_Chiron_Corporation_Renal_cell_carcinoma_(RCC)_671_1_FDA,3
imgt:Decision_Chugai_Pharmaceutical_Co_Ltd_Cytokine_Release_Syndrome_(CRS)_96_1_FDA,3
imgt:Decision_Chugai_Pharmaceutical_Co_Ltd_Giant_cell_arteritis_96_1_FDA,3
imgt:Decision_Chugai_Pharmaceutical_Co_Ltd_Lymphoproliferative_disorder_giant_lymph_node_hyperplasia_(Castlemans_disease)_96_1_Japan_(MHLW),3
imgt:Decision_Chugai_Pharmaceutical_Co_Ltd_Polyarticular_Juvenile_Idiopathic_Arthritis_(PJIA)_96_1_FDA,3
imgt:Decision_Chugai_Pharmaceutical_Co_Ltd_Rheumatoid_arthritis_(RA)_96_1_FDA,3
imgt:Decision_Chugai_Pharmaceutical_Co_Ltd_Rheumatoid_arthritis_(RA)_96_2_Japan_(MHLW),3
imgt:Decision_Chugai_Pharmaceutical_Co_Ltd_Severe_acute_respiratory_syndrome_coronavirus_2_(SARS-CoV-2)_infection_(COVID-19)_96_1_FDA,3
imgt:Decision_Chugai_Pharmaceutical_Co_Ltd_Severe_acute_respiratory_syndrome_coronavirus_2_(SARS-CoV-2)_infection_(COVID-19)_96_2_EMA,3
imgt:Decision_Chugai_Pharmaceutical_Co_Ltd_Systemic_juvenile_idiopathic_athritis_(SJIA)_96_1_FDA,3
imgt:Decision_Chugai_Pharmaceutical_Co_Ltd_Systemic_sclerosis_96_1_FDA,3
imgt:Decision_Corixa_Corp_Non-Hodgkins_lymphoma_(NHL)_142_1_FDA,3
imgt:Decision_Corixa_Corp_Non-Hodgkins_lymphoma_(NHL)_142_2_FDA,3
imgt:Decision_CureTech_Chronic_lymphocytic_leukemia_(CLL)_161_1_FDA,3
imgt:Decision_Cytogen_Corp_Cancers_colorectal_(CRC)_138_1_FDA,3
imgt:Decision_Cytogen_Corp_Cancers_ovarian_138_1_FDA,3
imgt:Decision_Daiichi_Sankyo_Inc_Adenocarcinoma_gastric_722_1_FDA,3
imgt:Decision_Daiichi_Sankyo_Inc_Cancers_breast_overexpressing_ERBB2_metastatic_722_1_FDA,3
imgt:Decision_Daiichi_Sankyo_Inc_Cancers_gastric_overexpressing_ERBB2_metastatic_722_1_FDA,3
imgt:Decision_Daiichi_Sankyo_Inc_Cancers_non-small_cell_lung_(NSCLC)_722_1_FDA,3
imgt:Decision_Daiichi_Sankyo_Inc_Solid_tumors_overexpressing_ERBB2_metastatic_722_1_FDA,3
imgt:Decision_Debiopharm_Internaltional_SA_Lymphoma_diffuse_large_B_cell_(DLBCL)_602_1_FDA,3
imgt:Decision_DuPont_Merck_Pharmaceutical_Cancers_small_cell_lung_(SCLC)_133_1_FDA,3
imgt:Decision_EUSA_Pharma_Cancers_prostate_115_1_FDA,3
imgt:Decision_EUSA_Pharma_Neuroblastoma_568_1_EMA,3
imgt:Decision_EUSA_Pharma_Neuroblastoma_pediatric_568_1_EMA,3
imgt:Decision_Eisai_Co_Ltd_Lymphoma_cutaneous_T_cell_(CTCL)_704_1_FDA,3
imgt:Decision_Eisai_Co_Ltd_Lymphoproliferative_disease_704_1_FDA,3
imgt:Decision_Eli_Lilly_Cancers_colorectal_(CRC)_metastatic_151_1_FDA,3
imgt:Decision_Eli_Lilly_Cancers_colorectal_(CRC)_metastatic_295_1_FDA,3
imgt:Decision_Eli_Lilly_Cancers_gastric_295_1_FDA,3
imgt:Decision_Eli_Lilly_Cancers_non-small_cell_lung_(NSCLC)_294_1_FDA,3
imgt:Decision_Eli_Lilly_Cancers_non-small_cell_lung_(NSCLC)_295_1_FDA,3
imgt:Decision_Eli_Lilly_Carcinoma_head_and_neck_squamous_cell_carcinoma_(HNSCC)_151_1_FDA,3
imgt:Decision_Eli_Lilly_Hepatocellular_carcinoma_(HCC)_295_1_FDA,3
imgt:Decision_Eli_Lilly_Soft-tissue_sarcoma_(STS)_352_1_FDA,3
imgt:Decision_FibroGen_Inc_Cancers_pancreatic_554_1_FDA,3
imgt:Decision_FibroGen_Inc_Duchenne_muscular_dystrophy_(DMD)_554_1_FDA,3
imgt:Decision_Five_Prime_Therapeutics_Inc_GE_Junction_Cancer_770_1_FDA,3
imgt:Decision_Fresenius_Biotech_GmbH_Cancers_gastric_218_1_EC,3
imgt:Decision_Fresenius_Biotech_GmbH_Malignant_ascites_218_1_EC,3
imgt:Decision_Fresenius_Biotech_GmbH_Malignant_ascites_218_2_EMA,3
imgt:Decision_GamaMabs_Cancers_ovarian_835_1_FDA,3
imgt:Decision_Ganymed_Pharmaceuticals_AG_Cancers_gastric_753_1_EMA,3
imgt:Decision_Ganymed_Pharmaceuticals_AG_Cancers_pancreatic_753_1_FDA,3
imgt:Decision_Genentech_Inc_Cancers_breast_80_1_FDA,3
imgt:Decision_Genentech_Inc_Cancers_breast_80_2_FDA,3
imgt:Decision_Genentech_Inc_Cancers_breast_ERB2_negative_metastatic_24_1_FDA,3
imgt:Decision_Genentech_Inc_Cancers_breast_overexpressing_ERBB2_97_1_FDA,3
imgt:Decision_Genentech_Inc_Cancers_breast_overexpressing_ERBB2_metastatic_357_1_FDA,3
imgt:Decision_Genentech_Inc_Cancers_breast_overexpressing_ERBB2_metastatic_97_1_FDA,3
imgt:Decision_Genentech_Inc_Cancers_breast_triple_negative_(TNBC)_526_1_FDA,3
imgt:Decision_Genentech_Inc_Cancers_colorectal_(CRC)_metastatic_24_1_FDA,3
imgt:Decision_Genentech_Inc_Cancers_gastric_795_1_FDA,3
imgt:Decision_Genentech_Inc_Cancers_gastric_97_1_FDA,3
imgt:Decision_Genentech_Inc_Cancers_non-small_cell_lung_(NSCLC)_526_1_FDA,3
imgt:Decision_Genentech_Inc_Cancers_non-small_cell_lung_(NSCLC)_metastatic_24_1_FDA,3
imgt:Decision_Genentech_Inc_Cancers_pancreatic_795_1_FDA,3
imgt:Decision_Genentech_Inc_Cancers_small_cell_lung_(SCLC)_526_1_FDA,3
imgt:Decision_Genentech_Inc_Cancers_small_cell_lung_(SCLC)_526_2_FDA,3
imgt:Decision_Genentech_Inc_Carcinoma_bladder_cancer_advanced_or_metastatic_urothelial_cancers_526_1_FDA,3
imgt:Decision_Genentech_Inc_Carcinoma_cervical_late-stage_or_metastatic_24_1_FDA,3
imgt:Decision_Genentech_Inc_Carcinoma_urothelial_526_1_FDA,3
imgt:Decision_Genentech_Inc_Chronic_focal_encephalitis_(CFE)_161_1_FDA,3
imgt:Decision_Genentech_Inc_Chronic_lymphocytic_leukemia_(CLL)_238_1_FDA,3
imgt:Decision_Genentech_Inc_Cytokine_Release_Syndrome_(CRS)_96_1_FDA,3
imgt:Decision_Genentech_Inc_Giant_cell_arteritis_96_1_FDA,3
imgt:Decision_Genentech_Inc_Glioblastoma_24_1_FDA,3
imgt:Decision_Genentech_Inc_Hepatocellular_carcinoma_(HCC)_526_1_FDA,3
imgt:Decision_Genentech_Inc_Hepatocellular_carcinoma_(HCC)_526_2_FDA,3
imgt:Decision_Genentech_Inc_Lymphoma_diffuse_large_B_cell_(DLBCL)_161_1_FDA,3
imgt:Decision_Genentech_Inc_Lymphoma_diffuse_large_B_cell_(DLBCL)_238_1_EMA,3
imgt:Decision_Genentech_Inc_Lymphoma_diffuse_large_B_cell_(DLBCL)_458_1_FDA,3
imgt:Decision_Genentech_Inc_Lymphoma_diffuse_large_B_cell_(DLBCL)_458_2_FDA,3
imgt:Decision_Genentech_Inc_Lymphoma_follicular_(FL)_238_1_FDA,3
imgt:Decision_Genentech_Inc_Lymphoma_follicular_(FL)_760_1_FDA,3
imgt:Decision_Genentech_Inc_Lymphoma_follicular_(FL)_760_2_FDA,3
imgt:Decision_Genentech_Inc_Lymphoma_splenic_marginal_zone_(SMZL)_238_1_FDA,3
imgt:Decision_Genentech_Inc_Lymphoproliferative_disorder_giant_lymph_node_hyperplasia_(Castlemans_disease)_96_1_Japan_(MHLW),3
imgt:Decision_Genentech_Inc_Melanoma_526_1_FDA,3
imgt:Decision_Genentech_Inc_Melanoma_526_2_FDA,3
imgt:Decision_Genentech_Inc_Mesothelioma_24_1_FDA,3
imgt:Decision_Genentech_Inc_Non-Hodgkins_lymphoma_(NHL)_follicular_CD20_positive_relapsed_or_refractory_low_grade_161_1_FDA,3
imgt:Decision_Genentech_Inc_Pemphigus_vulgaris_(PV)_161_1_FDA,3
imgt:Decision_Genentech_Inc_Polyarticular_Juvenile_Idiopathic_Arthritis_(PJIA)_96_1_FDA,3
imgt:Decision_Genentech_Inc_Renal_cell_carcinoma_(RCC)_24_1_FDA,3
imgt:Decision_Genentech_Inc_Rheumatoid_arthritis_(RA)_161_1_FDA,3
imgt:Decision_Genentech_Inc_Rheumatoid_arthritis_(RA)_96_1_FDA,3
imgt:Decision_Genentech_Inc_Rheumatoid_arthritis_(RA)_96_2_Japan_(MHLW),3
imgt:Decision_Genentech_Inc_Severe_acute_respiratory_syndrome_coronavirus_2_(SARS-CoV-2)_infection_(COVID-19)_96_1_FDA,3
imgt:Decision_Genentech_Inc_Severe_acute_respiratory_syndrome_coronavirus_2_(SARS-CoV-2)_infection_(COVID-19)_96_2_EMA,3
imgt:Decision_Genentech_Inc_Solid_organ_transplantation_161_1_EMA,3
imgt:Decision_Genentech_Inc_Systemic_juvenile_idiopathic_athritis_(SJIA)_96_1_FDA,3
imgt:Decision_Genentech_Inc_Systemic_sclerosis_96_1_FDA,3
imgt:Decision_Genentech_Inc_Telangiectasia_hereditary_haemorrhagic_(HHT)_24_1_EMA,3
imgt:Decision_Genentech_Inc_Wegeners_Granulomatosis_(WG)_and_Microscopic_Polygamiitis_(MPA)_in_combination_with_glucocorticoides_161_1_FDA,3
imgt:Decision_Genmab_A/S_AL_amyloidosis_301_1_FDA,3
imgt:Decision_Genmab_A/S_AL_amyloidosis_301_2_FDA,3
imgt:Decision_Genmab_A/S_Cancers_cervical_571_1_FDA,3
imgt:Decision_Genmab_A/S_Chronic_lymphocytic_leukemia_(CLL)_194_1_FDA,3
imgt:Decision_Genmab_A/S_Lymphoma_diffuse_large_B_cell_(DLBCL)_949_1_FDA,3
imgt:Decision_Genmab_A/S_Multiple_myeloma_(MM)_301_1_FDA,3
imgt:Decision_Genmab_A/S_Multiple_sclerosis_(MS)_194_1_FDA,3
imgt:Decision_Genmab_A/S_Myeloma_multiple_(MM)_recurrent_or_refractory_301_1_FDA,3
imgt:Decision_Genzyme_Corp_Chronic_lymphocytic_leukemia_(CLL)_11_1_FDA,3
imgt:Decision_Genzyme_Corp_Multiple_sclerosis_(MS)_11_1_EMA,3
imgt:Decision_Gilead_B_cell_acute_lymphoblastic_leukemia_(B_cell_ALL)_1233_1_FDA,3
imgt:Decision_Gilead_Lymphoma_diffuse_large_B_cell_(DLBCL)_827_1_FDA,3
imgt:Decision_Gilead_Lymphoma_follicular_(FL)_827_1_FDA,3
imgt:Decision_Gilead_Lymphoma_mantle_cell_(MCL)_1233_1_FDA,3
imgt:Decision_Gilead_Multiple_myeloma_(MM)_873_1_EMA,3
imgt:Decision_Gilead_Multiple_myeloma_(MM)_873_2_FDA,3
imgt:Decision_Gilead_Multiple_myeloma_(MM)_873_3_FDA,3
imgt:Decision_GlaxoSmithKline_Cancers_endometrial_(EC)_849_1_FDA,3
imgt:Decision_GlaxoSmithKline_Chronic_lymphocytic_leukemia_(CLL)_194_1_FDA,3
imgt:Decision_GlaxoSmithKline_Multiple_myeloma_(MM)_784_1_EMA,3
imgt:Decision_GlaxoSmithKline_Multiple_myeloma_(MM)_784_2_FDA,3
imgt:Decision_GlaxoSmithKline_Multiple_myeloma_(MM)_784_3_EC,3
imgt:Decision_GlaxoSmithKline_Multiple_sclerosis_(MS)_194_1_FDA,3
imgt:Decision_GlaxoSmithKline_Non-Hodgkins_lymphoma_(NHL)_142_1_FDA,3
imgt:Decision_GlaxoSmithKline_Non-Hodgkins_lymphoma_(NHL)_142_2_FDA,3
imgt:Decision_GlaxoSmithKline_Solid_tumors_849_1_FDA,3
imgt:Decision_Horizon_Therapeutics_plc_Neuromyelitis_optica_(NMO)_553_1_FDA,3
imgt:Decision_Horizon_Therapeutics_plc_Neuromyelitis_optica_spectrum_disorder_(NMOSD)_553_1_FDA,3
imgt:Decision_ImClone_Systems_Inc_Cancers_colorectal_(CRC)_metastatic_151_1_FDA,3
imgt:Decision_ImClone_Systems_Inc_Cancers_colorectal_(CRC)_metastatic_295_1_FDA,3
imgt:Decision_ImClone_Systems_Inc_Cancers_gastric_295_1_FDA,3
imgt:Decision_ImClone_Systems_Inc_Cancers_non-small_cell_lung_(NSCLC)_294_1_FDA,3
imgt:Decision_ImClone_Systems_Inc_Cancers_non-small_cell_lung_(NSCLC)_295_1_FDA,3
imgt:Decision_ImClone_Systems_Inc_Carcinoma_head_and_neck_squamous_cell_carcinoma_(HNSCC)_151_1_FDA,3
imgt:Decision_ImClone_Systems_Inc_Hepatocellular_carcinoma_(HCC)_295_1_FDA,3
imgt:Decision_ImClone_Systems_Inc_Soft-tissue_sarcoma_(STS)_352_1_FDA,3
imgt:Decision_ImmunoGen_Inc_Acute_myeloid_leukemia_(AML)_839_1_FDA,3
imgt:Decision_ImmunoGen_Inc_Acute_myeloid_leukemia_(AML)_879_1_FDA,3
imgt:Decision_ImmunoGen_Inc_Blastic_plasmacytoid_dendritic_cell_neoplasm_(BPDCN)_879_1_FDA,3
imgt:Decision_ImmunoGen_Inc_Cancers_breast_overexpressing_ERBB2_metastatic_357_1_FDA,3
imgt:Decision_ImmunoGen_Inc_Cancers_ovarian_575_1_FDA,3
imgt:Decision_ImmunoGen_Inc_Cancers_ovarian_575_2_EMA,3
imgt:Decision_ImmunoGen_Inc_Lymphoma_diffuse_large_B_cell_(DLBCL)_602_1_FDA,3
imgt:Decision_ImmunoGen_Inc_Multiple_myeloma_(MM)_539_1_FDA,3
imgt:Decision_ImmunoGen_Inc_Multiple_myeloma_(MM)_539_2_FDA,3
imgt:Decision_Immunocore_Ltd_Melanoma_uveal_798_1_EMA,3
imgt:Decision_Immunocore_Ltd_Melanoma_uveal_798_2_FDA,3
imgt:Decision_Immunomedics_Inc_Cancers_breast_triple_negative_(TNBC)_metastatic_559_1_FDA,3
imgt:Decision_Immunomedics_Inc_Cancers_colorectal_(CRC)_113_1_EC,3
imgt:Decision_Immunomedics_Inc_Cancers_colorectal_(CRC)_113_2_FDA,3
imgt:Decision_Immunomedics_Inc_Cancers_pancreatic_559_1_FDA,3
imgt:Decision_Immunomedics_Inc_Cancers_urothelial_(UC)_559_1_FDA,3
imgt:Decision_Incyte_Corporation_Merkel_cell_carcinoma_(MCC)_metastatic_968_1_FDA,3
imgt:Decision_Innate_Pharma_Lymphoma_cutaneous_T_cell_(CTCL)_519_1_EMA,3
imgt:Decision_Janssen-Cilag_International_NV_Multicentric_Castlemans_disease_(MCD)_297_1_EC,3
imgt:Decision_Janssen-Cilag_International_NV_Multicentric_Castlemans_disease_(MCD)_297_2_FDA,3
imgt:Decision_Janssen_Biotech_Inc_AL_amyloidosis_301_1_FDA,3
imgt:Decision_Janssen_Biotech_Inc_AL_amyloidosis_301_2_FDA,3
imgt:Decision_Janssen_Biotech_Inc_Multicentric_Castlemans_disease_(MCD)_297_1_EC,3
imgt:Decision_Janssen_Biotech_Inc_Multicentric_Castlemans_disease_(MCD)_297_2_FDA,3
imgt:Decision_Janssen_Biotech_Inc_Multiple_myeloma_(MM)_1042_1_FDA,3
imgt:Decision_Janssen_Biotech_Inc_Multiple_myeloma_(MM)_301_1_FDA,3
imgt:Decision_Janssen_Biotech_Inc_Myeloma_multiple_(MM)_recurrent_or_refractory_301_1_FDA,3
imgt:Decision_Janssen_Pharmaceuticals_inc_Acute_myeloid_leukemia_(AML)_754_1_FDA,3
imgt:Decision_Janssen_Research_&_Development_LLC_Cancers_non-small_cell_lung_(NSCLC)_937_1_FDA,3
imgt:Decision_Janssen_Research_&_Development_LLC_Multiple_myeloma_(MM)_894_1_FDA,3
imgt:Decision_Janssen_Research_&_Development_LLC_Multiple_myeloma_(MM)_894_2_EMA,3
imgt:Decision_Janssen_Research_&_Development_LLC_Relapsed_multiple_myeloma_973_1_FDA,3
imgt:Decision_Juno_Therapeutics_Chronic_lymphocytic_leukemia_(CLL)_874_1_FDA,3
imgt:Decision_Juno_Therapeutics_Lymphoma_diffuse_large_B_cell_(DLBCL)_874_1_FDA,3
imgt:Decision_Juno_Therapeutics_Lymphoma_follicular_(FL)_874_1_FDA,3
imgt:Decision_Juno_Therapeutics_Lymphoma_mantle_cell_(MCL)_874_1_FDA,3
imgt:Decision_Juno_Therapeutics_Small_lymphocytic_lymphoma_(SLL)_874_1_FDA,3
imgt:Decision_KS_Biomedix_Ltd_Cancers_colon_199_1_EC,3
imgt:Decision_KS_Biomedix_Ltd_Cancers_colon_199_2_EC,3
imgt:Decision_KS_Biomedix_Ltd_Cancers_rectal_199_1_EC,3
imgt:Decision_KS_Biomedix_Ltd_Cancers_rectal_199_2_EC,3
imgt:Decision_Klus_Pharma_Inc_Cancers_gastric_840_1_FDA,3
imgt:Decision_Kyowa_Hakko_Kirin_Adult_T_cell_leukemia/lymphoma_(ATL)_366_1_Japan_(MHLW),3
imgt:Decision_Kyowa_Hakko_Kirin_Lymphoma_cutaneous_T_cell_(CTCL)_366_1_EMA,3
imgt:Decision_Kyowa_Hakko_Kirin_Mycoisis_fungoides_(MF)_or_Sezary_syndrome_366_1_FDA,3
imgt:Decision_Kyowa_Hakko_Kirin_Mycosis_fungoides_(MF)_relapsed_or_refractory_366_1_FDA,3
imgt:Decision_Laboratoire_Français_du_fractionnement_et_des_Biotechnologies_(LFB)_Chronic_lymphocytic_leukemia_(CLL)_372_1_FDA,3
imgt:Decision_Laboratoire_Français_du_fractionnement_et_des_Biotechnologies_(LFB)_Lymphoma_diffuse_large_B_cell_(DLBCL)_372_1_FDA,3
imgt:Decision_Laboratoire_Français_du_fractionnement_et_des_Biotechnologies_(LFB)_Multiple_sclerosis_relapsing-remitting_372_1_FDA,3
imgt:Decision_Laboratoire_Français_du_fractionnement_et_des_Biotechnologies_(LFB)_Neuromyelitis_optica_(NMO)_372_1_FDA,3
imgt:Decision_Leap_Therapeutics_GE_Junction_Cancer_1187_1_FDA,3
imgt:Decision_Lonza_Biologics_Cancers_colorectal_(CRC)_138_1_FDA,3
imgt:Decision_Lonza_Biologics_Cancers_ovarian_138_1_FDA,3
imgt:Decision_MacroGenics_Inc_Acute_myeloid_leukemia_(AML)_679_1_FDA,3
imgt:Decision_MacroGenics_Inc_Cancers_breast_overexpressing_ERBB2_metastatic_473_1_FDA,3
imgt:Decision_MedImmune_Acute_lymphocytic_leukemia_(ALL)_198_1_FDA,3
imgt:Decision_MedImmune_Cancers_biliary_tract_528_1_FDA,3
imgt:Decision_MedImmune_Cancers_non-small_cell_lung_(NSCLC)_248_1_FDA,3
imgt:Decision_MedImmune_Cancers_non-small_cell_lung_(NSCLC)_528_1_FDA,3
imgt:Decision_MedImmune_Cancers_small_cell_lung_(SCLC)_528_1_FDA,3
imgt:Decision_MedImmune_Cancers_small_cell_lung_(SCLC)_528_2_FDA,3
imgt:Decision_MedImmune_Cancers_urothelial_(UC)_528_1_FDA,3
imgt:Decision_MedImmune_Hairy_cell_leukemia_(HCL)_198_1_FDA,3
imgt:Decision_MedImmune_Hepatocellular_carcinoma_(HCC)_248_1_FDA,3
imgt:Decision_MedImmune_Hepatocellular_carcinoma_(HCC)_528_1_FDA,3
imgt:Decision_MedImmune_Lymphoma_B_cell_101_1_FDA,3
imgt:Decision_MedImmune_Melanoma_248_1_FDA,3
imgt:Decision_MedImmune_Mesothelioma_malignant_248_1_FDA,3
imgt:Decision_Medarex_Cancers_non-small_cell_lung_(NSCLC)_180_1_FDA,3
imgt:Decision_Medarex_Cancers_small_cell_lung_(SCLC)_180_1_FDA,3
imgt:Decision_Medarex_Hodgkins_disease_(HD)_250_1_FDA,3
imgt:Decision_Medarex_Melanoma_metastatic_180_1_FDA,3
imgt:Decision_Medarex_Mesothelioma_pleural_malignant_180_1_FDA,3
imgt:Decision_Medarex_Renal_cell_carcinoma_(RCC)_180_1_FDA,3
imgt:Decision_Memorial_Sloan-Kettering_Cancer_Center_Neuroblastoma_890_1_FDA,3
imgt:Decision_Merck_&_Co_Inc_AIDS-related_Kaposis_sarcoma_626_1_FDA,3
imgt:Decision_Merck_&_Co_Inc_Cancers_breast_472_1_FDA,3
imgt:Decision_Merck_&_Co_Inc_Cancers_cervical_472_1_FDA,3
imgt:Decision_Merck_&_Co_Inc_Cancers_colorectal_(CRC)_472_1_FDA,3
imgt:Decision_Merck_&_Co_Inc_Cancers_colorectal_(CRC)_metastatic_151_1_FDA,3
imgt:Decision_Merck_&_Co_Inc_Cancers_gastric_472_1_FDA,3
imgt:Decision_Merck_&_Co_Inc_Cancers_head_and_neck_472_1_FDA,3
imgt:Decision_Merck_&_Co_Inc_Cancers_non-small_cell_lung_(NSCLC)_472_1_FDA,3
imgt:Decision_Merck_&_Co_Inc_Cancers_small_cell_lung_(SCLC)_472_1_FDA,3
imgt:Decision_Merck_&_Co_Inc_Carcinoma_esophageal_472_1_FDA,3
imgt:Decision_Merck_&_Co_Inc_Carcinoma_esophageal_472_2_FDA,3
imgt:Decision_Merck_&_Co_Inc_Carcinoma_head_and_neck_squamous_cell_carcinoma_(HNSCC)_151_1_FDA,3
imgt:Decision_Merck_&_Co_Inc_Carcinoma_nasopharyngeal_(NC)_472_1_FDA,3
imgt:Decision_Merck_&_Co_Inc_Condylomata_acuminata_(anogenital_warts)_626_1_FDA,3
imgt:Decision_Merck_&_Co_Inc_Hairy_cell_leukemia_(HCL)_626_1_FDA,3
imgt:Decision_Merck_&_Co_Inc_Hepatitis_B_626_1_FDA,3
imgt:Decision_Merck_&_Co_Inc_Hepatitis_C_626_1_FDA,3
imgt:Decision_Merck_&_Co_Inc_Hepatitis_C_627_1_FDA,3
imgt:Decision_Merck_&_Co_Inc_Hepatitis_C_627_2_EMA,3
imgt:Decision_Merck_&_Co_Inc_Hepatocellular_carcinoma_(HCC)_472_1_FDA,3
imgt:Decision_Merck_&_Co_Inc_Hepatocellular_carcinoma_(HCC)_472_2_FDA,3
imgt:Decision_Merck_&_Co_Inc_Hodgkin_lymphoma_472_1_FDA,3
imgt:Decision_Merck_&_Co_Inc_Lymphoma_follicular_(FL)_472_1_FDA,3
imgt:Decision_Merck_&_Co_Inc_Lymphoma_follicular_(FL)_626_1_FDA,3
imgt:Decision_Merck_&_Co_Inc_Lymphoma_primary_mediastinal_B_cell_(PMBL)_472_1_FDA,3
imgt:Decision_Merck_&_Co_Inc_Malignant_melanoma_626_1_FDA,3
imgt:Decision_Merck_&_Co_Inc_Melanoma_metastatic_472_1_FDA,3
imgt:Decision_Merck_&_Co_Inc_Melanoma_with_nodal_involvement_after_surgical_resection_627_1_FDA,3
imgt:Decision_Merck_&_Co_Inc_Merkel_cell_carcinoma_(MCC)_metastatic_472_1_FDA,3
imgt:Decision_Merck_&_Co_Inc_Merkel_cell_carcinoma_(MCC)_metastatic_472_2_FDA,3
imgt:Decision_Merck_&_Co_Inc_Multiple_myeloma_(MM)_472_1_FDA,3
imgt:Decision_Merck_&_Co_Inc_microsatellite_instability-high_cancer_(MSI-H)_472_1_FDA,3
imgt:Decision_Merck_Serono_International_SA_Cancers_gastric_512_1_EMA,3
imgt:Decision_Merck_Serono_International_SA_Carcinoma_urothelial_512_1_FDA,3
imgt:Decision_Merck_Serono_International_SA_Merkel_cell_carcinoma_(MCC)_metastatic_512_1_EMA,3
imgt:Decision_Merck_Serono_International_SA_Merkel_cell_carcinoma_(MCC)_metastatic_512_2_FDA,3
imgt:Decision_Merrimack_Pharmaceuticals_Cancers_non-small_cell_lung_(NSCLC)_455_1_FDA,3
imgt:Decision_Merrimack_Pharmaceuticals_Cancers_pancreatic_545_1_FDA,3
imgt:Decision_MicroSert_Ldt_Coats_disease_24_1_FDA,3
imgt:Decision_Millennium_Pharmaceuticals_Inc_Chronic_lymphocytic_leukemia_(CLL)_11_1_FDA,3
imgt:Decision_Millennium_Pharmaceuticals_Inc_Multiple_myeloma_(MM)_882_1_FDA,3
imgt:Decision_Millennium_Pharmaceuticals_Inc_Multiple_sclerosis_(MS)_11_1_EMA,3
imgt:Decision_Miltenyi_Biotec_Lymphoma_B_cell_1161_1_EMA,3
imgt:Decision_MorphoSys_Lymphoma_diffuse_large_B_cell_(DLBCL)_522_1_FDA,3
imgt:Decision_MorphoSys_Lymphoma_diffuse_large_B_cell_(DLBCL)_522_2_FDA,3
imgt:Decision_Morphotek_Inc_Cancers_ovarian_292_1_EC,3
imgt:Decision_Morphotek_Inc_Cancers_pancreatic_64_1_EC,3
imgt:Decision_Morphotek_Inc_Mesothelioma_pleural_malignant_64_1_FDA,3
imgt:Decision_Nanjing_Legend_Biotechnology_Co_Ltd_Multiple_myeloma_(MM)_1042_1_FDA,3
imgt:Decision_NantCell_Inc_Ewing_sarcoma_168_1_FDA,3
imgt:Decision_Nascent_Biotech_Inc_Cancers_pancreatic_270_1_FDA,3
imgt:Decision_NeoRx_Corp_Cancers_small_cell_lung_(SCLC)_133_1_FDA,3
imgt:Decision_Neogenix_Oncology_Inc_Cancers_pancreatic_349_1_FDA,3
imgt:Decision_Neovii_Biotech_GmbH_Cancers_gastric_218_1_EC,3
imgt:Decision_Neovii_Biotech_GmbH_Malignant_ascites_218_1_EC,3
imgt:Decision_Neovii_Biotech_GmbH_Malignant_ascites_218_2_EMA,3
imgt:Decision_Novartis_Pharmaceuticals_Corp_Acute_lymphocytic_leukemia_(ALL)_828_1_FDA,3
imgt:Decision_Novartis_Pharmaceuticals_Corp_Chronic_lymphocytic_leukemia_(CLL)_194_1_FDA,3
imgt:Decision_Novartis_Pharmaceuticals_Corp_Lymphoma_diffuse_large_B_cell_(DLBCL)_828_1_FDA,3
imgt:Decision_Novartis_Pharmaceuticals_Corp_Lymphoma_follicular_(FL)_828_1_FDA,3
imgt:Decision_Novartis_Pharmaceuticals_Corp_Melanoma_(stage_llb_and_IV)_761_1_FDA,3
imgt:Decision_Novartis_Pharmaceuticals_Corp_Multiple_sclerosis_(MS)_194_1_FDA,3
imgt:Decision_Novartis_Pharmaceuticals_Corp_Tenosynovial_giant_cell_tumor_(TGCT)_724_1_EMA,3
imgt:Decision_OBI_Pharma_USA_Inc_Cancers_gastric_1166_1_FDA,3
imgt:Decision_OBI_Pharma_USA_Inc_Cancers_pancreatic_1165_1_FDA,3
imgt:Decision_OBI_Pharma_USA_Inc_Cancers_pancreatic_1166_1_FDA,3
imgt:Decision_Omeros_Corporation_IgA_nephropathy_(IgAN)_780_1_FDA,3
imgt:Decision_Omeros_Corporation_high-risk_hematopoietic_stem_cell_transplant-associated_thrombotic_microangiopathy_(HSCT-TMA)_780_1_FDA,3
imgt:Decision_Omeros_Corporation_high-risk_hematopoietic_stem_cell_transplant-associated_thrombotic_microangiopathy_(HSCT-TMA)_780_2_EMA,3
imgt:Decision_Oncternal_Therapeutics_Lymphoma_mantle_cell_(MCL)_1154_1_FDA,3
imgt:Decision_Oncurious_NV_Medulloblastoma_680_1_EMA,3
imgt:Decision_Ono_Pharmaceutical_Co_Ltd_BRAF_wild-type_melanoma_metastatic_or_unresectable_424_1_FDA,3
imgt:Decision_Ono_Pharmaceutical_Co_Ltd_Cancers_anal_424_1_FDA,3
imgt:Decision_Ono_Pharmaceutical_Co_Ltd_Cancers_gastric_424_1_FDA,3
imgt:Decision_Ono_Pharmaceutical_Co_Ltd_Cancers_non-small_cell_lung_(NSCLC)_metastatic_424_1_FDA,3
imgt:Decision_Ono_Pharmaceutical_Co_Ltd_Carcinoma_head_and_neck_squamous_cell_(HNSCC)_recurrent_or_metastatic_424_1_FDA,3
imgt:Decision_Ono_Pharmaceutical_Co_Ltd_GE_Junction_Cancer_424_1_FDA,3
imgt:Decision_Ono_Pharmaceutical_Co_Ltd_Hodgkin_lymphoma_424_1_FDA,3
imgt:Decision_Ono_Pharmaceutical_Co_Ltd_Lymphoma_primary_mediastinal_B_cell_(PMBL)_424_1_FDA,3
imgt:Decision_Ono_Pharmaceutical_Co_Ltd_Melanoma_424_1_FDA,3
imgt:Decision_Ono_Pharmaceutical_Co_Ltd_Melanoma_424_2_Japan_(MHLW),3
imgt:Decision_Ono_Pharmaceutical_Co_Ltd_Mesothelioma_pleural_malignant_424_1_FDA,3
imgt:Decision_Ono_Pharmaceutical_Co_Ltd_Mesothelioma_pleural_malignant_424_2_FDA,3
imgt:Decision_Ono_Pharmaceutical_Co_Ltd_Renal_cell_carcinoma_(RCC)_424_1_FDA,3
imgt:Decision_Organon_Teknika_Corp_Cancers_colon_199_1_EC,3
imgt:Decision_Organon_Teknika_Corp_Cancers_colon_199_2_EC,3
imgt:Decision_Organon_Teknika_Corp_Cancers_rectal_199_1_EC,3
imgt:Decision_Organon_Teknika_Corp_Cancers_rectal_199_2_EC,3
imgt:Decision_Peregrine_Pharmaceuticals_Inc_Non-Hodgkins_lymphoma_(NHL)_159_1_FDA,3
imgt:Decision_Pfizer_Acute_myeloid_leukemia_(AML)_44_1_FDA,3
imgt:Decision_Pfizer_Acute_myeloid_leukemia_(AML)_44_2_FDA,3
imgt:Decision_Pfizer_Acute_myeloid_leukemia_(AML)_649_1_FDA,3
imgt:Decision_Pfizer_B_cell_acute_lymphoblastic_leukemia_(B_cell_ALL)_259_1_FDA,3
imgt:Decision_Pfizer_B_cell_acute_lymphoblastic_leukemia_(B_cell_ALL)_259_2_EMA,3
imgt:Decision_Pfizer_B_cell_acute_lymphoblastic_leukemia_(B_cell_ALL)_259_3_FDA,3
imgt:Decision_Pfizer_Cancers_gastric_512_1_EMA,3
imgt:Decision_Pfizer_Merkel_cell_carcinoma_(MCC)_metastatic_512_1_EMA,3
imgt:Decision_Pfizer_Merkel_cell_carcinoma_(MCC)_metastatic_512_2_FDA,3
imgt:Decision_Pfizer_Multiple_myeloma_(MM)_1202_1_FDA,3
imgt:Decision_Pfizer_Renal_Cell_Carcinoma_(RCC)_advanced_512_1_FDA,3
imgt:Decision_PharmAbcine_Inc_Glioblastoma_834_1_FDA,3
imgt:Decision_Precision_Biologics_Cancers_pancreatic_349_1_FDA,3
imgt:Decision_Prestige_Biopharma_Cancers_pancreatic_1176_1_FDA,3
imgt:Decision_Regeneron_Pharmaceuticals_Inc_Age-related_macular_degeneration_(AMD)_neovascular_(wet)_214_1_FDA,3
imgt:Decision_Regeneron_Pharmaceuticals_Inc_Cancers_colorectal_(CRC)_metastatic_214_1_FDA,3
imgt:Decision_Regeneron_Pharmaceuticals_Inc_Cancers_non-small_cell_lung_(NSCLC)_846_1_FDA,3
imgt:Decision_Regeneron_Pharmaceuticals_Inc_Carcinoma_basal_cell_(BCC)_846_1_FDA,3
imgt:Decision_Regeneron_Pharmaceuticals_Inc_Carcinoma_cutaneous_squamous_cell_846_1_FDA,3
imgt:Decision_Regeneron_Pharmaceuticals_Inc_Diabetic_macular_edema_214_1_FDA,3
imgt:Decision_Regeneron_Pharmaceuticals_Inc_Lymphoma_diffuse_large_B_cell_(DLBCL)_748_1_FDA,3
imgt:Decision_Regeneron_Pharmaceuticals_Inc_Lymphoma_follicular_(FL)_748_1_FDA,3
imgt:Decision_Regeneron_Pharmaceuticals_Inc_Macular_edema_following_Central_Retinal_Vein_Occlusion_(CRVO)_214_1_FDA,3
imgt:Decision_Regeneron_Pharmaceuticals_Inc_Macular_edema_following_Retinal_Vein_Occlusion_(RVO)_214_1_FDA,3
imgt:Decision_Regeneron_Pharmaceuticals_Inc_Myopic_choroidal_neovascularization_(myopic_CNV)_214_1_Japan_(MHLW),3
imgt:Decision_Regeneron_Pharmaceuticals_Inc_Retinopathy_of_Prematurity_(ROP)_214_1_FDA,3
imgt:Decision_Regeneron_Pharmaceuticals_Inc_Retinopathy_of_Prematurity_(ROP)_214_2_FDA,3
imgt:Decision_Rentschler_Biotechnologie_GmbH_Neuroblastoma_568_1_EMA,3
imgt:Decision_Rentschler_Biotechnologie_GmbH_Neuroblastoma_pediatric_568_1_EMA,3
imgt:Decision_Roche_F_Hoffmann-La_Roche_Ltd_Cancers_breast_80_1_FDA,3
imgt:Decision_Roche_F_Hoffmann-La_Roche_Ltd_Cancers_breast_80_2_FDA,3
imgt:Decision_Roche_F_Hoffmann-La_Roche_Ltd_Cancers_breast_ERB2_negative_metastatic_24_1_FDA,3
imgt:Decision_Roche_F_Hoffmann-La_Roche_Ltd_Cancers_breast_overexpressing_ERBB2_97_1_FDA,3
imgt:Decision_Roche_F_Hoffmann-La_Roche_Ltd_Cancers_breast_overexpressing_ERBB2_metastatic_357_1_FDA,3
imgt:Decision_Roche_F_Hoffmann-La_Roche_Ltd_Cancers_breast_overexpressing_ERBB2_metastatic_97_1_FDA,3
imgt:Decision_Roche_F_Hoffmann-La_Roche_Ltd_Cancers_breast_triple_negative_(TNBC)_526_1_FDA,3
imgt:Decision_Roche_F_Hoffmann-La_Roche_Ltd_Cancers_colorectal_(CRC)_metastatic_24_1_FDA,3
imgt:Decision_Roche_F_Hoffmann-La_Roche_Ltd_Cancers_gastric_97_1_FDA,3
imgt:Decision_Roche_F_Hoffmann-La_Roche_Ltd_Cancers_non-small_cell_lung_(NSCLC)_526_1_FDA,3
imgt:Decision_Roche_F_Hoffmann-La_Roche_Ltd_Cancers_non-small_cell_lung_(NSCLC)_metastatic_24_1_FDA,3
imgt:Decision_Roche_F_Hoffmann-La_Roche_Ltd_Cancers_pancreatic_795_1_FDA,3
imgt:Decision_Roche_F_Hoffmann-La_Roche_Ltd_Cancers_small_cell_lung_(SCLC)_526_1_FDA,3
imgt:Decision_Roche_F_Hoffmann-La_Roche_Ltd_Cancers_small_cell_lung_(SCLC)_526_2_FDA,3
imgt:Decision_Roche_F_Hoffmann-La_Roche_Ltd_Carcinoma_bladder_cancer_advanced_or_metastatic_urothelial_cancers_526_1_FDA,3
imgt:Decision_Roche_F_Hoffmann-La_Roche_Ltd_Carcinoma_cervical_late-stage_or_metastatic_24_1_FDA,3
imgt:Decision_Roche_F_Hoffmann-La_Roche_Ltd_Carcinoma_urothelial_526_1_FDA,3
imgt:Decision_Roche_F_Hoffmann-La_Roche_Ltd_Chronic_focal_encephalitis_(CFE)_161_1_FDA,3
imgt:Decision_Roche_F_Hoffmann-La_Roche_Ltd_Chronic_lymphocytic_leukemia_(CLL)_161_1_FDA,3
imgt:Decision_Roche_F_Hoffmann-La_Roche_Ltd_Chronic_lymphocytic_leukemia_(CLL)_238_1_FDA,3
imgt:Decision_Roche_F_Hoffmann-La_Roche_Ltd_Cytokine_Release_Syndrome_(CRS)_96_1_FDA,3
imgt:Decision_Roche_F_Hoffmann-La_Roche_Ltd_Giant_cell_arteritis_96_1_FDA,3
imgt:Decision_Roche_F_Hoffmann-La_Roche_Ltd_Glioblastoma_24_1_FDA,3
imgt:Decision_Roche_F_Hoffmann-La_Roche_Ltd_Hepatocellular_carcinoma_(HCC)_526_1_FDA,3
imgt:Decision_Roche_F_Hoffmann-La_Roche_Ltd_Hepatocellular_carcinoma_(HCC)_526_2_FDA,3
imgt:Decision_Roche_F_Hoffmann-La_Roche_Ltd_Lymphoma_B_cell_952_1_FDA,3
imgt:Decision_Roche_F_Hoffmann-La_Roche_Ltd_Lymphoma_diffuse_large_B_cell_(DLBCL)_161_1_FDA,3
imgt:Decision_Roche_F_Hoffmann-La_Roche_Ltd_Lymphoma_diffuse_large_B_cell_(DLBCL)_238_1_EMA,3
imgt:Decision_Roche_F_Hoffmann-La_Roche_Ltd_Lymphoma_diffuse_large_B_cell_(DLBCL)_458_1_FDA,3
imgt:Decision_Roche_F_Hoffmann-La_Roche_Ltd_Lymphoma_diffuse_large_B_cell_(DLBCL)_458_2_FDA,3
imgt:Decision_Roche_F_Hoffmann-La_Roche_Ltd_Lymphoma_follicular_(FL)_238_1_FDA,3
imgt:Decision_Roche_F_Hoffmann-La_Roche_Ltd_Lymphoma_follicular_(FL)_760_1_FDA,3
imgt:Decision_Roche_F_Hoffmann-La_Roche_Ltd_Lymphoma_follicular_(FL)_760_2_FDA,3
imgt:Decision_Roche_F_Hoffmann-La_Roche_Ltd_Lymphoma_splenic_marginal_zone_(SMZL)_238_1_FDA,3
imgt:Decision_Roche_F_Hoffmann-La_Roche_Ltd_Lymphoproliferative_disorder_giant_lymph_node_hyperplasia_(Castlemans_disease)_96_1_Japan_(MHLW),3
imgt:Decision_Roche_F_Hoffmann-La_Roche_Ltd_Melanoma_526_1_FDA,3
imgt:Decision_Roche_F_Hoffmann-La_Roche_Ltd_Melanoma_526_2_FDA,3
imgt:Decision_Roche_F_Hoffmann-La_Roche_Ltd_Non-Hodgkins_lymphoma_(NHL)_follicular_CD20_positive_relapsed_or_refractory_low_grade_161_1_FDA,3
imgt:Decision_Roche_F_Hoffmann-La_Roche_Ltd_Pemphigus_vulgaris_(PV)_161_1_FDA,3
imgt:Decision_Roche_F_Hoffmann-La_Roche_Ltd_Polyarticular_Juvenile_Idiopathic_Arthritis_(PJIA)_96_1_FDA,3
imgt:Decision_Roche_F_Hoffmann-La_Roche_Ltd_Renal_cell_carcinoma_(RCC)_24_1_FDA,3
imgt:Decision_Roche_F_Hoffmann-La_Roche_Ltd_Rheumatoid_arthritis_(RA)_161_1_FDA,3
imgt:Decision_Roche_F_Hoffmann-La_Roche_Ltd_Rheumatoid_arthritis_(RA)_96_1_FDA,3
imgt:Decision_Roche_F_Hoffmann-La_Roche_Ltd_Rheumatoid_arthritis_(RA)_96_2_Japan_(MHLW),3
imgt:Decision_Roche_F_Hoffmann-La_Roche_Ltd_Severe_acute_respiratory_syndrome_coronavirus_2_(SARS-CoV-2)_infection_(COVID-19)_96_1_FDA,3
imgt:Decision_Roche_F_Hoffmann-La_Roche_Ltd_Severe_acute_respiratory_syndrome_coronavirus_2_(SARS-CoV-2)_infection_(COVID-19)_96_2_EMA,3
imgt:Decision_Roche_F_Hoffmann-La_Roche_Ltd_Solid_organ_transplantation_161_1_EMA,3
imgt:Decision_Roche_F_Hoffmann-La_Roche_Ltd_Systemic_juvenile_idiopathic_athritis_(SJIA)_96_1_FDA,3
imgt:Decision_Roche_F_Hoffmann-La_Roche_Ltd_Systemic_sclerosis_96_1_FDA,3
imgt:Decision_Roche_F_Hoffmann-La_Roche_Ltd_Telangiectasia_hereditary_haemorrhagic_(HHT)_24_1_EMA,3
imgt:Decision_Roche_F_Hoffmann-La_Roche_Ltd_Wegeners_Granulomatosis_(WG)_and_Microscopic_Polygamiitis_(MPA)_in_combination_with_glucocorticoides_161_1_FDA,3
imgt:Decision_Sanofi-Aventis_US_LLC_Multiple_myeloma_(MM)_539_1_FDA,3
imgt:Decision_Sanofi-Aventis_US_LLC_Multiple_myeloma_(MM)_539_2_FDA,3
imgt:Decision_Sanofi_Cancers_colorectal_(CRC)_metastatic_214_1_FDA,3
imgt:Decision_Sanofi_Cancers_non-small_cell_lung_(NSCLC)_455_1_FDA,3
imgt:Decision_Sanofi_Carcinoma_cutaneous_squamous_cell_846_1_FDA,3
imgt:Decision_Sanofi_Multiple_myeloma_(MM)_539_1_FDA,3
imgt:Decision_Sanofi_Multiple_myeloma_(MM)_539_2_FDA,3
imgt:Decision_Sanofi_Multiple_sclerosis_(MS)_11_1_EMA,3
imgt:Decision_Schering-Plough_AIDS-related_Kaposis_sarcoma_626_1_FDA,3
imgt:Decision_Schering-Plough_Condylomata_acuminata_(anogenital_warts)_626_1_FDA,3
imgt:Decision_Schering-Plough_Hairy_cell_leukemia_(HCL)_626_1_FDA,3
imgt:Decision_Schering-Plough_Hepatitis_B_626_1_FDA,3
imgt:Decision_Schering-Plough_Hepatitis_C_626_1_FDA,3
imgt:Decision_Schering-Plough_Hepatitis_C_627_1_FDA,3
imgt:Decision_Schering-Plough_Hepatitis_C_627_2_EMA,3
imgt:Decision_Schering-Plough_Lymphoma_follicular_(FL)_626_1_FDA,3
imgt:Decision_Schering-Plough_Malignant_melanoma_626_1_FDA,3
imgt:Decision_Schering-Plough_Melanoma_with_nodal_involvement_after_surgical_resection_627_1_FDA,3
imgt:Decision_Schering_AG_Non-Hodgkins_lymphoma_(NHL)_122_1_FDA,3
imgt:Decision_Seagen_Inc_formely_Seatlle_Genetics_Inc_Cancers_cervical_571_1_FDA,3
imgt:Decision_Seattle_genetics_Inc_Acute_myeloid_leukemia_(AML)_552_1_EMA,3
imgt:Decision_Seattle_genetics_Inc_Anaplastic_large_cell_lymphoma_(ALCL)_324_1_FDA,3
imgt:Decision_Seattle_genetics_Inc_Carcinoma_bladder_cancer_advanced_or_metastatic_urothelial_cancers_476_1_FDA,3
imgt:Decision_Seattle_genetics_Inc_Extranodal_NK/T-cell_lymphoma_(ENKTL)_324_1_FDA,3
imgt:Decision_Seattle_genetics_Inc_Hodgkin_lymphoma_324_1_FDA,3
imgt:Decision_Seattle_genetics_Inc_Lymphoma_cutaneous_T_cell_(CTCL)_324_1_EMA,3
imgt:Decision_Seattle_genetics_Inc_Lymphoma_cutaneous_T_cell_(CTCL)_324_2_FDA,3
imgt:Decision_Seattle_genetics_Inc_Lymphoma_enteropathy-associated_T_cell_(EATL)_324_1_FDA,3
imgt:Decision_Seattle_genetics_Inc_Lymphoproliferative_disorders_T-cell_primary_cutaneous_CD30-positive_324_1_FDA,3
imgt:Decision_Seattle_genetics_Inc_Primary_cutaneous_anaplastic_large_cell_lymphoma_(pcALCL)_324_1_FDA,3
imgt:Decision_Seattle_genetics_Inc_T_cell_lymphoma_324_1_FDA,3
imgt:Decision_Shanghai_Junshi_Biosciences_Co_Ltd_Carcinoma_nasopharyngeal_(NC)_863_1_FDA,3
imgt:Decision_Sichuan_Kelun-Biotech_Biopharmaceutical_Carcinoma_nasopharyngeal_(NC)_1206_1_FDA,3
imgt:Decision_Singh_biotechnology_Cancers_pancreatic_672_1_FDA,3
imgt:Decision_Sorin_Radiofarmaci_SRL_Cutaneous_melanoma_lesions_141_1_EC,3
imgt:Decision_Sorin_Radiofarmaci_SRL_Cutaneous_melanoma_lesions_141_2_EC,3
imgt:Decision_Sorin_Radiofarmaci_SRL_Cutaneous_melanoma_lesions_141_3_FDA,3
imgt:Decision_Spectrum_Pharmaceuticals_Inc_Non-Hodgkins_lymphoma_(NHL)_122_1_FDA,3
imgt:Decision_Stemcentrx_Inc_Cancers_small_cell_lung_(SCLC)_569_1_FDA,3
imgt:Decision_Stemline_Therapeutics_Inc_Blastic_plasmacytoid_dendritic_cell_neoplasm_(BPDCN)_825_1_FDA,3
imgt:Decision_Surface_Oncology_Inc_Multiple_myeloma_(MM)_1037_1_FDA,3
imgt:Decision_Sutro_Biopharma_Inc_Multiple_myeloma_(MM)_880_1_FDA,3
imgt:Decision_TG_Therapeutics_Chronic_lymphocytic_leukemia_(CLL)_372_1_FDA,3
imgt:Decision_TG_Therapeutics_Lymphoma_diffuse_large_B_cell_(DLBCL)_372_1_FDA,3
imgt:Decision_TG_Therapeutics_Multiple_sclerosis_relapsing-remitting_372_1_FDA,3
imgt:Decision_TG_Therapeutics_Neuromyelitis_optica_(NMO)_372_1_FDA,3
imgt:Decision_TRACON_Pharmaceuticals_Inc_Sarcoma_605_1_FDA,3
imgt:Decision_TRION_Pharma_Cancers_gastric_218_1_EC,3
imgt:Decision_TRION_Pharma_Malignant_ascites_218_1_EC,3
imgt:Decision_TRION_Pharma_Malignant_ascites_218_2_EMA,3
imgt:Decision_Takeda_Pharmaceutical_Co_Ltd_Anaplastic_large_cell_lymphoma_(ALCL)_324_1_FDA,3
imgt:Decision_Takeda_Pharmaceutical_Co_Ltd_Extranodal_NK/T-cell_lymphoma_(ENKTL)_324_1_FDA,3
imgt:Decision_Takeda_Pharmaceutical_Co_Ltd_Hodgkin_lymphoma_324_1_FDA,3
imgt:Decision_Takeda_Pharmaceutical_Co_Ltd_Lymphoma_cutaneous_T_cell_(CTCL)_324_1_EMA,3
imgt:Decision_Takeda_Pharmaceutical_Co_Ltd_Lymphoma_cutaneous_T_cell_(CTCL)_324_2_FDA,3
imgt:Decision_Takeda_Pharmaceutical_Co_Ltd_Lymphoma_enteropathy-associated_T_cell_(EATL)_324_1_FDA,3
imgt:Decision_Takeda_Pharmaceutical_Co_Ltd_Lymphoproliferative_disorders_T-cell_primary_cutaneous_CD30-positive_324_1_FDA,3
imgt:Decision_Takeda_Pharmaceutical_Co_Ltd_Primary_cutaneous_anaplastic_large_cell_lymphoma_(pcALCL)_324_1_FDA,3
imgt:Decision_Takeda_Pharmaceutical_Co_Ltd_T_cell_lymphoma_324_1_FDA,3
imgt:Decision_Takeda_Pharmaceuticals_USA_Inc_Multiple_myeloma_(MM)_882_1_FDA,3
imgt:Decision_Tesaro_Inc_Cancers_endometrial_(EC)_849_1_FDA,3
imgt:Decision_Tesaro_Inc_Solid_tumors_849_1_FDA,3
imgt:Decision_United_Therapeutics_Corporation_Neuroblastoma_pediatric_464_1_FDA,3
imgt:Decision_United_Therapeutics_Corporation_Neuroblastoma_pediatric_464_2_EMA,3
imgt:Decision_University_of_Bern_Acute_myeloid_leukemia_(AML)_792_1_FDA,3
imgt:Decision_Vaccinex_Huntingtons_disease_548_1_FDA,3
imgt:Decision_Viela_Bio_Inc_Neuromyelitis_optica_(NMO)_553_1_FDA,3
imgt:Decision_Viela_Bio_Inc_Neuromyelitis_optica_spectrum_disorder_(NMOSD)_553_1_FDA,3
imgt:Decision_Vitaeris_Kidney_transplantation_treatment_of_antibody-mediated_rejection_(AMR)_414_1_FDA,3
imgt:Decision_Viventia_Biotechnologies_Inc_Cancers_bladder_237_1_FDA,3
imgt:Decision_Viventia_Biotechnologies_Inc_Cancers_head_and_neck_237_1_FDA,3
imgt:Decision_Wyeth_Pharmaceuticals_B_cell_acute_lymphoblastic_leukemia_(B_cell_ALL)_259_1_FDA,3
imgt:Decision_Wyeth_Pharmaceuticals_B_cell_acute_lymphoblastic_leukemia_(B_cell_ALL)_259_2_EMA,3
imgt:Decision_Wyeth_Pharmaceuticals_B_cell_acute_lymphoblastic_leukemia_(B_cell_ALL)_259_3_FDA,3
imgt:Decision_Xencor_Inc_Lymphoma_diffuse_large_B_cell_(DLBCL)_522_1_FDA,3
imgt:Decision_Xencor_Inc_Lymphoma_diffuse_large_B_cell_(DLBCL)_522_2_FDA,3
imgt:Decision_Xencor_Inc_Myelodysplastic_syndromes_(MDS)_743_1_FDA,3
imgt:Decision_Y-mAbs_Therapeutics_Inc_Neuroblastoma_750_1_FDA,3
imgt:Decision_YM_BioSciences_Inc_Cancers_glioma_76_1_EMA,3
imgt:Decision_YM_BioSciences_Inc_Cancers_pancreatic_76_1_EMA,3
imgt:Decision_ZymeWorks_Inc_Cancers_gastric_735_1_FDA,3
imgt:Decision_ZymeWorks_Inc_Cancers_ovarian_735_1_FDA,3
imgt:Decision_ZymeWorks_Inc_Cancers_ovarian_736_1_FDA,3
imgt:Decision_arGEN-X_Acute_myeloid_leukemia_(AML)_792_1_FDA,3
imgt:Decision_microsatellite_instability-high_cancer_(MSI-H)_472_1_FDA,3
imgt:Diabetic_retinopathy,3
imgt:Esophageal_Squamous_Cell_Carcinoma_(ESCC)_metastatic,3
imgt:Ewing_sarcoma,3
imgt:Ex_vivo_treatment_of_autologous_bone_marrow_and_subsequent_reinfusion,3
imgt:Extranodal_NK/T-cell_lymphoma_(ENKTL),3
imgt:F(ab’)2-Alpha-1_Kappa,3
imgt:F(ab’)2-Alpha-1_Lambda,3
imgt:F(ab’)2-Alpha-2_Kappa,3
imgt:F(ab’)2-Alpha-2_Lambda,3
imgt:F(ab’)2-Alpha_Kappa,3
imgt:F(ab’)2-Alpha_Lambda,3
imgt:F(ab’)2-Delta_Kappa,3
imgt:F(ab’)2-Delta_Lambda,3
imgt:F(ab’)2-Epsilon_Kappa,3
imgt:F(ab’)2-Epsilon_Lambda,3
imgt:F(ab’)2-Gamma-1_Kappa,3
imgt:F(ab’)2-Gamma-1_Lambda,3
imgt:F(ab’)2-Gamma-2-a_Kappa,3
imgt:F(ab’)2-Gamma-2-a_Lambda,3
imgt:F(ab’)2-Gamma-2-b_Kappa,3
imgt:F(ab’)2-Gamma-2-b_Lambda,3
imgt:F(ab’)2-Gamma-2-c_Kappa,3
imgt:F(ab’)2-Gamma-2-c_Lambda,3
imgt:F(ab’)2-Gamma-2_Kappa,3
imgt:F(ab’)2-Gamma-2_Lambda,3
imgt:F(ab’)2-Gamma-3_Kappa,3
imgt:F(ab’)2-Gamma-3_Lambda,3
imgt:F(ab’)2-Gamma-4_Kappa,3
imgt:F(ab’)2-Gamma-4_Lambda,3
imgt:F(ab’)2-Mu_Kappa,3
imgt:F(ab’)2-Mu_Lambda,3
imgt:Fab'-R-Fab',3
imgt:Fab-Alpha-1_Kappa,3
imgt:Fab-Alpha-1_Lambda,3
imgt:Fab-Alpha-2_Kappa,3
imgt:Fab-Alpha-2_Lambda,3
imgt:Fab-Alpha_Kappa,3
imgt:Fab-Alpha_Lambda,3
imgt:Fab-Delta_Kappa,3
imgt:Fab-Delta_Lambda,3
imgt:Fab-Epsilon_Kappa,3
imgt:Fab-Epsilon_Lambda,3
imgt:Fab-Gamma-1_Kappa,3
imgt:Fab-Gamma-1_Lambda,3
imgt:Fab-Gamma-2-a_Kappa,3
imgt:Fab-Gamma-2-a_Lambda,3
imgt:Fab-Gamma-2-b_Kappa,3
imgt:Fab-Gamma-2-b_Lambda,3
imgt:Fab-Gamma-2-c_Kappa,3
imgt:Fab-Gamma-2-c_Lambda,3
imgt:Fab-Gamma-2_Kappa,3
imgt:Fab-Gamma-2_Lambda,3
imgt:Fab-Gamma-3_Kappa,3
imgt:Fab-Gamma-3_Lambda,3
imgt:Fab-Gamma-4_Kappa,3
imgt:Fab-Gamma-4_Lambda,3
imgt:Fab-Gamma_Kappa,3
imgt:Fab-Mu_Kappa,3
imgt:Fab-Mu_Lambda,3
imgt:FcyR_crosslinking,3
imgt:Fv-Alpha_Beta,3
imgt:Fv-Gamma_Delta,3
imgt:Fv-Heavy_Kappa,3
imgt:Fv-Heavy_Lambda,3
imgt:Globo_H,3
imgt:Glycotope_GmbH,3
imgt:Hepatitis_B,3
imgt:IG-Heavy,3
imgt:IL2_(interleukin_2_IL-2)_1-133,3
imgt:Idiopathic_pulmonary_fibrosis,3
imgt:IgA1_Kappa,3
imgt:IgA1_Lambda,3
imgt:IgA2_Kappa,3
imgt:IgA2_Lambda,3
imgt:IgA_Kappa,3
imgt:IgA_Lambda,3
imgt:IgD_Kappa,3
imgt:IgD_Lambda,3
imgt:IgE_Kappa,3
imgt:IgE_Lambda,3
imgt:IgG1 - kappa - 6cys - drug,3
imgt:IgG1 - kappa - 8cys - drug,3
imgt:IgG1 - lambda - 3lys - drug,3
imgt:IgG1-kappa-1lys-drug,3
imgt:IgG1-kappa-4cys-drug2,3
imgt:IgG1-kappa-[PROTEIN]2,3
imgt:IgG1-kappa-[scFv-heavy-lambda]2,3
imgt:IgG1-kappa-[scFv]2-lambda,3
imgt:IgG1-lambda-kappa,3
imgt:IgG1_Kappa,3
imgt:IgG1_Lambda,3
imgt:IgG2_Kappa,3
imgt:IgG2_Lambda,3
imgt:IgG2a_Kappa,3
imgt:IgG2a_Lambda,3
imgt:IgG2b_Kappa,3
imgt:IgG2b_Lambda,3
imgt:IgG2c_Kappa,3
imgt:IgG2c_Lambda,3
imgt:IgG3_Kappa,3
imgt:IgG3_Lambda,3
imgt:IgG4 - lambda,3
imgt:IgG4-kappa-protein,3
imgt:IgG4_Kappa,3
imgt:IgG4_Lambda,3
imgt:IgG_Kappa,3
imgt:IgG_Lambda,3
imgt:IgM_Iota,3
imgt:IgM_Iota-1,3
imgt:IgM_Iota-2,3
imgt:IgM_Iota-3,3
imgt:IgM_Kappa,3
imgt:IgM_Lambda,3
imgt:Inflammatory_diseases,3
imgt:J-C-gene,3
imgt:J-C-transcript,3
imgt:J-transcript,3
imgt:Janssen_Pharmaceuticals_inc,3
imgt:Jiangsu_Hengrui_Medicine_Co_Ltd,3
imgt:Jounce_Therapeutics,3
imgt:Juno_Therapeutics,3
imgt:Kidney_tumours,3
imgt:L-V-D-J-C-transcript,3
imgt:L-V-D-transcript,3
imgt:L-V-J-C-transcript,3
imgt:L-V-transcript,3
imgt:L-nt-sequence,3
imgt:Lama_glama,3
imgt:Lymphoma_enteropathy-associated_T_cell_(EATL),3
imgt:Lymphoproliferative_disease,3
imgt:Lymphoproliferative_disorders_T-cell_primary_cutaneous_CD30-positive,3
imgt:Lyvgen_Biopharma,3
imgt:MD_Anderson_Cancer_Center,3
imgt:MH1,3
imgt:MH2-Alpha,3
imgt:MH2-peptide,3
imgt:MUC1_sialylated_carbohydrate_tumour-associated,3
imgt:Melanoma_metastatic_or_unresectable,3
imgt:Melanoma_with_nodal_involvement_after_surgical_resection,3
imgt:Merus_NV,3
imgt:Mesothelioma,3
imgt:Multiple_sclerosis_relapsing-remitting,3
imgt:Mycosis_fungoides_(MF)_relapsed_or_refractory,3
imgt:Myeloid_leukemia,3
imgt:Myeloma_multiple_(MM)_recurrent_or_refractory,3
imgt:Neoplasms_of_epithelial_origin_particularly_carcinomas_of_breast_ovary_cervix_bronchus_and_gastrointestinal_tract,3
imgt:Non-cutaneous_T_cell_lymphoma_(NCTCL),3
imgt:Non-small_lung_carcinoma,3
imgt:Osteology,3
imgt:Peregrine_Pharmaceuticals_Inc,3
imgt:Primary_peritoneal_carcinoma_(PPC),3
imgt:Product_ADC_Therapeutics_1072,3
imgt:Product_ADC_Therapeutics_1090,3
imgt:Product_APEIRON_Biologics_AG_900,3
imgt:Product_AbbVie_Inc_1012,3
imgt:Product_AbbVie_Inc_1026,3
imgt:Product_AbbVie_Inc_1184,3
imgt:Product_AbbVie_Inc_291,3
imgt:Product_AbbVie_Inc_644,3
imgt:Product_AbbVie_Inc_653,3
imgt:Product_AbbVie_Inc_654,3
imgt:Product_AbbVie_Inc_712,3
imgt:Product_AbbVie_Inc_720,3
imgt:Product_AbbVie_Inc_721,3
imgt:Product_AbbVie_Inc_777,3
imgt:Product_AbbVie_Inc_815,3
imgt:Product_AbbVie_Inc_845,3
imgt:Product_AbbVie_Inc_847,3
imgt:Product_AbbVie_Inc_858,3
imgt:Product_AbbVie_Inc_866,3
imgt:Product_AbbVie_Inc_870,3
imgt:Product_AbbVie_Inc_902,3
imgt:Product_AbbVie_Inc_903,3
imgt:Product_AbbVie_Inc_904,3
imgt:Product_AbbVie_Inc_905,3
imgt:Product_AbbVie_Inc_958,3
imgt:Product_AbbVie_Inc_959,3
imgt:Product_Actinium_Pharmaceuticals_Inc_53,3
imgt:Product_Actinium_Pharmaceuticals_Inc_633,3
imgt:Product_Actinium_Pharmaceuticals_Inc_936,3
imgt:Product_Adaptimmune_LLC_1041,3
imgt:Product_Adaptimmune_LLC_984,3
imgt:Product_Adaptimmune_LLC_987,3
imgt:Product_Affibody_AB_1115,3
imgt:Product_Affitech_714,3
imgt:Product_Agensys_476,3
imgt:Product_Agenus_Inc_1123,3
imgt:Product_Agenus_Inc_912,3
imgt:Product_Agenus_Inc_913,3
imgt:Product_Alethia_Biotherapeutics_1170,3
imgt:Product_Alkermes_Inc_1118,3
imgt:Product_Alligator_Bioscience_1336,3
imgt:Product_Alphamab_CoLtd_934,3
imgt:Product_AltaRex_Corp_136,3
imgt:Product_Altor_BioScience_983,3
imgt:Product_Amgen_1055,3
imgt:Product_Amgen_1056,3
imgt:Product_Amgen_1057,3
imgt:Product_Amgen_1058,3
imgt:Product_Amgen_1073,3
imgt:Product_Amgen_1074,3
imgt:Product_Amgen_1153,3
imgt:Product_Amgen_1192,3
imgt:Product_Amgen_1249,3
imgt:Product_Amgen_1258,3
imgt:Product_Amgen_1296,3
imgt:Product_Amgen_224,3
imgt:Product_Amgen_366,3
imgt:Product_Amgen_405,3
imgt:Product_Amgen_498,3
imgt:Product_Amgen_584,3
imgt:Product_Amgen_789,3
imgt:Product_Amgen_838,3
imgt:Product_Amgen_988,3
imgt:Product_Antisoma_23,3
imgt:Product_Antisoma_251,3
imgt:Product_Appolomics_Inc_1077,3
imgt:Product_Aravive_Biologics_Inc_1098,3
imgt:Product_Arcus_Biosciences_Inc_1125,3
imgt:Product_Arcus_Biosciences_Inc_1338,3
imgt:Product_Aspyrian_Therapeutics_Inc_907,3
imgt:Product_Astellas_Pharma_Inc_755,3
imgt:Product_Astellas_Pharma_Inc_772,3
imgt:Product_Astellas_Pharma_US_Inc_476,3
imgt:Product_AstraZeneca_101,3
imgt:Product_AstraZeneca_1370,3
imgt:Product_AstraZeneca_451,3
imgt:Product_AstraZeneca_615,3
imgt:Product_Atara_Biotherapeutics_Inc_582,3
imgt:Product_Autolus_Therapeutics_plc_1103,3
imgt:Product_Bayer_AG_1095,3
imgt:Product_Bayer_AG_1139,3
imgt:Product_Bayer_AG_1276,3
imgt:Product_Bayer_AG_1285,3
imgt:Product_Bayer_HealthCare_Pharmaceuticals_342,3
imgt:Product_Bayer_HealthCare_Pharmaceuticals_498,3
imgt:Product_Bayer_HealthCare_Pharmaceuticals_655,3
imgt:Product_Bayer_HealthCare_Pharmaceuticals_656,3
imgt:Product_Bayer_HealthCare_Pharmaceuticals_665,3
imgt:Product_Bayer_HealthCare_Pharmaceuticals_938,3
imgt:Product_Bayer_HealthCare_Pharmaceuticals_975,3
imgt:Product_Beckman_Research_Institute_145,3
imgt:Product_Beckman_Research_Institute_50,3
imgt:Product_BeiGene_1079,3
imgt:Product_BeiGene_1080,3
imgt:Product_BeiGene_1146,3
imgt:Product_BerGenBio_AS_974,3
imgt:Product_Bicara_Therapeutics_1616,3
imgt:Product_BioAtla_LLC_1268,3
imgt:Product_BioAtla_LLC_1269,3
imgt:Product_BioAtla_LLC_1273,3
imgt:Product_BioAtla_LLC_1274,3
imgt:Product_BioAtla_LLC_883,3
imgt:Product_BioInvent_800,3
imgt:Product_BioNTech_SE_1119,3
imgt:Product_Biogen_Inc_122,3
imgt:Product_Biotest_AG_389,3
imgt:Product_Boehringer_Ingelheim_Pharmaceuticals_133,3
imgt:Product_Boehringer_Ingelheim_Pharmaceuticals_1580,3
imgt:Product_Boehringer_Ingelheim_Pharmaceuticals_283,3
imgt:Product_Boehringer_Ingelheim_Pharmaceuticals_588,3
imgt:Product_Bolt_Biotherapeutics_Inc_1369,3
imgt:Product_Bristol-Myers_Squibb_1369,3
imgt:Product_Bristol-Myers_Squibb_291,3
imgt:Product_Bristol-Myers_Squibb_344,3
imgt:Product_Bristol-Myers_Squibb_373,3
imgt:Product_Bristol-Myers_Squibb_423,3
imgt:Product_Bristol-Myers_Squibb_507,3
imgt:Product_Bristol-Myers_Squibb_614,3
imgt:Product_Bristol-Myers_Squibb_873,3
imgt:Product_CARsgen_Therapeutics_1230,3
imgt:Product_CIS_Bio_international_123,3
imgt:Product_CJSC_Biocad_956,3
imgt:Product_CJSC_Biocad_960,3
imgt:Product_CJSC_GENERIUM_714,3
imgt:Product_CMC_Biopharmaceuticals_191,3
imgt:Product_CRISPR_Therapeutics_1229,3
imgt:Product_CRISPR_Therapeutics_1231,3
imgt:Product_CSL_Behring_754,3
imgt:Product_CSPC_Pharmaceutical_Group_1372,3
imgt:Product_Cancer_Research_Fund_of_Contra_Costa_26,3
imgt:Product_CatalYm_GmbH_1287,3
imgt:Product_Celgene_corporation_1081,3
imgt:Product_Celgene_corporation_1259,3
imgt:Product_Celgene_corporation_1313,3
imgt:Product_Celgene_corporation_873,3
imgt:Product_Celltech_UCB_233,3
imgt:Product_Celltech_UCB_508,3
imgt:Product_Center_of_Molecular_Immunology_(CMI)_108,3
imgt:Product_Centocor_Inc_119,3
imgt:Product_Charing_Cross_Sunley_Research_Centre_99,3
imgt:Product_Checkpoint_Therapeutics_946,3
imgt:Product_Chinook_Therapeutics_Inc_1347,3
imgt:Product_Chugai_Pharmaceutical_Co_Ltd_466,3
imgt:Product_Corixa_Corp_142,3
imgt:Product_CureTech_161,3
imgt:Product_Curocell_Inc_1384,3
imgt:Product_Cytogen_Corp_117,3
imgt:Product_CytomX_Therapeutics_Inc_963,3
imgt:Product_CytomX_Therapeutics_Inc_966,3
imgt:Product_CytomX_Therapeutics_Inc_967,3
imgt:Product_Cytune_Pharma_SAS_933,3
imgt:Product_Daiichi_Sankyo_Inc_1005,3
imgt:Product_Daiichi_Sankyo_Inc_1006,3
imgt:Product_Daiichi_Sankyo_Inc_1256,3
imgt:Product_Daiichi_Sankyo_Inc_234,3
imgt:Product_Dragon_Sail_Pharmaceutical_Co_Ltd_1262,3
imgt:Product_DuPont_Merck_Pharmaceutical_133,3
imgt:Product_EUSA_Pharma_115,3
imgt:Product_Eisai_Co_Ltd_1208,3
imgt:Product_Eli_Lilly_312,3
imgt:Product_Eli_Lilly_859,3
imgt:Product_Eli_Lilly_955,3
imgt:Product_Emergent_Biosolutions_580,3
imgt:Product_Facet_Biotech_360,3
imgt:Product_Faron_Pharmaceuticals_Oy_1002,3
imgt:Product_Five_Prime_Therapeutics_Inc_1000,3
imgt:Product_Fresenius_Biotech_GmbH_219,3
imgt:Product_GamaMabs_835,3
imgt:Product_Genentech_Inc_1003,3
imgt:Product_Genentech_Inc_1143,3
imgt:Product_Genentech_Inc_348,3
imgt:Product_Genentech_Inc_374,3
imgt:Product_Genentech_Inc_420,3
imgt:Product_Genentech_Inc_458,3
imgt:Product_Genentech_Inc_502,3
imgt:Product_Genentech_Inc_531,3
imgt:Product_Genentech_Inc_608,3
imgt:Product_Genentech_Inc_7,3
imgt:Product_Genentech_Inc_765,3
imgt:Product_Genentech_Inc_99,3
imgt:Product_Genmab_A/S_1035,3
imgt:Product_Genmab_A/S_1119,3
imgt:Product_Genmab_A/S_1177,3
imgt:Product_Genmab_A/S_1181,3
imgt:Product_Genmab_A/S_1399,3
imgt:Product_Genmab_A/S_200,3
imgt:Product_Genmab_A/S_221,3
imgt:Product_Genmab_A/S_222,3
imgt:Product_Genmab_A/S_577,3
imgt:Product_Genmab_A/S_813,3
imgt:Product_Genmab_A/S_814,3
imgt:Product_Genmab_A/S_945,3
imgt:Product_Genmab_A/S_949,3
imgt:Product_Genor_Biopharma_Co_Ltd_1076,3
imgt:Product_Gilead_1225,3
imgt:Product_Gilead_1315,3
imgt:Product_Gilead_873,3
imgt:Product_GlaxoSmithKline_1010,3
imgt:Product_GlaxoSmithKline_119,3
imgt:Product_GlaxoSmithKline_1411,3
imgt:Product_GlaxoSmithKline_142,3
imgt:Product_GlaxoSmithKline_615,3
imgt:Product_GlaxoSmithKline_784,3
imgt:Product_GlaxoSmithKline_817,3
imgt:Product_GlaxoSmithKline_984,3
imgt:Product_Glycotope_GmbH_739,3
imgt:Product_Glycotope_GmbH_740,3
imgt:Product_Groupe_Suisse_de_Recherche_Clinique_(SAKK)_151,3
imgt:Product_Hanmi_Pharmaceutical_1171,3
imgt:Product_Harbour_BioMed_1368,3
imgt:Product_Henlix_Inc_1039,3
imgt:Product_Henlix_Inc_970,3
imgt:Product_Hospital_Clínic_de_Barcelona_1385,3
imgt:Product_Human_Genome_Sciences_Inc_(HGSI)_183,3
imgt:Product_Hybritech_Inc_312,3
imgt:Product_I-Mab_Biopharma_1150,3
imgt:Product_ICRF_99,3
imgt:Product_ISU_Abxis_1067,3
imgt:Product_ImClone_Systems_Inc_179,3
imgt:Product_ImClone_Systems_Inc_381,3
imgt:Product_ImClone_Systems_Inc_403,3
imgt:Product_ImmunGene_1157,3
imgt:Product_ImmunoGen_Inc_1346,3
imgt:Product_ImmunoGen_Inc_1584,3
imgt:Product_ImmunoGen_Inc_1585,3
imgt:Product_ImmunoGen_Inc_211,3
imgt:Product_ImmunoGen_Inc_389,3
imgt:Product_ImmunoGen_Inc_592,3
imgt:Product_ImmunoGen_Inc_601,3
imgt:Product_ImmunoGen_Inc_603,3
imgt:Product_ImmunoGen_Inc_839,3
imgt:Product_Immunomedics_Inc_113,3
imgt:Product_Immunomedics_Inc_125,3
imgt:Product_Immunomedics_Inc_135,3
imgt:Product_Immunomedics_Inc_21,3
imgt:Product_Immunomedics_Inc_229,3
imgt:Product_Immunomedics_Inc_255,3
imgt:Product_Immunomedics_Inc_306,3
imgt:Product_Immunomedics_Inc_558,3
imgt:Product_Immunomedics_Inc_560,3
imgt:Product_Immunomedics_Inc_62,3
imgt:Product_Incyte_Corporation_1025,3
imgt:Product_Innate_Pharma_519,3
imgt:Product_Innate_Pharma_940,3
imgt:Product_Innovent_Biologics_1004,3
imgt:Product_Innovent_Biologics_1066,3
imgt:Product_Innovent_Biologics_1171,3
imgt:Product_Innovent_Biologics_1174,3
imgt:Product_Innovent_Biologics_1182,3
imgt:Product_Innovent_Biologics_859,3
imgt:Product_Instituto_de_Salud_Carlos_III_1385,3
imgt:Product_Janssen_Biotech_Inc_1042,3
imgt:Product_Janssen_Biotech_Inc_359,3
imgt:Product_Janssen_Biotech_Inc_809,3
imgt:Product_Janssen_Biotech_Inc_810,3
imgt:Product_Janssen_Biotech_Inc_811,3
imgt:Product_Janssen_Pharmaceuticals_inc_161,3
imgt:Product_Janssen_Pharmaceuticals_inc_754,3
imgt:Product_Janssen_Research_&_Development_LLC_1183,3
imgt:Product_Janssen_Research_&_Development_LLC_894,3
imgt:Product_Janssen_Research_&_Development_LLC_937,3
imgt:Product_Janssen_Research_&_Development_LLC_973,3
imgt:Product_Johnson_&_Johnson_321,3
imgt:Product_Jounce_Therapeutics_1082,3
imgt:Product_Jounce_Therapeutics_1330,3
imgt:Product_Jounce_Therapeutics_801,3
imgt:Product_Juno_Therapeutics_1049,3
imgt:Product_Juno_Therapeutics_876,3
imgt:Product_Klus_Pharma_Inc_840,3
imgt:Product_Life_Science_Pharmaceuticals_(LSP)_274,3
imgt:Product_Livzon_Pharmaceutical_Group_Inc_1373,3
imgt:Product_Ludwig_Institute_for_Cancer_Research_274,3
imgt:Product_MRC_Technology_2,3
imgt:Product_MRC_Technology_23,3
imgt:Product_MRC_Technology_32,3
imgt:Product_MRC_Technology_70,3
imgt:Product_MacroGenics_Inc_1054,3
imgt:Product_MacroGenics_Inc_1189,3
imgt:Product_MacroGenics_Inc_590,3
imgt:Product_MacroGenics_Inc_968,3
imgt:Product_MedImmune_101,3
imgt:Product_MedImmune_451,3
imgt:Product_MedImmune_581,3
imgt:Product_MedImmune_615,3
imgt:Product_MedImmune_662,3
imgt:Product_MedImmune_729,3
imgt:Product_MedImmune_885,3
imgt:Product_Medarex_221,3
imgt:Product_Medarex_222,3
imgt:Product_Memorial_Sloan-Kettering_Cancer_Center_1138,3
imgt:Product_Memorial_Sloan-Kettering_Cancer_Center_855,3
imgt:Product_Memorial_Sloan-Kettering_Cancer_Center_890,3
imgt:Product_Menarini_111,3
imgt:Product_Mentrik_Biotech_425,3
imgt:Product_Merck_&_Co_Inc_1024,3
imgt:Product_Merck_&_Co_Inc_333,3
imgt:Product_Merck_&_Co_Inc_869,3
imgt:Product_Merck_&_Co_Inc_957,3
imgt:Product_Merck_&_Co_Inc_976,3
imgt:Product_Merck_&_Co_Inc_997,3
imgt:Product_Merck_KgaA_1014,3
imgt:Product_Merck_KgaA_2,3
imgt:Product_Merck_KgaA_70,3
imgt:Product_Merrimack_Pharmaceuticals_546,3
imgt:Product_Merrimack_Pharmaceuticals_865,3
imgt:Product_Mersana_Therapeutics_1036,3
imgt:Product_Mersana_Therapeutics_1059,3
imgt:Product_Merus_NV_771,3
imgt:Product_Merus_NV_812,3
imgt:Product_Merus_NV_965,3
imgt:Product_MicroSert_Ldt_24,3
imgt:Product_Micromet_AG_405,3
imgt:Product_Micromet_Inc_498,3
imgt:Product_Millennium_Pharmaceuticals_Inc_542,3
imgt:Product_Miltenyi_Biotec_1161,3
imgt:Product_MorphoSys_1011,3
imgt:Product_MorphoSys_190,3
imgt:Product_MorphoSys_580,3
imgt:Product_Morphotek_Inc_191,3
imgt:Product_Morphotek_Inc_292,3
imgt:Product_Morphotek_Inc_491,3
imgt:Product_NIH_26,3
imgt:Product_NIH_29,3
imgt:Product_Nanjing_IASO_Biotherapeutics_CoLtd_1383,3
imgt:Product_Nanjing_Legend_Biotechnology_Co_Ltd_1042,3
imgt:Product_Nascent_Biotech_Inc_270,3
imgt:Product_National_Cancer_Institute_16,3
imgt:Product_National_Cancer_Institute_203,3
imgt:Product_National_Cancer_Institute_206,3
imgt:Product_Nektar_Therapeutics_871,3
imgt:Product_NeoRx_Corp_114,3
imgt:Product_NeoRx_Corp_133,3
imgt:Product_Nordic_Nanovector_ASA_540,3
imgt:Product_Nordic_Nanovector_ASA_541,3
imgt:Product_Novartis_1030,3
imgt:Product_Novartis_Pharmaceuticals_Corp_32,3
imgt:Product_Novartis_Pharmaceuticals_Corp_918,3
imgt:Product_Novo_Nordisk_940,3
imgt:Product_OncoMed_Pharmaceuticals_415,3
imgt:Product_OncoMed_Pharmaceuticals_470,3
imgt:Product_OncoMed_Pharmaceuticals_475,3
imgt:Product_OncoMed_Pharmaceuticals_597,3
imgt:Product_OncoMed_Pharmaceuticals_660,3
imgt:Product_OncoMed_Pharmaceuticals_803,3
imgt:Product_OncoMed_Pharmaceuticals_935,3
imgt:Product_OncoTherapy_Science_Inc_861,3
imgt:Product_OncoTherapy_Science_Inc_867,3
imgt:Product_Ono_Pharmaceuticals_Co_Ltd_781,3
imgt:Product_PACT_Pharma_Inc_1160,3
imgt:Product_Peregrine_Pharmaceuticals_Inc_159,3
imgt:Product_Pfizer_1202,3
imgt:Product_Pfizer_44,3
imgt:Product_Pfizer_649,3
imgt:Product_Pfizer_768,3
imgt:Product_Pfizer_777,3
imgt:Product_PharmAbcine_Inc_834,3
imgt:Product_Pieris_Pharmaceuticals_Inc_982,3
imgt:Product_Pierre_Fabre_1134,3
imgt:Product_Prestige_Biopharma_1176,3
imgt:Product_Progenics_Pharmaceuticals_Inc_513,3
imgt:Product_Qilu_Puget_Sound_Biotherapeutics_Corp_1203,3
imgt:Product_Qilu_Puget_Sound_Biotherapeutics_Corp_1204,3
imgt:Product_Regeneron_Pharmaceuticals_Inc_1173,3
imgt:Product_Regeneron_Pharmaceuticals_Inc_1394,3
imgt:Product_Regeneron_Pharmaceuticals_Inc_417,3
imgt:Product_Regeneron_Pharmaceuticals_Inc_452,3
imgt:Product_Regeneron_Pharmaceuticals_Inc_950,3
imgt:Product_Rhein-Minapharm_624,3
imgt:Product_Roche_F_Hoffmann-La_Roche_Ltd_1224,3
imgt:Product_Roche_F_Hoffmann-La_Roche_Ltd_416,3
imgt:Product_Roche_F_Hoffmann-La_Roche_Ltd_420,3
imgt:Product_Roche_F_Hoffmann-La_Roche_Ltd_427,3
imgt:Product_Roche_F_Hoffmann-La_Roche_Ltd_466,3
imgt:Product_Roche_F_Hoffmann-La_Roche_Ltd_482,3
imgt:Product_Roche_F_Hoffmann-La_Roche_Ltd_501,3
imgt:Product_Roche_F_Hoffmann-La_Roche_Ltd_502,3
imgt:Product_Roche_F_Hoffmann-La_Roche_Ltd_531,3
imgt:Product_Roche_F_Hoffmann-La_Roche_Ltd_555,3
imgt:Product_Roche_F_Hoffmann-La_Roche_Ltd_608,3
imgt:Product_Roche_F_Hoffmann-La_Roche_Ltd_765,3
imgt:Product_Roche_F_Hoffmann-La_Roche_Ltd_774,3
imgt:Product_Roche_F_Hoffmann-La_Roche_Ltd_952,3
imgt:Product_Roche_F_Hoffmann-La_Roche_Ltd_981,3
imgt:Product_SIGMA-TAU_Industrie_Farmaceutiche_Riunite_SpA_226,3
imgt:Product_Sanofi-Aventis_US_LLC_1065,3
imgt:Product_Sanofi_11,3
imgt:Product_Sanofi_846,3
imgt:Product_Schering_AG_122,3
imgt:Product_Scholar_Rock_1342,3
imgt:Product_Seagen_Inc_formely_Seatlle_Genetics_Inc_571,3
imgt:Product_Seattle_genetics_Inc_342,3
imgt:Product_Seattle_genetics_Inc_344,3
imgt:Product_Seattle_genetics_Inc_476,3
imgt:Product_Seattle_genetics_Inc_604,3
imgt:Product_Seattle_genetics_Inc_755,3
imgt:Product_Seattle_genetics_Inc_772,3
imgt:Product_Seattle_genetics_Inc_773,3
imgt:Product_Shandong_New_Time_Pharmaceutical_1179,3
imgt:Product_Shanghai_Henlius_Biotech_1022,3
imgt:Product_Shanghai_Henlius_Biotech_1023,3
imgt:Product_Shanghai_Jinmante_Biotechnology_1372,3
imgt:Product_Shanghai_Junshi_Biosciences_Co_Ltd_1013,3
imgt:Product_Silverback_Therapeutics_Inc_1278,3
imgt:Product_Singh_biotechnology_672,3
imgt:Product_Sinocelltech_Ltd_1007,3
imgt:Product_Sorin_Radiofarmaci_SRL_141,3
imgt:Product_Sotio_933,3
imgt:Product_Spectrum_Pharmaceuticals_Inc_1157,3
imgt:Product_Spectrum_Pharmaceuticals_Inc_122,3
imgt:Product_Stemcentrx_Inc_570,3
imgt:Product_Surface_Oncology_Inc_1338,3
imgt:Product_Sutro_Biopharma_Inc_880,3
imgt:Product_Syndax_Pharmaceuticals_Inc_942,3
imgt:Product_TRACON_Pharmaceuticals_Inc_1150,3
imgt:Product_TRION_Pharma_219,3
imgt:Product_Takara_Bio_Inc_985,3
imgt:Product_Takara_Bio_Inc_986,3
imgt:Product_Takeda_Pharmaceuticals_USA_Inc_1019,3
imgt:Product_Telix_Pharmaceuticals_1571,3
imgt:Product_Tenovus_Research_19,3
imgt:Product_Tesaro_Inc_886,3
imgt:Product_Tesaro_Inc_948,3
imgt:Product_The_Netherlands_CRC_Labs_49,3
imgt:Product_Transcenta_Holding_Ltd_1239,3
imgt:Product_Transcenta_Holding_Ltd_1272,3
imgt:Product_Trillium_Therapeutics_Inc_1048,3
imgt:Product_Triumvira_Immunologics_1232,3
imgt:Product_UCB_1167,3
imgt:Product_UCB_40,3
imgt:Product_Unilever_49,3
imgt:Product_University_of_California_1154,3
imgt:Product_University_of_California_865,3
imgt:Product_Viragen_Inc_622,3
imgt:Product_Vitaeris_414,3
imgt:Product_Viventia_Biotechnologies_Inc_236,3
imgt:Product_Weill_Cornell_Medical_1028,3
imgt:Product_Weill_Cornell_Medical_1029,3
imgt:Product_Weill_Cornell_Medical_110,3
imgt:Product_Wellcome_19,3
imgt:Product_Wilex_AG_328,3
imgt:Product_Wyeth_Pharmaceuticals_205,3
imgt:Product_Xencor_Inc_1083,3
imgt:Product_Xencor_Inc_1084,3
imgt:Product_Xencor_Inc_1085,3
imgt:Product_Xencor_Inc_919,3
imgt:Product_Xencor_Inc_920,3
imgt:Product_Xencor_Inc_921,3
imgt:Product_Xenova_Biomedix_Limited_732,3
imgt:Product_Y-Biologics_1236,3
imgt:Product_Y-mAbs_Therapeutics_Inc_750,3
imgt:Product_Zhejiang_Hisun_Pharmaceutical_Co_LTD_1040,3
imgt:Product_ZymeWorks_Inc_1075,3
imgt:Psoriasis,3
"imgt:Pulmonary,_Respiratory_diseases",3
imgt:Pulmonary_Fibrosis,3
imgt:Ratnor,3
imgt:Scleroderma,3
imgt:Segment_1380_2,3
imgt:Segment_825_1,3
imgt:Segment_Construct_Bougainvillea_spectabilis_Willd_bouganin_236_1,3
imgt:Segment_Construct_Phytolacca_americana_antiviral_protein_PAP_282_1,3
imgt:Segment_Construct_Pseudomonas_aeruginosa_exotoxin_A_1380_1,3
imgt:Segment_Construct_Pseudomonas_aeruginosa_exotoxin_A_198_1,3
imgt:Segment_Construct_Pseudomonas_aeruginosa_exotoxin_A_202_1,3
imgt:Segment_Construct_Pseudomonas_aeruginosa_exotoxin_A_203_1,3
imgt:Segment_Construct_Pseudomonas_aeruginosa_exotoxin_A_204_1,3
imgt:Segment_Construct_Pseudomonas_aeruginosa_exotoxin_A_206_1,3
imgt:Segment_Construct_Pseudomonas_aeruginosa_exotoxin_A_237_1,3
imgt:Segment_Construct_Ricinus_communis_ricin_A_314_1,3
imgt:Segment_Construct_Ricinus_communis_ricin_A_320_1,3
imgt:Segment_Construct_Staphylococcus_aureus_enterotoxin_A_287_1,3
imgt:Segment_Construct_Staphylococcus_aureus_enterotoxin_E_SEA/E120_superantigen_65_1,3
imgt:StudyProduct_3SBio_Inc_Acute_lymphocytic_leukemia_(ALL)_509,3
imgt:StudyProduct_3SBio_Inc_Acute_myeloid_leukemia_(AML)_509,3
imgt:StudyProduct_ADC_Therapeutics_Acute_lymphocytic_leukemia_(ALL)_228,3
imgt:StudyProduct_ADC_Therapeutics_Acute_lymphocytic_leukemia_(ALL)_759,3
imgt:StudyProduct_ADC_Therapeutics_Acute_lymphocytic_leukemia_(ALL)_775,3
imgt:StudyProduct_ADC_Therapeutics_Hodgkin_lymphoma_228,3
imgt:StudyProduct_ADC_Therapeutics_Hodgkin_lymphoma_775,3
imgt:StudyProduct_ALX_Oncology_Inc_Acute_myeloid_leukemia_(AML)_1293,3
imgt:StudyProduct_ALX_Oncology_Inc_Cancers_head_and_neck_1293,3
imgt:StudyProduct_ALX_Oncology_Inc_Non-Hodgkins_lymphoma_(NHL)_1293,3
imgt:StudyProduct_ALX_Oncology_Inc_Solid_tumors_1293,3
imgt:StudyProduct_AVEO_Pharmaceuticals_Cancers_lung_379,3
imgt:StudyProduct_AVEO_Pharmaceuticals_Cancers_non-small_cell_lung_(NSCLC)_379,3
imgt:StudyProduct_AVEO_Pharmaceuticals_Neoplasms_379,3
imgt:StudyProduct_AVEO_Pharmaceuticals_Solid_tumors_379,3
imgt:StudyProduct_AbbVie_Inc_Cancers_non-small_cell_lung_(NSCLC)_1307,3
imgt:StudyProduct_AbbVie_Inc_Cancers_squamous_645,3
imgt:StudyProduct_AbbVie_Inc_Carcinoma_head_and_neck_squamous_cell_carcinoma_(HNSCC)_1307,3
imgt:StudyProduct_AbbVie_Inc_Crohns_disease_(CD)_1307,3
imgt:StudyProduct_AbbVie_Inc_Multiple_myeloma_(MM)_720,3
imgt:StudyProduct_Abcuro_Inc_T-cell_Large_Granular_Lymphocytic_Leukemia_1344,3
imgt:StudyProduct_Acceleron_Pharma_Inc_Anemia_chemotherapy-induced_(CIA)_331,3
imgt:StudyProduct_Acceleron_Pharma_Inc_Anemia_in_chronic_kidney_disease-related_(CKD)_331,3
imgt:StudyProduct_Acceleron_Pharma_Inc_Bone_loss_in_cancer_331,3
imgt:StudyProduct_Acceleron_Pharma_Inc_Multiple_myeloma_(MM)_388,3
imgt:StudyProduct_Acceleron_Pharma_Inc_Myelodysplastic_syndromes_(MDS)_331,3
imgt:StudyProduct_Acceleron_Pharma_Inc_Solid_tumors_388,3
imgt:StudyProduct_Actinium_Pharmaceuticals_Inc_Acute_myeloid_leukemia_(AML)_936,3
imgt:StudyProduct_Active_Biotech_AB_Non-small_lung_carcinoma_65,3
imgt:StudyProduct_Active_Biotech_AB_Renal_cell_carcinoma_(RCC)_65,3
imgt:StudyProduct_Adaptimmune_LLC_Cancers_non-small_cell_lung_(NSCLC)_984,3
imgt:StudyProduct_Adaptimmune_LLC_Cancers_non-small_cell_lung_(NSCLC)_987,3
imgt:StudyProduct_Adaptimmune_LLC_Solid_tumors_1041,3
imgt:StudyProduct_Adnexus_Cancers_colorectal_(CRC)_634,3
imgt:StudyProduct_Adnexus_Cancers_non-small_cell_lung_(NSCLC)_634,3
imgt:StudyProduct_Adnexus_Glioblastoma_634,3
imgt:StudyProduct_Affibody_AB_Cancers_breast_1115,3
imgt:StudyProduct_Affimed_Therapeutics_Hodgkin_lymphoma_1388,3
imgt:StudyProduct_Agensys_Cancers_bladder_166,3
imgt:StudyProduct_Agensys_Cancers_pancreatic_166,3
imgt:StudyProduct_Agensys_Cancers_prostate_166,3
imgt:StudyProduct_Akeso_Biopharma_Inc_Acute_myeloid_leukemia_(AML)_1197,3
imgt:StudyProduct_Akeso_Biopharma_Inc_Adenocarcinoma_gastric_1124,3
imgt:StudyProduct_Akeso_Biopharma_Inc_Cancer_gynecology_1196,3
imgt:StudyProduct_Akeso_Biopharma_Inc_Cancers_nasopharyngeal_1093,3
imgt:StudyProduct_Akeso_Biopharma_Inc_Cancers_non-small_cell_lung_(NSCLC)_1124,3
imgt:StudyProduct_Akeso_Biopharma_Inc_Cancers_non-small_cell_lung_(NSCLC)_metastatic_1093,3
imgt:StudyProduct_Akeso_Biopharma_Inc_Carcinoma_nasopharyngeal_(NC)_1124,3
imgt:StudyProduct_Akeso_Biopharma_Inc_GE_Junction_Cancer_1194,3
imgt:StudyProduct_Akeso_Biopharma_Inc_Hepatocellular_carcinoma_(HCC)_1124,3
imgt:StudyProduct_Akeso_Biopharma_Inc_Hodgkin_lymphoma_1093,3
imgt:StudyProduct_Akeso_Biopharma_Inc_Myelodysplastic_syndromes_(MDS)_1197,3
imgt:StudyProduct_Akeso_Biopharma_Inc_Neoplasms_1196,3
imgt:StudyProduct_Akeso_Biopharma_Inc_Peripheral_T/NK_cell_lymphoma_1124,3
imgt:StudyProduct_Akeso_Biopharma_Inc_Solid_tumors_1093,3
imgt:StudyProduct_Akeso_Biopharma_Inc_Solid_tumors_1196,3
imgt:StudyProduct_Alder_Biopharmaceuticals_Inc_Crohns_disease_(CD)_414,3
imgt:StudyProduct_Alder_Biopharmaceuticals_Inc_Psoriatic_arthritis_(PSA)_414,3
imgt:StudyProduct_Alder_Biopharmaceuticals_Inc_Rheumatoid_arthritis_(RA)_414,3
imgt:StudyProduct_Alexion_Pharmaceuticals_Inc_Cancers_blood_356,3
imgt:StudyProduct_Alexion_Pharmaceuticals_Inc_Multiple_myeloma_(MM)_356,3
imgt:StudyProduct_Alphamab_CoLtd_Cancers_breast_triple_negative_(TNBC)_1127,3
imgt:StudyProduct_Alphamab_CoLtd_Cancers_gastric_1122,3
imgt:StudyProduct_Alphamab_CoLtd_Carcinoma_esophageal_1127,3
imgt:StudyProduct_Alpine_Immune_Sciences_Lymphoma_1227,3
imgt:StudyProduct_AltaRex_Corp_Cancers_ovarian_136,3
imgt:StudyProduct_Altor_BioScience_Solid_tumors_advanced_or_metastatic_926,3
imgt:StudyProduct_Amgen_Adenocarcinoma_988,3
imgt:StudyProduct_Amgen_Adenocarcinoma_gastric_1200,3
imgt:StudyProduct_Amgen_Asthma_366,3
imgt:StudyProduct_Amgen_Cancers_168,3
imgt:StudyProduct_Amgen_Cancers_302,3
imgt:StudyProduct_Amgen_Cancers_breast_789,3
imgt:StudyProduct_Amgen_Cancers_colorectal_(CRC)_196,3
imgt:StudyProduct_Amgen_Cancers_endometrial_(EC)_408,3
imgt:StudyProduct_Amgen_Cancers_gastric_302,3
imgt:StudyProduct_Amgen_Cancers_head_and_neck_196,3
imgt:StudyProduct_Amgen_Cancers_non-small_cell_lung_(NSCLC)_224,3
imgt:StudyProduct_Amgen_Cancers_non-small_cell_lung_(NSCLC)_249,3
imgt:StudyProduct_Amgen_Cancers_ovarian_408,3
imgt:StudyProduct_Amgen_Cancers_prostate_249,3
imgt:StudyProduct_Amgen_Cancers_prostate_498,3
imgt:StudyProduct_Amgen_Ewing_sarcoma_168,3
imgt:StudyProduct_Amgen_Glioblastoma_838,3
imgt:StudyProduct_Amgen_Multiple_myeloma_(MM)_249,3
imgt:StudyProduct_Amgen_Solid_tumors_405,3
imgt:StudyProduct_Amphivena_Therapeutics_Myelodysplastic_syndromes_(MDS)_1152,3
imgt:StudyProduct_Antisoma_Angiogenesis_23,3
imgt:StudyProduct_Antisoma_Cancers_breast_251,3
imgt:StudyProduct_Antisoma_Cancers_renal_257,3
imgt:StudyProduct_Antisoma_Melanoma_257,3
imgt:StudyProduct_Apexigen_Inc_Cancers_non-small_cell_lung_(NSCLC)_1088,3
imgt:StudyProduct_Apexigen_Inc_Cancers_pancreatic_metastatic_1088,3
imgt:StudyProduct_Apexigen_Inc_Carcinoma_esophageal_1088,3
imgt:StudyProduct_Apexigen_Inc_Renal_cell_carcinoma_(RCC)_1088,3
imgt:StudyProduct_Apexigen_Inc_Soft-tissue_sarcoma_(STS)_1088,3
imgt:StudyProduct_Appolomics_Inc_Hepatocellular_carcinoma_(HCC)_1077,3
imgt:StudyProduct_Aptevo_Therapeutics_Chronic_lymphocytic_leukemia_(CLL)_488,3
imgt:StudyProduct_Aptevo_Therapeutics_Non-Hodgkins_lymphoma_(NHL)_488,3
imgt:StudyProduct_Arcus_Biosciences_Inc_Cancers_non-small_cell_lung_(NSCLC)_1356,3
imgt:StudyProduct_Arcus_Biosciences_Inc_Melanoma_1356,3
imgt:StudyProduct_Arcus_Biosciences_Inc_Multiple_myeloma_(MM)_1356,3
imgt:StudyProduct_Arcus_Biosciences_Inc_Non-Hodgkins_lymphoma_(NHL)_1356,3
imgt:StudyProduct_Arcus_Biosciences_Inc_Solid_tumors_1071,3
imgt:StudyProduct_Aspyrian_Therapeutics_Inc_Cancers_907,3
imgt:StudyProduct_Astellas_Pharma_Inc_Cancers_755,3
imgt:StudyProduct_AstraZeneca_Cancers_615,3
imgt:StudyProduct_AstraZeneca_Cancers_breast_451,3
imgt:StudyProduct_AstraZeneca_Cancers_colorectal_(CRC)_1418,3
imgt:StudyProduct_AstraZeneca_Cancers_non-small_cell_lung_(NSCLC)_469,3
imgt:StudyProduct_AstraZeneca_Chronic_lymphocytic_leukemia_(CLL)_198,3
imgt:StudyProduct_AstraZeneca_Glioblastoma_multiforme_(GBM)_469,3
imgt:StudyProduct_AstraZeneca_Melanoma_metastatic_240,3
imgt:StudyProduct_AstraZeneca_Mesothelioma_malignant_248,3
imgt:StudyProduct_AstraZeneca_Rheumatoid_arthritis_(RA)_562,3
imgt:StudyProduct_AstraZeneca_Sarcoma_240,3
imgt:StudyProduct_AstraZeneca_Solid_tumors_528,3
imgt:StudyProduct_Atridia_Pty_Ltd_Carcinoma_esophageal_659,3
imgt:StudyProduct_Autolus_Therapeutics_plc_Acute_lymphocytic_leukemia_(ALL)_1103,3
imgt:StudyProduct_Baxter_BioScience_Cancers_504,3
imgt:StudyProduct_Baxter_BioScience_Inflammatory_conditions_504,3
imgt:StudyProduct_Bayer_AG_Cancers_1285,3
imgt:StudyProduct_Bayer_AG_Cancers_prostate_metastatic_1276,3
imgt:StudyProduct_Bayer_HealthCare_Pharmaceuticals_Cancers_938,3
imgt:StudyProduct_Bayer_HealthCare_Pharmaceuticals_Cancers_prostate_498,3
imgt:StudyProduct_Bayer_HealthCare_Pharmaceuticals_Solid_tumors_471,3
imgt:StudyProduct_Beckman_Research_Institute_Cancers_145,3
imgt:StudyProduct_Behringwerke_Aktiengesellschaft_Cancers_breast_27,3
imgt:StudyProduct_Behringwerke_Aktiengesellschaft_Cancers_colorectal_(CRC)_27,3
imgt:StudyProduct_Behringwerke_Aktiengesellschaft_Cancers_lung_27,3
imgt:StudyProduct_BeiGene_Cancers_non-small_cell_lung_(NSCLC)_757,3
imgt:StudyProduct_BioAtla_LLC_Solid_tumors_1268,3
imgt:StudyProduct_BioAtla_LLC_Solid_tumors_1269,3
imgt:StudyProduct_BioAtla_LLC_Solid_tumors_1273,3
imgt:StudyProduct_BioAtla_LLC_Solid_tumors_1274,3
imgt:StudyProduct_BioClin_Therapeutics_Inc_Solid_tumors_891,3
imgt:StudyProduct_Biogen_Inc_Allergic_asthma_158,3
imgt:StudyProduct_Biogen_Inc_Chronic_lymphocytic_leukemia_(CLL)_158,3
imgt:StudyProduct_Biogen_Inc_Lymphoma_splenic_marginal_zone_(SMZL)_238,3
imgt:StudyProduct_Biogen_Inc_Myasthenia_Gravis_(MG)_161,3
imgt:StudyProduct_Biogen_Inc_Non-Hodgkins_lymphoma_(NHL)_154,3
imgt:StudyProduct_Biogen_Inc_Non-Hodgkins_lymphoma_(NHL)_238,3
imgt:StudyProduct_Biogen_Inc_Non-Hodgkins_lymphoma_(NHL)_313,3
imgt:StudyProduct_Biogen_Inc_Psoriasis_154,3
imgt:StudyProduct_Biotest_AG_Multiple_myeloma_(MM)_389,3
imgt:StudyProduct_Boehringer_Ingelheim_Pharmaceuticals_Acute_myeloid_leukemia_(AML)_743,3
imgt:StudyProduct_Boehringer_Ingelheim_Pharmaceuticals_Cancers_squamous_283,3
imgt:StudyProduct_Boehringer_Ingelheim_Pharmaceuticals_Lymphoma_follicular_(FL)_1009,3
imgt:StudyProduct_Boehringer_Ingelheim_Pharmaceuticals_Lymphoma_follicular_(FL)_1017,3
imgt:StudyProduct_Boehringer_Ingelheim_Pharmaceuticals_Solid_tumors_1009,3
imgt:StudyProduct_Bristol-Myers_Squibb_Acute_myeloid_leukemia_(AML)_423,3
imgt:StudyProduct_Bristol-Myers_Squibb_Cancers_344,3
imgt:StudyProduct_Bristol-Myers_Squibb_Cancers_breast_150,3
imgt:StudyProduct_Bristol-Myers_Squibb_Cancers_colorectal_(CRC)_634,3
imgt:StudyProduct_Bristol-Myers_Squibb_Cancers_head_and_neck_424,3
imgt:StudyProduct_Bristol-Myers_Squibb_Cancers_non-small_cell_lung_(NSCLC)_634,3
imgt:StudyProduct_Bristol-Myers_Squibb_Cancers_ovarian_150,3
imgt:StudyProduct_Bristol-Myers_Squibb_Chronic_lymphocytic_leukemia_(CLL)_781,3
imgt:StudyProduct_Bristol-Myers_Squibb_Glioblastoma_634,3
imgt:StudyProduct_Bristol-Myers_Squibb_Hodgkin_lymphoma_781,3
imgt:StudyProduct_Bristol-Myers_Squibb_Lymphoma_primary_mediastinal_B_cell_(PMBL)_424,3
imgt:StudyProduct_Bristol-Myers_Squibb_Melanoma_metastatic_614,3
imgt:StudyProduct_Bristol-Myers_Squibb_Multiple_myeloma_(MM)_483,3
imgt:StudyProduct_Bristol-Myers_Squibb_Myelodysplastic_syndromes_(MDS)_1362,3
imgt:StudyProduct_Bristol-Myers_Squibb_Neoplasms_1362,3
imgt:StudyProduct_Bristol-Myers_Squibb_Non-Hodgkins_lymphoma_(NHL)_514,3
imgt:StudyProduct_Bristol-Myers_Squibb_Non-Hodgkins_lymphoma_(NHL)_781,3
imgt:StudyProduct_Bristol-Myers_Squibb_Renal_cell_carcinoma_(RCC)_514,3
imgt:StudyProduct_Bristol-Myers_Squibb_Tumors_373,3
imgt:StudyProduct_CARsgen_Therapeutics_Multiple_myeloma_(MM)_1230,3
imgt:StudyProduct_CJSC_Biocad_Cancers_non-small_cell_lung_(NSCLC)_856,3
imgt:StudyProduct_CMC_Biopharmaceuticals_Melanoma_191,3
imgt:StudyProduct_CRISPR_Therapeutics_Hematologic-blood_cancer_1229,3
imgt:StudyProduct_CRISPR_Therapeutics_Multiple_myeloma_(MM)_1231,3
imgt:StudyProduct_CStone_Pharmaceuticals_Hodgkin_lymphoma_1031,3
imgt:StudyProduct_CStone_Pharmaceuticals_Solid_tumors_1031,3
imgt:StudyProduct_CStone_Pharmaceuticals_Solid_tumors_1211,3
imgt:StudyProduct_CStone_Pharmaceuticals_T_cell_lymphoma_1031,3
imgt:StudyProduct_Cambridge_Antibody_Technology_Cancers_colorectal_(CRC)_184,3
imgt:StudyProduct_Cambridge_Antibody_Technology_Cancers_lung_184,3
imgt:StudyProduct_Cambridge_Antibody_Technology_Non-Hodgkins_lymphoma_(NHL)_184,3
imgt:StudyProduct_Cancer_Research_Fund_of_Contra_Costa_Cancers_breast_26,3
imgt:StudyProduct_Cancers_epithelial_ovarian_269,3
imgt:StudyProduct_Cantargia_AB_Cancers_pancreatic_928,3
imgt:StudyProduct_Celgene_corporation_Anemia_chemotherapy-induced_(CIA)_331,3
imgt:StudyProduct_Celgene_corporation_Anemia_in_chronic_kidney_disease-related_(CKD)_331,3
imgt:StudyProduct_Celgene_corporation_Bone_loss_in_cancer_331,3
imgt:StudyProduct_Celgene_corporation_Lymphoma_B_cell_874,3
imgt:StudyProduct_Celgene_corporation_Myelodysplastic_syndromes_(MDS)_331,3
imgt:StudyProduct_Celldex_Therapeutics_Inc_Cancers_breast_332,3
imgt:StudyProduct_Celldex_Therapeutics_Inc_Cancers_ovarian_346,3
imgt:StudyProduct_Celldex_Therapeutics_Inc_Hematologic_malignancies_497,3
imgt:StudyProduct_Celldex_Therapeutics_Inc_Melanoma_346,3
imgt:StudyProduct_Celldex_Therapeutics_Inc_Melanoma_metastatic_332,3
imgt:StudyProduct_Celldex_Therapeutics_Inc_Melanoma_metastatic_565,3
imgt:StudyProduct_Celldex_Therapeutics_Inc_Renal_cell_carcinoma_(RCC)_346,3
imgt:StudyProduct_Celldex_Therapeutics_Inc_Solid_tumors_497,3
imgt:StudyProduct_Celltech_UCB_Cancers_ovarian_33,3
imgt:StudyProduct_Center_of_Molecular_Immunology_(CMI)_Cancers_breast_225,3
imgt:StudyProduct_Center_of_Molecular_Immunology_(CMI)_Melanoma_225,3
imgt:StudyProduct_Centocor_Inc_Cancers_prostate_359,3
imgt:StudyProduct_Centocor_Inc_Multiple_myeloma_(MM)_297,3
imgt:StudyProduct_Centocor_Inc_Neoplasms_297,3
imgt:StudyProduct_Centocor_Inc_Pulmonary_Fibrosis_359,3
imgt:StudyProduct_Centocor_Inc_Renal_cell_carcinoma_(RCC)_297,3
imgt:StudyProduct_Chengdu_Kanghong_Biotech_CoLtd_Age-related_macular_degeneration_(AMD)_neovascular_(wet)_377,3
imgt:StudyProduct_Chengdu_Kanghong_Biotech_CoLtd_Diabetic_macular_edema_377,3
imgt:StudyProduct_Chengdu_Kanghong_Biotech_CoLtd_Solid_tumors_377,3
imgt:StudyProduct_Chiron_Corporation_Immunodeficiency_disease_associated_with_T-cell_defects_671,3
imgt:StudyProduct_Chronic_lymphocytic_leukemia_(CLL)_320,3
imgt:StudyProduct_Chugai_Pharmaceutical_Co_Ltd_Hepatocellular_carcinoma_(HCC)_466,3
imgt:StudyProduct_Chugai_Pharmaceutical_Co_Ltd_Large-vessel_vasculitis_96,3
imgt:StudyProduct_Chugai_Pharmaceutical_Co_Ltd_Myasthenia_Gravis_(MG)_96,3
imgt:StudyProduct_Chugai_Pharmaceutical_Co_Ltd_Neuromyelitis_optica_(NMO)_96,3
imgt:StudyProduct_Corvus_Pharmaceuticals_Severe_acute_respiratory_syndrome_coronavirus_2_(SARS-CoV-2)_infection_(COVID-19)_1212,3
imgt:StudyProduct_CureTech_Acute_myeloid_leukemia_(AML)_453,3
imgt:StudyProduct_CureTech_Cancers_colorectal_(CRC)_metastatic_453,3
imgt:StudyProduct_CureTech_Cancers_liver_453,3
imgt:StudyProduct_CureTech_Cancers_pancreatic_453,3
imgt:StudyProduct_CureTech_Cancers_prostate_453,3
imgt:StudyProduct_CureTech_Hepatitis_C_453,3
imgt:StudyProduct_CureTech_Hodgkin_lymphoma_453,3
imgt:StudyProduct_CureTech_Lymphoma_follicular_(FL)_453,3
imgt:StudyProduct_CureTech_Multiple_myeloma_(MM)_453,3
imgt:StudyProduct_Curocell_Inc_Lymphoma_diffuse_large_B_cell_(DLBCL)_1384,3
imgt:StudyProduct_Cytogen_Corp_Cancers_prostate_117,3
imgt:StudyProduct_Daiichi_Sankyo_Inc_Cancers_breast_234,3
imgt:StudyProduct_Daiichi_Sankyo_Inc_Cancers_non-small_cell_lung_(NSCLC)_407,3
imgt:StudyProduct_Daiichi_Sankyo_Inc_Cancers_non-small_cell_lung_(NSCLC)_964,3
imgt:StudyProduct_Daiichi_Sankyo_Inc_Cancers_ovarian_1350,3
imgt:StudyProduct_Daiichi_Sankyo_Inc_Solid_tumors_407,3
imgt:StudyProduct_DiNonA_Co_Ltd_Acute_lymphocytic_leukemia_(ALL)_509,3
imgt:StudyProduct_DiNonA_Co_Ltd_Acute_myeloid_leukemia_(AML)_509,3
imgt:StudyProduct_Eli_Lilly_Autoimmune_diseases_385,3
imgt:StudyProduct_Eli_Lilly_Cancers_bladder_295,3
imgt:StudyProduct_Eli_Lilly_Cancers_breast_295,3
imgt:StudyProduct_Eli_Lilly_Cancers_colon_365,3
imgt:StudyProduct_Eli_Lilly_Cancers_colorectal_(CRC)_312,3
imgt:StudyProduct_Eli_Lilly_Cancers_colorectal_(CRC)_metastatic_294,3
imgt:StudyProduct_Eli_Lilly_Cancers_gastric_496,3
imgt:StudyProduct_Eli_Lilly_Cancers_non-small_cell_lung_(NSCLC)_290,3
imgt:StudyProduct_Eli_Lilly_Cancers_ovarian_352,3
imgt:StudyProduct_Eli_Lilly_Cancers_rectal_365,3
imgt:StudyProduct_Eli_Lilly_Connective_tissue_disease_385,3
imgt:StudyProduct_Eli_Lilly_Glioblastoma_352,3
imgt:StudyProduct_Eli_Lilly_Hepatocellular_carcinoma_(HCC)_290,3
imgt:StudyProduct_Eli_Lilly_Multiple_myeloma_(MM)_385,3
imgt:StudyProduct_Eli_Lilly_Rheumatoid_arthritis_(RA)_385,3
imgt:StudyProduct_Eli_Lilly_Sjögrens_syndrome_(SjS)_776,3
imgt:StudyProduct_Eli_Lilly_Solid_tumors_1112,3
imgt:StudyProduct_Eli_Lilly_Solid_tumors_294,3
imgt:StudyProduct_Eli_Lilly_Solid_tumors_295,3
imgt:StudyProduct_Eli_Lilly_Solid_tumors_advanced_or_metastatic_496,3
imgt:StudyProduct_Eli_Lilly_Systemic_lupus_erythematosus_(SLE)_385,3
imgt:StudyProduct_Eli_Lilly_Tumor_vasculature_295,3
imgt:StudyProduct_Emergent_Biosolutions_Cancers_prostate_580,3
imgt:StudyProduct_EpimAb_Biotherapeutics_Solid_tumors_1207,3
imgt:StudyProduct_Facet_Biotech_Solid_tumors_360,3
imgt:StudyProduct_FibroGen_Inc_Hepatic_fibrosis_554,3
imgt:StudyProduct_Five_Prime_Therapeutics_Inc_GE_Junction_Cancer_770,3
imgt:StudyProduct_Forty_Seven_Inc_Cancers_colorectal_(CRC)_916,3
imgt:StudyProduct_Fresenius_Biotech_GmbH_Cancers_breast_219,3
imgt:StudyProduct_Fresenius_Biotech_GmbH_Cancers_ovarian_218,3
imgt:StudyProduct_Fudan_University_Solid_tumors_1339,3
imgt:StudyProduct_Fudan_University_Solid_tumors_1340,3
imgt:StudyProduct_Ganymed_Pharmaceuticals_AG_Cancers_pancreatic_753,3
imgt:StudyProduct_Ganymed_Pharmaceuticals_AG_Solid_tumors_753,3
imgt:StudyProduct_Genentech_Inc_Cancers_bladder_526,3
imgt:StudyProduct_Genentech_Inc_Cancers_breast_526,3
imgt:StudyProduct_Genentech_Inc_Cancers_breast_98,3
imgt:StudyProduct_Genentech_Inc_Cancers_colorectal_(CRC)_348,3
imgt:StudyProduct_Genentech_Inc_Cancers_colorectal_(CRC)_metastatic_368,3
imgt:StudyProduct_Genentech_Inc_Cancers_gastric_357,3
imgt:StudyProduct_Genentech_Inc_Cancers_gastric_80,3
imgt:StudyProduct_Genentech_Inc_Cancers_ovarian_80,3
imgt:StudyProduct_Genentech_Inc_Cancers_ovarian_98,3
imgt:StudyProduct_Genentech_Inc_Cancers_pancreatic_795,3
imgt:StudyProduct_Genentech_Inc_Cancers_prostate_531,3
imgt:StudyProduct_Genentech_Inc_Cancers_prostate_80,3
imgt:StudyProduct_Genentech_Inc_Cancers_renal_526,3
imgt:StudyProduct_Genentech_Inc_Large-vessel_vasculitis_96,3
imgt:StudyProduct_Genentech_Inc_Lymphoma_diffuse_large_B_cell_(DLBCL)_232,3
imgt:StudyProduct_Genentech_Inc_Lymphoma_splenic_marginal_zone_(SMZL)_238,3
imgt:StudyProduct_Genentech_Inc_Multiple_myeloma_(MM)_232,3
imgt:StudyProduct_Genentech_Inc_Myasthenia_Gravis_(MG)_161,3
imgt:StudyProduct_Genentech_Inc_Myasthenia_Gravis_(MG)_96,3
imgt:StudyProduct_Genentech_Inc_Neuromyelitis_optica_(NMO)_96,3
imgt:StudyProduct_Genentech_Inc_Non-Hodgkins_lymphoma_(NHL)_232,3
imgt:StudyProduct_Genentech_Inc_Non-Hodgkins_lymphoma_(NHL)_238,3
imgt:StudyProduct_Genentech_Inc_Renal_cell_carcinoma_(RCC)_526,3
imgt:StudyProduct_Genentech_Inc_Solid_tumors_368,3
imgt:StudyProduct_Genentech_Inc_Solid_tumors_374,3
imgt:StudyProduct_Genentech_Inc_Solid_tumors_420,3
imgt:StudyProduct_Genentech_Inc_Solid_tumors_526,3
imgt:StudyProduct_Genentech_Inc_Solid_tumors_80,3
imgt:StudyProduct_Genentech_Inc_Telangiectasia_hereditary_haemorrhagic_(HHT)_24,3
imgt:StudyProduct_Genexine_Lymphocytopenia_820,3
imgt:StudyProduct_Genexine_Solid_tumors_820,3
imgt:StudyProduct_Genmab_A/S_Acute_lymphocytic_leukemia_(ALL)_228,3
imgt:StudyProduct_Genmab_A/S_Acute_lymphocytic_leukemia_(ALL)_775,3
imgt:StudyProduct_Genmab_A/S_Acute_myeloid_leukemia_(AML)_221,3
imgt:StudyProduct_Genmab_A/S_Autoimmune_disorders_228,3
imgt:StudyProduct_Genmab_A/S_Cancers_222,3
imgt:StudyProduct_Genmab_A/S_Cancers_340,3
imgt:StudyProduct_Genmab_A/S_Cancers_head_and_neck_200,3
imgt:StudyProduct_Genmab_A/S_Hematologic_malignancies_1399,3
imgt:StudyProduct_Genmab_A/S_Hodgkin_lymphoma_228,3
imgt:StudyProduct_Genmab_A/S_Hodgkin_lymphoma_775,3
imgt:StudyProduct_Genmab_A/S_Lymphoma_cutaneous_T_cell_(CTCL)_201,3
imgt:StudyProduct_Genmab_A/S_Lymphoma_follicular_(FL)_194,3
imgt:StudyProduct_Genmab_A/S_Mycoisis_fungoides_(MF)_or_Sezary_syndrome_201,3
imgt:StudyProduct_Genmab_A/S_Myeloma_multiple_(MM)_recurrent_or_refractory_301,3
imgt:StudyProduct_Genmab_A/S_Neuromyelitis_optica_(NMO)_194,3
imgt:StudyProduct_Genmab_A/S_Non-Hodgkins_lymphoma_(NHL)_194,3
imgt:StudyProduct_Genmab_A/S_Non-cutaneous_T_cell_lymphoma_(NCTCL)_201,3
imgt:StudyProduct_Genmab_A/S_Pemphigus_vulgaris_(PV)_194,3
imgt:StudyProduct_Genmab_A/S_Rheumatoid_arthritis_(RA)_194,3
imgt:StudyProduct_Genmab_A/S_Solid_tumors_577,3
imgt:StudyProduct_Genmab_A/S_Solid_tumors_813,3
imgt:StudyProduct_Genmab_A/S_Solid_tumors_814,3
imgt:StudyProduct_Genmab_A/S_Solid_tumors_945,3
imgt:StudyProduct_Genmab_A/S_Transplant_rejection_228,3
imgt:StudyProduct_Genor_Biopharma_Co_Ltd_Lymphoma_peripheral_T_cell_(PTCL)_1077,3
imgt:StudyProduct_Genor_Biopharma_Co_Ltd_Lymphoma_primary_mediastinal_B_cell_(PMBL)_1077,3
imgt:StudyProduct_Gilead_Acute_lymphocytic_leukemia_(ALL)_827,3
imgt:StudyProduct_Gilead_Cancers_pancreatic_430,3
imgt:StudyProduct_Gilead_Carcinoma_bladder_cancer_advanced_or_metastatic_urothelial_cancers_1359,3
imgt:StudyProduct_Gilead_Cholangitis_primary_sclerosing_(PSC)_430,3
imgt:StudyProduct_Gilead_Chronic_lymphocytic_leukemia_(CLL)_1233,3
imgt:StudyProduct_Gilead_Colitis_ulcerative_(UC)_533,3
imgt:StudyProduct_Gilead_Idiopathic_pulmonary_fibrosis_430,3
imgt:StudyProduct_Gilead_Myelofibrosis_430,3
imgt:StudyProduct_Gilead_Non-alcoholic_steatohepatitis_(NASH)_430,3
imgt:StudyProduct_Gilead_Solid_tumors_430,3
imgt:StudyProduct_Gilead_Solid_tumors_533,3
imgt:StudyProduct_GlaxoSmithKline_Cancers_615,3
imgt:StudyProduct_GlaxoSmithKline_Cancers_colorectal_(CRC)_52,3
imgt:StudyProduct_GlaxoSmithKline_Cancers_non-small_cell_lung_(NSCLC)_1361,3
imgt:StudyProduct_GlaxoSmithKline_Cancers_non-small_cell_lung_(NSCLC)_52,3
imgt:StudyProduct_GlaxoSmithKline_Cancers_non-small_cell_lung_(NSCLC)_984,3
imgt:StudyProduct_GlaxoSmithKline_Cancers_pancreatic_467,3
imgt:StudyProduct_GlaxoSmithKline_Cancers_pancreatic_52,3
imgt:StudyProduct_GlaxoSmithKline_Cancers_small_cell_lung_(SCLC)_467,3
imgt:StudyProduct_GlaxoSmithKline_Lymphoma_follicular_(FL)_194,3
imgt:StudyProduct_GlaxoSmithKline_Neoplasms_1361,3
imgt:StudyProduct_GlaxoSmithKline_Neuromyelitis_optica_(NMO)_194,3
imgt:StudyProduct_GlaxoSmithKline_Non-Hodgkins_lymphoma_(NHL)_194,3
imgt:StudyProduct_GlaxoSmithKline_Pemphigus_vulgaris_(PV)_194,3
imgt:StudyProduct_GlaxoSmithKline_Rheumatoid_arthritis_(RA)_194,3
imgt:StudyProduct_GlaxoSmithKline_Solid_tumors_467,3
imgt:StudyProduct_Glycotope_GmbH_Cancers_head_and_neck_738,3
imgt:StudyProduct_Graft-versus-host_disease_(GvHD)_314,3
imgt:StudyProduct_Groupe_Suisse_de_Recherche_Clinique_(SAKK)_Cancers_esophageal_resectable_151,3
imgt:StudyProduct_Horizon_Therapeutics_plc_Lymphoma_diffuse_large_B_cell_(DLBCL)_553,3
imgt:StudyProduct_Horizon_Therapeutics_plc_Multiple_sclerosis_(MS)_553,3
imgt:StudyProduct_Horizon_Therapeutics_plc_Myasthenia_Gravis_(MG)_553,3
imgt:StudyProduct_Horizon_Therapeutics_plc_Scleroderma_553,3
imgt:StudyProduct_Hospital_Clínic_de_Barcelona_Acute_myeloid_leukemia_(AML)_1385,3
imgt:StudyProduct_Human_Genome_Sciences_Inc_(HGSI)_Cancers_183,3
imgt:StudyProduct_Human_Genome_Sciences_Inc_(HGSI)_Cancers_colorectal_(CRC)_184,3
imgt:StudyProduct_Human_Genome_Sciences_Inc_(HGSI)_Cancers_lung_184,3
imgt:StudyProduct_Human_Genome_Sciences_Inc_(HGSI)_Non-Hodgkins_lymphoma_(NHL)_184,3
imgt:StudyProduct_Hybritech_Inc_Cancers_colorectal_(CRC)_312,3
imgt:StudyProduct_I-Mab_Biopharma_Lymphoma_1131,3
imgt:StudyProduct_IGM_Biosciences_Inc_Lymphoma_diffuse_large_B_cell_(DLBCL)_1257,3
imgt:StudyProduct_IGM_Biosciences_Inc_Lymphoma_follicular_(FL)_1257,3
imgt:StudyProduct_IGM_Biosciences_Inc_Lymphoma_mantle_cell_(MCL)_1257,3
imgt:StudyProduct_IGM_Biosciences_Inc_Lymphoma_splenic_marginal_zone_(SMZL)_1257,3
imgt:StudyProduct_ImClone_Systems_Inc_Cancers_bladder_295,3
imgt:StudyProduct_ImClone_Systems_Inc_Cancers_breast_295,3
imgt:StudyProduct_ImClone_Systems_Inc_Cancers_colon_365,3
imgt:StudyProduct_ImClone_Systems_Inc_Cancers_colorectal_(CRC)_metastatic_294,3
imgt:StudyProduct_ImClone_Systems_Inc_Cancers_non-small_cell_lung_(NSCLC)_290,3
imgt:StudyProduct_ImClone_Systems_Inc_Cancers_ovarian_352,3
imgt:StudyProduct_ImClone_Systems_Inc_Cancers_rectal_365,3
imgt:StudyProduct_ImClone_Systems_Inc_Cancers_small_cell_lung_(SCLC)_130,3
imgt:StudyProduct_ImClone_Systems_Inc_Glioblastoma_352,3
imgt:StudyProduct_ImClone_Systems_Inc_Hepatocellular_carcinoma_(HCC)_290,3
imgt:StudyProduct_ImClone_Systems_Inc_Malignant_melanoma_403,3
imgt:StudyProduct_ImClone_Systems_Inc_Melanoma_130,3
imgt:StudyProduct_ImClone_Systems_Inc_Solid_tumors_294,3
imgt:StudyProduct_ImClone_Systems_Inc_Solid_tumors_295,3
imgt:StudyProduct_ImClone_Systems_Inc_Solid_tumors_381,3
imgt:StudyProduct_ImClone_Systems_Inc_Tumor_vasculature_295,3
imgt:StudyProduct_ImaginAb_Inc_Hodgkin_lymphoma_1246,3
imgt:StudyProduct_ImmunoGen_Inc_B_cell_acute_lymphoblastic_leukemia_(B_cell_ALL)_490,3
imgt:StudyProduct_ImmunoGen_Inc_B_cell_leukemia_13,3
imgt:StudyProduct_ImmunoGen_Inc_B_cell_leukemia_208,3
imgt:StudyProduct_ImmunoGen_Inc_Cancers_601,3
imgt:StudyProduct_ImmunoGen_Inc_Cancers_603,3
imgt:StudyProduct_ImmunoGen_Inc_Cancers_colorectal_(CRC)_52,3
imgt:StudyProduct_ImmunoGen_Inc_Cancers_gastric_357,3
imgt:StudyProduct_ImmunoGen_Inc_Cancers_gastric_387,3
imgt:StudyProduct_ImmunoGen_Inc_Cancers_non-small_cell_lung_(NSCLC)_52,3
imgt:StudyProduct_ImmunoGen_Inc_Cancers_pancreatic_52,3
imgt:StudyProduct_ImmunoGen_Inc_Cancers_small_cell_lung_(SCLC)_211,3
imgt:StudyProduct_ImmunoGen_Inc_Ex_vivo_treatment_of_autologous_bone_marrow_and_subsequent_reinfusion_208,3
imgt:StudyProduct_ImmunoGen_Inc_Ex_vivo_treatment_of_autologous_bone_marrow_and_subsequent_reinfusion_210,3
imgt:StudyProduct_ImmunoGen_Inc_GE_Junction_Cancer_387,3
imgt:StudyProduct_ImmunoGen_Inc_Hematologic_malignancies_539,3
imgt:StudyProduct_ImmunoGen_Inc_Leukemia_58,3
imgt:StudyProduct_ImmunoGen_Inc_Lymphoma_B_cell_13,3
imgt:StudyProduct_ImmunoGen_Inc_Lymphoma_B_cell_208,3
imgt:StudyProduct_ImmunoGen_Inc_Lymphoma_diffuse_large_B_cell_(DLBCL)_490,3
imgt:StudyProduct_ImmunoGen_Inc_Multiple_myeloma_(MM)_389,3
imgt:StudyProduct_ImmunoGen_Inc_Myeloid_leukemia_210,3
imgt:StudyProduct_ImmunoGen_Inc_Neoplasms_387,3
imgt:StudyProduct_ImmunoGen_Inc_Non-Hodgkins_lymphoma_(NHL)_490,3
imgt:StudyProduct_ImmunoGen_Inc_Solid_tumors_471,3
imgt:StudyProduct_ImmunoGen_Inc_T_cell_malignancies_209,3
imgt:StudyProduct_ImmunoGen_Inc_Transplant_rejection_209,3
imgt:StudyProduct_Immunocore_Ltd_Melanoma_malignant_798,3
imgt:StudyProduct_Immunomedics_Inc_Cancers_colorectal_(CRC)_62,3
imgt:StudyProduct_Immunomedics_Inc_Cancers_pancreatic_229,3
imgt:StudyProduct_Immunomedics_Inc_Cancers_pancreatic_560,3
imgt:StudyProduct_Immunomedics_Inc_Lymphoma_B_cell_40,3
imgt:StudyProduct_Immunomedics_Inc_Multiple_myeloma_(MM)_135,3
imgt:StudyProduct_Immunomedics_Inc_Non-Hodgkins_lymphoma_(NHL)_125,3
imgt:StudyProduct_Immunomedics_Inc_Non-Hodgkins_lymphoma_(NHL)_21,3
imgt:StudyProduct_Immunomedics_Inc_Non-Hodgkins_lymphoma_(NHL)_40,3
imgt:StudyProduct_Immunomedics_Inc_Systemic_lupus_erythematosus_(SLE)_40,3
imgt:StudyProduct_Incyte_Biosciences_International_Sàrl_Cancers_endometrial_(EC)_1371,3
imgt:StudyProduct_Incyte_Biosciences_International_Sàrl_Cancers_urothelial_(UC)_1371,3
imgt:StudyProduct_Incyte_Biosciences_International_Sàrl_Melanoma_1371,3
imgt:StudyProduct_Inhibrx_Carcinoma_head_and_neck_squamous_cell_carcinoma_(HNSCC)_1477,3
imgt:StudyProduct_Inhibrx_Non-small_lung_carcinoma_1477,3
imgt:StudyProduct_Innate_Pharma_Acute_myeloid_leukemia_(AML)_423,3
imgt:StudyProduct_Innate_Pharma_Multiple_myeloma_(MM)_423,3
imgt:StudyProduct_Innate_Pharma_Rheumatoid_arthritis_(RA)_562,3
imgt:StudyProduct_Innovent_Biologics_Carcinoma_cutaneous_squamous_cell_1281,3
imgt:StudyProduct_Innovent_Biologics_Hepatocellular_carcinoma_(HCC)_1281,3
imgt:StudyProduct_Instituto_de_Salud_Carlos_III_Acute_myeloid_leukemia_(AML)_1385,3
imgt:StudyProduct_Janssen-Cilag_International_NV_Multiple_myeloma_(MM)_297,3
imgt:StudyProduct_Janssen-Cilag_International_NV_Neoplasms_297,3
imgt:StudyProduct_Janssen-Cilag_International_NV_Renal_cell_carcinoma_(RCC)_297,3
imgt:StudyProduct_Janssen_Biotech_Inc_Multiple_myeloma_(MM)_297,3
imgt:StudyProduct_Janssen_Biotech_Inc_Myeloma_multiple_(MM)_recurrent_or_refractory_301,3
imgt:StudyProduct_Janssen_Biotech_Inc_Neoplasms_297,3
imgt:StudyProduct_Janssen_Biotech_Inc_Pulmonary_Fibrosis_359,3
imgt:StudyProduct_Janssen_Biotech_Inc_Renal_cell_carcinoma_(RCC)_297,3
imgt:StudyProduct_Janssen_Pharmaceuticals_inc_Acute_lymphocytic_leukemia_(ALL)_640,3
imgt:StudyProduct_Janssen_Pharmaceuticals_inc_B_cell_acute_lymphoblastic_leukemia_(B_cell_ALL)_640,3
imgt:StudyProduct_Janssen_Pharmaceuticals_inc_Lymphoma_follicular_(FL)_640,3
imgt:StudyProduct_Janssen_Pharmaceuticals_inc_Waldenstrom_macroglobulinemia_(WM)_161,3
imgt:StudyProduct_Jasper_Therapeutics_Inc_Severe_combined_immunodeficiency_(SCID)_1240,3
imgt:StudyProduct_Jiangsu_Hengrui_Medicine_Co_Ltd_Cancers_colorectal_(CRC)_1328,3
imgt:StudyProduct_Jiangsu_Hengrui_Medicine_Co_Ltd_Cancers_gastric_1328,3
imgt:StudyProduct_Jiangsu_Hengrui_Medicine_Co_Ltd_Carcinoma_head_and_neck_squamous_cell_carcinoma_(HNSCC)_1159,3
imgt:StudyProduct_Jiangsu_Hengrui_Medicine_Co_Ltd_Solid_tumors_1159,3
imgt:StudyProduct_Jiangsu_Hengrui_Medicine_Co_Ltd_Solid_tumors_1328,3
imgt:StudyProduct_Jiangsu_Hengrui_Medicine_Co_Ltd_Solid_tumors_999,3
imgt:StudyProduct_Juno_Therapeutics_Acute_lymphocytic_leukemia_(ALL)_876,3
imgt:StudyProduct_Juno_Therapeutics_Lymphoma_B_cell_874,3
imgt:StudyProduct_Juno_Therapeutics_Multiple_myeloma_(MM)_1049,3
imgt:StudyProduct_KaloBios_Pharmaceuticals_Inc_Asthma_505,3
imgt:StudyProduct_KaloBios_Pharmaceuticals_Inc_Hematologic_malignancies_572,3
imgt:StudyProduct_KaloBios_Pharmaceuticals_Inc_Rheumatoid_arthritis_(RA)_505,3
imgt:StudyProduct_Kymab_Cancers_esophageal_1120,3
imgt:StudyProduct_Kymab_Cancers_gastric_1120,3
imgt:StudyProduct_Kymab_Cancers_non-small_cell_lung_(NSCLC)_1120,3
imgt:StudyProduct_Kymab_Hepatocellular_carcinoma_(HCC)_1120,3
imgt:StudyProduct_Kymab_Melanoma_1120,3
imgt:StudyProduct_Kyowa_Hakko_Kirin_Lymphoma_peripheral_T_cell_(PTCL)_366,3
imgt:StudyProduct_Kyowa_Hakko_Kirin_Peripheral_T/NK_cell_lymphoma_366,3
imgt:StudyProduct_Kyowa_Hakko_Kirin_Tropical_spastic_paraparesis_(TSP_model_for_multiple_sclerosis)_366,3
imgt:StudyProduct_Leap_Therapeutics_Cancer_hepatobiliary_1187,3
imgt:StudyProduct_Leap_Therapeutics_Cancers_gastrointestinal_1187,3
imgt:StudyProduct_Leap_Therapeutics_Cancers_prostate_metastatic_1187,3
imgt:StudyProduct_Lees_Pharmaceutical_Cancer_cervix_1172,3
imgt:StudyProduct_Lees_Pharmaceutical_Osteosarcoma_1172,3
imgt:StudyProduct_Life_Science_Pharmaceuticals_(LSP)_Malignant_melanoma_274,3
imgt:StudyProduct_Ludwig_Institute_for_Cancer_Research_Malignant_melanoma_274,3
imgt:StudyProduct_Lymphoma_cutaneous_T_cell_(CTCL)_314,3
imgt:StudyProduct_Lyvgen_Biopharma_Cancers_esophageal_metastatic_1365,3
imgt:StudyProduct_Lyvgen_Biopharma_Cancers_esophageal_metastatic_1366,3
imgt:StudyProduct_Lyvgen_Biopharma_Cancers_esophageal_metastatic_1367,3
imgt:StudyProduct_Lyvgen_Biopharma_Cancers_gastric_1365,3
imgt:StudyProduct_Lyvgen_Biopharma_Cancers_gastric_1366,3
imgt:StudyProduct_Lyvgen_Biopharma_Cancers_gastric_1367,3
imgt:StudyProduct_Lyvgen_Biopharma_Carcinoma_head_and_neck_squamous_cell_(HNSCC)_recurrent_or_metastatic_1365,3
imgt:StudyProduct_Lyvgen_Biopharma_Carcinoma_head_and_neck_squamous_cell_(HNSCC)_recurrent_or_metastatic_1366,3
imgt:StudyProduct_Lyvgen_Biopharma_Carcinoma_head_and_neck_squamous_cell_(HNSCC)_recurrent_or_metastatic_1367,3
imgt:StudyProduct_Lyvgen_Biopharma_Hepatocellular_carcinoma_(HCC)_metastatic_1366,3
imgt:StudyProduct_MD_Anderson_Cancer_Center_Cancers_esophageal_metastatic_1365,3
imgt:StudyProduct_MD_Anderson_Cancer_Center_Cancers_esophageal_metastatic_1366,3
imgt:StudyProduct_MD_Anderson_Cancer_Center_Cancers_esophageal_metastatic_1367,3
imgt:StudyProduct_MD_Anderson_Cancer_Center_Cancers_gastric_1365,3
imgt:StudyProduct_MD_Anderson_Cancer_Center_Cancers_gastric_1366,3
imgt:StudyProduct_MD_Anderson_Cancer_Center_Cancers_gastric_1367,3
imgt:StudyProduct_MD_Anderson_Cancer_Center_Carcinoma_head_and_neck_squamous_cell_(HNSCC)_recurrent_or_metastatic_1365,3
imgt:StudyProduct_MD_Anderson_Cancer_Center_Carcinoma_head_and_neck_squamous_cell_(HNSCC)_recurrent_or_metastatic_1366,3
imgt:StudyProduct_MD_Anderson_Cancer_Center_Carcinoma_head_and_neck_squamous_cell_(HNSCC)_recurrent_or_metastatic_1367,3
imgt:StudyProduct_MD_Anderson_Cancer_Center_Hepatocellular_carcinoma_(HCC)_metastatic_1366,3
imgt:StudyProduct_MRC_Laboratory_of_Molecular_Biology_Cancers_breast_27,3
imgt:StudyProduct_MRC_Laboratory_of_Molecular_Biology_Cancers_colorectal_(CRC)_27,3
imgt:StudyProduct_MRC_Laboratory_of_Molecular_Biology_Cancers_lung_27,3
imgt:StudyProduct_MRC_Technology_Angiogenesis_23,3
imgt:StudyProduct_MacroGenics_Inc_Acute_lymphocytic_leukemia_(ALL)_640,3
imgt:StudyProduct_MacroGenics_Inc_B_cell_acute_lymphoblastic_leukemia_(B_cell_ALL)_640,3
imgt:StudyProduct_MacroGenics_Inc_Cancers_breast_triple_negative_(TNBC)_1289,3
imgt:StudyProduct_MacroGenics_Inc_Cancers_colorectal_(CRC)_metastatic_968,3
imgt:StudyProduct_MacroGenics_Inc_Cancers_gastric_473,3
imgt:StudyProduct_MacroGenics_Inc_Cancers_non-small_cell_lung_(NSCLC)_1289,3
imgt:StudyProduct_MacroGenics_Inc_Cancers_prostate_metastatic_1289,3
imgt:StudyProduct_MacroGenics_Inc_Hematologic-blood_cancer_1032,3
imgt:StudyProduct_MacroGenics_Inc_Lymphoma_follicular_(FL)_640,3
imgt:StudyProduct_MacroGenics_Inc_Melanoma_1289,3
imgt:StudyProduct_MacroGenics_Inc_Myelodysplastic_syndromes_(MDS)_679,3
imgt:StudyProduct_MacroGenics_Inc_Solid_tumors_473,3
imgt:StudyProduct_MedImmune_Cancers_581,3
imgt:StudyProduct_MedImmune_Cancers_615,3
imgt:StudyProduct_MedImmune_Cancers_breast_451,3
imgt:StudyProduct_MedImmune_Cancers_non-small_cell_lung_(NSCLC)_1317,3
imgt:StudyProduct_MedImmune_Cancers_non-small_cell_lung_(NSCLC)_469,3
imgt:StudyProduct_MedImmune_Chronic_lymphocytic_leukemia_(CLL)_198,3
imgt:StudyProduct_MedImmune_Glioblastoma_multiforme_(GBM)_469,3
imgt:StudyProduct_MedImmune_Lymphoma_diffuse_large_B_cell_(DLBCL)_1062,3
imgt:StudyProduct_MedImmune_Melanoma_metastatic_240,3
imgt:StudyProduct_MedImmune_Mesothelioma_malignant_248,3
imgt:StudyProduct_MedImmune_Multiple_myeloma_(MM)_1062,3
imgt:StudyProduct_MedImmune_Rheumatoid_arthritis_(RA)_562,3
imgt:StudyProduct_MedImmune_Sarcoma_240,3
imgt:StudyProduct_MedImmune_Solid_tumors_528,3
imgt:StudyProduct_MedImmune_Solid_tumors_617,3
imgt:StudyProduct_MedImmune_Solid_tumors_advanced_or_metastatic_1317,3
imgt:StudyProduct_Medarex_Acute_myeloid_leukemia_(AML)_221,3
imgt:StudyProduct_Medarex_Anaplastic_large_cell_lymphoma_(ALCL)_250,3
imgt:StudyProduct_Medarex_Cancers_222,3
imgt:StudyProduct_Medarex_Cancers_blood_296,3
imgt:StudyProduct_Medarex_Cancers_prostate_220,3
imgt:StudyProduct_Medarex_Colon_sarcoma_296,3
imgt:StudyProduct_Medarex_ERBB2-positive_malignancies_220,3
imgt:StudyProduct_Medicenna_Therapeutics_Inc_Glioblastoma_multiforme_(GBM)_1380,3
imgt:StudyProduct_Memorial_Sloan-Kettering_Cancer_Center_Cancers_small_cell_lung_(SCLC)_130,3
imgt:StudyProduct_Memorial_Sloan-Kettering_Cancer_Center_Melanoma_130,3
imgt:StudyProduct_Menarini_Cancers_ovarian_111,3
imgt:StudyProduct_Mentrik_Biotech_Non-Hodgkins_lymphoma_(NHL)_425,3
imgt:StudyProduct_Merck_&_Co_Inc_AIDS-related_Kaposis_sarcoma_626,3
imgt:StudyProduct_Merck_&_Co_Inc_Cancers_bladder_166,3
imgt:StudyProduct_Merck_&_Co_Inc_Cancers_bladder_472,3
imgt:StudyProduct_Merck_&_Co_Inc_Cancers_non-small_cell_lung_(NSCLC)_1308,3
imgt:StudyProduct_Merck_&_Co_Inc_Cancers_pancreatic_166,3
imgt:StudyProduct_Merck_&_Co_Inc_Cancers_prostate_166,3
imgt:StudyProduct_Merck_&_Co_Inc_Cancers_small_cell_lung_(SCLC)_1308,3
imgt:StudyProduct_Merck_&_Co_Inc_Chronic_lymphocytic_leukemia_(CLL)_1155,3
imgt:StudyProduct_Merck_&_Co_Inc_Condylomata_acuminata_(anogenital_warts)_626,3
imgt:StudyProduct_Merck_&_Co_Inc_Hepatitis_B_626,3
imgt:StudyProduct_Merck_&_Co_Inc_Hepatitis_C_626,3
imgt:StudyProduct_Merck_&_Co_Inc_Lymphoma_1155,3
imgt:StudyProduct_Merck_&_Co_Inc_Lymphoma_1243,3
imgt:StudyProduct_Merck_&_Co_Inc_Lymphoma_follicular_(FL)_626,3
imgt:StudyProduct_Merck_&_Co_Inc_Malignant_melanoma_626,3
imgt:StudyProduct_Merck_&_Co_Inc_Melanoma_with_nodal_involvement_after_surgical_resection_627,3
imgt:StudyProduct_Merck_&_Co_Inc_Mesothelioma_pleural_malignant_472,3
imgt:StudyProduct_Merck_&_Co_Inc_Solid_tumors_333,3
imgt:StudyProduct_Merck_&_Co_Inc_Solid_tumors_472,3
imgt:StudyProduct_Merck_KgaA_Cancers_colorectal_(CRC)_419,3
imgt:StudyProduct_Merck_KgaA_Cancers_colorectal_(CRC)_433,3
imgt:StudyProduct_Merck_KgaA_Cancers_colorectal_(CRC)_489,3
imgt:StudyProduct_Merck_KgaA_Cancers_colorectal_(CRC)_metastatic_489,3
imgt:StudyProduct_Merck_KgaA_Cancers_head_and_neck_419,3
imgt:StudyProduct_Merck_KgaA_Cancers_head_and_neck_433,3
imgt:StudyProduct_Merck_KgaA_Cancers_non-small_cell_lung_(NSCLC)_419,3
imgt:StudyProduct_Merck_KgaA_Cancers_non-small_cell_lung_(NSCLC)_433,3
imgt:StudyProduct_Merck_KgaA_Cancers_ovarian_489,3
imgt:StudyProduct_Merck_KgaA_Cancers_prostate_489,3
imgt:StudyProduct_Merck_KgaA_Cancers_small_cell_lung_(SCLC)_130,3
imgt:StudyProduct_Merck_KgaA_Carcinoma_bladder_cancer_advanced_or_metastatic_urothelial_cancers_1359,3
imgt:StudyProduct_Merck_KgaA_Melanoma_130,3
imgt:StudyProduct_Merck_Serono_International_SA_Cancers_gastric_39,3
imgt:StudyProduct_Merck_Serono_International_SA_Cancers_lung_39,3
imgt:StudyProduct_Merck_Serono_International_SA_Cancers_ovarian_512,3
imgt:StudyProduct_Merck_Serono_International_SA_Multiple_myeloma_(MM)_213,3
imgt:StudyProduct_Merck_Serono_International_SA_Non-Hodgkins_lymphoma_(NHL)_213,3
imgt:StudyProduct_Merck_Serono_International_SA_Rheumatoid_arthritis_(RA)_213,3
imgt:StudyProduct_Merck_Serono_International_SA_Solid_tumors_512,3
imgt:StudyProduct_Merck_Serono_International_SA_Systemic_lupus_erythematosus_(SLE)_213,3
imgt:StudyProduct_Merrimack_Pharmaceuticals_Cancers_breast_455,3
imgt:StudyProduct_Merrimack_Pharmaceuticals_Cancers_gastric_546,3
imgt:StudyProduct_Merrimack_Pharmaceuticals_Cancers_ovarian_455,3
imgt:StudyProduct_Merrimack_Pharmaceuticals_Hepatocellular_carcinoma_(HCC)_545,3
imgt:StudyProduct_Merrimack_Pharmaceuticals_Solid_tumors_455,3
imgt:StudyProduct_Merus_NV_Acute_myeloid_leukemia_(AML)_812,3
imgt:StudyProduct_MicroSert_Ldt_Coats_disease_24,3
imgt:StudyProduct_Micromet_AG_Cancers_breast_164,3
imgt:StudyProduct_Micromet_AG_Cancers_prostate_164,3
imgt:StudyProduct_Micromet_AG_Solid_tumors_405,3
imgt:StudyProduct_Micromet_Inc_Cancers_prostate_498,3
imgt:StudyProduct_Millennium_Pharmaceuticals_Inc_Cancers_542,3
imgt:StudyProduct_Millennium_Pharmaceuticals_Inc_Myasthenia_Gravis_(MG)_882,3
imgt:StudyProduct_Millennium_Pharmaceuticals_Inc_Systemic_lupus_erythematosus_(SLE)_882,3
imgt:StudyProduct_MolMed_SpA_Cancers_pancreatic_818,3
imgt:StudyProduct_MolMed_SpA_Hepatocellular_carcinoma_(HCC)_818,3
imgt:StudyProduct_MorphoSys_B_cell_acute_lymphoblastic_leukemia_(B_cell_ALL)_522,3
imgt:StudyProduct_MorphoSys_Cancers_prostate_580,3
imgt:StudyProduct_MorphoSys_Multiple_myeloma_(MM)_190,3
imgt:StudyProduct_MorphoSys_Non-Hodgkins_lymphoma_(NHL)_522,3
imgt:StudyProduct_Morphotek_Inc_Melanoma_191,3
imgt:StudyProduct_Morphotek_Inc_Solid_tumors_491,3
imgt:StudyProduct_NIH_Cancers_breast_26,3
imgt:StudyProduct_Nanjing_IASO_Biotherapeutics_CoLtd_Multiple_myeloma_(MM)_1383,3
imgt:StudyProduct_NantCell_Inc_Cancers_168,3
imgt:StudyProduct_NantCell_Inc_Ewing_sarcoma_168,3
imgt:StudyProduct_Nascent_Biotech_Inc_Cancers_pancreatic_270,3
imgt:StudyProduct_National_Cancer_Institute_Adenocarcinoma_gastric_1537,3
imgt:StudyProduct_National_Cancer_Institute_Cancers_colorectal_(CRC)_116,3
imgt:StudyProduct_National_Cancer_Institute_Cancers_gastric_116,3
imgt:StudyProduct_National_Cancer_Institute_Colon_sarcoma_1537,3
imgt:StudyProduct_National_Cancer_Institute_Leukemia_202,3
imgt:StudyProduct_National_Cancer_Institute_Leukemia_204,3
imgt:StudyProduct_National_Cancer_Institute_Lymphoma_16,3
imgt:StudyProduct_National_Cancer_Institute_Lymphoma_202,3
imgt:StudyProduct_National_Cancer_Institute_Lymphoma_204,3
imgt:StudyProduct_National_Cancer_Institute_Melanoma_109,3
imgt:StudyProduct_National_Cancer_Institute_Solid_tumors_109,3
imgt:StudyProduct_National_Cancer_Institute_Solid_tumors_206,3
imgt:StudyProduct_Nektar_Therapeutics_Carcinoma_bladder_cancer_advanced_or_metastatic_urothelial_cancers_1359,3
imgt:StudyProduct_NeoRx_Corp_Cancers_colon_114,3
imgt:StudyProduct_Neogenix_Oncology_Inc_Cancers_colorectal_(CRC)_349,3
imgt:StudyProduct_Neoprobe_Corp_Cancers_breast_137,3
imgt:StudyProduct_Neoprobe_Corp_Cancers_colon_137,3
imgt:StudyProduct_Neoprobe_Corp_Cancers_rectal_137,3
imgt:StudyProduct_Neovii_Biotech_GmbH_Cancers_ovarian_218,3
imgt:StudyProduct_Neurocrine_Biosciences_Glioblastoma_multiforme_(GBM)_1380,3
imgt:StudyProduct_Novartis_Pharmaceuticals_Corp_Cancers_breast_534,3
imgt:StudyProduct_Novartis_Pharmaceuticals_Corp_Cancers_breast_724,3
imgt:StudyProduct_Novartis_Pharmaceuticals_Corp_Cancers_colorectal_(CRC)_metastatic_1364,3
imgt:StudyProduct_Novartis_Pharmaceuticals_Corp_Cancers_esophageal_534,3
imgt:StudyProduct_Novartis_Pharmaceuticals_Corp_Cancers_gastric_534,3
imgt:StudyProduct_Novartis_Pharmaceuticals_Corp_Cancers_head_and_neck_534,3
imgt:StudyProduct_Novartis_Pharmaceuticals_Corp_Cancers_pancreatic_1364,3
imgt:StudyProduct_Novartis_Pharmaceuticals_Corp_Chronic_lymphocytic_leukemia_(CLL)_176,3
imgt:StudyProduct_Novartis_Pharmaceuticals_Corp_Hepatocellular_carcinoma_(HCC)_761,3
imgt:StudyProduct_Novartis_Pharmaceuticals_Corp_Lymphoma_follicular_(FL)_194,3
imgt:StudyProduct_Novartis_Pharmaceuticals_Corp_Multiple_myeloma_(MM)_176,3
imgt:StudyProduct_Novartis_Pharmaceuticals_Corp_Myelodysplastic_syndromes_(MDS)_1364,3
imgt:StudyProduct_Novartis_Pharmaceuticals_Corp_Neuromyelitis_optica_(NMO)_194,3
imgt:StudyProduct_Novartis_Pharmaceuticals_Corp_Non-Hodgkins_lymphoma_(NHL)_194,3
imgt:StudyProduct_Novartis_Pharmaceuticals_Corp_Pemphigus_vulgaris_(PV)_194,3
imgt:StudyProduct_Novartis_Pharmaceuticals_Corp_Pigmented_villonodular_synovitis_(PVNS)_724,3
imgt:StudyProduct_Novartis_Pharmaceuticals_Corp_Rheumatoid_arthritis_(RA)_194,3
imgt:StudyProduct_Novartis_Pharmaceuticals_Corp_Solid_tumors_761,3
imgt:StudyProduct_Novartis_Pharmaceuticals_Corp_Tenosynovial_giant_cell_tumor_(TGCT)_724,3
imgt:StudyProduct_Novartis_Pharmaceuticals_Corp_Tenosynovitis_724,3
imgt:StudyProduct_Novo_Nordisk_Rheumatoid_arthritis_(RA)_940,3
imgt:StudyProduct_OBI_Pharma_USA_Inc_Cancers_gastric_1166,3
imgt:StudyProduct_OBI_Pharma_USA_Inc_Cancers_pancreatic_1165,3
imgt:StudyProduct_OBI_Pharma_USA_Inc_Cancers_pancreatic_1166,3
imgt:StudyProduct_OBI_Pharma_USA_Inc_Solid_tumors_1165,3
imgt:StudyProduct_OBI_Pharma_USA_Inc_Solid_tumors_1166,3
imgt:StudyProduct_OncoMed_Pharmaceuticals_Cancers_415,3
imgt:StudyProduct_OncoMed_Pharmaceuticals_Cancers_803,3
imgt:StudyProduct_OncoMed_Pharmaceuticals_Cancers_pancreatic_467,3
imgt:StudyProduct_OncoMed_Pharmaceuticals_Cancers_small_cell_lung_(SCLC)_467,3
imgt:StudyProduct_OncoMed_Pharmaceuticals_Solid_tumors_467,3
imgt:StudyProduct_OncoMed_Pharmaceuticals_Solid_tumors_470,3
imgt:StudyProduct_OncoMed_Pharmaceuticals_Solid_tumors_475,3
imgt:StudyProduct_OncoTherapy_Science_Inc_Solid_tumors_861,3
imgt:StudyProduct_Oncurious_NV_Solid_tumors_680,3
imgt:StudyProduct_Ono_Pharmaceutical_Co_Ltd_Cancers_424,3
imgt:StudyProduct_Ono_Pharmaceutical_Co_Ltd_Cancers_head_and_neck_424,3
imgt:StudyProduct_Ono_Pharmaceutical_Co_Ltd_Hepatitis_C_424,3
imgt:StudyProduct_Ono_Pharmaceutical_Co_Ltd_Lymphoma_primary_mediastinal_B_cell_(PMBL)_424,3
imgt:StudyProduct_PACT_Pharma_Inc_Solid_tumors_1160,3
imgt:StudyProduct_PDL_(Protein_Design_Labs)_BioPharma_Allograft_rejection_100,3
imgt:StudyProduct_PDL_(Protein_Design_Labs)_BioPharma_Autoimmune_diseases_100,3
imgt:StudyProduct_PDL_(Protein_Design_Labs)_BioPharma_B_cell_acute_lymphoblastic_leukemia_(B_cell_ALL)_100,3
imgt:StudyProduct_PDL_(Protein_Design_Labs)_BioPharma_Chronic_lymphocytic_leukemia_(CLL)_18,3
imgt:StudyProduct_PDL_(Protein_Design_Labs)_BioPharma_Intravenous_steroid-refractory_ulcerative_colitis_(IVSR-UC)_100,3
imgt:StudyProduct_PDL_(Protein_Design_Labs)_BioPharma_Kidney_transplantation_100,3
imgt:StudyProduct_PDL_(Protein_Design_Labs)_BioPharma_Non-Hodgkins_lymphoma_(NHL)_18,3
imgt:StudyProduct_PDL_(Protein_Design_Labs)_BioPharma_Psoriasis_100,3
imgt:StudyProduct_Peregrine_Pharmaceuticals_Inc_Cancers_brain_malignant_glioma_143,3
imgt:StudyProduct_Peregrine_Pharmaceuticals_Inc_Cancers_breast_149,3
imgt:StudyProduct_Peregrine_Pharmaceuticals_Inc_Cancers_liver_149,3
imgt:StudyProduct_Peregrine_Pharmaceuticals_Inc_Cancers_non-small_cell_lung_(NSCLC)_149,3
imgt:StudyProduct_Peregrine_Pharmaceuticals_Inc_Hepatitis_C_149,3
imgt:StudyProduct_Peregrine_Pharmaceuticals_Inc_Influenza_149,3
imgt:StudyProduct_Peregrine_Pharmaceuticals_Inc_Solid_tumors_143,3
imgt:StudyProduct_Pfizer_Acute_lymphocytic_leukemia_(ALL)_259,3
imgt:StudyProduct_Pfizer_Acute_myeloid_leukemia_(AML)_1379,3
imgt:StudyProduct_Pfizer_Cancers_non-small_cell_lung_(NSCLC)_293,3
imgt:StudyProduct_Pfizer_Cancers_non-small_cell_lung_(NSCLC)_969,3
imgt:StudyProduct_Pfizer_Cancers_ovarian_1379,3
imgt:StudyProduct_Pfizer_Cancers_ovarian_512,3
imgt:StudyProduct_Pfizer_Lymphoma_B_cell_1379,3
imgt:StudyProduct_Pfizer_Lymphoma_diffuse_large_B_cell_(DLBCL)_259,3
imgt:StudyProduct_Pfizer_Mesothelioma_pleural_malignant_561,3
imgt:StudyProduct_Pfizer_Multiple_myeloma_(MM)_1379,3
imgt:StudyProduct_Pfizer_Non-Hodgkins_lymphoma_(NHL)_259,3
imgt:StudyProduct_Pfizer_Non-Hodgkins_lymphoma_(NHL)_657,3
imgt:StudyProduct_Pfizer_Solid_tumors_293,3
imgt:StudyProduct_Pfizer_Solid_tumors_512,3
imgt:StudyProduct_Pfizer_Solid_tumors_954,3
imgt:StudyProduct_Philogen_Acute_myeloid_leukemia_(AML)_690,3
imgt:StudyProduct_Philogen_Cancers_pancreatic_796,3
imgt:StudyProduct_Philogen_Lymphoproliferative_disease_370,3
imgt:StudyProduct_Philogen_Merkel_cell_carcinoma_(MCC)_metastatic_690,3
imgt:StudyProduct_Philogen_Solid_tumors_370,3
imgt:StudyProduct_Philogen_Solid_tumors_797,3
imgt:StudyProduct_Precision_Biologics_Cancers_colorectal_(CRC)_349,3
imgt:StudyProduct_Precision_Biosciences_Acute_lymphocytic_leukemia_(ALL)_1102,3
imgt:StudyProduct_Precision_Biosciences_Non-Hodgkins_lymphoma_(NHL)_1102,3
imgt:StudyProduct_Prima_BioMed_Melanoma_metastatic_611,3
imgt:StudyProduct_Progenics_Pharmaceuticals_Inc_Cancers_prostate_513,3
imgt:StudyProduct_Regeneron_Pharmaceuticals_Inc_Acute_lymphocytic_leukemia_(ALL)_962,3
imgt:StudyProduct_Regeneron_Pharmaceuticals_Inc_Acute_myeloid_leukemia_(AML)_846,3
imgt:StudyProduct_Regeneron_Pharmaceuticals_Inc_Cancers_417,3
imgt:StudyProduct_Regeneron_Pharmaceuticals_Inc_Cancers_950,3
imgt:StudyProduct_Regeneron_Pharmaceuticals_Inc_Cancers_non-small_cell_lung_(NSCLC)_1555,3
imgt:StudyProduct_Regeneron_Pharmaceuticals_Inc_Cancers_ovarian_214,3
imgt:StudyProduct_Regeneron_Pharmaceuticals_Inc_Chronic_kidney_disease_(CDK)_1263,3
imgt:StudyProduct_Regeneron_Pharmaceuticals_Inc_Chronic_lymphocytic_leukemia_(CLL)_962,3
imgt:StudyProduct_Regeneron_Pharmaceuticals_Inc_Diabetic_retinopathy_214,3
imgt:StudyProduct_Regeneron_Pharmaceuticals_Inc_Renal_cell_carcinoma_(RCC)_1492,3
imgt:StudyProduct_Regeneron_Pharmaceuticals_Inc_Solid_tumors_452,3
imgt:StudyProduct_Regeneron_Pharmaceuticals_Inc_Solid_tumors_846,3
imgt:StudyProduct_RemeGen_Ltd_Solid_tumors_896,3
imgt:StudyProduct_RemeGen_Ltd_Solid_tumors_931,3
imgt:StudyProduct_Renal_cell_carcinoma_(RCC)_287,3
imgt:StudyProduct_Rhein-Minapharm_Hepatitis_C_624,3
imgt:StudyProduct_Roche_F_Hoffmann-La_Roche_Ltd_Adenocarcinoma_723,3
imgt:StudyProduct_Roche_F_Hoffmann-La_Roche_Ltd_Cancers_416,3
imgt:StudyProduct_Roche_F_Hoffmann-La_Roche_Ltd_Cancers_981,3
imgt:StudyProduct_Roche_F_Hoffmann-La_Roche_Ltd_Cancers_bladder_526,3
imgt:StudyProduct_Roche_F_Hoffmann-La_Roche_Ltd_Cancers_breast_526,3
imgt:StudyProduct_Roche_F_Hoffmann-La_Roche_Ltd_Cancers_colorectal_(CRC)_500,3
imgt:StudyProduct_Roche_F_Hoffmann-La_Roche_Ltd_Cancers_colorectal_(CRC)_metastatic_368,3
imgt:StudyProduct_Roche_F_Hoffmann-La_Roche_Ltd_Cancers_gastric_357,3
imgt:StudyProduct_Roche_F_Hoffmann-La_Roche_Ltd_Cancers_gastric_80,3
imgt:StudyProduct_Roche_F_Hoffmann-La_Roche_Ltd_Cancers_liver_1354,3
imgt:StudyProduct_Roche_F_Hoffmann-La_Roche_Ltd_Cancers_non-small_cell_lung_(NSCLC)_478,3
imgt:StudyProduct_Roche_F_Hoffmann-La_Roche_Ltd_Cancers_ovarian_478,3
imgt:StudyProduct_Roche_F_Hoffmann-La_Roche_Ltd_Cancers_ovarian_482,3
imgt:StudyProduct_Roche_F_Hoffmann-La_Roche_Ltd_Cancers_ovarian_80,3
imgt:StudyProduct_Roche_F_Hoffmann-La_Roche_Ltd_Cancers_pancreatic_795,3
imgt:StudyProduct_Roche_F_Hoffmann-La_Roche_Ltd_Cancers_prostate_531,3
imgt:StudyProduct_Roche_F_Hoffmann-La_Roche_Ltd_Cancers_prostate_80,3
imgt:StudyProduct_Roche_F_Hoffmann-La_Roche_Ltd_Cancers_renal_526,3
imgt:StudyProduct_Roche_F_Hoffmann-La_Roche_Ltd_Cancers_small_cell_lung_(SCLC)_1355,3
imgt:StudyProduct_Roche_F_Hoffmann-La_Roche_Ltd_Chronic_lymphocytic_leukemia_(CLL)_457,3
imgt:StudyProduct_Roche_F_Hoffmann-La_Roche_Ltd_Chronic_lymphocytic_leukemia_(CLL)_458,3
imgt:StudyProduct_Roche_F_Hoffmann-La_Roche_Ltd_Esophageal_Squamous_Cell_Carcinoma_(ESCC)_1354,3
imgt:StudyProduct_Roche_F_Hoffmann-La_Roche_Ltd_Esophageal_Squamous_Cell_Carcinoma_(ESCC)_1355,3
imgt:StudyProduct_Roche_F_Hoffmann-La_Roche_Ltd_Hairy_cell_leukemia_(HCL)_624,3
imgt:StudyProduct_Roche_F_Hoffmann-La_Roche_Ltd_Hepatitis_C_624,3
imgt:StudyProduct_Roche_F_Hoffmann-La_Roche_Ltd_Hepatocellular_carcinoma_(HCC)_466,3
imgt:StudyProduct_Roche_F_Hoffmann-La_Roche_Ltd_Large-vessel_vasculitis_96,3
imgt:StudyProduct_Roche_F_Hoffmann-La_Roche_Ltd_Lymphoma_B_cell_457,3
imgt:StudyProduct_Roche_F_Hoffmann-La_Roche_Ltd_Lymphoma_diffuse_large_B_cell_(DLBCL)_457,3
imgt:StudyProduct_Roche_F_Hoffmann-La_Roche_Ltd_Lymphoma_splenic_marginal_zone_(SMZL)_238,3
imgt:StudyProduct_Roche_F_Hoffmann-La_Roche_Ltd_Myasthenia_Gravis_(MG)_161,3
imgt:StudyProduct_Roche_F_Hoffmann-La_Roche_Ltd_Myasthenia_Gravis_(MG)_96,3
imgt:StudyProduct_Roche_F_Hoffmann-La_Roche_Ltd_Neuromyelitis_optica_(NMO)_96,3
imgt:StudyProduct_Roche_F_Hoffmann-La_Roche_Ltd_Non-Hodgkins_lymphoma_(NHL)_238,3
imgt:StudyProduct_Roche_F_Hoffmann-La_Roche_Ltd_Non-Hodgkins_lymphoma_(NHL)_457,3
imgt:StudyProduct_Roche_F_Hoffmann-La_Roche_Ltd_Non-Hodgkins_lymphoma_(NHL)_458,3
imgt:StudyProduct_Roche_F_Hoffmann-La_Roche_Ltd_Renal_cell_carcinoma_(RCC)_526,3
imgt:StudyProduct_Roche_F_Hoffmann-La_Roche_Ltd_Solid_tumors_368,3
imgt:StudyProduct_Roche_F_Hoffmann-La_Roche_Ltd_Solid_tumors_420,3
imgt:StudyProduct_Roche_F_Hoffmann-La_Roche_Ltd_Solid_tumors_427,3
imgt:StudyProduct_Roche_F_Hoffmann-La_Roche_Ltd_Solid_tumors_526,3
imgt:StudyProduct_Roche_F_Hoffmann-La_Roche_Ltd_Solid_tumors_723,3
imgt:StudyProduct_Roche_F_Hoffmann-La_Roche_Ltd_Solid_tumors_795,3
imgt:StudyProduct_Roche_F_Hoffmann-La_Roche_Ltd_Solid_tumors_80,3
imgt:StudyProduct_Roche_F_Hoffmann-La_Roche_Ltd_Telangiectasia_hereditary_haemorrhagic_(HHT)_24,3
imgt:StudyProduct_Sanofi-Aventis_US_LLC_Hematologic_malignancies_539,3
imgt:StudyProduct_Sanofi_Cancers_breast_455,3
imgt:StudyProduct_Sanofi_Cancers_non-small_cell_lung_(NSCLC)_1299,3
imgt:StudyProduct_Sanofi_Cancers_ovarian_214,3
imgt:StudyProduct_Sanofi_Cancers_ovarian_455,3
imgt:StudyProduct_Sanofi_Carcinoma_head_and_neck_squamous_cell_(HNSCC)_recurrent_or_metastatic_1299,3
imgt:StudyProduct_Sanofi_Hematologic_malignancies_539,3
imgt:StudyProduct_Sanofi_Solid_tumors_455,3
imgt:StudyProduct_Schering-Plough_AIDS-related_Kaposis_sarcoma_626,3
imgt:StudyProduct_Schering-Plough_Condylomata_acuminata_(anogenital_warts)_626,3
imgt:StudyProduct_Schering-Plough_Hepatitis_B_626,3
imgt:StudyProduct_Schering-Plough_Hepatitis_C_626,3
imgt:StudyProduct_Schering-Plough_Lymphoma_follicular_(FL)_626,3
imgt:StudyProduct_Schering-Plough_Malignant_melanoma_626,3
imgt:StudyProduct_Schering-Plough_Melanoma_with_nodal_involvement_after_surgical_resection_627,3
imgt:StudyProduct_Seagen_Inc_formely_Seatlle_Genetics_Inc_Lymphoma_1243,3
imgt:StudyProduct_Seattle_genetics_Inc_Acute_myeloid_leukemia_(AML)_604,3
imgt:StudyProduct_Seattle_genetics_Inc_Adenocarcinoma_gastric_552,3
imgt:StudyProduct_Seattle_genetics_Inc_Autoimmune_diseases_431,3
imgt:StudyProduct_Seattle_genetics_Inc_B_cell_acute_lymphoblastic_leukemia_(B_cell_ALL)_493,3
imgt:StudyProduct_Seattle_genetics_Inc_CD70-positive_hematologic_malignancies_432,3
imgt:StudyProduct_Seattle_genetics_Inc_Cancers_344,3
imgt:StudyProduct_Seattle_genetics_Inc_Cancers_755,3
imgt:StudyProduct_Seattle_genetics_Inc_Colitis_ulcerative_(UC)_552,3
imgt:StudyProduct_Seattle_genetics_Inc_Lymphoma_diffuse_large_B_cell_(DLBCL)_232,3
imgt:StudyProduct_Seattle_genetics_Inc_Lymphoma_diffuse_large_B_cell_(DLBCL)_324,3
imgt:StudyProduct_Seattle_genetics_Inc_Multiple_myeloma_(MM)_232,3
imgt:StudyProduct_Seattle_genetics_Inc_Myelodysplastic_syndromes_(MDS)_552,3
imgt:StudyProduct_Seattle_genetics_Inc_Non-Hodgkins_lymphoma_(NHL)_232,3
imgt:StudyProduct_Seattle_genetics_Inc_Non-Hodgkins_lymphoma_(NHL)_432,3
imgt:StudyProduct_Seattle_genetics_Inc_Refractory_B-lineage_non-Hodgkin_lymphoma_493,3
imgt:StudyProduct_Seattle_genetics_Inc_Renal_cell_carcinoma_(RCC)_432,3
imgt:StudyProduct_Seattle_genetics_Inc_Systemic_lupus_erythematosus_(SLE)_324,3
imgt:StudyProduct_Seattle_genetics_Inc_T_cell_lymphoma_324,3
imgt:StudyProduct_Shanghai_Hengrui_Pharmaceuticals_Co_Ltd_Carcinoma_esophageal_659,3
imgt:StudyProduct_Shanghai_Henlius_Biotech_Solid_tumors_1022,3
imgt:StudyProduct_Shanghai_Junshi_Biosciences_Co_Ltd_Cancers_non-small_cell_lung_(NSCLC)_863,3
imgt:StudyProduct_Shanghai_Junshi_Biosciences_Co_Ltd_Melanoma_863,3
imgt:StudyProduct_Shanghai_Junshi_Biosciences_Co_Ltd_Melanoma_metastatic_863,3
imgt:StudyProduct_Sichuan_Baili_Pharmaceutical_Co_Non-Hodgkins_lymphoma_(NHL)_1248,3
imgt:StudyProduct_Sichuan_Clover_Biopharmaceuticals_Inc_Malignant_ascites_1297,3
imgt:StudyProduct_Sichuan_Kelun-Biotech_Biopharmaceutical_Hodgkin_lymphoma_1206,3
imgt:StudyProduct_Singh_biotechnology_Cancers_pancreatic_672,3
imgt:StudyProduct_Sinocelltech_Ltd_Hepatocellular_carcinoma_(HCC)_1128,3
imgt:StudyProduct_Sophiris_Bio_Inc_Glioblastoma_multiforme_(GBM)_1380,3
imgt:StudyProduct_Sorrento_Therapeutics_Inc_Lymphoma_diffuse_large_B_cell_(DLBCL)_1321,3
imgt:StudyProduct_Sorrento_Therapeutics_Inc_Melanoma_1321,3
imgt:StudyProduct_Stemcentrx_Inc_Cancers_569,3
imgt:StudyProduct_Stemcentrx_Inc_Cancers_570,3
imgt:StudyProduct_Stemline_Therapeutics_Inc_Chronic_lymphocytic_leukemia_(CLL)_825,3
imgt:StudyProduct_Stemline_Therapeutics_Inc_Multiple_myeloma_(MM)_825,3
imgt:StudyProduct_Surface_Oncology_Inc_Solid_tumors_1337,3
imgt:StudyProduct_Sutro_Biopharma_Inc_Cancers_fallopian_tube_1265,3
imgt:StudyProduct_Sutro_Biopharma_Inc_Cancers_fallopian_tube_1266,3
imgt:StudyProduct_Sutro_Biopharma_Inc_Primary_peritoneal_carcinoma_(PPC)_1265,3
imgt:StudyProduct_Sutro_Biopharma_Inc_Primary_peritoneal_carcinoma_(PPC)_1266,3
imgt:StudyProduct_Symphogen_Cancers_colorectal_(CRC)_419,3
imgt:StudyProduct_Symphogen_Cancers_colorectal_(CRC)_433,3
imgt:StudyProduct_Symphogen_Cancers_head_and_neck_419,3
imgt:StudyProduct_Symphogen_Cancers_head_and_neck_433,3
imgt:StudyProduct_Symphogen_Cancers_non-small_cell_lung_(NSCLC)_419,3
imgt:StudyProduct_Symphogen_Cancers_non-small_cell_lung_(NSCLC)_433,3
imgt:StudyProduct_Synthon_Biopharmaceuticals_Cancers_breast_overexpressing_ERBB2_metastatic_668,3
imgt:StudyProduct_Systemic_lupus_erythematosus_(SLE)_314,3
imgt:StudyProduct_Systimmune_Inc_Cancers_colorectal_(CRC)_1260,3
imgt:StudyProduct_Systimmune_Inc_Cancers_non-small_cell_lung_(NSCLC)_1260,3
imgt:StudyProduct_Systimmune_Inc_Carcinoma_head_and_neck_squamous_cell_(HNSCC)_recurrent_or_metastatic_1260,3
imgt:StudyProduct_TCR2_Therapeutics_Inc_Cancers_non-small_cell_lung_(NSCLC)_1101,3
imgt:StudyProduct_TCR2_Therapeutics_Inc_Cancers_ovarian_1101,3
imgt:StudyProduct_TCR2_Therapeutics_Inc_Cholangiocarcinoma_1101,3
imgt:StudyProduct_TCR2_Therapeutics_Inc_Mesothelioma_malignant_1101,3
imgt:StudyProduct_TCR2_Therapeutics_Inc_Mesothelioma_pleural_malignant_1101,3
imgt:StudyProduct_TG_Therapeutics_Chronic_lymphocytic_leukemia_(CLL)_1325,3
imgt:StudyProduct_TG_Therapeutics_Lymphoma_follicular_(FL)_1325,3
imgt:StudyProduct_TRACON_Pharmaceuticals_Inc_Cancers_breast_605,3
imgt:StudyProduct_TRACON_Pharmaceuticals_Inc_Cancers_prostate_605,3
imgt:StudyProduct_TRION_Pharma_Cancers_breast_219,3
imgt:StudyProduct_TRION_Pharma_Cancers_ovarian_218,3
imgt:StudyProduct_Taizhou_Hanzhong_Pharmaceuticals_Inc_Cancers_gastrointestinal_1142,3
imgt:StudyProduct_Takara_Bio_Inc_Acute_lymphocytic_leukemia_(ALL)_986,3
imgt:StudyProduct_Takara_Bio_Inc_Synovial_sarcoma_985,3
imgt:StudyProduct_Takeda_Pharmaceutical_Co_Ltd_Cancers_gastric_39,3
imgt:StudyProduct_Takeda_Pharmaceutical_Co_Ltd_Cancers_lung_39,3
imgt:StudyProduct_Takeda_Pharmaceutical_Co_Ltd_Lymphoma_diffuse_large_B_cell_(DLBCL)_324,3
imgt:StudyProduct_Takeda_Pharmaceutical_Co_Ltd_Systemic_lupus_erythematosus_(SLE)_324,3
imgt:StudyProduct_Takeda_Pharmaceutical_Co_Ltd_T_cell_lymphoma_324,3
imgt:StudyProduct_Takeda_Pharmaceuticals_USA_Inc_Myasthenia_Gravis_(MG)_882,3
imgt:StudyProduct_Takeda_Pharmaceuticals_USA_Inc_Systemic_lupus_erythematosus_(SLE)_882,3
imgt:StudyProduct_TenX_BioPharma_Lymphoma_cutaneous_T_cell_(CTCL)_201,3
imgt:StudyProduct_TenX_BioPharma_Mycoisis_fungoides_(MF)_or_Sezary_syndrome_201,3
imgt:StudyProduct_TenX_BioPharma_Non-cutaneous_T_cell_lymphoma_(NCTCL)_201,3
imgt:StudyProduct_Tenovus_Research_Multiple_myeloma_(MM)_19,3
imgt:StudyProduct_Tessa_Therapeutics_Hodgkin_lymphoma_1234,3
imgt:StudyProduct_Tessa_Therapeutics_Lymphoma_peripheral_T_cell_(PTCL)_1234,3
imgt:StudyProduct_Tessa_Therapeutics_Non-Hodgkins_lymphoma_(NHL)_1234,3
imgt:StudyProduct_The_Netherlands_CRC_Labs_Neoplasms_of_epithelial_origin_particularly_carcinomas_of_breast_ovary_cervix_bronchus_and_gastrointestinal_tract_49,3
imgt:StudyProduct_Triumvira_Immunologics_Lymphoma_B_cell_1232,3
imgt:StudyProduct_U3_Pharma_Cancers_non-small_cell_lung_(NSCLC)_407,3
imgt:StudyProduct_U3_Pharma_Solid_tumors_407,3
imgt:StudyProduct_UCB_Systemic_lupus_erythematosus_(SLE)_40,3
imgt:StudyProduct_Unilever_Cancers_ovarian_45,3
imgt:StudyProduct_Unilever_Cancers_testicular_45,3
imgt:StudyProduct_Unilever_Neoplasms_of_epithelial_origin_particularly_carcinomas_of_breast_ovary_cervix_bronchus_and_gastrointestinal_tract_49,3
imgt:StudyProduct_University_Bath_B_cell_leukemia_13,3
imgt:StudyProduct_University_Bath_Lymphoma_B_cell_13,3
imgt:StudyProduct_University_of_Bern_Solid_tumors_792,3
imgt:StudyProduct_University_of_Bern_T_cell_lymphoma_792,3
imgt:StudyProduct_University_of_California_Cancers_breast_1154,3
imgt:StudyProduct_University_of_Saskatchewan_Cancers_colorectal_(CRC)_67,3
imgt:StudyProduct_University_of_Saskatchewan_Cancers_gastric_67,3
imgt:StudyProduct_University_of_Saskatchewan_Cancers_ovarian_67,3
imgt:StudyProduct_Vaccinex_Multiple_sclerosis_(MS)_548,3
imgt:StudyProduct_Vaccinex_Solid_tumors_advanced_or_metastatic_548,3
imgt:StudyProduct_Viela_Bio_Inc_Lymphoma_diffuse_large_B_cell_(DLBCL)_553,3
imgt:StudyProduct_Viela_Bio_Inc_Multiple_sclerosis_(MS)_553,3
imgt:StudyProduct_Viela_Bio_Inc_Myasthenia_Gravis_(MG)_553,3
imgt:StudyProduct_Viela_Bio_Inc_Scleroderma_553,3
imgt:StudyProduct_Viragen_Inc_Malignant_melanoma_622,3
imgt:StudyProduct_Vitaeris_Kidney_transplantation_treatment_of_antibody-mediated_rejection_(AMR)_414,3
imgt:StudyProduct_Viventia_Biotechnologies_Inc_Solid_tumors_236,3
imgt:StudyProduct_Weill_Cornell_Medical_Cancers_prostate_metastatic_110,3
imgt:StudyProduct_Wellcome_Multiple_myeloma_(MM)_19,3
imgt:StudyProduct_Wilex_AG_Kidney_tumours_329,3
imgt:StudyProduct_Wilex_AG_Renal_cell_carcinoma_(RCC)_328,3
imgt:StudyProduct_Wyeth_Pharmaceuticals_Cancers_ovarian_205,3
imgt:StudyProduct_Wyeth_Pharmaceuticals_Lymphoma_diffuse_large_B_cell_(DLBCL)_259,3
imgt:StudyProduct_Wyeth_Pharmaceuticals_Non-Hodgkins_lymphoma_(NHL)_259,3
imgt:StudyProduct_XBiotech_Cancers_colorectal_(CRC)_metastatic_1311,3
imgt:StudyProduct_XBiotech_Cancers_non-small_cell_lung_(NSCLC)_544,3
imgt:StudyProduct_XBiotech_Type_2_diabetes_(T2_DM)_544,3
imgt:StudyProduct_Xencor_Inc_Acute_lymphocytic_leukemia_(ALL)_920,3
imgt:StudyProduct_Xencor_Inc_Acute_myeloid_leukemia_(AML)_743,3
imgt:StudyProduct_Xencor_Inc_B_cell_acute_lymphoblastic_leukemia_(B_cell_ALL)_522,3
imgt:StudyProduct_Xencor_Inc_Non-Hodgkins_lymphoma_(NHL)_522,3
imgt:StudyProduct_Xenova_Biomedix_Limited_Glioblastoma_732,3
imgt:StudyProduct_Xoma_Chronic_lymphocytic_leukemia_(CLL)_176,3
imgt:StudyProduct_Xoma_Multiple_myeloma_(MM)_176,3
imgt:StudyProduct_YM_BioSciences_Inc_Cancers_gastric_76,3
imgt:StudyProduct_YM_BioSciences_Inc_Cancers_lung_76,3
imgt:StudyProduct_YM_BioSciences_Inc_Cancers_pancreatic_metastatic_76,3
imgt:StudyProduct_ZymeWorks_Inc_Cancers_gastric_735,3
imgt:StudyProduct_ZymeWorks_Inc_Cancers_ovarian_735,3
imgt:StudyProduct_ZymeWorks_Inc_Cancers_ovarian_736,3
imgt:StudyProduct_ZymoGenetics_Inc_Multiple_myeloma_(MM)_213,3
imgt:StudyProduct_ZymoGenetics_Inc_Non-Hodgkins_lymphoma_(NHL)_213,3
imgt:StudyProduct_ZymoGenetics_Inc_Rheumatoid_arthritis_(RA)_213,3
imgt:StudyProduct_ZymoGenetics_Inc_Systemic_lupus_erythematosus_(SLE)_213,3
imgt:StudyProduct_arGEN-X_Solid_tumors_792,3
imgt:StudyProduct_arGEN-X_T_cell_lymphoma_792,3
imgt:StudyProduct_iTeos_Therapeutics_Cancers_non-small_cell_lung_(NSCLC)_1361,3
imgt:StudyProduct_iTeos_Therapeutics_Neoplasms_1361,3
imgt:Surface_Oncology_Inc,3
imgt:Sutro_Biopharma_Inc,3
imgt:Synovial_sarcoma,3
imgt:T-cell_Large_Granular_Lymphocytic_Leukemia,3
imgt:TOXIN_BIG-PROTEIN,3
imgt:TR-Alpha_Beta,3
imgt:TR-Alpha_Beta-1,3
imgt:TR-Gamma-1_Delta,3
imgt:TR-Gamma-2_Delta,3
imgt:TR-Gamma-3_Delta,3
imgt:TR-Gamma-4_Delta,3
imgt:TR-Gamma-5_Delta,3
imgt:TR-Gamma_Delta,3
imgt:Telangiectasia_hereditary_haemorrhagic_(HHT),3
imgt:Tesaro_Inc,3
imgt:Transplant_rejection,3
imgt:Tumor_vasculature,3
imgt:Type_2_diabetes_(T2_DM),3
imgt:U,3
imgt:Urology,3
imgt:VH-VH,3
imgt:Weill_Cornell_Medical,3
imgt:ZymeWorks_Inc,3
imgt:[Homo_sapiens_TGFBR2_]2-peptidyl_linker,3
imgt:_CHO_(Chinese_Hamster_Ovary)_dihydrofolate_reductase_(DHFR)_cells,3
imgt:_GlycoExpress™,3
imgt:aldifitox_:_diphteriatoxin_(AB_toxin),3
imgt:auristatin_W_derivative,3
imgt:cleavable_(valine-alanine_dipeptide_as_cathepsine_B_cleavage_site)_maleimide_type_linker_containing_a_spacer_PEG_(n=8),3
imgt:cleavable_(valine-alanine_dipeptide_as_cathepsine_B_cleavage_site)_maleimidocaproyl_type_linker,3
imgt:ganglioside_GD3,3
imgt:half-G1-kappa_scFv-HEAVY-LAMBDA-h-CH2-CH3,3
imgt:high-risk_hematopoietic_stem_cell_transplant-associated_thrombotic_microangiopathy_(HSCT-TMA),3
imgt:mAb_1166,3
imgt:mAb_137,3
imgt:mAb_1537,3
imgt:mAb_210,3
imgt:mAb_257,3
imgt:mAb_268,3
imgt:mAb_283,3
imgt:mAb_340,3
imgt:mAb_342,3
imgt:mAb_346,3
imgt:mAb_509,3
imgt:mAb_513,3
imgt:mAb_514,3
imgt:mAb_622,3
imgt:mAb_623,3
imgt:mAb_671,3
imgt:mAb_672,3
imgt:mAb_680,3
imgt:mAb_750,3
imgt:mAb_883,3
imgt:masking_peptide,3
imgt:masking_peptide-linker,3
imgt:maytansinoid_DM1-noncleavable_succinimidyl-4-linker,3
imgt:microsatellite_instability-high_cancer_(MSI-H),3
imgt:noncleavable_succinimidyl-4-(N-maleimidomethyl)_cyclohexane-1-carboxylate_(SMCC)_linker,3
imgt:nt-sequence,3
imgt:pyrrolobenzodiazepine_(PBD)_dimer_SCX,3
imgt:pyrrolobenzodiazepine_(PDB)_dimer_SGD-1882,3
imgt:pyrrolobenzodiazepine_maleimidocaproyl_type_linker,3
imgt:scFv-heavy-kappa-CD8A (CO-TM)-TNFRSF9 (CY)-CD247,3
imgt:scFv-kappa-heavy-CD28 (CO-TM-CY)-CD247,3
HGNC:10618,2
HGNC:10658,2
HGNC:10732,2
HGNC:10776,2
HGNC:10880,2
HGNC:10943,2
HGNC:11026,2
HGNC:11249,2
HGNC:11331,2
HGNC:11364,2
HGNC:11378,2
HGNC:11740,2
HGNC:11768,2
HGNC:11769,2
HGNC:11920,2
HGNC:11926,2
HGNC:11928,2
HGNC:11932,2
HGNC:11936,2
HGNC:12004,2
HGNC:12450,2
HGNC:12692,2
HGNC:13310,2
HGNC:1338,2
HGNC:14254,2
HGNC:1678,2
HGNC:16800,2
HGNC:1681,2
HGNC:16892,2
HGNC:1691,2
HGNC:1706,2
HGNC:174,2
HGNC:1765,2
HGNC:17866,2
HGNC:1804,2
HGNC:18131,2
HGNC:18152,2
HGNC:18153,2
HGNC:1818,2
HGNC:18219,2
HGNC:18508,2
HGNC:18607,2
HGNC:18628,2
HGNC:18731,2
HGNC:19157,2
HGNC:19688,2
HGNC:2001,2
HGNC:20594,2
HGNC:20818,2
HGNC:20866,2
HGNC:20869,2
HGNC:2095,2
HGNC:21087,2
HGNC:216,2
HGNC:2432,2
HGNC:2434,2
HGNC:2466,2
HGNC:24880,2
HGNC:2500,2
HGNC:2561,2
HGNC:27912,2
HGNC:28873,2
HGNC:2891,2
HGNC:30085,2
HGNC:30142,2
HGNC:317,2
HGNC:31713,2
HGNC:3349,2
HGNC:3363,2
HGNC:3387,2
HGNC:3590,2
HGNC:3612,2
HGNC:3618,2
HGNC:3619,2
HGNC:3690,2
HGNC:3765,2
HGNC:4046,2
HGNC:4161,2
HGNC:4168,2
HGNC:4216,2
HGNC:4217,2
HGNC:4223,2
HGNC:439,2
HGNC:4451,2
HGNC:4504,2
HGNC:465,2
HGNC:500,2
HGNC:5344,2
HGNC:5713,2
HGNC:5981,2
HGNC:5995,2
HGNC:5999,2
HGNC:6006,2
HGNC:6010,2
HGNC:6015,2
HGNC:6019,2
HGNC:6023,2
HGNC:6024,2
HGNC:6025,2
HGNC:6329,2
HGNC:6339,2
HGNC:6342,2
HGNC:6374,2
HGNC:6380,2
HGNC:6606,2
HGNC:6666,2
HGNC:6797,2
HGNC:6802,2
HGNC:6902,2
HGNC:7097,2
HGNC:7176,2
HGNC:7203,2
HGNC:7381,2
HGNC:7515,2
HGNC:7881,2
HGNC:7882,2
HGNC:7883,2
HGNC:8004,2
HGNC:8893,2
HGNC:9500,2
HGNC:9666,2
PM18078997,2
PM35756842,2
doid:10.1080/2162402X.2022.2080328,2
imgt:(Fab-G1-kappa)-(Fc-G1),2
imgt:(G1_L-kappa)_VH-VH-h-CH2-CH3,2
imgt:(scFv - kappa - heavy) - (scFv - heavy - kappa),2
imgt:(scFv-heavy-kappa)-(scFv-kappa-heavy),2
imgt:(scFv-heavy-lambda)-(scFv-heavy-lambda)-scFc,2
imgt:(scFv-kappa-heavy)-(scFv-kappa-heavy),2
imgt:(scFv-kappa-heavy)-G1_L-kappa-(scFv-heavy-kappa)-(scFv-heavy-kappa),2
imgt:(scFv-kappa-heavy)-h-CH3,2
imgt:1CLY,2
imgt:1UCB,2
imgt:20-mer_Gly-Ser_linker,2
imgt:6T3J,2
imgt:7-ethyl-10-hydroxycamptothecin_,2
imgt:7-ethyl-10-hydroxycamptothecin_(SN-38)_active_metabolite_of_irinotecan,2
imgt:APEIRON_Biologics_AG,2
imgt:Acceleron_Pharma_Inc,2
imgt:Actinium-225_Ac-225,2
imgt:Agensys,2
imgt:Allergic_asthma,2
imgt:Allograft_rejection,2
imgt:Altor_BioScience,2
imgt:Astellas_Pharma_Inc,2
imgt:Atypical_hemolytic_uremic_syndrome_(aHUS),2
imgt:Autoimmune_disorders,2
imgt:Autoimmunity,2
imgt:B_cell_lymphoma,2
imgt:Beckman_Research_Institute,2
imgt:Blastic_plasmacytoid_dendritic_cell_neoplasm_(BPDCN),2
imgt:CH2-CH3-CH4,2
imgt:CRISPR_Therapeutics,2
imgt:CStone_Pharmaceuticals,2
imgt:Cancer_cervix,2
imgt:Cancer_gynecology,2
imgt:Cancer_hepatobiliary,2
imgt:Cancers_brain_malignant_glioma,2
imgt:Cancers_brain_metastatic,2
imgt:Cancers_breast_metastatic,2
imgt:Cancers_breast_overexpressing_ERBB2,2
imgt:Cancers_breast_triple_negative_(TNBC)_metastatic,2
imgt:Cancers_colorectal_microsatellite_stable_metastatic,2
imgt:Cancers_epithelial_ovarian,2
imgt:Cancers_esophageal_resectable,2
imgt:Cancers_gastric_overexpressing_ERBB2_metastatic,2
imgt:Cancers_glioma,2
imgt:Cancers_small_cell_lung_(SCLC)_metastatic,2
imgt:Cancers_testicular,2
imgt:Carcinoma_basal_cell_(BCC),2
imgt:Cardiology,2
imgt:Center_of_Molecular_Immunology_(CMI),2
imgt:Cholangiocarcinoma,2
imgt:Cholangitis_primary_sclerosing_(PSC),2
imgt:Chronic_kidney_disease_(CDK),2
imgt:Chugai_Pharmaceutical_Co_Ltd,2
imgt:Clone_100,2
imgt:Clone_108,2
imgt:Clone_109,2
imgt:Clone_11,2
imgt:Clone_110,2
imgt:Clone_111,2
imgt:Clone_113,2
imgt:Clone_114,2
imgt:Clone_115,2
imgt:Clone_116,2
imgt:Clone_117,2
imgt:Clone_119,2
imgt:Clone_122,2
imgt:Clone_123,2
imgt:Clone_1236,2
imgt:Clone_1240,2
imgt:Clone_1246,2
imgt:Clone_1249,2
imgt:Clone_125,2
imgt:Clone_1256,2
imgt:Clone_1259,2
imgt:Clone_1265,2
imgt:Clone_1266,2
imgt:Clone_1268,2
imgt:Clone_1269,2
imgt:Clone_1272,2
imgt:Clone_1273,2
imgt:Clone_1274,2
imgt:Clone_1278,2
imgt:Clone_1285,2
imgt:Clone_1287,2
imgt:Clone_1289,2
imgt:Clone_13,2
imgt:Clone_130,2
imgt:Clone_1308,2
imgt:Clone_1315,2
imgt:Clone_1317,2
imgt:Clone_133,2
imgt:Clone_1330,2
imgt:Clone_1339,2
imgt:Clone_1340,2
imgt:Clone_1344,2
imgt:Clone_1346,2
imgt:Clone_1347,2
imgt:Clone_135,2
imgt:Clone_1350,2
imgt:Clone_1355,2
imgt:Clone_1356,2
imgt:Clone_136,2
imgt:Clone_1365,2
imgt:Clone_1366,2
imgt:Clone_1369,2
imgt:Clone_1371,2
imgt:Clone_1372,2
imgt:Clone_1373,2
imgt:Clone_138,2
imgt:Clone_141,2
imgt:Clone_1418,2
imgt:Clone_142,2
imgt:Clone_143,2
imgt:Clone_145,2
imgt:Clone_1477,2
imgt:Clone_149,2
imgt:Clone_150,2
imgt:Clone_151,2
imgt:Clone_154,2
imgt:Clone_1571,2
imgt:Clone_158,2
imgt:Clone_1580,2
imgt:Clone_1584,2
imgt:Clone_1585,2
imgt:Clone_159,2
imgt:Clone_16,2
imgt:Clone_161,2
imgt:Clone_164,2
imgt:Clone_166,2
imgt:Clone_168,2
imgt:Clone_176,2
imgt:Clone_18,2
imgt:Clone_180,2
imgt:Clone_183,2
imgt:Clone_184,2
imgt:Clone_19,2
imgt:Clone_190,2
imgt:Clone_194,2
imgt:Clone_196,2
imgt:Clone_199,2
imgt:Clone_2,2
imgt:Clone_200,2
imgt:Clone_201,2
imgt:Clone_205,2
imgt:Clone_206,2
imgt:Clone_21,2
imgt:Clone_213,2
imgt:Clone_214,2
imgt:Clone_220,2
imgt:Clone_221,2
imgt:Clone_222,2
imgt:Clone_224,2
imgt:Clone_225,2
imgt:Clone_226,2
imgt:Clone_228,2
imgt:Clone_23,2
imgt:Clone_232,2
imgt:Clone_233,2
imgt:Clone_234,2
imgt:Clone_236,2
imgt:Clone_237,2
imgt:Clone_238,2
imgt:Clone_24,2
imgt:Clone_240,2
imgt:Clone_248,2
imgt:Clone_249,2
imgt:Clone_250,2
imgt:Clone_251,2
imgt:Clone_254,2
imgt:Clone_255,2
imgt:Clone_259,2
imgt:Clone_26,2
imgt:Clone_269,2
imgt:Clone_27,2
imgt:Clone_274,2
imgt:Clone_286,2
imgt:Clone_29,2
imgt:Clone_290,2
imgt:Clone_293,2
imgt:Clone_294,2
imgt:Clone_295,2
imgt:Clone_296,2
imgt:Clone_297,2
imgt:Clone_314,2
imgt:Clone_32,2
imgt:Clone_320,2
imgt:Clone_324,2
imgt:Clone_33,2
imgt:Clone_344,2
imgt:Clone_356,2
imgt:Clone_357,2
imgt:Clone_360,2
imgt:Clone_366,2
imgt:Clone_368,2
imgt:Clone_379,2
imgt:Clone_39,2
imgt:Clone_40,2
imgt:Clone_420,2
imgt:Clone_44,2
imgt:Clone_45,2
imgt:Clone_464,2
imgt:Clone_472,2
imgt:Clone_488,2
imgt:Clone_49,2
imgt:Clone_490,2
imgt:Clone_491,2
imgt:Clone_492,2
imgt:Clone_493,2
imgt:Clone_496,2
imgt:Clone_498,2
imgt:Clone_50,2
imgt:Clone_508,2
imgt:Clone_52,2
imgt:Clone_522,2
imgt:Clone_53,2
imgt:Clone_548,2
imgt:Clone_552,2
imgt:Clone_558,2
imgt:Clone_559,2
imgt:Clone_560,2
imgt:Clone_562,2
imgt:Clone_568,2
imgt:Clone_569,2
imgt:Clone_570,2
imgt:Clone_572,2
imgt:Clone_58,2
imgt:Clone_590,2
imgt:Clone_592,2
imgt:Clone_597,2
imgt:Clone_600,2
imgt:Clone_601,2
imgt:Clone_602,2
imgt:Clone_603,2
imgt:Clone_604,2
imgt:Clone_605,2
imgt:Clone_608,2
imgt:Clone_62,2
imgt:Clone_64,2
imgt:Clone_644,2
imgt:Clone_645,2
imgt:Clone_649,2
imgt:Clone_65,2
imgt:Clone_659,2
imgt:Clone_660,2
imgt:Clone_662,2
imgt:Clone_668,2
imgt:Clone_67,2
imgt:Clone_679,2
imgt:Clone_7,2
imgt:Clone_70,2
imgt:Clone_712,2
imgt:Clone_739,2
imgt:Clone_76,2
imgt:Clone_792,2
imgt:Clone_80,2
imgt:Clone_861,2
imgt:Clone_867,2
imgt:Clone_96,2
imgt:Clone_97,2
imgt:Clone_98,2
imgt:Clone_99,2
imgt:Coats_disease,2
imgt:Conjugate_3_to_5_flexible_polymers_PHF-BA-EG2-MIAF-HPA-Ala_and_3_to_4_auristatin_F_hydroxypropylamide-L-alanine-thioether_bond_1059,2
imgt:Conjugate_7-ethyl-10-hydroxycamptothecin_558,2
imgt:Conjugate_7-ethyl-10-hydroxycamptothecin_559,2
imgt:Conjugate_Indolino-benzodiazepine_compound_839,2
imgt:Conjugate_Indolino-benzodiazepine_compound_type_linker_879,2
imgt:Conjugate_N-acetyl-gamma_calicheamicin_259,2
imgt:Conjugate_N-acetyl-gamma_calicheamicin_44,2
imgt:Conjugate_N-acetyl-gamma_calicheamicin_649,2
imgt:Conjugate_Ricinus_communis_ricin_A_314,2
imgt:Conjugate_Ricinus_communis_ricin_A_320,2
imgt:Conjugate_aldifitox_diphteriatoxin_732,2
imgt:Conjugate_analogue_of_motolimod_1278,2
imgt:Conjugate_auristatin-0101_type_linker_777,2
imgt:Conjugate_auristatin_W_derivative-partially_reduced_S-cystine_sulfurhydryl_groups_665,2
imgt:Conjugate_auristatin_W_derivative_656,2
imgt:Conjugate_blocked_ricin_208,2
imgt:Conjugate_blocked_ricin_211,2
imgt:Conjugate_calicheamicin_205,2
imgt:Conjugate_calicheamicin_98,2
imgt:Conjugate_camptothecin_derivative-thioether_bond_1328,2
imgt:Conjugate_chelator_cituxetan_269,2
imgt:Conjugate_chelator_corixetan_1139,2
imgt:Conjugate_chelator_corixetan_1285,2
imgt:Conjugate_chelator_corixetan_938,2
imgt:Conjugate_chelator_derivative_barzuxetan_867,2
imgt:Conjugate_chelator_matraxetan_1115,2
imgt:Conjugate_chelator_merpentan_133,2
imgt:Conjugate_chelator_pendetide_115,2
imgt:Conjugate_chelator_pendetide_138,2
imgt:Conjugate_chelator_pentetate_123,2
imgt:Conjugate_chelator_pentetate_312,2
imgt:Conjugate_chelator_satetraxetan_541,2
imgt:Conjugate_chelator_satetraxetan_936,2
imgt:Conjugate_chelator_tetraxetan_1029,2
imgt:Conjugate_chelator_tetraxetan_1571,2
imgt:Conjugate_chelator_tetraxetan_229,2
imgt:Conjugate_chelator_tetraxetan_255,2
imgt:Conjugate_chelator_tetraxetan_40,2
imgt:Conjugate_chelator_tetraxetan_560,2
imgt:Conjugate_chelator_tiuxetan_122,2
imgt:Conjugate_clezutoclax_959,2
imgt:Conjugate_deacetylmaytansine-6-hexanoyl_linker_1346,2
imgt:Conjugate_debotansine_1259,2
imgt:Conjugate_derivative_of_the_glucocorticoid_receptor_modulator_acetyl-Gly-Glu_link_1307,2
imgt:Conjugate_deruxtecan_a_camptothecin_derivative-linker_1006,2
imgt:Conjugate_deruxtecan_a_camptothecin_derivative-linker_1256,2
imgt:Conjugate_deruxtecan_a_camptothecin_derivative-linker_1350,2
imgt:Conjugate_deruxtecan_a_camptothecin_derivative-linker_722,2
imgt:Conjugate_deruxtecan_a_camptothecin_derivative-linker_964,2
imgt:Conjugate_dithiocarbamates_209,2
imgt:Conjugate_dolastatin_derivative_1134,2
imgt:Conjugate_doxorubicin_135,2
imgt:Conjugate_doxorubicin_344,2
imgt:Conjugate_duocarmycin_514,2
imgt:Conjugate_duostatin-5-cleavable_linker_840,2
imgt:Conjugate_eribulin-linker_1208,2
imgt:Conjugate_hemiasterlin_analogue-cleavable_valyl-citrullyl_linker_1265,2
imgt:Conjugate_imbotolimod_a_derivative_of_telratolimod_1369,2
imgt:Conjugate_maytansinoid_DM1-noncleavable_succinimidyl-4-linker_357,2
imgt:Conjugate_maytansinoid_DM1-noncleavable_succinimidyl-4-linker_600,2
imgt:Conjugate_maytansinoid_DM1-noncleavable_succinimidyl-4-linker_602,2
imgt:Conjugate_maytansinoid_DM1-thiopentanoate_linker_52,2
imgt:Conjugate_maytansinoid_DM1-thiopentanoate_linker_58,2
imgt:Conjugate_maytansinoid_DM4-reducible_SPDB_linker_[N-succinimidyl_4-butanoate]_1065,2
imgt:Conjugate_maytansinoid_DM4-reducible_SPDB_linker_[N-succinimidyl_4-butanoate]_387,2
imgt:Conjugate_maytansinoid_DM4-reducible_SPDB_linker_[N-succinimidyl_4-butanoate]_389,2
imgt:Conjugate_maytansinoid_DM4-reducible_SPDB_linker_[N-succinimidyl_4-butanoate]_471,2
imgt:Conjugate_maytansinoid_DM4-reducible_SPDB_linker_[N-succinimidyl_4-butanoate]_490,2
imgt:Conjugate_maytansinoid_DM4-reducible_SPDB_linker_[N-succinimidyl_4-butanoate]_967,2
imgt:Conjugate_maytansinoid_DM4-reducible_sulfo-SPDB_linker_[N-succinimidyl_4-2-sulfobutanoate]_575,2
imgt:Conjugate_microtubule-disrupting_agent_opadotin_1340,2
imgt:Conjugate_monomethyl_auristatin_E-peptidyl_linker_883,2
imgt:Conjugate_monomethyl_auristatin_E_1166,2
imgt:Conjugate_monomethyl_auristatin_E_type_linker_1155,2
imgt:Conjugate_monomethyl_auristatin_E_type_linker_1269,2
imgt:Conjugate_monomethyl_auristatin_E_type_linker_1274,2
imgt:Conjugate_monomethyl_auristatin_E_type_linker_324,2
imgt:Conjugate_monomethyl_auristatin_E_type_linker_346,2
imgt:Conjugate_monomethyl_auristatin_E_type_linker_457,2
imgt:Conjugate_monomethyl_auristatin_E_type_linker_458,2
imgt:Conjugate_monomethyl_auristatin_E_type_linker_476,2
imgt:Conjugate_monomethyl_auristatin_E_type_linker_478,2
imgt:Conjugate_monomethyl_auristatin_E_type_linker_482,2
imgt:Conjugate_monomethyl_auristatin_E_type_linker_513,2
imgt:Conjugate_monomethyl_auristatin_E_type_linker_531,2
imgt:Conjugate_monomethyl_auristatin_E_type_linker_532,2
imgt:Conjugate_monomethyl_auristatin_E_type_linker_565,2
imgt:Conjugate_monomethyl_auristatin_E_type_linker_571,2
imgt:Conjugate_monomethyl_auristatin_E_type_linker_653,2
imgt:Conjugate_monomethyl_auristatin_E_type_linker_712,2
imgt:Conjugate_monomethyl_auristatin_E_type_linker_721,2
imgt:Conjugate_monomethyl_auristatin_E_type_linker_772,2
imgt:Conjugate_monomethyl_auristatin_E_type_linker_773,2
imgt:Conjugate_monomethyl_auristatin_E_type_linker_774,2
imgt:Conjugate_monomethyl_auristatin_E_type_linker_814,2
imgt:Conjugate_monomethyl_auristatin_E_type_linker_815,2
imgt:Conjugate_monomethyl_auristatin_E_type_linker_896,2
imgt:Conjugate_monomethyl_auristatin_F_linker_432,2
imgt:Conjugate_monomethyl_auristatin_F_linker_493,2
imgt:Conjugate_monomethyl_auristatin_F_linker_645,2
imgt:Conjugate_monomethyl_auristatin_F_linker_784,2
imgt:Conjugate_non-cleavable_dibenzocyclooctyne-maytansinoid_linker-warhead_880,2
imgt:Conjugate_olatansine-linker_1585,2
imgt:Conjugate_pegol_1299,2
imgt:Conjugate_pegol_233,2
imgt:Conjugate_pegol_627,2
imgt:Conjugate_pegol_634,2
imgt:Conjugate_pegol_871,2
imgt:Conjugate_pyrrolobenzodiazepine_569,2
imgt:Conjugate_pyrrolobenzodiazepine_749,2
imgt:Conjugate_pyrrolobenzodiazepine_775,2
imgt:Conjugate_pyrrolobenzodiazepine_904,2
imgt:Conjugate_pyrrolobenzodiazepine_dimer_SG3199-cleavable_valine-alanine_linker_1072,2
imgt:Conjugate_pyrrolobenzodiazepine_maleimidocaproyl_type_linker_552,2
imgt:Conjugate_pyrrolobenzodiazepine_maleimidocaproyl_type_linker_866,2
imgt:Conjugate_pyrrolobenzodiazepine_maleimidocaproyl_type_linker_902,2
imgt:Conjugate_sarotalocan_IRDye_700DX_near-infrared_photosensitizing_dye_907,2
imgt:Conjugate_seco-DUBA-cleavable_linker_N-[2-ethyl]carbamoyl_1289,2
imgt:Conjugate_seco-DUBA-cleavable_linker_N-[2-ethyl]carbamoyl_668,2
imgt:Conjugate_sulfonamide_containing_auristatin_derivative-cleavable_1-maleimido369-trioxadodecan-12-oyl-valyl-citrullyl_linker_1075,2
imgt:Connective_tissue_disease,2
imgt:CureTech,2
imgt:Cutaneous_melanoma_lesions,2
imgt:Cytogen_Corp,2
imgt:DNA/histone_(H1)_complex,2
imgt:Dermatology,2
imgt:Duchenne_muscular_dystrophy_(DMD),2
imgt:EUSA_Pharma,2
imgt:Eisai_Co_Ltd,2
imgt:FPIA_[FC-[PEPTIDE-PROTEIN]2]3,2
imgt:FPIA_[PROTEIN_3REPEATS]2-3S-FC,2
imgt:Fab-G2b-kappa,2
imgt:Fab-nd-nd,2
imgt:Fab_G3-kappa,2
imgt:Fc,2
imgt:Fc-Alpha,2
imgt:Fc-Alpha-1,2
imgt:Fc-Alpha-2,2
imgt:Fc-Delta,2
imgt:Fc-Epsilon,2
imgt:Fc-Gamma-1,2
imgt:Fc-Gamma-2,2
imgt:Fc-Gamma-2-a,2
imgt:Fc-Gamma-2-b,2
imgt:Fc-Gamma-2-c,2
imgt:Fc-Gamma-3,2
imgt:Fc-Gamma-4,2
imgt:Fc-Mu,2
imgt:Five_Prime_Therapeutics_Inc,2
imgt:Fresenius_Biotech_GmbH,2
imgt:Fudan_University,2
imgt:Fused_Bougainvillea_spectabilis_Willd_bouganin_236,2
imgt:Fused_CD28_1233,2
imgt:Fused_CD28_827,2
imgt:Fused_CD28_876,2
imgt:Fused_CD28_986,2
imgt:Fused_CD4_1232,2
imgt:Fused_CD8A_1042,2
imgt:Fused_CD8A_1102,2
imgt:Fused_CD8A_1103,2
imgt:Fused_CD8A_1161,2
imgt:Fused_CD8A_1229,2
imgt:Fused_CD8A_1230,2
imgt:Fused_CD8A_1231,2
imgt:Fused_CD8A_1383,2
imgt:Fused_CD8A_1384,2
imgt:Fused_CD8A_1385,2
imgt:Fused_CD8A_828,2
imgt:Fused_CD8A_873,2
imgt:Fused_Homo_sapiens_CD3E_1101,2
imgt:Fused_Homo_sapiens_IFNA2_1019,2
imgt:Fused_Homo_sapiens_IGHG1_Fc-peptidyl_linker_1227,2
imgt:Fused_Homo_sapiens_IGHG1_Fc_1048,2
imgt:Fused_Homo_sapiens_IGHG1_Fc_1098,2
imgt:Fused_Homo_sapiens_IGHG1_Fc_1293,2
imgt:Fused_Homo_sapiens_IGHG1_Fc_213,2
imgt:Fused_Homo_sapiens_IGHG1_Fc_214,2
imgt:Fused_Homo_sapiens_IGHG1_Fc_331,2
imgt:Fused_Homo_sapiens_IGHG1_Fc_377,2
imgt:Fused_Homo_sapiens_IGHG1_Fc_388,2
imgt:Fused_Homo_sapiens_IGHG1_Fc_408,2
imgt:Fused_Homo_sapiens_IGHG1_Fc_475,2
imgt:Fused_Homo_sapiens_IGHG1_Fc_530,2
imgt:Fused_Homo_sapiens_IGHG1_Fc_611,2
imgt:Fused_Homo_sapiens_IGHG1_Fc_615,2
imgt:Fused_Homo_sapiens_IGHG1_Fc_870,2
imgt:Fused_Homo_sapiens_IGHG1_Fc_885,2
imgt:Fused_Homo_sapiens_IGHG1_Fc_926,2
imgt:Fused_Homo_sapiens_IGHG1_Fc_935,2
imgt:Fused_Homo_sapiens_IGHG4_Fc_1379,2
imgt:Fused_Homo_sapiens_IGHG4_Fc_581,2
imgt:Fused_Homo_sapiens_IGHG4_Fc_582,2
imgt:Fused_Homo_sapiens_IGHG4_Fc_820,2
imgt:Fused_Homo_sapiens_IL15-20-mer_Gly-Ser_linker_933,2
imgt:Fused_Homo_sapiens_IL21_1296,2
imgt:Fused_Homo_sapiens_IL2_555,2
imgt:Fused_Homo_sapiens_IL2_690,2
imgt:Fused_Homo_sapiens_IL2_704,2
imgt:Fused_Homo_sapiens_IL2_900,2
imgt:Fused_Homo_sapiens_IL3_825,2
imgt:Fused_Homo_sapiens_LCN2-peptidyl_linker_982,2
imgt:Fused_Homo_sapiens_TGFBR2-peptidyl_linker_1225,2
imgt:Fused_Homo_sapiens_TNFSF9-peptidyl_linker_1224,2
imgt:Fused_IGHG4_h-CH2-CH3_1049,2
imgt:Fused_IGHG4_h-CH2-CH3_874,2
imgt:Fused_IL2RA_1118,2
imgt:Fused_IL2_254,2
imgt:Fused_IL2_981,2
imgt:Fused_IgG1-h-CH2-CH3_1234,2
imgt:Fused_Phytolacca_americana_antiviral_protein_PAP_282,2
imgt:Fused_Pseudomonas_aeruginosa_exotoxin_A_1380,2
imgt:Fused_Pseudomonas_aeruginosa_exotoxin_A_198,2
imgt:Fused_Pseudomonas_aeruginosa_exotoxin_A_202,2
imgt:Fused_Pseudomonas_aeruginosa_exotoxin_A_203,2
imgt:Fused_Pseudomonas_aeruginosa_exotoxin_A_204,2
imgt:Fused_Pseudomonas_aeruginosa_exotoxin_A_206,2
imgt:Fused_Pseudomonas_aeruginosa_exotoxin_A_237,2
imgt:Fused_Staphylococcus_aureus_enterotoxin_A_287,2
imgt:Fused_Staphylococcus_aureus_enterotoxin_E_SEA/E120_superantigen_65,2
imgt:Fused_[Homo_sapiens_COL1A1_]3-peptidyl_linker_1297,2
imgt:Fused_[Homo_sapiens_IFNA2_]2-peptidyl_linker_1157,2
imgt:Fused_[Homo_sapiens_IL2_noncovalent_dimer]-dimer_796,2
imgt:Fused_[Homo_sapiens_TGFBR2_]2-peptidyl_linker_1159,2
imgt:Fused_[Homo_sapiens_TGFBR2_]2-peptidyl_linker_1616,2
imgt:Fused_[Homo_sapiens_TGFBR2_]2-peptidyl_linker_869,2
imgt:Fused_[Homo_sapiens_TNF-trimer]-trimer_797,2
imgt:Fused_[Homo_sapiens_TNF_]-trimer_818,2
imgt:Fused_interleukin_12_257,2
imgt:Fused_masking_peptide-linker_963,2
imgt:Fused_masking_peptide-linker_966,2
imgt:Fused_masking_peptide-linker_967,2
imgt:Fused_scFv-heavy-kappa-JCHAIN_1257,2
imgt:Fusion-Fc-Gamma1,2
imgt:Fusion-Gamma1,2
imgt:Fv-disulfide_stabilized,2
imgt:G1-K-L with domain crossover2,2
imgt:G1_VH-VH-h-CH2-CH3,2
imgt:G1_VH-h-CH2-CH3,2
imgt:Gastroenterology,2
imgt:Genor_Biopharma_Co_Ltd,2
imgt:Graft-versus-host_disease_(GvHD),2
imgt:Graft-versus-host_disease_(GvHD)_acute,2
imgt:HEK,2
imgt:HLA-DR10,2
imgt:HLA-DRB,2
imgt:Henlix_Inc,2
imgt:Hepatic_fibrosis,2
imgt:Homo_sapiens_SIRPA_(signal_regulatory_protein_alpha_SHPS1_SIRP_SIRPalpha)-IGHG1_(Fc_(Fragment_constant),2
imgt:Human_Genome_Sciences_Inc_(HGSI),2
imgt:Huntingtons_disease,2
imgt:Hypercalcemia_of_malignancy_refractory_to_bisphosphonate_therapy,2
imgt:I-Mab_Biopharma,2
imgt:IG-Light-Iota-1-IGI1,2
imgt:IG-Light-Iota-2-IGI2,2
imgt:IG-Light-Iota-3-IGI3,2
imgt:IG-Light-Iota-4-IGI4,2
imgt:IG-Light-Iota-IGI,2
imgt:IG-MU_IOTA-1,2
imgt:IGHG4_h-CH2-CH3_,2
imgt:IGHG4_h-CH2-CH3_(CO)-CD28_(TM)-TNFRSF9_(CY1)-CD247_(CY2)-TEApep-EGFRt_(CY3)_(1:1),2
imgt:IG_Light_Kappa,2
imgt:IL2_,2
imgt:Ig(G1-kappa_G1-V-kappa-C-lambda2),2
imgt:IgA_nephropathy_(IgAN),2
imgt:IgG1-G2-kappa,2
imgt:IgG1-V-lambda-C-kappa,2
imgt:IgG1-kappa-4F,2
imgt:IgG1-kappa-4F-drug,2
imgt:IgG1-kappa-4cys-drug3,2
imgt:IgG1-kappa-lambda_with_half-IG_VL-CH1/VH-CK_crossover,2
imgt:IgG2 - kappa - 4cys - drug,2
imgt:IgG2-G4-kappa,2
imgt:IgG2a - kappa,2
imgt:IgG2a - kappa - G2b - lambda,2
imgt:IgG2a - nd,2
imgt:IgG2a-lambda,2
imgt:IgG2b - kappa,2
imgt:IgG3 - nd,2
imgt:IgG3-kappa,2
imgt:IgG4 - nd,2
imgt:IgG4-G2a-kappa,2
imgt:IgG4-kappa-[scFv-heavy-kappa]2,2
imgt:IgG4-kappa-lambda,2
imgt:IgG4-lambda2,2
imgt:IgG4-nd,2
imgt:IgM-kappa-[scFv-heavy-kappa]-Jchain-ALB,2
imgt:IgM-nd,2
imgt:Immunodeficiency_disease_associated_with_T-cell_defects,2
imgt:Inclusion_body_myositis_(IBM),2
imgt:Incyte_Corporation,2
imgt:Indolino-benzodiazepine_compound_(sulfonated_DGN462),2
imgt:Infection_papillomavirus_(HPV),2
imgt:Inflammatory_conditions,2
imgt:Influenza,2
imgt:Intravenous_steroid-refractory_ulcerative_colitis_(IVSR-UC),2
imgt:Iodine-124_I-124,2
imgt:Iodine-125_I-125,2
imgt:J-chain,2
imgt:KaloBios_Pharmaceuticals_Inc,2
imgt:Kidney_transplantation,2
imgt:Kidney_transplantation_treatment_of_antibody-mediated_rejection_(AMR),2
imgt:L-KAPPA,2
imgt:L-V-D-J-C-chain,2
imgt:L-V-J-C-chain,2
imgt:L-kappa-G1-h-CH2-CH3_L-lambda-G1-h-CH2-CH3,2
imgt:L-nt-transcript,2
imgt:Lymphocytopenia,2
imgt:MH1-Alpha,2
imgt:MH1LIKE-ALPHA,2
imgt:MH2-Beta,2
imgt:MH2-Beta-peptide,2
imgt:Macfas,2
imgt:Macular_edema_following_Central_Retinal_Vein_Occlusion_(CRVO),2
imgt:Macular_edema_following_Retinal_Vein_Occlusion_(RVO),2
imgt:Malignancies,2
imgt:Malignant_pleural_effusion,2
imgt:Medulloblastoma,2
imgt:Melanoma_(stage_llb_and_IV),2
imgt:Melanoma_malignant,2
imgt:Melanoma_uveal,2
imgt:Mersana_Therapeutics,2
imgt:Micromet_AG,2
imgt:Myelofibrosis,2
imgt:Myopic_choroidal_neovascularization_(myopic_CNV),2
imgt:NIH,2
imgt:Nektar_Therapeutics,2
imgt:NeoRx_Corp,2
imgt:Non-alcoholic_steatohepatitis_(NASH),2
imgt:Nordic_Nanovector_ASA,2
imgt:OBI_Pharma_USA_Inc,2
imgt:OncoTherapy_Science_Inc,2
imgt:Osteoporosis_postmenopausal_women,2
imgt:Osteosarcoma,2
imgt:PAUF,2
imgt:PDL_(Protein_Design_Labs)_BioPharma,2
imgt:Pancreatic_ductal_adenocarcinoma_metastatic_(PDAC),2
imgt:Pigmented_villonodular_synovitis_(PVNS),2
imgt:Product_Adenocarcinoma_286,2
imgt:Product_Cancers_268,2
imgt:Product_Cancers_276,2
imgt:Product_Cancers_282,2
imgt:Product_Cancers_epithelial_ovarian_269,2
imgt:Product_Cancers_non-small_cell_lung_(NSCLC)_metastatic_1372,2
imgt:Product_Chronic_lymphocytic_leukemia_(CLL)_320,2
imgt:Product_Graft-versus-host_disease_(GvHD)_314,2
imgt:Product_Lymphoma_cutaneous_T_cell_(CTCL)_314,2
imgt:Product_Renal_cell_carcinoma_(RCC)_287,2
imgt:Product_Systemic_lupus_erythematosus_(SLE)_314,2
imgt:Product_microsatellite_instability-high_cancer_(MSI-H)_472,2
imgt:Psoriatic_arthritis_(PSA),2
imgt:Qilu_Puget_Sound_Biotherapeutics_Corp,2
imgt:RPI-MH1Like-Alpha,2
imgt:Radiolabelled_Actinium-225_Ac-225_53,2
imgt:Radiolabelled_Indium-111_In-111_115,2
imgt:Radiolabelled_Indium-111_In-111_123,2
imgt:Radiolabelled_Indium-111_In-111_138,2
imgt:Radiolabelled_Indium-111_In-111_312,2
imgt:Radiolabelled_Indium-111_In-111_98,2
imgt:Radiolabelled_Iodine-124_I-124_329,2
imgt:Radiolabelled_Iodine-125_I-125_137,2
imgt:Radiolabelled_Iodine-131_I-131_125,2
imgt:Radiolabelled_Iodine-131_I-131_142,2
imgt:Radiolabelled_Iodine-131_I-131_143,2
imgt:Radiolabelled_Iodine-131_I-131_159,2
imgt:Radiolabelled_Iodine-131_I-131_633,2
imgt:Radiolabelled_Lutetium-177_Lu-177_110,2
imgt:Radiolabelled_Lutetium-177_Lu-177_1571,2
imgt:Radiolabelled_Lutetium-177_Lu-177_541,2
imgt:Radiolabelled_Technetium-99m_Tc-99m_113,2
imgt:Radiolabelled_Technetium-99m_Tc-99m_133,2
imgt:Radiolabelled_Technetium-99m_Tc-99m_141,2
imgt:Radiolabelled_Technetium-99m_Tc-99m_199,2
imgt:Radiolabelled_Technetium-99m_Tc-99m_286,2
imgt:Radiolabelled_Yttrium-90_Y-90_114,2
imgt:Radiolabelled_Yttrium-90_Y-90_122,2
imgt:Radiolabelled_Yttrium-90_Y-90_229,2
imgt:Radiolabelled_Yttrium-90_Y-90_255,2
imgt:Radiolabelled_Yttrium-90_Y-90_269,2
imgt:Radiolabelled_Yttrium-90_Y-90_40,2
imgt:Radiolabelled_actinium-225_936,2
imgt:Refractory_B-lineage_non-Hodgkin_lymphoma,2
imgt:Relapsed_multiple_myeloma,2
imgt:RemeGen_Ltd,2
imgt:Renal_mass,2
imgt:Retinopathy_of_Prematurity_(ROP),2
imgt:Rheumatology,2
imgt:Ricinus_communis,2
imgt:Ricinus_communis_ricin_A,2
imgt:Sanofi-Aventis_US_LLC,2
imgt:Schering-Plough,2
imgt:Seagen_Inc_formely_Seatlle_Genetics_Inc,2
imgt:Segment_1000_1,2
imgt:Segment_1002_1,2
imgt:Segment_1003_1,2
imgt:Segment_1004_1,2
imgt:Segment_1005_1,2
imgt:Segment_1006_1,2
imgt:Segment_1007_1,2
imgt:Segment_1009_1,2
imgt:Segment_100_1,2
imgt:Segment_1010_1,2
imgt:Segment_1011_1,2
imgt:Segment_1012_1,2
imgt:Segment_1013_1,2
imgt:Segment_1014_1,2
imgt:Segment_1017_1,2
imgt:Segment_1019_1,2
imgt:Segment_101_1,2
imgt:Segment_1022_1,2
imgt:Segment_1023_1,2
imgt:Segment_1024_1,2
imgt:Segment_1025_1,2
imgt:Segment_1026_1,2
imgt:Segment_1028_1,2
imgt:Segment_1029_1,2
imgt:Segment_1030_1,2
imgt:Segment_1031_1,2
imgt:Segment_1032_1,2
imgt:Segment_1035_1,2
imgt:Segment_1036_1,2
imgt:Segment_1037_1,2
imgt:Segment_1039_1,2
imgt:Segment_1040_1,2
imgt:Segment_1041_1,2
imgt:Segment_1042_1,2
imgt:Segment_1049_1,2
imgt:Segment_1054_1,2
imgt:Segment_1055_1,2
imgt:Segment_1056_1,2
imgt:Segment_1057_1,2
imgt:Segment_1058_1,2
imgt:Segment_1059_1,2
imgt:Segment_1062_1,2
imgt:Segment_1065_1,2
imgt:Segment_1066_1,2
imgt:Segment_1067_1,2
imgt:Segment_1071_1,2
imgt:Segment_1072_1,2
imgt:Segment_1073_1,2
imgt:Segment_1074_1,2
imgt:Segment_1075_1,2
imgt:Segment_1076_1,2
imgt:Segment_1077_1,2
imgt:Segment_1079_1,2
imgt:Segment_1080_1,2
imgt:Segment_1081_1,2
imgt:Segment_1082_1,2
imgt:Segment_1083_1,2
imgt:Segment_1084_1,2
imgt:Segment_1085_1,2
imgt:Segment_1088_1,2
imgt:Segment_108_1,2
imgt:Segment_1090_1,2
imgt:Segment_1093_1,2
imgt:Segment_1095_1,2
imgt:Segment_109_1,2
imgt:Segment_1101_1,2
imgt:Segment_1102_1,2
imgt:Segment_1103_1,2
imgt:Segment_1112_1,2
imgt:Segment_1115_1,2
imgt:Segment_1115_2,2
imgt:Segment_1119_1,2
imgt:Segment_111_1,2
imgt:Segment_1120_1,2
imgt:Segment_1122_1,2
imgt:Segment_1123_1,2
imgt:Segment_1124_1,2
imgt:Segment_1124_2,2
imgt:Segment_1125_1,2
imgt:Segment_1127_1,2
imgt:Segment_1128_1,2
imgt:Segment_1131_1,2
imgt:Segment_1134_1,2
imgt:Segment_1138_1,2
imgt:Segment_1139_1,2
imgt:Segment_113_1,2
imgt:Segment_1142_1,2
imgt:Segment_1143_1,2
imgt:Segment_1146_1,2
imgt:Segment_1150_1,2
imgt:Segment_1152_1,2
imgt:Segment_1153_1,2
imgt:Segment_1154_1,2
imgt:Segment_1155_1,2
imgt:Segment_1157_1,2
imgt:Segment_1159_1,2
imgt:Segment_115_1,2
imgt:Segment_1160_1,2
imgt:Segment_1161_1,2
imgt:Segment_1167_1,2
imgt:Segment_116_1,2
imgt:Segment_1170_1,2
imgt:Segment_1171_1,2
imgt:Segment_1172_1,2
imgt:Segment_1173_1,2
imgt:Segment_1174_1,2
imgt:Segment_1176_1,2
imgt:Segment_1177_1,2
imgt:Segment_1179_1,2
imgt:Segment_1181_1,2
imgt:Segment_1182_1,2
imgt:Segment_1183_1,2
imgt:Segment_1184_1,2
imgt:Segment_1187_1,2
imgt:Segment_1189_1,2
imgt:Segment_1192_1,2
imgt:Segment_1194_1,2
imgt:Segment_1196_1,2
imgt:Segment_1196_2,2
imgt:Segment_1197_1,2
imgt:Segment_119_1,2
imgt:Segment_11_1,2
imgt:Segment_1200_1,2
imgt:Segment_1202_1,2
imgt:Segment_1203_1,2
imgt:Segment_1204_1,2
imgt:Segment_1206_1,2
imgt:Segment_1207_1,2
imgt:Segment_1208_1,2
imgt:Segment_1211_1,2
imgt:Segment_1212_1,2
imgt:Segment_1224_1,2
imgt:Segment_1225_1,2
imgt:Segment_1229_1,2
imgt:Segment_122_1,2
imgt:Segment_1230_1,2
imgt:Segment_1231_1,2
imgt:Segment_1232_1,2
imgt:Segment_1233_1,2
imgt:Segment_1234_1,2
imgt:Segment_1236_1,2
imgt:Segment_1239_1,2
imgt:Segment_123_1,2
imgt:Segment_1240_1,2
imgt:Segment_1243_1,2
imgt:Segment_1246_1,2
imgt:Segment_1248_1,2
imgt:Segment_1249_1,2
imgt:Segment_1256_1,2
imgt:Segment_1257_1,2
imgt:Segment_1258_1,2
imgt:Segment_1258_2,2
imgt:Segment_1259_1,2
imgt:Segment_125_1,2
imgt:Segment_1260_1,2
imgt:Segment_1260_2,2
imgt:Segment_1262_1,2
imgt:Segment_1263_1,2
imgt:Segment_1265_1,2
imgt:Segment_1266_1,2
imgt:Segment_1268_1,2
imgt:Segment_1269_1,2
imgt:Segment_1272_1,2
imgt:Segment_1273_1,2
imgt:Segment_1274_1,2
imgt:Segment_1276_1,2
imgt:Segment_1278_1,2
imgt:Segment_1281_1,2
imgt:Segment_1285_1,2
imgt:Segment_1287_1,2
imgt:Segment_1289_1,2
imgt:Segment_1296_1,2
imgt:Segment_1307_1,2
imgt:Segment_1308_1,2
imgt:Segment_130_1,2
imgt:Segment_1311_1,2
imgt:Segment_1313_1,2
imgt:Segment_1315_1,2
imgt:Segment_1317_1,2
imgt:Segment_1321_1,2
imgt:Segment_1325_1,2
imgt:Segment_1328_1,2
imgt:Segment_1330_1,2
imgt:Segment_1336_1,2
imgt:Segment_1337_1,2
imgt:Segment_1338_1,2
imgt:Segment_1339_1,2
imgt:Segment_133_1,2
imgt:Segment_1340_1,2
imgt:Segment_1342_1,2
imgt:Segment_1344_1,2
imgt:Segment_1346_1,2
imgt:Segment_1347_1,2
imgt:Segment_1350_1,2
imgt:Segment_1354_1,2
imgt:Segment_1355_1,2
imgt:Segment_1356_1,2
imgt:Segment_1359_1,2
imgt:Segment_135_1,2
imgt:Segment_1361_1,2
imgt:Segment_1362_1,2
imgt:Segment_1364_1,2
imgt:Segment_1365_1,2
imgt:Segment_1366_1,2
imgt:Segment_1367_1,2
imgt:Segment_1368_1,2
imgt:Segment_1369_1,2
imgt:Segment_136_1,2
imgt:Segment_1370_1,2
imgt:Segment_1371_1,2
imgt:Segment_1372_1,2
imgt:Segment_1373_1,2
imgt:Segment_1383_1,2
imgt:Segment_1384_1,2
imgt:Segment_1385_1,2
imgt:Segment_1388_1,2
imgt:Segment_138_1,2
imgt:Segment_1394_1,2
imgt:Segment_1399_1,2
imgt:Segment_13_1,2
imgt:Segment_1411_1,2
imgt:Segment_1418_1,2
imgt:Segment_141_1,2
imgt:Segment_142_1,2
imgt:Segment_143_1,2
imgt:Segment_1477_1,2
imgt:Segment_1492_1,2
imgt:Segment_149_1,2
imgt:Segment_150_1,2
imgt:Segment_151_1,2
imgt:Segment_1537_1,2
imgt:Segment_154_1,2
imgt:Segment_1555_1,2
imgt:Segment_1571_1,2
imgt:Segment_1580_1,2
imgt:Segment_1584_1,2
imgt:Segment_1585_1,2
imgt:Segment_158_1,2
imgt:Segment_159_1,2
imgt:Segment_1616_1,2
imgt:Segment_161_1,2
imgt:Segment_164_1,2
imgt:Segment_166_1,2
imgt:Segment_168_1,2
imgt:Segment_176_1,2
imgt:Segment_180_1,2
imgt:Segment_183_1,2
imgt:Segment_184_1,2
imgt:Segment_18_1,2
imgt:Segment_190_1,2
imgt:Segment_191_1,2
imgt:Segment_194_1,2
imgt:Segment_196_1,2
imgt:Segment_198_1,2
imgt:Segment_199_1,2
imgt:Segment_19_1,2
imgt:Segment_200_1,2
imgt:Segment_201_1,2
imgt:Segment_205_1,2
imgt:Segment_218_1,2
imgt:Segment_219_1,2
imgt:Segment_21_1,2
imgt:Segment_220_1,2
imgt:Segment_221_1,2
imgt:Segment_222_1,2
imgt:Segment_224_1,2
imgt:Segment_225_1,2
imgt:Segment_226_1,2
imgt:Segment_228_1,2
imgt:Segment_229_1,2
imgt:Segment_232_1,2
imgt:Segment_233_1,2
imgt:Segment_234_1,2
imgt:Segment_236_1,2
imgt:Segment_237_1,2
imgt:Segment_238_1,2
imgt:Segment_240_1,2
imgt:Segment_248_1,2
imgt:Segment_249_1,2
imgt:Segment_24_1,2
imgt:Segment_250_1,2
imgt:Segment_251_1,2
imgt:Segment_254_1,2
imgt:Segment_255_1,2
imgt:Segment_259_1,2
imgt:Segment_268_1,2
imgt:Segment_269_1,2
imgt:Segment_26_1,2
imgt:Segment_270_1,2
imgt:Segment_274_1,2
imgt:Segment_276_1,2
imgt:Segment_27_1,2
imgt:Segment_282_1,2
imgt:Segment_283_1,2
imgt:Segment_286_1,2
imgt:Segment_287_1,2
imgt:Segment_290_1,2
imgt:Segment_291_1,2
imgt:Segment_292_1,2
imgt:Segment_293_1,2
imgt:Segment_294_1,2
imgt:Segment_295_1,2
imgt:Segment_296_1,2
imgt:Segment_297_1,2
imgt:Segment_29_1,2
imgt:Segment_2_1,2
imgt:Segment_301_1,2
imgt:Segment_302_1,2
imgt:Segment_306_1,2
imgt:Segment_312_1,2
imgt:Segment_314_1,2
imgt:Segment_320_1,2
imgt:Segment_321_1,2
imgt:Segment_324_1,2
imgt:Segment_328_1,2
imgt:Segment_329_1,2
imgt:Segment_332_1,2
imgt:Segment_333_1,2
imgt:Segment_33_1,2
imgt:Segment_340_1,2
imgt:Segment_344_1,2
imgt:Segment_348_1,2
imgt:Segment_349_1,2
imgt:Segment_352_1,2
imgt:Segment_356_1,2
imgt:Segment_357_1,2
imgt:Segment_359_1,2
imgt:Segment_360_1,2
imgt:Segment_365_1,2
imgt:Segment_366_1,2
imgt:Segment_368_1,2
imgt:Segment_370_1,2
imgt:Segment_372_1,2
imgt:Segment_373_1,2
imgt:Segment_374_1,2
imgt:Segment_379_1,2
imgt:Segment_381_1,2
imgt:Segment_385_1,2
imgt:Segment_387_1,2
imgt:Segment_389_1,2
imgt:Segment_39_1,2
imgt:Segment_403_1,2
imgt:Segment_405_1,2
imgt:Segment_407_1,2
imgt:Segment_408_2,2
imgt:Segment_408_3,2
imgt:Segment_40_1,2
imgt:Segment_414_1,2
imgt:Segment_415_1,2
imgt:Segment_416_1,2
imgt:Segment_417_1,2
imgt:Segment_419_1,2
imgt:Segment_420_1,2
imgt:Segment_423_1,2
imgt:Segment_424_1,2
imgt:Segment_425_1,2
imgt:Segment_427_1,2
imgt:Segment_430_1,2
imgt:Segment_431_1,2
imgt:Segment_432_1,2
imgt:Segment_433_1,2
imgt:Segment_44_1,2
imgt:Segment_451_1,2
imgt:Segment_452_1,2
imgt:Segment_453_1,2
imgt:Segment_455_1,2
imgt:Segment_457_1,2
imgt:Segment_458_1,2
imgt:Segment_45_1,2
imgt:Segment_464_1,2
imgt:Segment_466_1,2
imgt:Segment_467_1,2
imgt:Segment_469_1,2
imgt:Segment_470_1,2
imgt:Segment_471_1,2
imgt:Segment_472_1,2
imgt:Segment_473_1,2
imgt:Segment_476_1,2
imgt:Segment_478_1,2
imgt:Segment_482_1,2
imgt:Segment_483_1,2
imgt:Segment_488_1,2
imgt:Segment_489_1,2
imgt:Segment_490_1,2
imgt:Segment_491_1,2
imgt:Segment_492_1,2
imgt:Segment_493_1,2
imgt:Segment_496_1,2
imgt:Segment_497_1,2
imgt:Segment_498_1,2
imgt:Segment_49_1,2
imgt:Segment_500_1,2
imgt:Segment_501_1,2
imgt:Segment_502_1,2
imgt:Segment_504_1,2
imgt:Segment_505_1,2
imgt:Segment_507_1,2
imgt:Segment_508_1,2
imgt:Segment_512_1,2
imgt:Segment_519_1,2
imgt:Segment_522_1,2
imgt:Segment_526_1,2
imgt:Segment_528_1,2
imgt:Segment_52_1,2
imgt:Segment_531_1,2
imgt:Segment_532_1,2
imgt:Segment_533_1,2
imgt:Segment_534_1,2
imgt:Segment_539_1,2
imgt:Segment_53_1,2
imgt:Segment_540_1,2
imgt:Segment_541_1,2
imgt:Segment_542_1,2
imgt:Segment_544_1,2
imgt:Segment_545_1,2
imgt:Segment_545_2,2
imgt:Segment_546_1,2
imgt:Segment_546_3,2
imgt:Segment_548_1,2
imgt:Segment_552_1,2
imgt:Segment_553_1,2
imgt:Segment_554_1,2
imgt:Segment_555_1,2
imgt:Segment_558_1,2
imgt:Segment_559_1,2
imgt:Segment_560_1,2
imgt:Segment_561_1,2
imgt:Segment_562_1,2
imgt:Segment_565_1,2
imgt:Segment_568_1,2
imgt:Segment_569_1,2
imgt:Segment_570_1,2
imgt:Segment_571_1,2
imgt:Segment_572_1,2
imgt:Segment_575_1,2
imgt:Segment_577_1,2
imgt:Segment_580_1,2
imgt:Segment_580_2,2
imgt:Segment_580_3,2
imgt:Segment_581_1,2
imgt:Segment_582_2,2
imgt:Segment_584_1,2
imgt:Segment_588_1,2
imgt:Segment_58_1,2
imgt:Segment_590_1,2
imgt:Segment_592_1,2
imgt:Segment_597_1,2
imgt:Segment_600_1,2
imgt:Segment_601_1,2
imgt:Segment_602_1,2
imgt:Segment_603_1,2
imgt:Segment_604_1,2
imgt:Segment_605_1,2
imgt:Segment_608_1,2
imgt:Segment_614_1,2
imgt:Segment_62_1,2
imgt:Segment_633_1,2
imgt:Segment_634_1,2
imgt:Segment_634_2,2
imgt:Segment_640_1,2
imgt:Segment_644_1,2
imgt:Segment_645_1,2
imgt:Segment_649_1,2
imgt:Segment_64_1,2
imgt:Segment_653_1,2
imgt:Segment_654_1,2
imgt:Segment_655_1,2
imgt:Segment_656_1,2
imgt:Segment_657_1,2
imgt:Segment_659_1,2
imgt:Segment_65_1,2
imgt:Segment_660_1,2
imgt:Segment_662_1,2
imgt:Segment_665_1,2
imgt:Segment_668_1,2
imgt:Segment_672_1,2
imgt:Segment_679_1,2
imgt:Segment_67_1,2
imgt:Segment_680_1,2
imgt:Segment_690_1,2
imgt:Segment_704_1,2
imgt:Segment_70_1,2
imgt:Segment_712_1,2
imgt:Segment_714_1,2
imgt:Segment_720_1,2
imgt:Segment_721_1,2
imgt:Segment_722_1,2
imgt:Segment_723_1,2
imgt:Segment_724_1,2
imgt:Segment_729_1,2
imgt:Segment_732_2,2
imgt:Segment_735_1,2
imgt:Segment_736_1,2
imgt:Segment_738_1,2
imgt:Segment_739_1,2
imgt:Segment_740_1,2
imgt:Segment_743_1,2
imgt:Segment_748_1,2
imgt:Segment_749_1,2
imgt:Segment_750_1,2
imgt:Segment_753_1,2
imgt:Segment_754_1,2
imgt:Segment_755_1,2
imgt:Segment_757_1,2
imgt:Segment_759_1,2
imgt:Segment_760_1,2
imgt:Segment_761_1,2
imgt:Segment_765_1,2
imgt:Segment_768_1,2
imgt:Segment_76_1,2
imgt:Segment_770_1,2
imgt:Segment_771_1,2
imgt:Segment_772_1,2
imgt:Segment_773_1,2
imgt:Segment_774_1,2
imgt:Segment_775_1,2
imgt:Segment_776_1,2
imgt:Segment_777_1,2
imgt:Segment_780_1,2
imgt:Segment_781_1,2
imgt:Segment_784_1,2
imgt:Segment_789_1,2
imgt:Segment_792_1,2
imgt:Segment_795_1,2
imgt:Segment_796_1,2
imgt:Segment_797_1,2
imgt:Segment_798_1,2
imgt:Segment_798_2,2
imgt:Segment_7_1,2
imgt:Segment_800_1,2
imgt:Segment_801_1,2
imgt:Segment_803_1,2
imgt:Segment_809_1,2
imgt:Segment_80_1,2
imgt:Segment_810_1,2
imgt:Segment_811_1,2
imgt:Segment_812_1,2
imgt:Segment_813_1,2
imgt:Segment_814_1,2
imgt:Segment_815_1,2
imgt:Segment_817_1,2
imgt:Segment_818_1,2
imgt:Segment_827_1,2
imgt:Segment_828_1,2
imgt:Segment_834_1,2
imgt:Segment_835_1,2
imgt:Segment_838_1,2
imgt:Segment_839_1,2
imgt:Segment_840_1,2
imgt:Segment_845_1,2
imgt:Segment_846_1,2
imgt:Segment_847_1,2
imgt:Segment_849_1,2
imgt:Segment_855_1,2
imgt:Segment_856_1,2
imgt:Segment_858_1,2
imgt:Segment_859_1,2
imgt:Segment_861_1,2
imgt:Segment_863_1,2
imgt:Segment_865_1,2
imgt:Segment_866_1,2
imgt:Segment_867_1,2
imgt:Segment_869_1,2
imgt:Segment_873_1,2
imgt:Segment_874_1,2
imgt:Segment_876_1,2
imgt:Segment_879_1,2
imgt:Segment_880_1,2
imgt:Segment_882_1,2
imgt:Segment_885_1,2
imgt:Segment_886_1,2
imgt:Segment_890_1,2
imgt:Segment_891_1,2
imgt:Segment_894_1,2
imgt:Segment_896_1,2
imgt:Segment_900_1,2
imgt:Segment_902_1,2
imgt:Segment_903_1,2
imgt:Segment_904_1,2
imgt:Segment_905_1,2
imgt:Segment_907_1,2
imgt:Segment_912_1,2
imgt:Segment_913_1,2
imgt:Segment_916_1,2
imgt:Segment_918_1,2
imgt:Segment_919_1,2
imgt:Segment_920_1,2
imgt:Segment_921_1,2
imgt:Segment_928_1,2
imgt:Segment_931_1,2
imgt:Segment_933_2,2
imgt:Segment_934_1,2
imgt:Segment_936_1,2
imgt:Segment_937_1,2
imgt:Segment_938_1,2
imgt:Segment_940_1,2
imgt:Segment_942_1,2
imgt:Segment_945_1,2
imgt:Segment_946_1,2
imgt:Segment_948_1,2
imgt:Segment_949_1,2
imgt:Segment_950_1,2
imgt:Segment_952_1,2
imgt:Segment_954_1,2
imgt:Segment_955_1,2
imgt:Segment_956_1,2
imgt:Segment_957_1,2
imgt:Segment_958_1,2
imgt:Segment_959_1,2
imgt:Segment_960_1,2
imgt:Segment_962_1,2
imgt:Segment_963_1,2
imgt:Segment_964_1,2
imgt:Segment_965_1,2
imgt:Segment_966_1,2
imgt:Segment_967_1,2
imgt:Segment_968_1,2
imgt:Segment_969_1,2
imgt:Segment_96_1,2
imgt:Segment_970_1,2
imgt:Segment_973_1,2
imgt:Segment_974_1,2
imgt:Segment_975_1,2
imgt:Segment_976_1,2
imgt:Segment_97_1,2
imgt:Segment_981_1,2
imgt:Segment_982_1,2
imgt:Segment_984_1,2
imgt:Segment_985_1,2
imgt:Segment_986_1,2
imgt:Segment_987_1,2
imgt:Segment_98_1,2
imgt:Segment_997_2,2
imgt:Segment_999_1,2
imgt:Segment_99_1,2
imgt:Segment_Construct_3_to_5_flexible_polymers_PHF-BA-EG2-MIAF-HPA-Ala_and_3_to_4_auristatin_F_hydroxypropylamide-L-alanine-thioether_bond_1059_1,2
imgt:Segment_Construct_3_to_5_flexible_polymers_PHF-BA-EG2-MIAF-HPA-Ala_and_3_to_4_auristatin_F_hydroxypropylamide-L-alanine-thioether_bond_1059_2,2
imgt:Segment_Construct_7-ethyl-10-hydroxycamptothecin_558_1,2
imgt:Segment_Construct_7-ethyl-10-hydroxycamptothecin_558_2,2
imgt:Segment_Construct_7-ethyl-10-hydroxycamptothecin_559_1,2
imgt:Segment_Construct_7-ethyl-10-hydroxycamptothecin_559_2,2
imgt:Segment_Construct_Actinium-225_Ac-225_53_1,2
imgt:Segment_Construct_CD28_1233_1,2
imgt:Segment_Construct_CD28_827_1,2
imgt:Segment_Construct_CD28_876_1,2
imgt:Segment_Construct_CD28_986_1,2
imgt:Segment_Construct_CD4_1232_1,2
imgt:Segment_Construct_CD8A_1042_1,2
imgt:Segment_Construct_CD8A_1102_1,2
imgt:Segment_Construct_CD8A_1103_1,2
imgt:Segment_Construct_CD8A_1161_1,2
imgt:Segment_Construct_CD8A_1229_1,2
imgt:Segment_Construct_CD8A_1230_1,2
imgt:Segment_Construct_CD8A_1231_1,2
imgt:Segment_Construct_CD8A_1383_1,2
imgt:Segment_Construct_CD8A_1384_1,2
imgt:Segment_Construct_CD8A_1385_1,2
imgt:Segment_Construct_CD8A_828_1,2
imgt:Segment_Construct_CD8A_873_1,2
imgt:Segment_Construct_Homo_sapiens_IGHG1_Fc-peptidyl_linker_1227_2,2
imgt:Segment_Construct_Homo_sapiens_IL15-20-mer_Gly-Ser_linker_933_2,2
imgt:Segment_Construct_Homo_sapiens_LCN2-peptidyl_linker_982_2,2
imgt:Segment_Construct_Homo_sapiens_TGFBR2-peptidyl_linker_1225_2,2
imgt:Segment_Construct_Homo_sapiens_TNFSF9-peptidyl_linker_1224_2,2
imgt:Segment_Construct_IGHG4_h-CH2-CH3_1049_1,2
imgt:Segment_Construct_IGHG4_h-CH2-CH3_874_1,2
imgt:Segment_Construct_IgG1-h-CH2-CH3_1234_1,2
imgt:Segment_Construct_Indium-111_In-111_115_1,2
imgt:Segment_Construct_Indium-111_In-111_123_1,2
imgt:Segment_Construct_Indium-111_In-111_138_1,2
imgt:Segment_Construct_Indium-111_In-111_312_1,2
imgt:Segment_Construct_Indium-111_In-111_98_1,2
imgt:Segment_Construct_Indolino-benzodiazepine_compound_839_1,2
imgt:Segment_Construct_Indolino-benzodiazepine_compound_839_2,2
imgt:Segment_Construct_Indolino-benzodiazepine_compound_type_linker_879_1,2
imgt:Segment_Construct_Indolino-benzodiazepine_compound_type_linker_879_2,2
imgt:Segment_Construct_Iodine-124_I-124_329_1,2
imgt:Segment_Construct_Iodine-125_I-125_137_1,2
imgt:Segment_Construct_Iodine-131_I-131_125_1,2
imgt:Segment_Construct_Iodine-131_I-131_142_1,2
imgt:Segment_Construct_Iodine-131_I-131_143_1,2
imgt:Segment_Construct_Iodine-131_I-131_159_1,2
imgt:Segment_Construct_Iodine-131_I-131_633_1,2
imgt:Segment_Construct_Lutetium-177_Lu-177_110_1,2
imgt:Segment_Construct_Lutetium-177_Lu-177_1571_1,2
imgt:Segment_Construct_Lutetium-177_Lu-177_541_1,2
imgt:Segment_Construct_N-acetyl-gamma_calicheamicin_259_1,2
imgt:Segment_Construct_N-acetyl-gamma_calicheamicin_44_1,2
imgt:Segment_Construct_N-acetyl-gamma_calicheamicin_649_1,2
imgt:Segment_Construct_Technetium-99m_Tc-99m_113_1,2
imgt:Segment_Construct_Technetium-99m_Tc-99m_133_1,2
imgt:Segment_Construct_Technetium-99m_Tc-99m_141_1,2
imgt:Segment_Construct_Technetium-99m_Tc-99m_199_1,2
imgt:Segment_Construct_Technetium-99m_Tc-99m_286_1,2
imgt:Segment_Construct_Yttrium-90_Y-90_114_1,2
imgt:Segment_Construct_Yttrium-90_Y-90_122_1,2
imgt:Segment_Construct_Yttrium-90_Y-90_229_1,2
imgt:Segment_Construct_Yttrium-90_Y-90_255_1,2
imgt:Segment_Construct_Yttrium-90_Y-90_269_1,2
imgt:Segment_Construct_Yttrium-90_Y-90_40_1,2
imgt:Segment_Construct_[Homo_sapiens_COL1A1_]3-peptidyl_linker_1297_2,2
imgt:Segment_Construct_[Homo_sapiens_IFNA2_]2-peptidyl_linker_1157_2,2
imgt:Segment_Construct_[Homo_sapiens_TGFBR2_]2-peptidyl_linker_1159_2,2
imgt:Segment_Construct_[Homo_sapiens_TGFBR2_]2-peptidyl_linker_1616_2,2
imgt:Segment_Construct_[Homo_sapiens_TGFBR2_]2-peptidyl_linker_869_2,2
imgt:Segment_Construct_actinium-225_936_1,2
imgt:Segment_Construct_aldifitox_diphteriatoxin_732_1,2
imgt:Segment_Construct_analogue_of_motolimod_1278_1,2
imgt:Segment_Construct_auristatin-0101_type_linker_777_1,2
imgt:Segment_Construct_auristatin-0101_type_linker_777_2,2
imgt:Segment_Construct_auristatin_W_derivative-partially_reduced_S-cystine_sulfurhydryl_groups_665_1,2
imgt:Segment_Construct_auristatin_W_derivative-partially_reduced_S-cystine_sulfurhydryl_groups_665_2,2
imgt:Segment_Construct_auristatin_W_derivative_656_1,2
imgt:Segment_Construct_blocked_ricin_208_1,2
imgt:Segment_Construct_blocked_ricin_211_1,2
imgt:Segment_Construct_calicheamicin_205_1,2
imgt:Segment_Construct_calicheamicin_98_1,2
imgt:Segment_Construct_camptothecin_derivative-thioether_bond_1328_1,2
imgt:Segment_Construct_camptothecin_derivative-thioether_bond_1328_2,2
imgt:Segment_Construct_chelator_cituxetan_269_1,2
imgt:Segment_Construct_chelator_corixetan_1139_1,2
imgt:Segment_Construct_chelator_corixetan_1285_1,2
imgt:Segment_Construct_chelator_corixetan_938_1,2
imgt:Segment_Construct_chelator_derivative_barzuxetan_867_1,2
imgt:Segment_Construct_chelator_matraxetan_1115_1,2
imgt:Segment_Construct_chelator_merpentan_133_1,2
imgt:Segment_Construct_chelator_pendetide_115_1,2
imgt:Segment_Construct_chelator_pendetide_138_1,2
imgt:Segment_Construct_chelator_pentetate_123_1,2
imgt:Segment_Construct_chelator_pentetate_312_1,2
imgt:Segment_Construct_chelator_satetraxetan_541_1,2
imgt:Segment_Construct_chelator_satetraxetan_936_1,2
imgt:Segment_Construct_chelator_tetraxetan_1029_1,2
imgt:Segment_Construct_chelator_tetraxetan_1571_1,2
imgt:Segment_Construct_chelator_tetraxetan_229_1,2
imgt:Segment_Construct_chelator_tetraxetan_255_1,2
imgt:Segment_Construct_chelator_tetraxetan_40_1,2
imgt:Segment_Construct_chelator_tetraxetan_560_1,2
imgt:Segment_Construct_chelator_tiuxetan_122_1,2
imgt:Segment_Construct_clezutoclax_959_1,2
imgt:Segment_Construct_deacetylmaytansine-6-hexanoyl_linker_1346_1,2
imgt:Segment_Construct_deacetylmaytansine-6-hexanoyl_linker_1346_2,2
imgt:Segment_Construct_debotansine_1259_1,2
imgt:Segment_Construct_derivative_of_the_glucocorticoid_receptor_modulator_acetyl-Gly-Glu_link_1307_1,2
imgt:Segment_Construct_derivative_of_the_glucocorticoid_receptor_modulator_acetyl-Gly-Glu_link_1307_2,2
imgt:Segment_Construct_deruxtecan_a_camptothecin_derivative-linker_1006_1,2
imgt:Segment_Construct_deruxtecan_a_camptothecin_derivative-linker_1006_2,2
imgt:Segment_Construct_deruxtecan_a_camptothecin_derivative-linker_1256_1,2
imgt:Segment_Construct_deruxtecan_a_camptothecin_derivative-linker_1256_2,2
imgt:Segment_Construct_deruxtecan_a_camptothecin_derivative-linker_1350_1,2
imgt:Segment_Construct_deruxtecan_a_camptothecin_derivative-linker_1350_2,2
imgt:Segment_Construct_deruxtecan_a_camptothecin_derivative-linker_722_1,2
imgt:Segment_Construct_deruxtecan_a_camptothecin_derivative-linker_722_2,2
imgt:Segment_Construct_deruxtecan_a_camptothecin_derivative-linker_964_1,2
imgt:Segment_Construct_deruxtecan_a_camptothecin_derivative-linker_964_2,2
imgt:Segment_Construct_dithiocarbamates_209_1,2
imgt:Segment_Construct_dolastatin_derivative_1134_1,2
imgt:Segment_Construct_doxorubicin_135_1,2
imgt:Segment_Construct_doxorubicin_344_1,2
imgt:Segment_Construct_duocarmycin_514_1,2
imgt:Segment_Construct_duostatin-5-cleavable_linker_840_1,2
imgt:Segment_Construct_duostatin-5-cleavable_linker_840_2,2
imgt:Segment_Construct_eribulin-linker_1208_1,2
imgt:Segment_Construct_eribulin-linker_1208_2,2
imgt:Segment_Construct_hemiasterlin_analogue-cleavable_valyl-citrullyl_linker_1265_1,2
imgt:Segment_Construct_hemiasterlin_analogue-cleavable_valyl-citrullyl_linker_1265_2,2
imgt:Segment_Construct_imbotolimod_a_derivative_of_telratolimod_1369_1,2
imgt:Segment_Construct_interleukin_12_257_1,2
imgt:Segment_Construct_masking_peptide-linker_963_1,2
imgt:Segment_Construct_masking_peptide-linker_963_2,2
imgt:Segment_Construct_masking_peptide-linker_966_1,2
imgt:Segment_Construct_masking_peptide-linker_966_2,2
imgt:Segment_Construct_masking_peptide-linker_967_1,2
imgt:Segment_Construct_masking_peptide-linker_967_2,2
imgt:Segment_Construct_maytansinoid_DM1-noncleavable_succinimidyl-4-linker_357_1,2
imgt:Segment_Construct_maytansinoid_DM1-noncleavable_succinimidyl-4-linker_357_2,2
imgt:Segment_Construct_maytansinoid_DM1-noncleavable_succinimidyl-4-linker_600_1,2
imgt:Segment_Construct_maytansinoid_DM1-noncleavable_succinimidyl-4-linker_600_2,2
imgt:Segment_Construct_maytansinoid_DM1-noncleavable_succinimidyl-4-linker_602_1,2
imgt:Segment_Construct_maytansinoid_DM1-noncleavable_succinimidyl-4-linker_602_2,2
imgt:Segment_Construct_maytansinoid_DM1-thiopentanoate_linker_52_1,2
imgt:Segment_Construct_maytansinoid_DM1-thiopentanoate_linker_52_2,2
imgt:Segment_Construct_maytansinoid_DM1-thiopentanoate_linker_58_1,2
imgt:Segment_Construct_maytansinoid_DM1-thiopentanoate_linker_58_2,2
imgt:Segment_Construct_maytansinoid_DM4-reducible_SPDB_linker_[N-succinimidyl_4-butanoate]_1065_1,2
imgt:Segment_Construct_maytansinoid_DM4-reducible_SPDB_linker_[N-succinimidyl_4-butanoate]_1065_2,2
imgt:Segment_Construct_maytansinoid_DM4-reducible_SPDB_linker_[N-succinimidyl_4-butanoate]_387_1,2
imgt:Segment_Construct_maytansinoid_DM4-reducible_SPDB_linker_[N-succinimidyl_4-butanoate]_387_2,2
imgt:Segment_Construct_maytansinoid_DM4-reducible_SPDB_linker_[N-succinimidyl_4-butanoate]_389_1,2
imgt:Segment_Construct_maytansinoid_DM4-reducible_SPDB_linker_[N-succinimidyl_4-butanoate]_389_2,2
imgt:Segment_Construct_maytansinoid_DM4-reducible_SPDB_linker_[N-succinimidyl_4-butanoate]_471_1,2
imgt:Segment_Construct_maytansinoid_DM4-reducible_SPDB_linker_[N-succinimidyl_4-butanoate]_471_2,2
imgt:Segment_Construct_maytansinoid_DM4-reducible_SPDB_linker_[N-succinimidyl_4-butanoate]_490_1,2
imgt:Segment_Construct_maytansinoid_DM4-reducible_SPDB_linker_[N-succinimidyl_4-butanoate]_490_2,2
imgt:Segment_Construct_maytansinoid_DM4-reducible_SPDB_linker_[N-succinimidyl_4-butanoate]_967_1,2
imgt:Segment_Construct_maytansinoid_DM4-reducible_SPDB_linker_[N-succinimidyl_4-butanoate]_967_2,2
imgt:Segment_Construct_maytansinoid_DM4-reducible_sulfo-SPDB_linker_[N-succinimidyl_4-2-sulfobutanoate]_575_1,2
imgt:Segment_Construct_maytansinoid_DM4-reducible_sulfo-SPDB_linker_[N-succinimidyl_4-2-sulfobutanoate]_575_2,2
imgt:Segment_Construct_microtubule-disrupting_agent_opadotin_1340_1,2
imgt:Segment_Construct_monomethyl_auristatin_E-peptidyl_linker_883_1,2
imgt:Segment_Construct_monomethyl_auristatin_E-peptidyl_linker_883_2,2
imgt:Segment_Construct_monomethyl_auristatin_E_1166_1,2
imgt:Segment_Construct_monomethyl_auristatin_E_type_linker_1155_1,2
imgt:Segment_Construct_monomethyl_auristatin_E_type_linker_1155_2,2
imgt:Segment_Construct_monomethyl_auristatin_E_type_linker_1269_1,2
imgt:Segment_Construct_monomethyl_auristatin_E_type_linker_1269_2,2
imgt:Segment_Construct_monomethyl_auristatin_E_type_linker_1274_1,2
imgt:Segment_Construct_monomethyl_auristatin_E_type_linker_1274_2,2
imgt:Segment_Construct_monomethyl_auristatin_E_type_linker_324_1,2
imgt:Segment_Construct_monomethyl_auristatin_E_type_linker_324_2,2
imgt:Segment_Construct_monomethyl_auristatin_E_type_linker_346_1,2
imgt:Segment_Construct_monomethyl_auristatin_E_type_linker_346_2,2
imgt:Segment_Construct_monomethyl_auristatin_E_type_linker_457_1,2
imgt:Segment_Construct_monomethyl_auristatin_E_type_linker_457_2,2
imgt:Segment_Construct_monomethyl_auristatin_E_type_linker_458_1,2
imgt:Segment_Construct_monomethyl_auristatin_E_type_linker_458_2,2
imgt:Segment_Construct_monomethyl_auristatin_E_type_linker_476_1,2
imgt:Segment_Construct_monomethyl_auristatin_E_type_linker_476_2,2
imgt:Segment_Construct_monomethyl_auristatin_E_type_linker_478_1,2
imgt:Segment_Construct_monomethyl_auristatin_E_type_linker_478_2,2
imgt:Segment_Construct_monomethyl_auristatin_E_type_linker_482_1,2
imgt:Segment_Construct_monomethyl_auristatin_E_type_linker_482_2,2
imgt:Segment_Construct_monomethyl_auristatin_E_type_linker_513_1,2
imgt:Segment_Construct_monomethyl_auristatin_E_type_linker_513_2,2
imgt:Segment_Construct_monomethyl_auristatin_E_type_linker_531_1,2
imgt:Segment_Construct_monomethyl_auristatin_E_type_linker_531_2,2
imgt:Segment_Construct_monomethyl_auristatin_E_type_linker_532_1,2
imgt:Segment_Construct_monomethyl_auristatin_E_type_linker_532_2,2
imgt:Segment_Construct_monomethyl_auristatin_E_type_linker_565_1,2
imgt:Segment_Construct_monomethyl_auristatin_E_type_linker_565_2,2
imgt:Segment_Construct_monomethyl_auristatin_E_type_linker_571_1,2
imgt:Segment_Construct_monomethyl_auristatin_E_type_linker_571_2,2
imgt:Segment_Construct_monomethyl_auristatin_E_type_linker_653_1,2
imgt:Segment_Construct_monomethyl_auristatin_E_type_linker_653_2,2
imgt:Segment_Construct_monomethyl_auristatin_E_type_linker_712_1,2
imgt:Segment_Construct_monomethyl_auristatin_E_type_linker_712_2,2
imgt:Segment_Construct_monomethyl_auristatin_E_type_linker_721_1,2
imgt:Segment_Construct_monomethyl_auristatin_E_type_linker_721_2,2
imgt:Segment_Construct_monomethyl_auristatin_E_type_linker_772_1,2
imgt:Segment_Construct_monomethyl_auristatin_E_type_linker_772_2,2
imgt:Segment_Construct_monomethyl_auristatin_E_type_linker_773_1,2
imgt:Segment_Construct_monomethyl_auristatin_E_type_linker_773_2,2
imgt:Segment_Construct_monomethyl_auristatin_E_type_linker_774_1,2
imgt:Segment_Construct_monomethyl_auristatin_E_type_linker_774_2,2
imgt:Segment_Construct_monomethyl_auristatin_E_type_linker_814_1,2
imgt:Segment_Construct_monomethyl_auristatin_E_type_linker_814_2,2
imgt:Segment_Construct_monomethyl_auristatin_E_type_linker_815_1,2
imgt:Segment_Construct_monomethyl_auristatin_E_type_linker_815_2,2
imgt:Segment_Construct_monomethyl_auristatin_E_type_linker_896_1,2
imgt:Segment_Construct_monomethyl_auristatin_E_type_linker_896_2,2
imgt:Segment_Construct_monomethyl_auristatin_F_linker_432_1,2
imgt:Segment_Construct_monomethyl_auristatin_F_linker_432_2,2
imgt:Segment_Construct_monomethyl_auristatin_F_linker_493_1,2
imgt:Segment_Construct_monomethyl_auristatin_F_linker_493_2,2
imgt:Segment_Construct_monomethyl_auristatin_F_linker_645_1,2
imgt:Segment_Construct_monomethyl_auristatin_F_linker_645_2,2
imgt:Segment_Construct_monomethyl_auristatin_F_linker_784_1,2
imgt:Segment_Construct_monomethyl_auristatin_F_linker_784_2,2
imgt:Segment_Construct_non-cleavable_dibenzocyclooctyne-maytansinoid_linker-warhead_880_1,2
imgt:Segment_Construct_olatansine-linker_1585_1,2
imgt:Segment_Construct_olatansine-linker_1585_2,2
imgt:Segment_Construct_pegol_1299_1,2
imgt:Segment_Construct_pegol_233_1,2
imgt:Segment_Construct_pegol_627_1,2
imgt:Segment_Construct_pegol_634_1,2
imgt:Segment_Construct_pegol_871_1,2
imgt:Segment_Construct_pyrrolobenzodiazepine_569_1,2
imgt:Segment_Construct_pyrrolobenzodiazepine_569_2,2
imgt:Segment_Construct_pyrrolobenzodiazepine_749_1,2
imgt:Segment_Construct_pyrrolobenzodiazepine_749_2,2
imgt:Segment_Construct_pyrrolobenzodiazepine_775_1,2
imgt:Segment_Construct_pyrrolobenzodiazepine_775_2,2
imgt:Segment_Construct_pyrrolobenzodiazepine_904_1,2
imgt:Segment_Construct_pyrrolobenzodiazepine_904_2,2
imgt:Segment_Construct_pyrrolobenzodiazepine_dimer_SG3199-cleavable_valine-alanine_linker_1072_1,2
imgt:Segment_Construct_pyrrolobenzodiazepine_dimer_SG3199-cleavable_valine-alanine_linker_1072_2,2
imgt:Segment_Construct_pyrrolobenzodiazepine_maleimidocaproyl_type_linker_552_1,2
imgt:Segment_Construct_pyrrolobenzodiazepine_maleimidocaproyl_type_linker_552_2,2
imgt:Segment_Construct_pyrrolobenzodiazepine_maleimidocaproyl_type_linker_866_1,2
imgt:Segment_Construct_pyrrolobenzodiazepine_maleimidocaproyl_type_linker_866_2,2
imgt:Segment_Construct_pyrrolobenzodiazepine_maleimidocaproyl_type_linker_902_1,2
imgt:Segment_Construct_pyrrolobenzodiazepine_maleimidocaproyl_type_linker_902_2,2
imgt:Segment_Construct_sarotalocan_IRDye_700DX_near-infrared_photosensitizing_dye_907_1,2
imgt:Segment_Construct_scFv-heavy-kappa-JCHAIN_1257_1,2
imgt:Segment_Construct_seco-DUBA-cleavable_linker_N-[2-ethyl]carbamoyl_1289_1,2
imgt:Segment_Construct_seco-DUBA-cleavable_linker_N-[2-ethyl]carbamoyl_1289_2,2
imgt:Segment_Construct_seco-DUBA-cleavable_linker_N-[2-ethyl]carbamoyl_668_1,2
imgt:Segment_Construct_seco-DUBA-cleavable_linker_N-[2-ethyl]carbamoyl_668_2,2
imgt:Segment_Construct_sulfonamide_containing_auristatin_derivative-cleavable_1-maleimido369-trioxadodecan-12-oyl-valyl-citrullyl_linker_1075_1,2
imgt:Segment_Construct_sulfonamide_containing_auristatin_derivative-cleavable_1-maleimido369-trioxadodecan-12-oyl-valyl-citrullyl_linker_1075_2,2
imgt:Severe_combined_immunodeficiency_(SCID),2
imgt:Shanghai_Henlius_Biotech,2
imgt:Shanghai_Junshi_Biosciences_Co_Ltd,2
imgt:Sinocelltech_Ltd,2
imgt:Sjögrens_syndrome_(SjS),2
imgt:Solid_tumors_overexpressing_ERBB2_metastatic,2
imgt:Spectrum_Pharmaceuticals_Inc,2
imgt:Staphylococcus_aureus,2
imgt:Stemcentrx_Inc,2
imgt:StudyProduct_Adenocarcinoma_286,2
imgt:StudyProduct_Alder_Biopharmaceuticals_Inc_Cancers_lung_414,2
imgt:StudyProduct_Amgen_AIDS-related_Kaposis_sarcoma_623,2
imgt:StudyProduct_Amgen_Hairy_cell_leukemia_(HCL)_623,2
imgt:StudyProduct_Amgen_Malignant_melanoma_623,2
imgt:StudyProduct_Apogenix_GmbH_Inflammatory_diseases_530,2
imgt:StudyProduct_Apogenix_GmbH_Malignancies_530,2
imgt:StudyProduct_Bayer_HealthCare_Pharmaceuticals_Solid_tumors_342,2
imgt:StudyProduct_Beckman_Research_Institute_Cancers_colorectal_(CRC)_metastatic_50,2
imgt:StudyProduct_Biogen_Inc_Cancers_313,2
imgt:StudyProduct_Biogen_Inc_Rheumatoid_arthritis_(RA)_154,2
imgt:StudyProduct_Bristol-Myers_Squibb_Cancers_507,2
imgt:StudyProduct_Cancers_268,2
imgt:StudyProduct_Cancers_276,2
imgt:StudyProduct_Cancers_282,2
imgt:StudyProduct_Celltech_UCB_Cancers_233,2
imgt:StudyProduct_Celltech_UCB_Cancers_508,2
imgt:StudyProduct_Celltech_UCB_Cancers_breast_33,2
imgt:StudyProduct_Center_of_Molecular_Immunology_(CMI)_Cancers_108,2
imgt:StudyProduct_Charing_Cross_Sunley_Research_Centre_Cancers_99,2
imgt:StudyProduct_Chugai_Pharmaceutical_Co_Ltd_Multiple_myeloma_(MM)_96,2
imgt:StudyProduct_Genentech_Inc_Cancers_7,2
imgt:StudyProduct_Genentech_Inc_Cancers_99,2
imgt:StudyProduct_Genentech_Inc_Multiple_myeloma_(MM)_96,2
imgt:StudyProduct_Genmab_A/S_Chronic_lymphocytic_leukemia_(CLL)_340,2
imgt:StudyProduct_Genmab_A/S_Lymphoma_340,2
imgt:StudyProduct_ICRF_Cancers_99,2
imgt:StudyProduct_ImClone_Systems_Inc_Angiogenesis_179,2
imgt:StudyProduct_Immunomedics_Inc_Cancers_255,2
imgt:StudyProduct_Immunomedics_Inc_Non-Hodgkins_lymphoma_(NHL)_306,2
imgt:StudyProduct_Johnson_&_Johnson_Solid_tumors_321,2
imgt:StudyProduct_KaloBios_Pharmaceuticals_Inc_Inflammatory_diseases_505,2
imgt:StudyProduct_KaloBios_Pharmaceuticals_Inc_Leukemia_505,2
imgt:StudyProduct_MRC_Technology_Cancers_2,2
imgt:StudyProduct_MRC_Technology_Cancers_32,2
imgt:StudyProduct_MRC_Technology_Cancers_70,2
imgt:StudyProduct_MedImmune_Lymphoma_B_cell_617,2
imgt:StudyProduct_Merck_KgaA_Cancers_2,2
imgt:StudyProduct_Merck_KgaA_Cancers_70,2
imgt:StudyProduct_Merck_Serono_International_SA_Renal_Cell_Carcinoma_(RCC)_advanced_512,2
imgt:StudyProduct_NIH_Cancers_29,2
imgt:StudyProduct_National_Cancer_Institute_Cancers_203,2
imgt:StudyProduct_Novartis_Pharmaceuticals_Corp_Cancers_32,2
imgt:StudyProduct_Roche_F_Hoffmann-La_Roche_Ltd_Multiple_myeloma_(MM)_96,2
imgt:StudyProduct_SIGMA-TAU_Industrie_Farmaceutiche_Riunite_SpA_Cancers_226,2
imgt:StudyProduct_Seattle_genetics_Inc_Cancers_431,2
imgt:StudyProduct_Seattle_genetics_Inc_Solid_tumors_342,2
imgt:StudyProduct_United_Therapeutics_Corporation_Melanoma_464,2
imgt:StudyProduct_Wilex_AG_Renal_mass_329,2
imgt:StudyProduct_ZymeWorks_Inc_Cancers_736,2
imgt:StudyProduct_ZymeWorks_Inc_Cancers_gastric_736,2
imgt:Symphogen,2
imgt:TG_Therapeutics,2
imgt:TR-Beta-1-TRBC1,2
imgt:TR-Beta-2-TRBC2,2
imgt:TR-Beta-2_Alpha,2
imgt:TR-Gamma-1-TRGC1,2
imgt:TR-Gamma-2-TRGC2,2
imgt:TR-Gamma-3-TRGC3,2
imgt:TR-Gamma-4-TRGC4,2
imgt:TR-Gamma-5-TRGC5,2
imgt:TRACON_Pharmaceuticals_Inc,2
imgt:TRION_Pharma,2
imgt:T_cell_malignancies,2
imgt:Takara_Bio_Inc,2
imgt:Takeda_Pharmaceutical_Co_Ltd,2
imgt:Takeda_Pharmaceuticals_USA_Inc,2
imgt:Tenosynovial_giant_cell_tumor_(TGCT),2
imgt:Tenosynovitis,2
imgt:Transcenta_Holding_Ltd,2
imgt:Tumors,2
imgt:UCB,2
imgt:Unilever,2
imgt:University_of_California,2
imgt:V-D-J-C-chain,2
imgt:V-J-C-chain,2
imgt:VH - VL - VH' - VL' - CH2 - CH3,2
imgt:VH-CD3E,2
imgt:VH-VH'-h-CH2-CH3,2
imgt:Viventia_Biotechnologies_Inc,2
imgt:Waldenstrom_macroglobulinemia_(WM),2
imgt:Wilex_AG,2
imgt:Wnt_ligands,2
imgt:Wyeth_Pharmaceuticals,2
imgt:XBiotech,2
imgt:[(scFv-heavy-kappa)-IGHE-CH4]2,2
imgt:[(scFv-heavy-kappa)_G1-h-CH2-CH3]2,2
imgt:[FLT1_(fms-related_tyrosine_kinase_1_vascular_endothelial_growth_factor_receptor_1_VEGFR-1_VEGFR_FLT_FRT_vascular_permeability_factor_receptor)-KDR_(kinase_insert_domain_receptor_vascular_endothelial_growth_factor_receptor_2_VEGFR2_VEGF-R2_FLK1_CD309)]2-IGHG1_Fc_(Fragment_constant),2
imgt:[G1_VH-VH'-h-CH2-CH3]-dimer,2
imgt:[G1_VH-VH-h-CH2-CH3]-dimer,2
imgt:[G1_VH-h-CH2-CH3]-dimer,2
imgt:[IGHG1_Fc_(Fragment_constant)-[CORO1A_(coronin_1A_actin-binding_protein)-TNFSF18_(TNF_superfamily_member_18_AITRL_TL6_GITRL)]2]3_(hexamer),2
imgt:[V-kappa'-VH-h-CH2-CH3_V-kappa-VH']2,2
imgt:[V-kappa-VH-h-CH2-CH3_V-kappa-VH]2,2
imgt:_Adenovirus_transformed_human_embryonic_293_kidney_cells,2
imgt:_CHO_(Chinese_Hamster_Ovary)_cellsNS0_mouse_myeloma_cells,2
imgt:_CHO_DXB11,2
imgt:_LAG-3-immunized_KM®,2
imgt:_Sp2/0-Ag14_mouse_hybridoma_cells,2
imgt:_fucosyltransferase-deficient_CHO_(Chinese_Hamster_Ovary),2
imgt:actinium-225,2
imgt:adenocarcinoma_antigen,2
imgt:carcinoma_associated_antigen_CTAA16,2
imgt:chelator_cituxetan,2
imgt:chelator_matraxetan,2
imgt:chelator_merpentan,2
imgt:chelator_pendetide_,2
imgt:chelator_pendetide_(GYK-DTPA),2
imgt:chelator_pentetate_,2
imgt:chelator_pentetate_(DTPA),2
imgt:chelator_satetraxetan_,2
imgt:chelator_satetraxetan_(DOTA_derivative;_p-SCN-Bn-DOTA),2
imgt:chelator_tiuxetan,2
imgt:cleavable_linker_N-[2-(2_maleimidoethoxy)ethoxycarbonyl]-L-valyl-L-citrullinyl-p-aminobenzyloxycarbonyl-N-[2-(2-hydroxyethoxy)ethyl]-N-[2-(methylamino)ethyl]carbamoyl,2
imgt:conventional-gene,2
imgt:debotansine,2
imgt:dithiocarbamates,2
imgt:duocarmycin,2
imgt:frizzled_family_receptor_(FZD),2
imgt:ganglioside_N-glycolyl_GM3,2
imgt:half-IG-VK-CH1_VH-CK-crossover,2
imgt:half-IG_G1-kappa/(scFv-heavy-kappa)-h-CH2-CH3,2
"imgt:idiotope_of_anti-(Homo_sapiens_cancerantigen_125,_CA_125,_MUC-16)_Mus_musculus_monoclonal_antibodyOC125",2
"imgt:idiotope_of_anti-(N-glycolylneuraminic_acid_(NeuGc,_NGNA)_-gangliosides_GM3)_Mus_musculus_IgM-kappa_monoclonal_antibody_P3",2
imgt:imbotolimod_a_derivative_of_telratolimod,2
imgt:interleukin_12,2
imgt:mAb_1165,2
imgt:mAb_117,2
imgt:mAb_16,2
imgt:mAb_179,2
imgt:mAb_202,2
imgt:mAb_203,2
imgt:mAb_204,2
imgt:mAb_617,2
imgt:maleimide-type_cleavable_linker_(carbonate_group_4-aminobenzyl_alcohol_and_cathepsine-B-cleavable_dipeptide_Phe-Lys)_and_containing_a_triazoline_group_and_a_spacer_PEG_(n=8),2
imgt:maytansinoid_DM1-thiopentanoate_linker_,2
imgt:microtubule-disrupting_agent_opadotin,2
imgt:nt-transcript,2
imgt:p/MH,2
imgt:peptide_14-mer,2
imgt:phosphatidylserine,2
imgt:ricin_A,2
imgt:scFv-h-CH2-CH3,2
imgt:scFv-h-CH2-CH3(_scFv)_h-CH2-CH3,2
imgt:scFv-h-CH2-CH3(_scFv)_h-CH2-CH3_,2
imgt:scFv-heavy-heavy,2
imgt:scFv-lambda-heavy,2
imgt:scFv-nd-nd,2
imgt:seco-DUBA,2
imgt:seco-DUBA-cleavable_linker_N-[2-ethyl]carbamoyl,2
imgt:skeletal-related_events_in_patients_with_bone_metastases_from_solid_tumors,2
imgt:thioether_bond,2
imgt:thiopentanoate_linker_(or_reducible_SPP_(N-succinimidyl_4-(2-pyridyldithio))_linker),2
imgt:trivalent,2
PM10561017,1
PM10561020,1
PM10716879,1
PM12180486,1
PM12180488,1
PM12180492,1
PM12180493,1
PM12359774,1
PM1346155,1
PM1350088,1
PM14498766,1
PM14676105,1
PM15316127,1
PM16139892,1
PM16537476,1
PM17327609,1
PM1737932,1
PM1762576,1
PM1798701,1
PM18081533,1
PM18088084,1
PM1813210,1
PM18452610,1
PM18497318,1
PM19513947,1
PM19567914,1
PM20035694,1
PM21091110,1
PM21091310,1
PM21154168,1
PM21170091,1
PM21254342,1
PM21330330,1
PM22123061,1
PM23307031,1
PM24872026,1
PM24927856,1
PM25056108,1
PM25146490,1
PM25428504,1
PM25943534,1
PM26364516,1
PM27144973,1
PM27363983,1
PM27904739,1
PM28259284,1
PM28280600,1
PM29427592,1
PM29576375,1
PM29617360,1
PM29687231,1
PM29712568,1
PM3025856,1
PM30394809,1
PM30587557,1
PM30713784,1
PM31060469,1
PM3127726,1
PM31395688,1
PM31509254,1
PM31907434,1
PM31992476,1
PM32106752,1
PM32179633,1
PM32306208,1
PM32351164,1
PM32467569,1
PM32681519,1
PM32762583,1
PM32770720,1
PM32847983,1
PM32970735,1
PM32989552,1
PM32999002,1
PM33046518,1
PM33276076,1
PM33324564,1
PM33392713,1
PM33760397,1
PM33925565,1
PM33948686,1
PM34268711,1
PM34313545,1
PM34371366,1
PM34452745,1
PM34604074,1
PM34972111,1
PM35095833,1
PM35098616,1
PM35165868,1
PM35217575,1
PM35298699,1
PM35395951,1
PM35833116,1
PM36136294,1
PM36943846,1
PM648586,1
PM7594506,1
PM7608568,1
PM7636241,1
PM7682986,1
PM7691407,1
PM7719381,1
PM7985542,1
PM7985543,1
PM7991583,1
PM8152440,1
PM8302875,1
PM8428365,1
PM8575795,1
PM8798431,1
PM8931129,1
PM9099717,1
PM9435250,1
doid:10.1002/cpt.1985,1
doid:10.1002/mus.26707,1
doid:10.1007/978-3-030-91311-3_10,1
doid:10.1007/s00262-018-2160-x,1
doid:10.1007/s00262-020-02730-5,1
doid:10.1007/s00262-020-02814-2,1
doid:10.1007/s00262-021-02932-5,1
doid:10.1007/s00280-022-04415-5,1
doid:10.1007/s10637-021-01078-6,1
doid:10.1007/s40265-020-01302-2,1
doid:10.1016/j.annonc.2020.11.020,1
doid:10.1016/j.bmc.2020.115327,1
doid:10.1016/j.ccell.2018.02.010,1
doid:10.1016/j.critrevonc.2017.01.001,1
doid:10.1016/j.ejca.2015.08.012,1
doid:10.1016/j.jim.2018.02.003,1
doid:10.1016/j.lungcan.2021.07.009,1
doid:10.1016/j.ygyno.2021.08.018,1
doid:10.1038/332323a0,1
doid:10.1038/celldisc.2017.4,1
doid:10.1038/d41573-019-00214-5,1
doid:10.1038/nature14011,1
doid:10.1038/s41401-020-0422-6,1
doid:10.1073/pnas.95.2.669,1
doid:10.1080/14712598.2018.1544240,1
doid:10.1080/14712598.2023.2193289,1
doid:10.1080/17474124.2020.1807939,1
doid:10.1080/19420862.2020.1724751,1
doid:10.1080/19420862.2021.1954136,1
doid:10.1080/2162402X.2018.1532759,1
doid:10.1111/1759-7714.13913,1
doid:10.1111/cts.12855,1
doid:10.1111/ene.15266,1
doid:10.1136/jitc-2020-000530,1
doid:10.1136/jitc-2021-003776,1
doid:10.1158/1078-0432.CCR-20-2819,1
doid:10.1158/1078-0432.CCR-22-1280,1
doid:10.1158/1535-7163.MCT-18-0836,1
doid:10.1158/1535-7163.MCT-18-1376,1
doid:10.1158/1535-7163.MCT-20-0093,1
doid:10.1158/2326-6066.CIR-14-0040,1
doid:10.1158/2326-6066.CIR-14-0191,1
doid:10.1158/2326-6066.CIR-20-0034,1
doid:10.1177/1352458520918375,1
doid:10.1182/blood-2007-04-084756,1
doid:10.1186/1479-5876-6-22,1
doid:10.1186/s13045-016-0283-0,1
doid:10.1186/s13063-022-06198-9,1
doid:10.1186/s40425-018-0329-7,1
doid:10.1371/journal.pone.0191926,1
doid:10.1371/journal.pone.0239595,1
doid:10.1371/journal.pone.0257972,1
doid:10.1517/14712598.2014.942637,1
doid:10.2217/imt-2019-0011,1
doid:10.3389/fimmu.2021.730666,1
doid:10.3389/fimmu.2022.924542,1
doid:10.3389/fonc.2020.594558,1
doid:10.3389/fonc.2021.736955,1
doid:10.3390/cancers13092112,1
doid:10.4161/mabs.3.6.17922,1
imgt:(G1_VK-CK-VH-CH1-h-CH2-CH3_L-kappa)_VH-CH1,1
imgt:(VH-CH2-CH3)2_S,1
imgt:(VH-CH2-CH3)3_S,1
imgt:(VH-VH-h-CH2-CH3)2_S,1
imgt:(cystein-S-yl)acetyl-Gly-Glu_link,1
imgt:(pokeweed)_antiviral_protein_PAP,1
imgt:10010,1
imgt:10014,1
imgt:10018,1
imgt:10033,1
imgt:10035,1
imgt:10041,1
imgt:10060,1
imgt:10062,1
imgt:10068,1
imgt:10071,1
imgt:10078,1
imgt:10080,1
imgt:10082,1
imgt:10096,1
imgt:10097,1
imgt:10103,1
imgt:10106,1
imgt:10113,1
imgt:10123,1
imgt:10129,1
imgt:10137,1
imgt:10141,1
imgt:10142,1
imgt:10148,1
imgt:10149,1
imgt:10165,1
imgt:10176,1
imgt:10186,1
imgt:10187,1
imgt:10220,1
imgt:10232,1
imgt:10236,1
imgt:10237,1
imgt:10238,1
imgt:10239,1
imgt:10242,1
imgt:10244,1
imgt:10257,1
imgt:10262,1
imgt:10263,1
imgt:10272,1
imgt:10273,1
imgt:10291,1
imgt:10315,1
imgt:10334,1
imgt:10335,1
imgt:10336,1
imgt:10342,1
imgt:10365,1
imgt:10366,1
imgt:10382,1
imgt:10383,1
imgt:10385,1
imgt:10400,1
imgt:10410,1
imgt:10415,1
imgt:10417,1
imgt:10420,1
imgt:10427,1
imgt:10431,1
imgt:10467,1
imgt:10468,1
imgt:10473,1
imgt:10498,1
imgt:10499,1
imgt:10506,1
imgt:10508,1
imgt:10516,1
imgt:10518,1
imgt:10522,1
imgt:10523,1
imgt:10524,1
imgt:10545,1
imgt:10553,1
imgt:10557,1
imgt:10558,1
imgt:10562,1
imgt:10569,1
imgt:10585,1
imgt:10586,1
imgt:10590,1
imgt:10592,1
imgt:10593,1
imgt:10606,1
imgt:10621,1
imgt:10624,1
imgt:10625,1
imgt:10636,1
imgt:10644,1
imgt:10647,1
imgt:10652,1
imgt:10653,1
imgt:10656,1
imgt:10664,1
imgt:10665,1
imgt:10674,1
imgt:10675,1
imgt:10681,1
imgt:10687,1
imgt:10691,1
imgt:10695,1
imgt:10709,1
imgt:10725,1
imgt:10730,1
imgt:10735,1
imgt:10742,1
imgt:10754,1
imgt:10757,1
imgt:10758,1
imgt:10764,1
imgt:10766,1
imgt:10768,1
imgt:10769,1
imgt:10770,1
imgt:10787,1
imgt:10788,1
imgt:10791,1
imgt:10797,1
imgt:10801,1
imgt:10803,1
imgt:10805,1
imgt:10806,1
imgt:10820,1
imgt:10829,1
imgt:10835,1
imgt:10838,1
imgt:10856,1
imgt:10858,1
imgt:10863,1
imgt:10865,1
imgt:10866,1
imgt:10873,1
imgt:10874,1
imgt:10904,1
imgt:10906,1
imgt:10908,1
imgt:10918,1
imgt:10919,1
imgt:10924,1
imgt:10927,1
imgt:10928,1
imgt:10930,1
imgt:10933,1
imgt:10936,1
imgt:10938,1
imgt:10939,1
imgt:10940,1
imgt:10953,1
imgt:10954,1
imgt:10959,1
imgt:10960,1
imgt:10961,1
imgt:10962,1
imgt:10974,1
imgt:10983,1
imgt:10993,1
imgt:10994,1
imgt:10997,1
imgt:10999,1
imgt:11005,1
imgt:11011,1
imgt:11020,1
imgt:11021,1
imgt:11022,1
imgt:11029,1
imgt:11030,1
imgt:11035,1
imgt:11039,1
imgt:11048,1
imgt:11055,1
imgt:11056,1
imgt:11063,1
imgt:11074,1
imgt:11078,1
imgt:11081,1
imgt:11089,1
imgt:11093,1
imgt:11094,1
imgt:11095,1
imgt:11107,1
imgt:11109,1
imgt:11110,1
imgt:11111,1
imgt:11116,1
imgt:11119,1
imgt:11122,1
imgt:11131,1
imgt:11133,1
imgt:11135,1
imgt:11136,1
imgt:11141,1
imgt:11145,1
imgt:11146,1
imgt:11147,1
imgt:11157,1
imgt:11159,1
imgt:11161,1
imgt:11173,1
imgt:11174,1
imgt:11176,1
imgt:11178,1
imgt:11179,1
imgt:11181,1
imgt:11182,1
imgt:11185,1
imgt:11192,1
imgt:11200,1
imgt:11211,1
imgt:11218,1
imgt:11234,1
imgt:11236,1
imgt:11239,1
imgt:11240,1
imgt:11241,1
imgt:11242,1
imgt:11256,1
imgt:11258,1
imgt:11267,1
imgt:11274,1
imgt:11280,1
imgt:11286,1
imgt:11289,1
imgt:11290,1
imgt:11300,1
imgt:11301,1
imgt:11302,1
imgt:11303,1
imgt:11306,1
imgt:11308,1
imgt:11309,1
imgt:11310,1
imgt:11311,1
imgt:11315,1
imgt:11318,1
imgt:11328,1
imgt:11330,1
imgt:11331,1
imgt:11334,1
imgt:11335,1
imgt:11338,1
imgt:11344,1
imgt:11347,1
imgt:11348,1
imgt:11356,1
imgt:11366,1
imgt:11386,1
imgt:11391,1
imgt:11402,1
imgt:11413,1
imgt:11416,1
imgt:11417,1
imgt:11418,1
imgt:11420,1
imgt:11421,1
imgt:11433,1
imgt:11435,1
imgt:11436,1
imgt:11437,1
imgt:11438,1
imgt:11451,1
imgt:11452,1
imgt:11453,1
imgt:11457,1
imgt:11461,1
imgt:11464,1
imgt:11465,1
imgt:11466,1
imgt:11472,1
imgt:11475,1
imgt:11483,1
imgt:11486,1
imgt:11492,1
imgt:11496,1
imgt:11497,1
imgt:11503,1
imgt:11534,1
imgt:11559,1
imgt:11561,1
imgt:11565,1
imgt:11573,1
imgt:11574,1
imgt:11581,1
imgt:11590,1
imgt:11591,1
imgt:11596,1
imgt:11597,1
imgt:11599,1
imgt:11604,1
imgt:11611,1
imgt:11617,1
imgt:11628,1
imgt:11634,1
imgt:11636,1
imgt:11640,1
imgt:11659,1
imgt:11661,1
imgt:11662,1
imgt:11666,1
imgt:11670,1
imgt:11672,1
imgt:11678,1
imgt:11679,1
imgt:11690,1
imgt:11695,1
imgt:11699,1
imgt:11702,1
imgt:11704,1
imgt:11710,1
imgt:11721,1
imgt:11729,1
imgt:11730,1
imgt:11734,1
imgt:11741,1
imgt:11751,1
imgt:11771,1
imgt:11793,1
imgt:11797,1
imgt:11798,1
imgt:11807,1
imgt:11809,1
imgt:11810,1
imgt:11814,1
imgt:11822,1
imgt:11827,1
imgt:11832,1
imgt:11838,1
imgt:11840,1
imgt:11841,1
imgt:11843,1
imgt:11851,1
imgt:11877,1
imgt:11886,1
imgt:11887,1
imgt:11892,1
imgt:11904,1
imgt:11914,1
imgt:11920,1
imgt:11926,1
imgt:11927,1
imgt:11933,1
imgt:11938,1
imgt:11944,1
imgt:11946,1
imgt:11947,1
imgt:11948,1
imgt:11951,1
imgt:11952,1
imgt:11954,1
imgt:11969,1
imgt:11973,1
imgt:12014,1
imgt:12022,1
imgt:12023,1
imgt:12028,1
imgt:12029,1
imgt:12040,1
imgt:12041,1
imgt:12044,1
imgt:12054,1
imgt:12056,1
imgt:12079,1
imgt:12088,1
imgt:12098,1
imgt:12104,1
imgt:12105,1
imgt:12107,1
imgt:12124,1
imgt:12135,1
imgt:12139,1
imgt:12142,1
imgt:12164,1
imgt:12168,1
imgt:12186,1
imgt:12191,1
imgt:12208,1
imgt:12219,1
imgt:12243,1
imgt:12249,1
imgt:12262,1
imgt:12268,1
imgt:12269,1
imgt:12271,1
imgt:12272,1
imgt:12283,1
imgt:12286,1
imgt:12295,1
imgt:12298,1
imgt:12303,1
imgt:12304,1
imgt:12314,1
imgt:12318,1
imgt:12319,1
imgt:12340,1
imgt:12349,1
imgt:12360,1
imgt:12363,1
imgt:12374,1
imgt:12375,1
imgt:12376,1
imgt:12377,1
imgt:12381,1
imgt:12382,1
imgt:12387,1
imgt:12389,1
imgt:12391,1
imgt:12392,1
imgt:12393,1
imgt:12416,1
imgt:12417,1
imgt:12435,1
imgt:12481,1
imgt:12484,1
imgt:12562,1
imgt:12804,1
imgt:1AD9,1
imgt:1AE6,1
imgt:1ATM,1
imgt:1BEY,1
imgt:1BJ1,1
imgt:1CE1,1
imgt:1CLZ,1
imgt:1L7I,1
imgt:1N8Z,1
imgt:1RIH,1
imgt:1S78,1
imgt:1YY8,1
imgt:1YY9,1
imgt:1ZA6,1
imgt:3B2U,1
imgt:3B2V,1
imgt:3C08,1
imgt:3C09,1
imgt:3GIZ,1
imgt:3GKW,1
imgt:3PP3,1
imgt:3PP4,1
imgt:3S34,1
imgt:3S36,1
imgt:3S37,1
imgt:3SBio_Inc,1
imgt:3_to_5_flexible_polymers_PHF-BA-EG2-MIAF-HPA-Ala_and_3_to_4_auristatin_F_hydroxypropylamide-L-alanine-thioether_bond,1
imgt:3_to_5_flexible_polymers_PHF-BA-EG2-MIAF-HPA-Ala_and_3_to_4_auristatin_F_hydroxypropylamide-L-alanine_(AF-HPA-Ala),1
imgt:4CMH,1
imgt:4DN3,1
imgt:4DN4,1
imgt:4F33,1
imgt:4F3F,1
imgt:4GW1,1
imgt:4GW5,1
imgt:4KRO,1
imgt:4KRP,1
imgt:4LEO,1
imgt:4LLU,1
imgt:4LLW,1
imgt:4LLY,1
imgt:5B8C,1
imgt:5DK3,1
imgt:5DMI,1
imgt:5ESQ,1
imgt:5GGQ,1
imgt:5GGR,1
imgt:5GGS,1
imgt:5GGT,1
imgt:5GGU,1
imgt:5GGV,1
imgt:5GRJ,1
imgt:5HPM,1
imgt:5HYQ,1
imgt:5ICX,1
imgt:5ICY,1
imgt:5ICZ,1
imgt:5ID0,1
imgt:5ID1,1
imgt:5JXE,1
imgt:5O4G,1
imgt:5O4O,1
imgt:5O7P,1
imgt:5SX4,1
imgt:5SX5,1
imgt:5TRU,1
imgt:5VKK,1
imgt:5VL3,1
imgt:5VR9,1
imgt:5VSI,1
imgt:5X8L,1
imgt:5X8M,1
imgt:5XJ4,1
imgt:5XXY,1
imgt:6-(6-maleimidohexanoyl-L-alanyl-D-alanyl-L-alaninamidomethylthio)_hexanoyl_linker,1
imgt:6510,1
imgt:6977,1
imgt:6AND,1
imgt:6ANI,1
imgt:6B3S,1
imgt:6BFT,1
imgt:6JBT,1
imgt:6JC2,1
imgt:6MHR,1
imgt:6RP8,1
imgt:6VGR,1
imgt:6WVZ,1
imgt:6XKR,1
imgt:6Y92,1
imgt:6Y97,1
imgt:6Y9A,1
imgt:7471,1
imgt:7580,1
imgt:7609,1
imgt:7637,1
imgt:7680,1
imgt:7827,1
imgt:7906,1
imgt:7920,1
imgt:7BXA,1
imgt:7CU5,1
imgt:7JOO,1
imgt:8005,1
imgt:8017,1
imgt:8024,1
imgt:8054,1
imgt:8127,1
imgt:8132,1
imgt:8210,1
imgt:8211,1
imgt:8223,1
imgt:8239,1
imgt:8339,1
imgt:8380,1
imgt:8394,1
imgt:8443,1
imgt:8449,1
imgt:8484,1
imgt:8499,1
imgt:8545,1
imgt:8568,1
imgt:8574,1
imgt:8598,1
imgt:8603,1
imgt:8605,1
imgt:8606,1
imgt:8652,1
imgt:8653,1
imgt:8659,1
imgt:8669,1
imgt:8713,1
imgt:8716,1
imgt:8734,1
imgt:8739,1
imgt:8753,1
imgt:8832,1
imgt:8862,1
imgt:8887,1
imgt:8922,1
imgt:8932,1
imgt:8959,1
imgt:8976,1
imgt:8979,1
imgt:8998,1
imgt:9028,1
imgt:9029,1
imgt:9043,1
imgt:9045,1
imgt:9046,1
imgt:9051,1
imgt:9067,1
imgt:9074,1
imgt:9083,1
imgt:9085,1
imgt:9092,1
imgt:9098,1
imgt:9099,1
imgt:9116,1
imgt:9117,1
imgt:9123,1
imgt:9128,1
imgt:9134,1
imgt:9144,1
imgt:9188,1
imgt:9199,1
imgt:9200,1
imgt:9226,1
imgt:9236,1
imgt:9255,1
imgt:9295,1
imgt:9299,1
imgt:9300,1
imgt:9306,1
imgt:9307,1
imgt:9308,1
imgt:9323,1
imgt:9334,1
imgt:9340,1
imgt:9343,1
imgt:9354,1
imgt:9365,1
imgt:9368,1
imgt:9370,1
imgt:9372,1
imgt:9374,1
imgt:9380,1
imgt:9415,1
imgt:9427,1
imgt:9430,1
imgt:9441,1
imgt:9447,1
imgt:9465,1
imgt:9468,1
imgt:9486,1
imgt:9487,1
imgt:9509,1
imgt:9519,1
imgt:9520,1
imgt:9537,1
imgt:9549,1
imgt:9558,1
imgt:9572,1
imgt:9575,1
imgt:9590,1
imgt:9598,1
imgt:9599,1
imgt:9610,1
imgt:9611,1
imgt:9612,1
imgt:9613,1
imgt:9623,1
imgt:9626,1
imgt:9646,1
imgt:9647,1
imgt:9679,1
imgt:9688,1
imgt:9689,1
imgt:9710,1
imgt:9713,1
imgt:9714,1
imgt:9754,1
imgt:9759,1
imgt:9762,1
imgt:9778,1
imgt:9779,1
imgt:9788,1
imgt:9798,1
imgt:9799,1
imgt:9810,1
imgt:9814,1
imgt:9821,1
imgt:9832,1
imgt:9835,1
imgt:9854,1
imgt:9861,1
imgt:9886,1
imgt:9916,1
imgt:9932,1
imgt:9933,1
imgt:9937,1
imgt:9939,1
imgt:9950,1
imgt:9951,1
imgt:9952,1
imgt:9956,1
imgt:9961,1
imgt:9965,1
imgt:9982,1
imgt:9983,1
imgt:9985,1
imgt:AA-chain,1
imgt:ACVR2A,1
imgt:ACVR2B,1
imgt:ACVRL1,1
imgt:ALB,1
imgt:ALX_Oncology_Inc,1
imgt:AVEO_Pharmaceuticals,1
imgt:AXL,1
imgt:Abcuro_Inc,1
imgt:Active_Biotech_AB,1
imgt:Adnexus,1
imgt:Affibody_AB,1
imgt:Affimed_Therapeutics,1
imgt:Affitech,1
imgt:Alder_Biopharmaceuticals_Inc,1
imgt:Alethia_Biotherapeutics,1
imgt:Alexion_Pharmaceuticals_Inc,1
imgt:Alkermes_Inc,1
imgt:Alligator_Bioscience,1
imgt:Alpine_Immune_Sciences,1
imgt:AltaRex_Corp,1
imgt:Alternative_to_antigen_receptors_(domain_scaffold:_FN1_F10_fibronectin_domain_F10),1
imgt:Alternative_to_antigen_receptors_(domain_scaffold:_FN1_F10_fibronectin_domain_F10)-pegol,1
imgt:Alternative_to_antigen_receptors_(domain_scaffold:_THB_three-helical_bundle),1
imgt:Alternative_to_antigen_receptors_(domain_scaffold:_THB_three-helical_bundle)-matraxetan,1
imgt:Amphivena_Therapeutics,1
imgt:Apexigen_Inc,1
imgt:Apogenix_GmbH,1
imgt:Appolomics_Inc,1
imgt:Aptevo_Therapeutics,1
imgt:Aravive_Biologics_Inc,1
imgt:Aspyrian_Therapeutics_Inc,1
imgt:Astellas_Pharma_US_Inc,1
imgt:Atara_Biotherapeutics_Inc,1
imgt:Atridia_Pty_Ltd,1
imgt:Autolus_Therapeutics_plc,1
imgt:B2M,1
imgt:Baxter_BioScience,1
imgt:Behringwerke_Aktiengesellschaft,1
imgt:BerGenBio_AS,1
imgt:Berlex_Inc,1
imgt:Bicara_Therapeutics,1
imgt:BioClin_Therapeutics_Inc,1
imgt:BioInvent,1
imgt:BioNTech_SE,1
imgt:Biotest_AG,1
imgt:Bolt_Biotherapeutics_Inc,1
imgt:Bougainvillea_spectabilis,1
imgt:Bougainvillea_spectabilis_Willd_bouganin,1
imgt:Breakthrough_therapy,1
imgt:C-GENE,1
imgt:C-SEQUENCE,1
imgt:CARsgen_Therapeutics,1
imgt:CD3E,1
imgt:CD4_,1
imgt:CD4_(CO-TM-CY)_(1:1),1
imgt:CD80,1
imgt:CD8A_(CO-TM)-CD28_(CY1)-CD247_(CY2)_(1:1),1
imgt:CD8A_(CO-TM)-N6_(CY1)-CD247_(CY2)_(1:1),1
imgt:CIS_Bio_international,1
imgt:CJSC_GENERIUM,1
imgt:CMC_Biopharmaceuticals,1
imgt:COL1A1,1
imgt:CPCA_PROTEIN-FC,1
imgt:CSL_Behring,1
imgt:CSPC_Pharmaceutical_Group,1
imgt:CTAG1B,1
imgt:CTAG1B_(cancer/testis_antigen_1B_NY-ESO-1_autoimmunogenic_cancer/testis_6.1_CT6.1_L_antigen_family_member_2_LAGE-2)-with_amino-terminal_fused_dipeptide_glycyl-prolyl_(GP),1
imgt:Cambridge_Antibody_Technology,1
imgt:Cancer_Research_Fund_of_Contra_Costa,1
imgt:Cantargia_AB,1
imgt:CatalYm_GmbH,1
imgt:Charing_Cross_Sunley_Research_Centre,1
imgt:Checkpoint_Therapeutics,1
imgt:Chengdu_Kanghong_Biotech_CoLtd,1
imgt:Chimeric,1
imgt:Chinook_Therapeutics_Inc,1
imgt:Chiron_Corporation,1
imgt:Clone_1003,1
imgt:Clone_1004,1
imgt:Clone_1005,1
imgt:Clone_1006,1
imgt:Clone_1009,1
imgt:Clone_1013,1
imgt:Clone_1017,1
imgt:Clone_1028,1
imgt:Clone_1029,1
imgt:Clone_1035,1
imgt:Clone_1037,1
imgt:Clone_1040,1
imgt:Clone_1055,1
imgt:Clone_1056,1
imgt:Clone_1057,1
imgt:Clone_1058,1
imgt:Clone_1066,1
imgt:Clone_1067,1
imgt:Clone_1071,1
imgt:Clone_1072,1
imgt:Clone_1073,1
imgt:Clone_1074,1
imgt:Clone_1075,1
imgt:Clone_1076,1
imgt:Clone_1077,1
imgt:Clone_1081,1
imgt:Clone_1082,1
imgt:Clone_1090,1
imgt:Clone_1093,1
imgt:Clone_1123,1
imgt:Clone_1124,1
imgt:Clone_1131,1
imgt:Clone_1139,1
imgt:Clone_1143,1
imgt:Clone_1150,1
imgt:Clone_1152,1
imgt:Clone_1153,1
imgt:Clone_1157,1
imgt:Clone_1159,1
imgt:Clone_1167,1
imgt:Clone_1171,1
imgt:Clone_1174,1
imgt:Clone_1182,1
imgt:Clone_1183,1
imgt:Clone_1184,1
imgt:Clone_1187,1
imgt:Clone_1189,1
imgt:Clone_1192,1
imgt:Clone_1194,1
imgt:Clone_1196,1
imgt:Clone_1197,1
imgt:Clone_1200,1
imgt:Clone_1202,1
imgt:Clone_1204,1
imgt:Clone_1224,1
imgt:Clone_1225,1
imgt:Clone_1227,1
imgt:Clone_1239,1
imgt:Clone_1243,1
imgt:Clone_1258,1
imgt:Clone_1276,1
imgt:Clone_1281,1
imgt:Clone_282,1
imgt:Clone_306,1
imgt:Clone_633,1
imgt:Clone_780,1
imgt:Clone_834,1
imgt:Clone_835,1
imgt:Clone_838,1
imgt:Clone_845,1
imgt:Clone_846,1
imgt:Clone_847,1
imgt:Clone_858,1
imgt:Clone_859,1
imgt:Clone_866,1
imgt:Clone_879,1
imgt:Clone_882,1
imgt:Clone_935,1
imgt:Clone_936,1
imgt:Clone_938,1
imgt:Clone_942,1
imgt:Clone_954,1
imgt:Clone_955,1
imgt:Clone_956,1
imgt:Clone_958,1
imgt:Clone_959,1
imgt:Clone_963,1
imgt:Clone_966,1
imgt:Clone_967,1
imgt:Clone_997,1
imgt:Corixa_Corp,1
imgt:Corvus_Pharmaceuticals,1
imgt:Corynebacterium_diphtheriae,1
imgt:Corynebacterium_diphtheriae_toxin_(Pr1_26-411)-IL3_(interleukin_3_interleukin_3_(colony-stimulating_factor_multiple)),1
imgt:Curocell_Inc,1
imgt:Cytune_Pharma_SAS,1
imgt:D-GENE,1
imgt:D-J-C-SEQUENCE,1
imgt:D-J-GENE,1
imgt:D-SEQUENCE,1
imgt:Debiopharm_Internaltional_SA,1
imgt:DiNonA_Co_Ltd,1
imgt:Dragon_Sail_Pharmaceutical_Co_Ltd,1
imgt:DuPont_Merck_Pharmaceutical,1
imgt:Emergent_Biosolutions,1
imgt:Endocrinology,1
imgt:EpimAb_Biotherapeutics,1
imgt:F(AB')2-ALPHA-1_KAPPA,1
imgt:F(AB')2-ALPHA-1_LAMBDA,1
imgt:F(AB')2-ALPHA-2_KAPPA,1
imgt:F(AB')2-ALPHA-2_LAMBDA,1
imgt:F(AB')2-ALPHA_KAPPA,1
imgt:F(AB')2-ALPHA_LAMBDA,1
imgt:F(AB')2-DELTA_KAPPA,1
imgt:F(AB')2-DELTA_LAMBDA,1
imgt:F(AB')2-EPSILON_KAPPA,1
imgt:F(AB')2-EPSILON_LAMBDA,1
imgt:F(AB')2-GAMMA-1_KAPPA,1
imgt:F(AB')2-GAMMA-1_LAMBDA,1
imgt:F(AB')2-GAMMA-2-A_KAPPA,1
imgt:F(AB')2-GAMMA-2-A_LAMBDA,1
imgt:F(AB')2-GAMMA-2-B_KAPPA,1
imgt:F(AB')2-GAMMA-2-B_LAMBDA,1
imgt:F(AB')2-GAMMA-2-C_KAPPA,1
imgt:F(AB')2-GAMMA-2-C_LAMBDA,1
imgt:F(AB')2-GAMMA-2_KAPPA,1
imgt:F(AB')2-GAMMA-2_LAMBDA,1
imgt:F(AB')2-GAMMA-3_KAPPA,1
imgt:F(AB')2-GAMMA-3_LAMBDA,1
imgt:F(AB')2-GAMMA-4_KAPPA,1
imgt:F(AB')2-GAMMA-4_LAMBDA,1
imgt:F(AB')2-MU_KAPPA,1
imgt:F(AB')2-MU_LAMBDA,1
imgt:F(ab')2 - G1 - nd,1
imgt:F(ab')2-G1-kappa,1
imgt:F(ab')2_Fab/Fab2_mix,1
imgt:F(ab)2-G1-kappa,1
imgt:F(ab)2_Fab/Fab2_mix,1
imgt:FAB-ALPHA-1_KAPPA,1
imgt:FAB-ALPHA-1_LAMBDA,1
imgt:FAB-ALPHA-2_KAPPA,1
imgt:FAB-ALPHA-2_LAMBDA,1
imgt:FAB-ALPHA_KAPPA,1
imgt:FAB-ALPHA_LAMBDA,1
imgt:FAB-DELTA_KAPPA,1
imgt:FAB-DELTA_LAMBDA,1
imgt:FAB-EPSILON_KAPPA,1
imgt:FAB-EPSILON_LAMBDA,1
imgt:FAB-GAMMA-1_KAPPA,1
imgt:FAB-GAMMA-1_LAMBDA,1
imgt:FAB-GAMMA-2-A_KAPPA,1
imgt:FAB-GAMMA-2-A_LAMBDA,1
imgt:FAB-GAMMA-2-B_KAPPA,1
imgt:FAB-GAMMA-2-B_LAMBDA,1
imgt:FAB-GAMMA-2-C_KAPPA,1
imgt:FAB-GAMMA-2-C_LAMBDA,1
imgt:FAB-GAMMA-2_KAPPA,1
imgt:FAB-GAMMA-2_LAMBDA,1
imgt:FAB-GAMMA-3_KAPPA,1
imgt:FAB-GAMMA-3_LAMBDA,1
imgt:FAB-GAMMA-4_KAPPA,1
imgt:FAB-GAMMA-4_LAMBDA,1
imgt:FAB-GAMMA_KAPPA,1
imgt:FAB-MU_KAPPA,1
imgt:FAB-MU_LAMBDA,1
imgt:FAS,1
imgt:FC-ALPHA,1
imgt:FC-ALPHA-1,1
imgt:FC-ALPHA-2,1
imgt:FC-DELTA,1
imgt:FC-EPSILON,1
imgt:FC-GAMMA-1,1
imgt:FC-GAMMA-2,1
imgt:FC-GAMMA-2-A,1
imgt:FC-GAMMA-2-B,1
imgt:FC-GAMMA-2-C,1
imgt:FC-GAMMA-3,1
imgt:FC-GAMMA-4,1
imgt:FC-MU,1
imgt:FC-[PEPTIDE-PEPTIDE]2,1
imgt:FLT1,1
imgt:FPIA_[PROT-PROT]2-FC,1
imgt:FPIA_[PROTEIN-PROTEIN-PROTEIN-PROTEIN]2-3S-FC,1
imgt:FPIA_[PROTEIN-PROTEIN-PROTEIN]2-FC,1
imgt:FPIA_[PROTEIN-PROTEIN]2-FC,1
imgt:FPIA_[PROTEIN_2REPEATS]2-FC,1
imgt:FPIA_[PROTEIN_3REPEATS]2-FC,1
imgt:FUSION-FC-GAMMA-1,1
imgt:FUSION-GAMMA1,1
imgt:FV-ALPHA_BETA,1
imgt:FV-GAMMA_DELTA,1
imgt:FV-HEAVY_KAPPA,1
imgt:FV-HEAVY_LAMBDA,1
imgt:FZD8,1
imgt:Fab - G1 - kappa,1
imgt:Fab - G1 - kappa - [Fc - G1],1
imgt:Fab - G2b - kappa,1
imgt:Fab - nd - nd,1
imgt:Fab' - G1 - nd,1
imgt:Fab' - G2a - kappa,1
imgt:Fab'-G1-nd,1
imgt:Fab'-G2a-kappa,1
imgt:Fab-G1-TOXIN_BIG-kappa,1
imgt:Fab-G1-kappa-TOXIN_BIG,1
imgt:Fab-G1-nd,1
imgt:Fab-G2a-kappa,1
imgt:Facet_Biotech,1
imgt:Faron_Pharmaceuticals_Oy,1
imgt:FibroGen_Inc,1
imgt:Forty_Seven_Inc,1
imgt:Fv-disulfide-stabilized-heavy-TOXIN_BIG-kappa,1
imgt:G1-kappa_scFv-HEAVY-KAPPA-h-CH2-CH3,1
imgt:G1-kappa_scFvkh-h-CH2-CH3_3cys,1
imgt:G1-kappa_scFvkh-h-CH2-CH3_4lys,1
imgt:G1_L-kappa_VH-VH-h-CH2-CH3,1
imgt:GamaMabs,1
imgt:Ganymed_Pharmaceuticals_AG,1
imgt:Genexine,1
imgt:Genzyme_Corp,1
imgt:Groupe_Suisse_de_Recherche_Clinique_(SAKK),1
imgt:H-ALPHA,1
imgt:H-ALPHA-1,1
imgt:H-ALPHA-2,1
imgt:H-DELTA,1
imgt:H-EPSILON,1
imgt:H-GAMMA,1
imgt:H-GAMMA-1,1
imgt:H-GAMMA-2,1
imgt:H-GAMMA-2-A,1
imgt:H-GAMMA-2-B,1
imgt:H-GAMMA-2-C,1
imgt:H-GAMMA-3,1
imgt:H-GAMMA-4,1
imgt:H-MU,1
imgt:H-gamma1_L-kappa-scFv(heavy-kappa),1
imgt:H-gamma1__L-kappa-scFv_heavy-kappa,1
imgt:Hanmi_Pharmaceutical,1
imgt:Harbour_BioMed,1
imgt:Homo_sapiens_CD3E_,1
imgt:Homo_sapiens_IFNA2_,1
imgt:Homo_sapiens_IGHG1_Fc-peptidyl_linker,1
imgt:Homo_sapiens_IL15-20-mer_Gly-Ser_linker,1
imgt:Homo_sapiens_IL21_,1
imgt:Homo_sapiens_IL3_,1
imgt:Homo_sapiens_IL4_(interleukin_4_IL-4)_(Pr1_38-129;1-37)-Pseudomonas_aeruginosa_exotoxin_A_(Pr1_251-613),1
imgt:Homo_sapiens_LCN2-peptidyl_linker,1
imgt:Homo_sapiens_SIRPA_(signal_regulatory_protein_alpha_SHPS1_SIRP_SIRPalpha)-Homo_sapiens_IGHG4_Fc_(Fragment_constant),1
imgt:Homo_sapiens_TGFBR2-peptidyl_linker,1
imgt:Homo_sapiens_TNFSF9-peptidyl_linker,1
imgt:Horizon_Therapeutics_plc,1
imgt:Hospital_Clínic_de_Barcelona,1
imgt:Hybritech_Inc,1
imgt:ICRF,1
imgt:IFNA2,1
imgt:IFNA2_(interferon_alpha_2)_*a_(K56_H57)_ 24-188,1
imgt:IFNA2_(interferon_alpha_2)_*b_(R46_H57)_24-188,1
imgt:IFNA2_(interferon_alpha_2)_*b_(R46_H57)_ 24-188,1
imgt:IG-ALPHA-1_KAPPA,1
imgt:IG-ALPHA-1_LAMBDA,1
imgt:IG-ALPHA-2_KAPPA,1
imgt:IG-ALPHA-2_LAMBDA,1
imgt:IG-ALPHA_KAPPA,1
imgt:IG-ALPHA_LAMBDA,1
imgt:IG-DELTA_KAPPA,1
imgt:IG-DELTA_LAMBDA,1
imgt:IG-EPSILON_KAPPA,1
imgt:IG-EPSILON_LAMBDA,1
imgt:IG-GAMMA-1_KAPPA,1
imgt:IG-GAMMA-1_LAMBDA,1
imgt:IG-GAMMA-2-A_KAPPA,1
imgt:IG-GAMMA-2-A_LAMBDA,1
imgt:IG-GAMMA-2-B_KAPPA,1
imgt:IG-GAMMA-2-B_LAMBDA,1
imgt:IG-GAMMA-2-C_KAPPA,1
imgt:IG-GAMMA-2-C_LAMBDA,1
imgt:IG-GAMMA-2_KAPPA,1
imgt:IG-GAMMA-2_LAMBDA,1
imgt:IG-GAMMA-3_KAPPA,1
imgt:IG-GAMMA-3_LAMBDA,1
imgt:IG-GAMMA-4_KAPPA,1
imgt:IG-GAMMA-4_LAMBDA,1
imgt:IG-GAMMA_KAPPA,1
imgt:IG-GAMMA_LAMBDA,1
imgt:IG-MU_IOTA,1
imgt:IG-MU_IOTA-2,1
imgt:IG-MU_IOTA-3,1
imgt:IG-MU_IOTA-4,1
imgt:IG-MU_KAPPA,1
imgt:IG-MU_KAPPA_J-CHAIN,1
imgt:IG-MU_LAMBDA,1
imgt:IGHG1,1
imgt:IGHG1_Fc_(Fragment_constant)-[peptide_14-mer-peptide_14-mer]2,1
imgt:IGHG4,1
imgt:IGM_Biosciences_Inc,1
imgt:IL15,1
imgt:IL15RA,1
imgt:IL15RA_(interleukin_15_receptor_subunit_alpha_CD215_IL-15RA)-20-mer_Gly-Ser_linker-IL15_(interleukin_15_IL-15),1
imgt:IL15_(interleukin_15_IL-15)_variant_N72D,1
imgt:IL2,1
imgt:IL2-IL2-IL2RA,1
imgt:IL21,1
imgt:IL2RA,1
imgt:IL2RA_,1
imgt:IL2_(interleukin_2_IL-2)_1-59_(75-135)-IL2_(interleukin_2_IL-2)_62-132_(4-74)-Homo_sapiens_IL2RA_(interleukin_2_receptor_alpha_subunit_IL-2RA_TAC_p55_CD25)_139-303_(1-165),1
imgt:IL3,1
imgt:IL4,1
imgt:IL7,1
imgt:ISU_Abxis,1
imgt:IgG1 - lambda - 4cys - drug,1
imgt:IgG1 - lambda - 4lys - drug,1
imgt:IgG1-h-CH2-CH3_,1
imgt:IgG1-h-CH2-CH3_(CO)-CD28_(TM-CY1)-CD247_(CY2)_(1:1),1
imgt:IgG1-kappa-1cys N84.4-drug,1
imgt:IgG1-kappa-2F-drug,1
imgt:IgG1-kappa-2cys-CH3,1
imgt:IgG1-kappa-3cys-drug,1
imgt:IgG1-kappa-3lys-drug,1
imgt:IgG1-kappa-4cys,1
imgt:IgG1-kappa-4cys-drug4,1
imgt:IgG1-kappa-4cys-drug5,1
imgt:IgG1-kappa-PROTEIN,1
imgt:IgG1-kappa-[PROTEIN]2-3bridg,1
imgt:IgG1-kappa-[PROTEIN]2-in-VK,1
imgt:IgG1-kappa-[PROTEIN]2_IFNA2,1
imgt:IgG1-kappa-[PROTEIN]3,1
imgt:IgG1-kappa-[scFv-heavy-kappa]2,1
imgt:IgG1-kappa-[scFv]2-kappa,1
imgt:IgG1-kappa-lambda_sulfide,1
imgt:IgG1-kappa_VK-CL_3bridges,1
imgt:IgG1-lambda-1lys-drug,1
imgt:IgG1-lambda-PROTEIN,1
imgt:IgG1-lambda-[PROTEIN]2,1
imgt:IgG1-lambda-[scFv]2-kappa,1
imgt:IgG1-lambda-kappa(2),1
imgt:IgG1-lambda2-[scFv-heavy-kappa]2,1
imgt:IgG2-G4 - kappa,1
imgt:IgG2a - lambda,1
imgt:IgG3 - kappa,1
imgt:IgG4 - kappa - 4lys - drug,1
imgt:IgG4 - kappa - [scFv]2,1
imgt:IgG4 - lambda2,1
imgt:IgM - nd,1
imgt:IgM-kappa_scFv-heavy-kappa,1
imgt:ImaginAb_Inc,1
imgt:ImmunGene,1
imgt:Immunocore_Ltd,1
imgt:Incyte_Biosciences_International_Sàrl,1
imgt:Indolino-benzodiazepine_compound_,1
imgt:Indolino-benzodiazepine_compound_type_linker,1
imgt:Inhibrx,1
imgt:Instituto_de_Salud_Carlos_III,1
imgt:J-C-SEQUENCE,1
imgt:J-CHAIN,1
imgt:J-GENE,1
imgt:J-SEQUENCE,1
imgt:JCHAIN,1
imgt:Janssen-Cilag_International_NV,1
imgt:Jasper_Therapeutics_Inc,1
imgt:Johnson_&_Johnson,1
imgt:KDR,1
imgt:KS_Biomedix_Ltd,1
imgt:Klus_Pharma_Inc,1
imgt:Kymab,1
imgt:Kyowa_Hakko_Kirin,1
imgt:L-AA-chain,1
imgt:L-IOTA,1
imgt:L-IOTA-1,1
imgt:L-IOTA-2,1
imgt:L-IOTA-3,1
imgt:L-IOTA-4,1
imgt:L-LAMBDA,1
imgt:L-V-D-J-C-SEQUENCE,1
imgt:L-V-D-SEQUENCE,1
imgt:L-V-J-C-SEQUENCE,1
imgt:L-V-SEQUENCE,1
imgt:L-kappa-IgG1_L-lambda-IgG1,1
imgt:L-nt-SEQUENCE,1
imgt:LAG3,1
imgt:LAMBDA-LAMBDA,1
imgt:LCN2,1
imgt:Laboratoire_Français_du_fractionnement_et_des_Biotechnologies_(LFB),1
imgt:Lambda-Lambda,1
imgt:Leap_Therapeutics,1
imgt:Lees_Pharmaceutical,1
imgt:Life_Science_Pharmaceuticals_(LSP),1
imgt:Livzon_Pharmaceutical_Group_Inc,1
imgt:Lonza_Biologics,1
imgt:Ludwig_Institute_for_Cancer_Research,1
imgt:MH1-ALPHA,1
imgt:MH1-ALPHA_B2M,1
imgt:MH1LIKE-ALPHA_B2M,1
imgt:MH2-ALPHA,1
imgt:MH2-ALPHA_BETA,1
imgt:MH2-ALPHA_BETA-PEPTIDE,1
imgt:MH2-BETA,1
imgt:MH2-BETA-PEPTIDE,1
imgt:MRC_Laboratory_of_Molecular_Biology,1
imgt:Medicenna_Therapeutics_Inc,1
imgt:Menarini,1
imgt:Mentrik_Biotech,1
imgt:MicroSert_Ldt,1
imgt:Micromet_Inc,1
imgt:Miltenyi_Biotec,1
imgt:MolMed_SpA,1
imgt:Myelopathy,1
imgt:Myology,1
imgt:NGR_peptide,1
imgt:Nanjing_IASO_Biotherapeutics_CoLtd,1
imgt:Nanjing_Legend_Biotechnology_Co_Ltd,1
imgt:NantCell_Inc,1
imgt:Nascent_Biotech_Inc,1
imgt:Neogenix_Oncology_Inc,1
imgt:Neoprobe_Corp,1
imgt:Neovii_Biotech_GmbH,1
imgt:Neurocrine_Biosciences,1
imgt:Novartis,1
imgt:Novo_Nordisk,1
imgt:Omeros_Corporation,1
imgt:Oncternal_Therapeutics,1
imgt:Oncurious_NV,1
imgt:Ono_Pharmaceutical_Co_Ltd,1
imgt:Ono_Pharmaceuticals_Co_Ltd,1
imgt:Organon_Teknika_Corp,1
imgt:Orycun,1
imgt:PACT_Pharma_Inc,1
imgt:PDCD1LG2,1
imgt:PROTEIN_2DOMAINS,1
imgt:PROTEIN_BIG_TOXIN_BIG,1
imgt:PharmAbcine_Inc,1
imgt:Phytolacca_americana,1
imgt:Phytolacca_americana_antiviral_protein_PAP,1
imgt:Pieris_Pharmaceuticals_Inc,1
imgt:Pierre_Fabre,1
imgt:Precision_Biologics,1
imgt:Precision_Biosciences,1
imgt:Prestige_Biopharma,1
imgt:Prima_BioMed,1
imgt:Progenics_Pharmaceuticals_Inc,1
imgt:Pseudomonas_aeruginosa_exotoxin_A_,1
imgt:Rattus_sp.,1
imgt:Rentschler_Biotechnologie_GmbH,1
imgt:Rhein-Minapharm,1
imgt:SCFV-ALPHA-BETA,1
imgt:SCFV-GAMMA-DELTA,1
imgt:SCFV-HEAVY-KAPPA,1
imgt:SCFV-HEAVY-LAMBDA,1
imgt:SCFV-KAPPA-HEAVY-TOXIN,1
imgt:SIGMA-TAU_Industrie_Farmaceutiche_Riunite_SpA,1
imgt:SIRPA,1
imgt:ScFv-Alpha-Beta,1
imgt:ScFv-Gamma-Delta,1
imgt:ScFv-Heavy-Lambda,1
imgt:Schering_AG,1
imgt:Scholar_Rock,1
imgt:Shandong_New_Time_Pharmaceutical,1
imgt:Shanghai_Hengrui_Pharmaceuticals_Co_Ltd,1
imgt:Shanghai_Jinmante_Biotechnology,1
imgt:Sichuan_Baili_Pharmaceutical_Co,1
imgt:Sichuan_Clover_Biopharmaceuticals_Inc,1
imgt:Sichuan_Kelun-Biotech_Biopharmaceutical,1
imgt:Silverback_Therapeutics_Inc,1
imgt:Singh_biotechnology,1
imgt:Sophiris_Bio_Inc,1
imgt:Sorin_Radiofarmaci_SRL,1
imgt:Sorrento_Therapeutics_Inc,1
imgt:Sotio,1
imgt:Staphylococcus_aureus_enterotoxin_A,1
imgt:Staphylococcus_aureus_enterotoxin_E_SEA/E120_superantigen_,1
imgt:Stemline_Therapeutics_Inc,1
imgt:Struct-10010100,1
imgt:Struct-100141,1
imgt:Struct-10018100,1
imgt:Struct-100331,1
imgt:Struct-100351,1
imgt:Struct-10041100,1
imgt:Struct-100601,1
imgt:Struct-10062100,1
imgt:Struct-10068100,1
imgt:Struct-10071100,1
imgt:Struct-10078100,1
imgt:Struct-10080100,1
imgt:Struct-10082100,1
imgt:Struct-10096100,1
imgt:Struct-10097100,1
imgt:Struct-101031,1
imgt:Struct-101061,1
imgt:Struct-10113101,1
imgt:Struct-10123101,1
imgt:Struct-10129101,1
imgt:Struct-10137101,1
imgt:Struct-101411,1
imgt:Struct-10142101,1
imgt:Struct-101481,1
imgt:Struct-101491,1
imgt:Struct-101651,1
imgt:Struct-101761,1
imgt:Struct-10186101,1
imgt:Struct-10187101,1
imgt:Struct-102201,1
imgt:Struct-10232102,1
imgt:Struct-102361,1
imgt:Struct-102371,1
imgt:Struct-10238102,1
imgt:Struct-102391,1
imgt:Struct-10242102,1
imgt:Struct-102442,1
imgt:Struct-102571,1
imgt:Struct-102621,1
imgt:Struct-10263102,1
imgt:Struct-10272102,1
imgt:Struct-102731,1
imgt:Struct-102911,1
imgt:Struct-10315103,1
imgt:Struct-103341,1
imgt:Struct-103351,1
imgt:Struct-103362,1
imgt:Struct-103421,1
imgt:Struct-10365103,1
imgt:Struct-10366103,1
imgt:Struct-103821,1
imgt:Struct-10383103,1
imgt:Struct-10385103,1
imgt:Struct-10400104,1
imgt:Struct-104101,1
imgt:Struct-10415104,1
imgt:Struct-104171,1
imgt:Struct-104201,1
imgt:Struct-10427104,1
imgt:Struct-104311,1
imgt:Struct-104671,1
imgt:Struct-10468104,1
imgt:Struct-104731,1
imgt:Struct-104981,1
imgt:Struct-104991,1
imgt:Struct-105063,1
imgt:Struct-105081,1
imgt:Struct-105161,1
imgt:Struct-105181,1
imgt:Struct-105221,1
imgt:Struct-105231,1
imgt:Struct-10524105,1
imgt:Struct-10545105,1
imgt:Struct-10553105,1
imgt:Struct-105571,1
imgt:Struct-105581,1
imgt:Struct-105621,1
imgt:Struct-105691,1
imgt:Struct-105851,1
imgt:Struct-105862,1
imgt:Struct-105901,1
imgt:Struct-105921,1
imgt:Struct-105931,1
imgt:Struct-106061,1
imgt:Struct-106211,1
imgt:Struct-10624106,1
imgt:Struct-106251,1
imgt:Struct-106362,1
imgt:Struct-10644106,1
imgt:Struct-106471,1
imgt:Struct-106521,1
imgt:Struct-106531,1
imgt:Struct-10656106,1
imgt:Struct-106641,1
imgt:Struct-106652,1
imgt:Struct-106741,1
imgt:Struct-106751,1
imgt:Struct-106811,1
imgt:Struct-106871,1
imgt:Struct-106911,1
imgt:Struct-106951,1
imgt:Struct-107091,1
imgt:Struct-107251,1
imgt:Struct-107301,1
imgt:Struct-107351,1
imgt:Struct-107421,1
imgt:Struct-107542,1
imgt:Struct-107572,1
imgt:Struct-107581,1
imgt:Struct-107642,1
imgt:Struct-107661,1
imgt:Struct-107681,1
imgt:Struct-107692,1
imgt:Struct-107701,1
imgt:Struct-107872,1
imgt:Struct-107882,1
imgt:Struct-107912,1
imgt:Struct-107971,1
imgt:Struct-108012,1
imgt:Struct-108032,1
imgt:Struct-108051,1
imgt:Struct-108061,1
imgt:Struct-108202,1
imgt:Struct-108291,1
imgt:Struct-108351,1
imgt:Struct-108381,1
imgt:Struct-108562,1
imgt:Struct-108581,1
imgt:Struct-108632,1
imgt:Struct-108651,1
imgt:Struct-108661,1
imgt:Struct-108731,1
imgt:Struct-108741,1
imgt:Struct-109041,1
imgt:Struct-109061,1
imgt:Struct-109082,1
imgt:Struct-109181,1
imgt:Struct-109191,1
imgt:Struct-109242,1
imgt:Struct-109271,1
imgt:Struct-109283,1
imgt:Struct-109301,1
imgt:Struct-109332,1
imgt:Struct-109361,1
imgt:Struct-109381,1
imgt:Struct-109391,1
imgt:Struct-109402,1
imgt:Struct-109532,1
imgt:Struct-109542,1
imgt:Struct-109591,1
imgt:Struct-109602,1
imgt:Struct-109612,1
imgt:Struct-109621,1
imgt:Struct-109742,1
imgt:Struct-109831,1
imgt:Struct-109931,1
imgt:Struct-109942,1
imgt:Struct-109972,1
imgt:Struct-109991,1
imgt:Struct-110052,1
imgt:Struct-110112,1
imgt:Struct-110203,1
imgt:Struct-110211,1
imgt:Struct-110222,1
imgt:Struct-110291,1
imgt:Struct-110301,1
imgt:Struct-110353,1
imgt:Struct-110392,1
imgt:Struct-110481,1
imgt:Struct-110551,1
imgt:Struct-110562,1
imgt:Struct-110632,1
imgt:Struct-110741,1
imgt:Struct-110783,1
imgt:Struct-110811,1
imgt:Struct-110892,1
imgt:Struct-110932,1
imgt:Struct-110941,1
imgt:Struct-110951,1
imgt:Struct-111071,1
imgt:Struct-111091,1
imgt:Struct-111101,1
imgt:Struct-111111,1
imgt:Struct-111161,1
imgt:Struct-111191,1
imgt:Struct-111222,1
imgt:Struct-111311,1
imgt:Struct-111332,1
imgt:Struct-111352,1
imgt:Struct-111362,1
imgt:Struct-111412,1
imgt:Struct-111451,1
imgt:Struct-111461,1
imgt:Struct-111471,1
imgt:Struct-111572,1
imgt:Struct-111592,1
imgt:Struct-111612,1
imgt:Struct-111732,1
imgt:Struct-111742,1
imgt:Struct-111762,1
imgt:Struct-111781,1
imgt:Struct-111791,1
imgt:Struct-111811,1
imgt:Struct-111821,1
imgt:Struct-111851,1
imgt:Struct-111921,1
imgt:Struct-112001,1
imgt:Struct-112112,1
imgt:Struct-112181,1
imgt:Struct-112341,1
imgt:Struct-112361,1
imgt:Struct-112391,1
imgt:Struct-112401,1
imgt:Struct-112412,1
imgt:Struct-112422,1
imgt:Struct-112561,1
imgt:Struct-112581,1
imgt:Struct-112671,1
imgt:Struct-112741,1
imgt:Struct-112801,1
imgt:Struct-112861,1
imgt:Struct-112891,1
imgt:Struct-112901,1
imgt:Struct-113002,1
imgt:Struct-113011,1
imgt:Struct-113022,1
imgt:Struct-113032,1
imgt:Struct-113062,1
imgt:Struct-113081,1
imgt:Struct-113091,1
imgt:Struct-113101,1
imgt:Struct-113112,1
imgt:Struct-113151,1
imgt:Struct-113181,1
imgt:Struct-113281,1
imgt:Struct-113302,1
imgt:Struct-113311,1
imgt:Struct-113341,1
imgt:Struct-113351,1
imgt:Struct-113382,1
imgt:Struct-113442,1
imgt:Struct-113471,1
imgt:Struct-113482,1
imgt:Struct-113562,1
imgt:Struct-113661,1
imgt:Struct-113861,1
imgt:Struct-113911,1
imgt:Struct-114021,1
imgt:Struct-114132,1
imgt:Struct-114162,1
imgt:Struct-114171,1
imgt:Struct-114181,1
imgt:Struct-114201,1
imgt:Struct-114211,1
imgt:Struct-114333,1
imgt:Struct-114351,1
imgt:Struct-114362,1
imgt:Struct-114371,1
imgt:Struct-114381,1
imgt:Struct-114511,1
imgt:Struct-114522,1
imgt:Struct-114531,1
imgt:Struct-114573,1
imgt:Struct-114611,1
imgt:Struct-114643,1
imgt:Struct-114651,1
imgt:Struct-114663,1
imgt:Struct-114721,1
imgt:Struct-114751,1
imgt:Struct-114831,1
imgt:Struct-114861,1
imgt:Struct-114921,1
imgt:Struct-114962,1
imgt:Struct-114972,1
imgt:Struct-115032,1
imgt:Struct-115341,1
imgt:Struct-115592,1
imgt:Struct-115612,1
imgt:Struct-115653,1
imgt:Struct-115731,1
imgt:Struct-115741,1
imgt:Struct-115811,1
imgt:Struct-115902,1
imgt:Struct-115912,1
imgt:Struct-115962,1
imgt:Struct-115972,1
imgt:Struct-115991,1
imgt:Struct-116041,1
imgt:Struct-116113,1
imgt:Struct-116171,1
imgt:Struct-116281,1
imgt:Struct-116342,1
imgt:Struct-116362,1
imgt:Struct-116401,1
imgt:Struct-116592,1
imgt:Struct-116611,1
imgt:Struct-116622,1
imgt:Struct-116661,1
imgt:Struct-116702,1
imgt:Struct-116721,1
imgt:Struct-116781,1
imgt:Struct-116791,1
imgt:Struct-116901,1
imgt:Struct-116952,1
imgt:Struct-116992,1
imgt:Struct-117022,1
imgt:Struct-117041,1
imgt:Struct-117102,1
imgt:Struct-117211,1
imgt:Struct-117292,1
imgt:Struct-117302,1
imgt:Struct-117343,1
imgt:Struct-117411,1
imgt:Struct-117512,1
imgt:Struct-117712,1
imgt:Struct-117931,1
imgt:Struct-117971,1
imgt:Struct-117981,1
imgt:Struct-118071,1
imgt:Struct-118091,1
imgt:Struct-118101,1
imgt:Struct-118142,1
imgt:Struct-118221,1
imgt:Struct-118271,1
imgt:Struct-118321,1
imgt:Struct-118381,1
imgt:Struct-118402,1
imgt:Struct-118411,1
imgt:Struct-118431,1
imgt:Struct-118511,1
imgt:Struct-118772,1
imgt:Struct-118861,1
imgt:Struct-118871,1
imgt:Struct-118921,1
imgt:Struct-119043,1
imgt:Struct-119141,1
imgt:Struct-119202,1
imgt:Struct-119261,1
imgt:Struct-119272,1
imgt:Struct-119332,1
imgt:Struct-119382,1
imgt:Struct-119441,1
imgt:Struct-119462,1
imgt:Struct-119471,1
imgt:Struct-119481,1
imgt:Struct-119511,1
imgt:Struct-119522,1
imgt:Struct-119542,1
imgt:Struct-119692,1
imgt:Struct-119731,1
imgt:Struct-120141,1
imgt:Struct-120221,1
imgt:Struct-120232,1
imgt:Struct-120281,1
imgt:Struct-120291,1
imgt:Struct-120401,1
imgt:Struct-120411,1
imgt:Struct-120442,1
imgt:Struct-120543,1
imgt:Struct-120562,1
imgt:Struct-120791,1
imgt:Struct-120881,1
imgt:Struct-120982,1
imgt:Struct-121041,1
imgt:Struct-121051,1
imgt:Struct-121071,1
imgt:Struct-121241,1
imgt:Struct-121351,1
imgt:Struct-121391,1
imgt:Struct-121421,1
imgt:Struct-121642,1
imgt:Struct-121684,1
imgt:Struct-121861,1
imgt:Struct-121912,1
imgt:Struct-122081,1
imgt:Struct-122191,1
imgt:Struct-122432,1
imgt:Struct-122492,1
imgt:Struct-122622,1
imgt:Struct-122682,1
imgt:Struct-122692,1
imgt:Struct-122712,1
imgt:Struct-122722,1
imgt:Struct-122831,1
imgt:Struct-122862,1
imgt:Struct-122951,1
imgt:Struct-122982,1
imgt:Struct-123031,1
imgt:Struct-123041,1
imgt:Struct-123141,1
imgt:Struct-123184,1
imgt:Struct-123191,1
imgt:Struct-123402,1
imgt:Struct-123492,1
imgt:Struct-123601,1
imgt:Struct-123632,1
imgt:Struct-123742,1
imgt:Struct-123751,1
imgt:Struct-123761,1
imgt:Struct-123771,1
imgt:Struct-123811,1
imgt:Struct-123821,1
imgt:Struct-123873,1
imgt:Struct-123891,1
imgt:Struct-123912,1
imgt:Struct-123922,1
imgt:Struct-123931,1
imgt:Struct-124161,1
imgt:Struct-124171,1
imgt:Struct-124352,1
imgt:Struct-124811,1
imgt:Struct-124841,1
imgt:Struct-125622,1
imgt:Struct-128041,1
imgt:Struct-65101,1
imgt:Struct-69771,1
imgt:Struct-74711,1
imgt:Struct-75801,1
imgt:Struct-76092,1
imgt:Struct-763776,1
imgt:Struct-76801,1
imgt:Struct-78271,1
imgt:Struct-79067906,1
imgt:Struct-79201,1
imgt:Struct-80051,1
imgt:Struct-80178017,1
imgt:Struct-80241,1
imgt:Struct-80541,1
imgt:Struct-81272,1
imgt:Struct-81321,1
imgt:Struct-82101,1
imgt:Struct-82111,1
imgt:Struct-82232,1
imgt:Struct-82392,1
imgt:Struct-83392,1
imgt:Struct-838083,1
imgt:Struct-83941,1
imgt:Struct-84431,1
imgt:Struct-84492,1
imgt:Struct-84842,1
imgt:Struct-84992,1
imgt:Struct-85458545,1
imgt:Struct-85688568,1
imgt:Struct-85742,1
imgt:Struct-85981,1
imgt:Struct-86032,1
imgt:Struct-86051,1
imgt:Struct-86062,1
imgt:Struct-86521,1
imgt:Struct-86531,1
imgt:Struct-86591,1
imgt:Struct-86691,1
imgt:Struct-87138713,1
imgt:Struct-87162,1
imgt:Struct-87348734,1
imgt:Struct-87391,1
imgt:Struct-87531,1
imgt:Struct-88328832,1
imgt:Struct-88621,1
imgt:Struct-88878887,1
imgt:Struct-892289,1
imgt:Struct-89321,1
imgt:Struct-89591,1
imgt:Struct-89761,1
imgt:Struct-89791,1
imgt:Struct-89981,1
imgt:Struct-90281,1
imgt:Struct-902990,1
imgt:Struct-904390,1
imgt:Struct-90451,1
imgt:Struct-904690,1
imgt:Struct-90512,1
imgt:Struct-906790,1
imgt:Struct-907490,1
imgt:Struct-90831,1
imgt:Struct-908590,1
imgt:Struct-90921,1
imgt:Struct-90981,1
imgt:Struct-909990,1
imgt:Struct-91162,1
imgt:Struct-91171,1
imgt:Struct-912391,1
imgt:Struct-91281,1
imgt:Struct-91341,1
imgt:Struct-91442,1
imgt:Struct-91881,1
imgt:Struct-91991,1
imgt:Struct-92009200,1
imgt:Struct-922692,1
imgt:Struct-92361,1
imgt:Struct-92559255,1
imgt:Struct-92951,1
imgt:Struct-92999299,1
imgt:Struct-93001,1
imgt:Struct-93061,1
imgt:Struct-93072,1
imgt:Struct-93081,1
imgt:Struct-93239323,1
imgt:Struct-93349334,1
imgt:Struct-93401,1
imgt:Struct-93439343,1
imgt:Struct-93541,1
imgt:Struct-93651,1
imgt:Struct-93689368,1
imgt:Struct-93709370,1
imgt:Struct-93721,1
imgt:Struct-93741,1
imgt:Struct-93809380,1
imgt:Struct-94151,1
imgt:Struct-94271,1
imgt:Struct-94301,1
imgt:Struct-94411,1
imgt:Struct-94471,1
imgt:Struct-94659465,1
imgt:Struct-94681,1
imgt:Struct-94869486,1
imgt:Struct-94871,1
imgt:Struct-95092,1
imgt:Struct-95199519,1
imgt:Struct-95201,1
imgt:Struct-95371,1
imgt:Struct-95491,1
imgt:Struct-95581,1
imgt:Struct-95721,1
imgt:Struct-95751,1
imgt:Struct-95901,1
imgt:Struct-95989598,1
imgt:Struct-95991,1
imgt:Struct-96101,1
imgt:Struct-96111,1
imgt:Struct-96129612,1
imgt:Struct-96131,1
imgt:Struct-96239623,1
imgt:Struct-96269626,1
imgt:Struct-96469646,1
imgt:Struct-96479647,1
imgt:Struct-96791,1
imgt:Struct-96881,1
imgt:Struct-96899689,1
imgt:Struct-97101,1
imgt:Struct-97131,1
imgt:Struct-97149714,1
imgt:Struct-97549754,1
imgt:Struct-97599759,1
imgt:Struct-97629762,1
imgt:Struct-97789778,1
imgt:Struct-97791,1
imgt:Struct-97881,1
imgt:Struct-97989798,1
imgt:Struct-97991,1
imgt:Struct-98101,1
imgt:Struct-98141,1
imgt:Struct-98219821,1
imgt:Struct-98321,1
imgt:Struct-98351,1
imgt:Struct-98541,1
imgt:Struct-98611,1
imgt:Struct-98869886,1
imgt:Struct-99169916,1
imgt:Struct-99321,1
imgt:Struct-99339933,1
imgt:Struct-99371,1
imgt:Struct-99392,1
imgt:Struct-99509950,1
imgt:Struct-99511,1
imgt:Struct-99529952,1
imgt:Struct-99569956,1
imgt:Struct-99611,1
imgt:Struct-99659965,1
imgt:Struct-99829982,1
imgt:Struct-99831,1
imgt:Struct-99851,1
imgt:Syndax_Pharmaceuticals_Inc,1
imgt:Synthon_Biopharmaceuticals,1
imgt:Systimmune_Inc,1
imgt:TCR2_Therapeutics_Inc,1
imgt:TF,1
imgt:TF_(transferrin)-aldifitox_:_diphteriatoxin_(AB_toxin),1
imgt:TGFBR2,1
imgt:THB conjugated,1
imgt:TNF,1
imgt:TNFRSF13B,1
imgt:TNFSF10,1
imgt:TNFSF18,1
imgt:TNFSF9,1
imgt:TR-ALPHA,1
imgt:TR-ALPHA_BETA,1
imgt:TR-ALPHA_BETA-1,1
imgt:TR-ALPHA_BETA-2,1
imgt:TR-BETA,1
imgt:TR-BETA-1,1
imgt:TR-BETA-2,1
imgt:TR-DELTA,1
imgt:TR-GAMMA,1
imgt:TR-GAMMA-1,1
imgt:TR-GAMMA-1_DELTA,1
imgt:TR-GAMMA-2,1
imgt:TR-GAMMA-2_DELTA,1
imgt:TR-GAMMA-3,1
imgt:TR-GAMMA-3_DELTA,1
imgt:TR-GAMMA-4,1
imgt:TR-GAMMA-4_DELTA,1
imgt:TR-GAMMA-5,1
imgt:TR-GAMMA-5_DELTA,1
imgt:TR-GAMMA_DELTA,1
imgt:Taizhou_Hanzhong_Pharmaceuticals_Inc,1
imgt:Telix_Pharmaceuticals,1
imgt:TenX_BioPharma,1
imgt:Tenovus_Research,1
imgt:Tessa_Therapeutics,1
imgt:The_Netherlands_CRC_Labs,1
imgt:Trillium_Therapeutics_Inc,1
imgt:Triumvira_Immunologics,1
imgt:U3_Pharma,1
imgt:United_Therapeutics_Corporation,1
imgt:University_Bath,1
imgt:University_of_Bern,1
imgt:University_of_Saskatchewan,1
imgt:V-ALPHA,1
imgt:V-BETA,1
imgt:V-D-GENE,1
imgt:V-D-J-GENE,1
imgt:V-DELTA,1
imgt:V-GAMMA,1
imgt:V-GENE,1
imgt:V-J-GENE,1
imgt:V-KAPPA,1
imgt:V-LAMBDA,1
imgt:V-Lambda-VH_V-Kappa-VH',1
imgt:V-Lambda-VH__V-Kappa-VH,1
imgt:V-kappa-VH-V-lambda-VH'_tandAb,1
imgt:VH,1
imgt:VH - C-kappa - CH2 - CH3_V-lambda - CH1_H-GAMMA-1_L-kappa,1
imgt:VH - V-kappa - CH2 - CH3,1
imgt:VH - VH,1
imgt:VH - VH',1
imgt:VH - VL - VH' - VL',1
imgt:VH-V-kappa-VH'-V-lambda_tandAb,1
imgt:VH-VH',1
imgt:VH-VH'-CD8A (CO-TM)-TNFRSF9 (CY)-CD247,1
imgt:VH-VH'-H-Gamma1-VL-VL'-C-kappa,1
imgt:VH-VH-H-Gamma1_VL-VL-C-kappa,1
imgt:VH-Vkappa-h-CH3,1
imgt:VK-CK-VH-CH1-h-CH2-CH3_L-kappa_Fab-G1-kappa,1
imgt:Vaccinex,1
imgt:Viela_Bio_Inc,1
imgt:Viragen_Inc,1
imgt:Virology,1
imgt:Vitaeris,1
imgt:Wellcome,1
imgt:Willd_bouganin,1
imgt:Xenova_Biomedix_Limited,1
imgt:Xoma,1
imgt:Y-Biologics,1
imgt:Y-mAbs_Therapeutics_Inc,1
imgt:YM_BioSciences_Inc,1
imgt:Yttrium-90_Y-90_,1
imgt:Yttrium-90_Y-90_(Therapeutic)_and_Indium-111_In-111_(Diagnostic),1
imgt:Zhejiang_Hisun_Pharmaceutical_Co_LTD,1
imgt:ZymoGenetics_Inc,1
imgt:[(G1_VK-CK-VH-CH1-h-CH2-CH3_L-kappa)_VH-CH1]-dimer,1
imgt:[(scFv - heavy - kappa) - IGHE - CH4]2,1
imgt:[ACVR2B_(activin_A_receptor_type_2B_ActR-IIB_ActRIIB)]2-Fc,1
imgt:[ACVRL1_(activin_A_receptor_like_type_1_activin_receptor-like_kinase_1_ACVRLK1_ALK1_ALK-1_serine/threonine-protein_kinase_receptor_R3_SKR3_HHT_HHT2_ORW2)]2-IGHG1_Fc_(Fragment_constant),1
imgt:[AXL_(AXL_receptor_tyrosine_kinase_ARK_JTK11_Tyro7_UFO)]2-IGHG1_Fc_(Fragment_constant),1
imgt:[CD80_(B7-1_CD28LG1)_fragment_(1-107)]2-IGHG1_Fc_(Fragment_constant),1
imgt:[FAS_(Fas_cell_surface_death_receptor_TNFRSF6_tumor_necrosis_factor_receptor_(TNFR)_superfamily_member_6_FAS1_APO-1_CD95)]2-IGHG1_Fc_(Fragment_constant),1
imgt:[FZD8_(frizzled_class_receptor_8_frizzled_family_receptor_8_Frizzled-8)]2-IGHG1_Fc_(Fragment_constant),1
imgt:[H-gamma1_L-kappa-scFv_heavy-kappa]-dimer,1
imgt:[Homo_sapiens_ACVR2A_(activin_A_receptor_type_2A_ActR-II_ActRIIA)]2-IGHG1_Fc_(Fragment_constant),1
imgt:[Homo_sapiens_COL1A1_]3-peptidyl_linker,1
imgt:[Homo_sapiens_IFNA2_]2-peptidyl_linker,1
imgt:[Homo_sapiens_IL2_noncovalent_dimer]-dimer,1
imgt:[Homo_sapiens_TNF-trimer]-trimer,1
imgt:[Homo_sapiens_TNFSF10_(TNF_superfamily_member_10_tumor_necrosis_factor_(ligand)_superfamily_member_10)]2-Homo_sapiens_IGHG1_Fc_(Fragment_constant),1
imgt:[Homo_sapiens_TNF_]-trimer,1
imgt:[IGHG4_Fc_(Fragment_constant)_–_[TRAF2_(TNF_receptor_associated_factor_2_TRAP3_RNF117)-TNFSF4_(tumor_necrosis_factor_(TNF)_superfamily_member_4_OX40_ligand_OX-40L_TAX_transcriptionally-activated_glycoprotein_1_TXGP1_gp34_CD252)]2]3_(hexamer),1
imgt:[IGHG4_Fc_(Fragment_constant)_–_[TRAF2_(TNF_receptor_associated_factor_2_TRAP3_RNF117)-TNFSF4_(tumor_necrosis_factor_(TNF)_superfamily_member_4_OX40_ligand_OX-40L_TAX_transcriptionally-activated_glycoprotein_1_TXGP1_gp34_CD252)]2]3_(hexamer)_,1
imgt:[IL15RA_(interleukin_15_receptor_subunit_alpha_CD215_IL-15RA)]2-IGHG1_Fc_(Fragment_constant),1
imgt:[IL7_(interleukin_7_IL-7)]1-IGHG4_Fc_(Fragment_constant),1
imgt:[LAG3_(lymphocyte_activating_3_lymphocyte-activation_3_CD223)]2-IGHG1_Fc_(Fragment_constant),1
imgt:[NGR_peptide_1-6-TNF_(tumor_necrosis_factor_(TNF)_superfamily_member_2_TNFSF2_TNF-alpha_TNFA)]-trimer,1
imgt:[PDCD1LG2_(programmed_cell_death_1_ligand_2_B7DC_B7_dendritic_cell_molecule_PDL2_PD-L2_CD273)]2-IGHG1_Fc_(Fragment_constant),1
imgt:[PEPTIDE-PROTEIN]3,1
imgt:[PROTEIN-PROTEIN]3,1
imgt:[TNFRSF13B_(tumor_necrosis_factor_receptor_(TNFR)_superfamily_member_13B_TACI_transmembrane_activator_and_CAML_Interactor)]2-IGHG1_Fc_(Fragment_constant),1
imgt:[TNFSF10_(TNF_superfamily_member_10_tumor_necrosis_factor_(ligand)_superfamily_member_10)_fragment_(111-281)]-trimer,1
imgt:[TNFSF18_(TNF_superfamily_member_18_AITRL_TL6_GITRL)]2-IGHG1_Fc_(Fragment_constant),1
imgt:[V-kappa-VH-V-lambda-VH']-noncovalent_dimer_(tandem_diabody),1
imgt:[V-kappa-VH-V-lambda-VH]-noncovalent_dimer_(tandem_diabody),1
imgt:[VH-CH1-VH-C-KAPPA-CH2-CH3(_L-KAPPA)_V-LAMBDA-CH1]_[H-GAMMA1_L-KAPPA],1
imgt:[VH-V-kappa-VH'-V-lambda]-noncovalent_dimer_(tandem_diabody),1
imgt:[VH-V-kappa-VH-V-lambda]-noncovalent_dimer_(tandem_diabody),1
imgt:[VH-VH'-H-Gamma1_VL-VL'-C-kappa]-dimer,1
imgt:[scFv-heavy-kappa]-trimer,1
imgt:[scFv-kappa-heavy-PROT]2,1
imgt:[scFv-kappa-heavy-PROT]3,1
imgt:[scFv-nd-nd-PROT]2,1
imgt:[scFv]2-Fc-[scFv]2,1
imgt:_(CHO)-derived_cell_line_transfected_with_the_glutamine_synthetase_(GS),1
imgt:_CHO_(Chinese_Hamster_Ovary)_L761h_cells_transient_expressionNS0_mouse_myeloma_cells,1
imgt:_CHO_(Chinese_Hamster_Ovary)_dihydrofolate_reductase_(DHFR)-deficient_cells,1
imgt:_CHO_CAT-S,1
"imgt:_Murine_ascites,_pepsin_digestion",1
imgt:_PER.C6®,1
imgt:_Pichia_pastoris_(Komagataella_pastoris),1
imgt:acellbia™,1
imgt:aldifitox_:_diphteriatoxin_(AB_toxin)_1-387-IL2_(interleukin_2_IL-2)_1-133,1
imgt:aldifitox_diphteriatoxin_,1
imgt:alymsys®,1
imgt:analogue_of_motolimod_,1
imgt:analogue_of_motolimod_(an_agonist_for_the_toll-like_receptor_8_TLR8),1
imgt:arGEN-X,1
imgt:auristatin-0101_(Aur0101),1
imgt:auristatin-0101_type_linker,1
imgt:auristatin_W_derivative-partially_reduced_S-cystine_sulfurhydryl_groups,1
imgt:avzivi®,1
imgt:aybintio®,1
imgt:camptothecin_derivative,1
imgt:camptothecin_derivative-thioether_bond,1
imgt:canmab™,1
imgt:chelator_derivative_barzuxetan_,1
imgt:chelator_derivative_barzuxetan_(DPTA),1
imgt:cleavable_1-maleimido369-trioxadodecan-12-oyl-valyl-citrullyl_linker,1
imgt:cleavable_linker,1
imgt:cleavable_valine-alanine_linker,1
imgt:cleavable_valyl-citrullyl_linker,1
imgt:clezutoclax_,1
imgt:clezutoclax_(an_inhibitor_of_BCL2L1),1
imgt:credima™,1
imgt:deacetylmaytansine,1
imgt:deacetylmaytansine-6-hexanoyl_linker,1
imgt:decavalent,1
imgt:derivative_of_the_glucocorticoid_receptor_modulator_(GRM)_desonide,1
imgt:derivative_of_the_glucocorticoid_receptor_modulator_acetyl-Gly-Glu_link,1
imgt:di - [Fab' - G1 - kappa - maleimide - PEG],1
imgt:di-Fab,1
imgt:di-Fab',1
imgt:dolastatin_derivative_,1
imgt:dolastatin_derivative_(ugodotin_groups),1
imgt:duostatin-5,1
imgt:duostatin-5-cleavable_linker,1
imgt:enterotoxin_A,1
imgt:enterotoxin_E_SEA/E120_superantigen_(synthetic),1
imgt:equidacent™,1
imgt:eribulin,1
imgt:eribulin-linker,1
imgt:hemiasterlin_analogue,1
imgt:hemiasterlin_analogue-cleavable_valyl-citrullyl_linker,1
imgt:hercessi™,1
imgt:hertraz™,1
imgt:herzuma™,1
imgt:iTeos_Therapeutics,1
imgt:immunosuppressant,1
imgt:jubbonti®,1
imgt:kanjinti™,1
imgt:lytenava™,1
imgt:mAb_313,1
imgt:matraxetan,1
imgt:maytansinoid_DM4-reducible_sulfo-SPDB_linker_[N-succinimidyl_4-2-sulfobutanoate],1
imgt:monomethyl_auristatin_E-peptidyl_linker,1
imgt:monomethyl_auristatin_E_,1
imgt:monovalent,1
imgt:mvasi™,1
imgt:non-cleavable_dibenzocyclooctyne-maytansinoid_linker-warhead,1
imgt:non-cleavable_dibenzocyclooctyne_(DBCO)-maytansinoid_linker-warhead,1
imgt:nt-SEQUENCE,1
imgt:ogivri®,1
imgt:olatansine,1
imgt:olatansine-linker,1
imgt:onbevzi,1
imgt:ontruzant®,1
imgt:opuviz™,1
imgt:partially_reduced_S-cystine_sulfurhydryl_groups,1
imgt:protease-cleavable_maleimide_linker_(LD6.23),1
imgt:pyrrolobenzodiazepine_(PBD)_dimer_SC-DR002,1
imgt:pyrrolobenzodiazepine_(PDB)_dimer_SG3199,1
imgt:pyrrolobenzodiazepine_dimer_SG3199-cleavable_valine-alanine_linker,1
imgt:reducible_sulfo-SPDB_linker_[N-succinimidyl_4-(2-pyridyldithio)-2-sulfobutanoate],1
imgt:riabni™,1
imgt:ritemyia,1
imgt:rixathon®/riximyo®,1
imgt:ruxience™,1
imgt:sarotalocan_:_IRDye_700DX_(IR700)_near-infrared_photosensitizing_dye,1
imgt:sarotalocan_IRDye_700DX_near-infrared_photosensitizing_dye,1
imgt:scFv - heavy - lambda,1
imgt:scFv-ALB_(albumin_human_serum_albumin_HSA)-scFv,1
imgt:scFv-G1K-scFv-scFv_kappa,1
imgt:scFv-Heavy-Kappa,1
imgt:scFv-Kappa-Heavy-Toxin,1
imgt:scFv-PROTEIN-scFv,1
imgt:scFv-TR,1
imgt:scFv-TR-Alpha_Beta-2,1
imgt:scFv-heavy-kappa-CD28 (CO-TM-CY)-CD247,1
imgt:scFv-heavy-kappa-IgG1-h-CH2-CH3(CO)-CD28(TM-CY1)-CD247(CY2),1
imgt:scFv-heavy-kappa-JCHAIN_,1
imgt:scFv-heavy-kappa-scFv-kappa-heavy-CD8A(CO-TM)-TNFRSF9(CY)-CD247,1
imgt:scFv-kappa-heavy-CD8A (CO-TM)-N6 (CY)-CD247,1
imgt:scFv-kappa-heavy-CD8A(CO-TM)-CD28(CY1)-CD247(CY2),1
imgt:scFv-kappa-heavy-IGHG4 h (CO)-CD28 (TM)-TNFRSF9 (CY) CD247-TEApep-EGFRt,1
imgt:scFv-kappa-heavy-IGHG4h-CH2-CH3-CD28-TNFRSF9-CD247-TEApep-EGFRt,1
imgt:scFv-kappa-heavy-TOXIN_BIG,1
imgt:scFv-kappa-heavy-scFv-kappa-heavy-CD4(CO-TM-CY),1
imgt:scFv-scFv-scFc_lambda,1
imgt:sulfo-SPDB_(Z4681A-s-SPDB-DGN462),1
imgt:sulfonamide_containing_auristatin_derivative,1
imgt:sulfonamide_containing_auristatin_derivative-cleavable_1-maleimido369-trioxadodecan-12-oyl-valyl-citrullyl_linker,1
imgt:tetra-specific,1
imgt:tofidence™,1
imgt:toxin_(Pr1_26-411),1
imgt:trazimera™,1
imgt:truxima®,1
imgt:tyenne®,1
imgt:vegzelma™,1
imgt:with_amino-terminal_fused_dipeptide_glycyl-prolyl_(GP),1
imgt:wyost®,1
imgt:yesafili™,1
imgt:zercepac®,1
imgt:zirabev™,1
