query_idx,genes,pred,rater_A_overall,rater_B_clinical,rater_C_genetic
0,PDCD1;ERBB2,imgt:Cancers_non-small_cell_lung_(NSCLC),PLAUSIBLE,PLAUSIBLE,PLAUSIBLE
0,PDCD1;ERBB2,imgt:Non-Hodgkins_lymphoma_(NHL),PLAUSIBLE,PLAUSIBLE,OFF-TARGET
0,PDCD1;ERBB2,imgt:Multiple_myeloma_(MM),PLAUSIBLE,PLAUSIBLE,OFF-TARGET
0,PDCD1;ERBB2,imgt:Cancers_ovarian,PLAUSIBLE,PLAUSIBLE,PLAUSIBLE
0,PDCD1;ERBB2,imgt:Acute_myeloid_leukemia_(AML),OFF-TARGET,OFF-TARGET,OFF-TARGET
0,PDCD1;ERBB2,imgt:Chronic_lymphocytic_leukemia_(CLL),OFF-TARGET,OFF-TARGET,OFF-TARGET
0,PDCD1;ERBB2,imgt:Cancers_prostate_metastatic,PLAUSIBLE,PLAUSIBLE,OFF-TARGET
0,PDCD1;ERBB2,imgt:Cancers_breast,PLAUSIBLE,PLAUSIBLE,OFF-TARGET
0,PDCD1;ERBB2,imgt:Cancers_colorectal_(CRC),PLAUSIBLE,PLAUSIBLE,PLAUSIBLE
0,PDCD1;ERBB2,imgt:Solid_tumors_advanced_or_metastatic,OFF-TARGET,OFF-TARGET,OFF-TARGET
0,PDCD1;ERBB2,imgt:Cancers_prostate,PLAUSIBLE,PLAUSIBLE,OFF-TARGET
0,PDCD1;ERBB2,imgt:Cancers_gastric,PLAUSIBLE,PLAUSIBLE,PLAUSIBLE
0,PDCD1;ERBB2,imgt:Acute_lymphocytic_leukemia_(ALL),OFF-TARGET,OFF-TARGET,OFF-TARGET
0,PDCD1;ERBB2,imgt:Cancers_pancreatic,PLAUSIBLE,PLAUSIBLE,OFF-TARGET
0,PDCD1;ERBB2,imgt:Lymphoma_diffuse_large_B_cell_(DLBCL),PLAUSIBLE,PLAUSIBLE,OFF-TARGET
0,PDCD1;ERBB2,imgt:Lymphoma,PLAUSIBLE,PLAUSIBLE,OFF-TARGET
0,PDCD1;ERBB2,imgt:Cancers_head_and_neck,PLAUSIBLE,PLAUSIBLE,OFF-TARGET
1,PDCD1,imgt:Cancers_non-small_cell_lung_(NSCLC),PLAUSIBLE,PLAUSIBLE,OFF-TARGET
1,PDCD1,imgt:Multiple_myeloma_(MM),PLAUSIBLE,PLAUSIBLE,OFF-TARGET
1,PDCD1,imgt:Chronic_lymphocytic_leukemia_(CLL),OFF-TARGET,OFF-TARGET,OFF-TARGET
1,PDCD1,imgt:Non-Hodgkins_lymphoma_(NHL),PLAUSIBLE,PLAUSIBLE,OFF-TARGET
1,PDCD1,imgt:Cancers_ovarian,PLAUSIBLE,PLAUSIBLE,OFF-TARGET
1,PDCD1,imgt:Cancers_gastric,PLAUSIBLE,PLAUSIBLE,OFF-TARGET
1,PDCD1,imgt:Cancers_breast,PLAUSIBLE,PLAUSIBLE,OFF-TARGET
1,PDCD1,imgt:Solid_tumors_advanced_or_metastatic,OFF-TARGET,OFF-TARGET,OFF-TARGET
1,PDCD1,imgt:Acute_myeloid_leukemia_(AML),OFF-TARGET,OFF-TARGET,OFF-TARGET
1,PDCD1,imgt:Cancers_head_and_neck,PLAUSIBLE,PLAUSIBLE,OFF-TARGET
1,PDCD1,imgt:Cancers_colorectal_(CRC),PLAUSIBLE,PLAUSIBLE,OFF-TARGET
1,PDCD1,imgt:Cancers_prostate_metastatic,PLAUSIBLE,PLAUSIBLE,OFF-TARGET
1,PDCD1,imgt:Cancers_prostate,PLAUSIBLE,PLAUSIBLE,OFF-TARGET
1,PDCD1,imgt:Acute_lymphocytic_leukemia_(ALL),OFF-TARGET,OFF-TARGET,OFF-TARGET
1,PDCD1,imgt:Lymphoma,PLAUSIBLE,PLAUSIBLE,OFF-TARGET
1,PDCD1,imgt:Hodgkin_lymphoma,PLAUSIBLE,PLAUSIBLE,OFF-TARGET
1,PDCD1,imgt:Cancers_pancreatic,OFF-TARGET,OFF-TARGET,OFF-TARGET
2,C5AR1,imgt:Cancers_non-small_cell_lung_(NSCLC),PLAUSIBLE,OFF-TARGET,OFF-TARGET
2,C5AR1,imgt:Multiple_myeloma_(MM),OFF-TARGET,OFF-TARGET,OFF-TARGET
2,C5AR1,imgt:Chronic_lymphocytic_leukemia_(CLL),OFF-TARGET,OFF-TARGET,OFF-TARGET
2,C5AR1,imgt:Non-Hodgkins_lymphoma_(NHL),PLAUSIBLE,OFF-TARGET,OFF-TARGET
2,C5AR1,imgt:Cancers_breast,PLAUSIBLE,OFF-TARGET,OFF-TARGET
2,C5AR1,imgt:Cancers_gastric,PLAUSIBLE,OFF-TARGET,OFF-TARGET
2,C5AR1,imgt:Cancers_ovarian,OFF-TARGET,OFF-TARGET,OFF-TARGET
2,C5AR1,imgt:Acute_myeloid_leukemia_(AML),PLAUSIBLE,PLAUSIBLE,OFF-TARGET
2,C5AR1,imgt:Cancers_colorectal_(CRC),PLAUSIBLE,OFF-TARGET,OFF-TARGET
2,C5AR1,imgt:Cancers_pancreatic,OFF-TARGET,OFF-TARGET,OFF-TARGET
2,C5AR1,imgt:Lymphoma_diffuse_large_B_cell_(DLBCL),PLAUSIBLE,OFF-TARGET,OFF-TARGET
2,C5AR1,imgt:Cancers_prostate,OFF-TARGET,OFF-TARGET,OFF-TARGET
2,C5AR1,imgt:Cancers_head_and_neck,OFF-TARGET,OFF-TARGET,OFF-TARGET
2,C5AR1,imgt:Solid_tumors_advanced_or_metastatic,OFF-TARGET,OFF-TARGET,OFF-TARGET
2,C5AR1,imgt:Acute_lymphocytic_leukemia_(ALL),PLAUSIBLE,PLAUSIBLE,OFF-TARGET
2,C5AR1,imgt:Glioblastoma_multiforme_(GBM),PLAUSIBLE,OFF-TARGET,OFF-TARGET
2,C5AR1,imgt:Renal_cell_carcinoma_(RCC),PLAUSIBLE,OFF-TARGET,OFF-TARGET
3,PDCD1,imgt:Cancers_ovarian,PLAUSIBLE,PLAUSIBLE,OFF-TARGET
3,PDCD1,imgt:Lymphoma_diffuse_large_B_cell_(DLBCL),PLAUSIBLE,PLAUSIBLE,OFF-TARGET
3,PDCD1,imgt:Carcinoma_head_and_neck_squamous_cell_carcinoma_(HNSCC),PLAUSIBLE,PLAUSIBLE,OFF-TARGET
3,PDCD1,imgt:Cancers_gastric,PLAUSIBLE,PLAUSIBLE,OFF-TARGET
3,PDCD1,imgt:Cancers_non-small_cell_lung_(NSCLC),PLAUSIBLE,PLAUSIBLE,OFF-TARGET
3,PDCD1,imgt:Cancers_head_and_neck,PLAUSIBLE,PLAUSIBLE,OFF-TARGET
3,PDCD1,imgt:Hepatocellular_carcinoma_(HCC),PLAUSIBLE,PLAUSIBLE,OFF-TARGET
3,PDCD1,imgt:Cancers_colorectal_(CRC),PLAUSIBLE,PLAUSIBLE,OFF-TARGET
3,PDCD1,imgt:Myasthenia_Gravis_(MG),OFF-TARGET,OFF-TARGET,OFF-TARGET
3,PDCD1,imgt:Multiple_myeloma_(MM),PLAUSIBLE,PLAUSIBLE,OFF-TARGET
3,PDCD1,imgt:Malignant_ascites,OFF-TARGET,OFF-TARGET,OFF-TARGET
3,PDCD1,imgt:Cancers_breast,PLAUSIBLE,PLAUSIBLE,OFF-TARGET
3,PDCD1,imgt:Non-Hodgkins_lymphoma_(NHL),PLAUSIBLE,PLAUSIBLE,OFF-TARGET
3,PDCD1,imgt:Chronic_lymphocytic_leukemia_(CLL),OFF-TARGET,OFF-TARGET,OFF-TARGET
3,PDCD1,imgt:Mesothelioma_pleural_malignant,PLAUSIBLE,PLAUSIBLE,OFF-TARGET
3,PDCD1,imgt:Cancers_pancreatic,OFF-TARGET,OFF-TARGET,OFF-TARGET
3,PDCD1,imgt:Lymphoma_follicular_(FL),PLAUSIBLE,PLAUSIBLE,OFF-TARGET
3,PDCD1,imgt:Cancers_non-small_cell_lung_(NSCLC)_metastatic,PLAUSIBLE,PLAUSIBLE,OFF-TARGET
4,EGFR,imgt:Cancers_non-small_cell_lung_(NSCLC),PLAUSIBLE,PLAUSIBLE,PLAUSIBLE
4,EGFR,imgt:Multiple_myeloma_(MM),OFF-TARGET,OFF-TARGET,OFF-TARGET
4,EGFR,imgt:Non-Hodgkins_lymphoma_(NHL),OFF-TARGET,OFF-TARGET,OFF-TARGET
4,EGFR,imgt:Solid_tumors_advanced_or_metastatic,OFF-TARGET,OFF-TARGET,OFF-TARGET
4,EGFR,imgt:Chronic_lymphocytic_leukemia_(CLL),OFF-TARGET,OFF-TARGET,OFF-TARGET
4,EGFR,imgt:Cancers_breast,PLAUSIBLE,PLAUSIBLE,PLAUSIBLE
4,EGFR,imgt:Acute_myeloid_leukemia_(AML),OFF-TARGET,OFF-TARGET,OFF-TARGET
4,EGFR,imgt:Glioblastoma_multiforme_(GBM),PLAUSIBLE,PLAUSIBLE,PLAUSIBLE
4,EGFR,imgt:Cancers_gastric,PLAUSIBLE,PLAUSIBLE,OFF-TARGET
4,EGFR,imgt:Cancers_ovarian,PLAUSIBLE,PLAUSIBLE,PLAUSIBLE
4,EGFR,imgt:Cancers_head_and_neck,PLAUSIBLE,PLAUSIBLE,PLAUSIBLE
4,EGFR,imgt:Lymphoma_diffuse_large_B_cell_(DLBCL),OFF-TARGET,OFF-TARGET,OFF-TARGET
4,EGFR,imgt:Acute_lymphocytic_leukemia_(ALL),OFF-TARGET,OFF-TARGET,OFF-TARGET
4,EGFR,imgt:Cancers_colorectal_(CRC),PLAUSIBLE,PLAUSIBLE,OFF-TARGET
4,EGFR,imgt:Cancers_pancreatic,PLAUSIBLE,PLAUSIBLE,OFF-TARGET
4,EGFR,imgt:Carcinoma_head_and_neck_squamous_cell_carcinoma_(HNSCC),PLAUSIBLE,PLAUSIBLE,PLAUSIBLE
4,EGFR,imgt:Cancers_prostate,OFF-TARGET,OFF-TARGET,OFF-TARGET
4,EGFR,imgt:Cancers_prostate_metastatic,OFF-TARGET,OFF-TARGET,OFF-TARGET
5,NOCT,imgt:Non-Hodgkins_lymphoma_(NHL),OFF-TARGET,OFF-TARGET,OFF-TARGET
5,NOCT,imgt:Cancers_non-small_cell_lung_(NSCLC),PLAUSIBLE,OFF-TARGET,OFF-TARGET
5,NOCT,imgt:Cancers_gastric,OFF-TARGET,OFF-TARGET,OFF-TARGET
5,NOCT,imgt:Cancers_breast,OFF-TARGET,OFF-TARGET,OFF-TARGET
5,NOCT,imgt:Cancers_ovarian,OFF-TARGET,OFF-TARGET,OFF-TARGET
5,NOCT,imgt:Lymphoma_diffuse_large_B_cell_(DLBCL),OFF-TARGET,OFF-TARGET,OFF-TARGET
5,NOCT,imgt:Chronic_lymphocytic_leukemia_(CLL),OFF-TARGET,OFF-TARGET,OFF-TARGET
5,NOCT,imgt:Large-vessel_vasculitis,OFF-TARGET,OFF-TARGET,OFF-TARGET
5,NOCT,imgt:Myasthenia_Gravis_(MG),OFF-TARGET,OFF-TARGET,OFF-TARGET
5,NOCT,imgt:Rheumatoid_arthritis_(RA),OFF-TARGET,OFF-TARGET,OFF-TARGET
5,NOCT,imgt:Neuromyelitis_optica_(NMO),OFF-TARGET,OFF-TARGET,OFF-TARGET
5,NOCT,imgt:Multiple_myeloma_(MM),OFF-TARGET,OFF-TARGET,OFF-TARGET
5,NOCT,imgt:Melanoma,PLAUSIBLE,OFF-TARGET,OFF-TARGET
5,NOCT,imgt:Hepatocellular_carcinoma_(HCC),OFF-TARGET,OFF-TARGET,OFF-TARGET
5,NOCT,imgt:Mesothelioma_pleural_malignant,OFF-TARGET,OFF-TARGET,OFF-TARGET
5,NOCT,imgt:Lymphoma_follicular_(FL),OFF-TARGET,OFF-TARGET,OFF-TARGET
5,NOCT,imgt:Cancers_colorectal_(CRC)_metastatic,OFF-TARGET,OFF-TARGET,OFF-TARGET
5,NOCT,imgt:Cancers_head_and_neck,OFF-TARGET,OFF-TARGET,OFF-TARGET
5,NOCT,imgt:Renal_cell_carcinoma_(RCC),OFF-TARGET,OFF-TARGET,OFF-TARGET
6,CD276;CD3E,imgt:Cancers_non-small_cell_lung_(NSCLC),PLAUSIBLE,PLAUSIBLE,OFF-TARGET
6,CD276;CD3E,imgt:Non-Hodgkins_lymphoma_(NHL),PLAUSIBLE,PLAUSIBLE,OFF-TARGET
6,CD276;CD3E,imgt:Acute_lymphocytic_leukemia_(ALL),PLAUSIBLE,PLAUSIBLE,OFF-TARGET
6,CD276;CD3E,imgt:Multiple_myeloma_(MM),PLAUSIBLE,PLAUSIBLE,OFF-TARGET
6,CD276;CD3E,imgt:Chronic_lymphocytic_leukemia_(CLL),PLAUSIBLE,PLAUSIBLE,OFF-TARGET
6,CD276;CD3E,imgt:Acute_myeloid_leukemia_(AML),PLAUSIBLE,PLAUSIBLE,OFF-TARGET
6,CD276;CD3E,imgt:Cancers_breast,PLAUSIBLE,PLAUSIBLE,PLAUSIBLE
6,CD276;CD3E,imgt:Cancers_prostate_metastatic,PLAUSIBLE,PLAUSIBLE,OFF-TARGET
6,CD276;CD3E,imgt:Cancers_ovarian,PLAUSIBLE,PLAUSIBLE,OFF-TARGET
6,CD276;CD3E,imgt:Solid_tumors_advanced_or_metastatic,OFF-TARGET,OFF-TARGET,OFF-TARGET
6,CD276;CD3E,imgt:Lymphoma_diffuse_large_B_cell_(DLBCL),PLAUSIBLE,PLAUSIBLE,OFF-TARGET
6,CD276;CD3E,imgt:Cancers_gastric,PLAUSIBLE,PLAUSIBLE,OFF-TARGET
6,CD276;CD3E,imgt:Cancers_pancreatic,PLAUSIBLE,OFF-TARGET,OFF-TARGET
6,CD276;CD3E,imgt:Hodgkin_lymphoma,PLAUSIBLE,PLAUSIBLE,OFF-TARGET
6,CD276;CD3E,imgt:Cancers_prostate,PLAUSIBLE,PLAUSIBLE,OFF-TARGET
6,CD276;CD3E,imgt:Cancers_colorectal_(CRC),PLAUSIBLE,OFF-TARGET,OFF-TARGET
6,CD276;CD3E,imgt:Lymphoma,PLAUSIBLE,PLAUSIBLE,OFF-TARGET
7,ANGPT2,imgt:Cancers_ovarian,PLAUSIBLE,PLAUSIBLE,PLAUSIBLE
7,ANGPT2,imgt:Non-Hodgkins_lymphoma_(NHL),OFF-TARGET,OFF-TARGET,OFF-TARGET
7,ANGPT2,imgt:Cancers_breast,PLAUSIBLE,PLAUSIBLE,OFF-TARGET
7,ANGPT2,imgt:Cancers_non-small_cell_lung_(NSCLC),PLAUSIBLE,PLAUSIBLE,OFF-TARGET
7,ANGPT2,imgt:Cancers_gastric,PLAUSIBLE,OFF-TARGET,PLAUSIBLE
7,ANGPT2,imgt:Multiple_myeloma_(MM),PLAUSIBLE,OFF-TARGET,PLAUSIBLE
7,ANGPT2,imgt:Chronic_lymphocytic_leukemia_(CLL),PLAUSIBLE,OFF-TARGET,OFF-TARGET
7,ANGPT2,imgt:Cancers_head_and_neck,OFF-TARGET,OFF-TARGET,OFF-TARGET
7,ANGPT2,imgt:Lymphoma_diffuse_large_B_cell_(DLBCL),OFF-TARGET,OFF-TARGET,OFF-TARGET
7,ANGPT2,imgt:Melanoma,PLAUSIBLE,PLAUSIBLE,OFF-TARGET
7,ANGPT2,imgt:Lymphoma_B_cell,OFF-TARGET,OFF-TARGET,OFF-TARGET
7,ANGPT2,imgt:Acute_myeloid_leukemia_(AML),PLAUSIBLE,OFF-TARGET,OFF-TARGET
7,ANGPT2,imgt:Cancers_colorectal_(CRC),PLAUSIBLE,PLAUSIBLE,OFF-TARGET
7,ANGPT2,imgt:Cancers_small_cell_lung_(SCLC),PLAUSIBLE,PLAUSIBLE,OFF-TARGET
7,ANGPT2,imgt:Rheumatoid_arthritis_(RA),OFF-TARGET,OFF-TARGET,OFF-TARGET
7,ANGPT2,imgt:Mesothelioma_pleural_malignant,OFF-TARGET,OFF-TARGET,OFF-TARGET
7,ANGPT2,imgt:Renal_cell_carcinoma_(RCC),PLAUSIBLE,PLAUSIBLE,OFF-TARGET
7,ANGPT2,imgt:Cancers_prostate,OFF-TARGET,OFF-TARGET,OFF-TARGET
8,CD3E;TNFRSF17,imgt:Chronic_kidney_disease_(CDK),PLAUSIBLE,PLAUSIBLE,OFF-TARGET
8,CD3E;TNFRSF17,imgt:Cancers_non-small_cell_lung_(NSCLC),PLAUSIBLE,PLAUSIBLE,OFF-TARGET
8,CD3E;TNFRSF17,imgt:Non-Hodgkins_lymphoma_(NHL),PLAUSIBLE,PLAUSIBLE,OFF-TARGET
8,CD3E;TNFRSF17,imgt:Cancers_pancreatic,PLAUSIBLE,OFF-TARGET,OFF-TARGET
8,CD3E;TNFRSF17,imgt:Acute_lymphocytic_leukemia_(ALL),PLAUSIBLE,PLAUSIBLE,OFF-TARGET
8,CD3E;TNFRSF17,imgt:Lymphoma_B_cell,PLAUSIBLE,PLAUSIBLE,OFF-TARGET
8,CD3E;TNFRSF17,imgt:Cancers_prostate_metastatic,PLAUSIBLE,OFF-TARGET,OFF-TARGET
8,CD3E;TNFRSF17,imgt:Chronic_lymphocytic_leukemia_(CLL),PLAUSIBLE,PLAUSIBLE,OFF-TARGET
8,CD3E;TNFRSF17,imgt:Acute_myeloid_leukemia_(AML),PLAUSIBLE,PLAUSIBLE,OFF-TARGET
8,CD3E;TNFRSF17,imgt:Cancers_breast,PLAUSIBLE,PLAUSIBLE,OFF-TARGET
8,CD3E;TNFRSF17,imgt:Multiple_myeloma_(MM),PLAUSIBLE,PLAUSIBLE,OFF-TARGET
8,CD3E;TNFRSF17,imgt:Cancers_colorectal_(CRC),PLAUSIBLE,OFF-TARGET,OFF-TARGET
8,CD3E;TNFRSF17,imgt:Cancers_ovarian,PLAUSIBLE,PLAUSIBLE,OFF-TARGET
8,CD3E;TNFRSF17,imgt:Renal_cell_carcinoma_(RCC),OFF-TARGET,OFF-TARGET,OFF-TARGET
8,CD3E;TNFRSF17,imgt:Cancers_gastric,PLAUSIBLE,PLAUSIBLE,PLAUSIBLE
8,CD3E;TNFRSF17,imgt:Hodgkin_lymphoma,PLAUSIBLE,PLAUSIBLE,OFF-TARGET
8,CD3E;TNFRSF17,imgt:Lymphoma_follicular_(FL),PLAUSIBLE,PLAUSIBLE,OFF-TARGET
9,CD37,imgt:Cancers_non-small_cell_lung_(NSCLC),PLAUSIBLE,OFF-TARGET,OFF-TARGET
9,CD37,imgt:Non-Hodgkins_lymphoma_(NHL),PLAUSIBLE,PLAUSIBLE,OFF-TARGET
9,CD37,imgt:Lymphoma_diffuse_large_B_cell_(DLBCL),PLAUSIBLE,PLAUSIBLE,OFF-TARGET
9,CD37,imgt:Multiple_myeloma_(MM),PLAUSIBLE,OFF-TARGET,PLAUSIBLE
9,CD37,imgt:Cancers_breast,PLAUSIBLE,OFF-TARGET,OFF-TARGET
9,CD37,imgt:Chronic_lymphocytic_leukemia_(CLL),PLAUSIBLE,PLAUSIBLE,OFF-TARGET
9,CD37,imgt:Cancers_pancreatic,OFF-TARGET,OFF-TARGET,OFF-TARGET
9,CD37,imgt:Cancers_colorectal_(CRC)_metastatic,OFF-TARGET,OFF-TARGET,OFF-TARGET
9,CD37,imgt:Acute_myeloid_leukemia_(AML),PLAUSIBLE,PLAUSIBLE,OFF-TARGET
9,CD37,imgt:Cancers_ovarian,OFF-TARGET,OFF-TARGET,OFF-TARGET
9,CD37,imgt:Cancers_gastric,OFF-TARGET,OFF-TARGET,OFF-TARGET
9,CD37,imgt:Glioblastoma_multiforme_(GBM),PLAUSIBLE,OFF-TARGET,OFF-TARGET
9,CD37,imgt:Hepatocellular_carcinoma_(HCC),OFF-TARGET,OFF-TARGET,OFF-TARGET
9,CD37,imgt:Cancers_colorectal_(CRC),OFF-TARGET,OFF-TARGET,OFF-TARGET
9,CD37,imgt:Hodgkin_lymphoma,PLAUSIBLE,PLAUSIBLE,OFF-TARGET
9,CD37,imgt:Lymphoma_B_cell,PLAUSIBLE,PLAUSIBLE,OFF-TARGET
9,CD37,imgt:Melanoma,OFF-TARGET,OFF-TARGET,OFF-TARGET
9,CD37,imgt:Cancers_head_and_neck,OFF-TARGET,OFF-TARGET,OFF-TARGET
10,FOLR1,imgt:Multiple_myeloma_(MM),OFF-TARGET,OFF-TARGET,OFF-TARGET
10,FOLR1,imgt:Cancers_fallopian_tube,PLAUSIBLE,PLAUSIBLE,OFF-TARGET
10,FOLR1,imgt:Cancers_non-small_cell_lung_(NSCLC),PLAUSIBLE,PLAUSIBLE,OFF-TARGET
10,FOLR1,imgt:Cancers_ovarian,PLAUSIBLE,PLAUSIBLE,OFF-TARGET
10,FOLR1,imgt:Non-Hodgkins_lymphoma_(NHL),OFF-TARGET,OFF-TARGET,OFF-TARGET
10,FOLR1,imgt:Chronic_lymphocytic_leukemia_(CLL),PLAUSIBLE,OFF-TARGET,OFF-TARGET
10,FOLR1,imgt:Cancers_breast,PLAUSIBLE,PLAUSIBLE,OFF-TARGET
10,FOLR1,imgt:Acute_myeloid_leukemia_(AML),PLAUSIBLE,OFF-TARGET,OFF-TARGET
10,FOLR1,imgt:Cancers_gastric,PLAUSIBLE,PLAUSIBLE,OFF-TARGET
10,FOLR1,imgt:Lymphoma,OFF-TARGET,OFF-TARGET,OFF-TARGET
10,FOLR1,imgt:Solid_tumors_advanced_or_metastatic,OFF-TARGET,OFF-TARGET,OFF-TARGET
10,FOLR1,imgt:Glioblastoma_multiforme_(GBM),PLAUSIBLE,OFF-TARGET,OFF-TARGET
10,FOLR1,imgt:Cancers_colorectal_(CRC),OFF-TARGET,OFF-TARGET,OFF-TARGET
10,FOLR1,imgt:Cancers_pancreatic,OFF-TARGET,OFF-TARGET,OFF-TARGET
10,FOLR1,imgt:Acute_lymphocytic_leukemia_(ALL),PLAUSIBLE,OFF-TARGET,OFF-TARGET
10,FOLR1,imgt:Cancers_prostate,OFF-TARGET,OFF-TARGET,OFF-TARGET
10,FOLR1,imgt:Cancers_head_and_neck,OFF-TARGET,OFF-TARGET,OFF-TARGET
11,AFP,imgt:Cancers_non-small_cell_lung_(NSCLC),OFF-TARGET,OFF-TARGET,OFF-TARGET
11,AFP,imgt:Cancers_ovarian,PLAUSIBLE,OFF-TARGET,PLAUSIBLE
11,AFP,imgt:Multiple_myeloma_(MM),OFF-TARGET,OFF-TARGET,OFF-TARGET
11,AFP,imgt:Non-Hodgkins_lymphoma_(NHL),OFF-TARGET,OFF-TARGET,OFF-TARGET
11,AFP,imgt:Lymphoma_B_cell,OFF-TARGET,OFF-TARGET,OFF-TARGET
11,AFP,imgt:Cancers_pancreatic,OFF-TARGET,OFF-TARGET,OFF-TARGET
11,AFP,imgt:Cancers_gastric,PLAUSIBLE,OFF-TARGET,OFF-TARGET
11,AFP,imgt:Cancers_prostate_metastatic,OFF-TARGET,OFF-TARGET,OFF-TARGET
11,AFP,imgt:Cancers_prostate,OFF-TARGET,OFF-TARGET,OFF-TARGET
11,AFP,imgt:Carcinoma_head_and_neck_squamous_cell_carcinoma_(HNSCC),OFF-TARGET,OFF-TARGET,OFF-TARGET
11,AFP,imgt:Cancers_colorectal_(CRC),PLAUSIBLE,OFF-TARGET,OFF-TARGET
11,AFP,imgt:Lymphoma_diffuse_large_B_cell_(DLBCL),OFF-TARGET,OFF-TARGET,OFF-TARGET
11,AFP,imgt:Cancers_breast,PLAUSIBLE,OFF-TARGET,OFF-TARGET
11,AFP,imgt:Renal_cell_carcinoma_(RCC),OFF-TARGET,OFF-TARGET,OFF-TARGET
11,AFP,imgt:Solid_tumors_advanced_or_metastatic,OFF-TARGET,OFF-TARGET,OFF-TARGET
11,AFP,imgt:B_cell_leukemia,OFF-TARGET,OFF-TARGET,OFF-TARGET
11,AFP,imgt:Malignant_melanoma,OFF-TARGET,OFF-TARGET,OFF-TARGET
13,PDCD1,imgt:Cancers_non-small_cell_lung_(NSCLC),PLAUSIBLE,PLAUSIBLE,OFF-TARGET
13,PDCD1,imgt:Non-Hodgkins_lymphoma_(NHL),PLAUSIBLE,PLAUSIBLE,OFF-TARGET
13,PDCD1,imgt:Chronic_lymphocytic_leukemia_(CLL),OFF-TARGET,OFF-TARGET,OFF-TARGET
13,PDCD1,imgt:Acute_myeloid_leukemia_(AML),OFF-TARGET,OFF-TARGET,OFF-TARGET
13,PDCD1,imgt:Multiple_myeloma_(MM),PLAUSIBLE,PLAUSIBLE,OFF-TARGET
13,PDCD1,imgt:Cancers_breast,PLAUSIBLE,PLAUSIBLE,OFF-TARGET
13,PDCD1,imgt:Cancers_gastric,PLAUSIBLE,PLAUSIBLE,OFF-TARGET
13,PDCD1,imgt:Cancers_ovarian,PLAUSIBLE,PLAUSIBLE,OFF-TARGET
13,PDCD1,imgt:Solid_tumors_advanced_or_metastatic,OFF-TARGET,OFF-TARGET,OFF-TARGET
13,PDCD1,imgt:Glioblastoma_multiforme_(GBM),PLAUSIBLE,PLAUSIBLE,OFF-TARGET
13,PDCD1,imgt:Cancers_colorectal_(CRC),PLAUSIBLE,PLAUSIBLE,OFF-TARGET
13,PDCD1,imgt:Cancers_head_and_neck,PLAUSIBLE,PLAUSIBLE,OFF-TARGET
13,PDCD1,imgt:Lymphoma_diffuse_large_B_cell_(DLBCL),PLAUSIBLE,PLAUSIBLE,OFF-TARGET
13,PDCD1,imgt:Acute_lymphocytic_leukemia_(ALL),OFF-TARGET,OFF-TARGET,OFF-TARGET
13,PDCD1,imgt:Lymphoma,PLAUSIBLE,PLAUSIBLE,OFF-TARGET
13,PDCD1,imgt:Melanoma,PLAUSIBLE,PLAUSIBLE,OFF-TARGET
13,PDCD1,imgt:Hodgkin_lymphoma,PLAUSIBLE,PLAUSIBLE,OFF-TARGET
14,PDCD1,imgt:Hepatocellular_carcinoma_(HCC)_metastatic,PLAUSIBLE,PLAUSIBLE,OFF-TARGET
14,PDCD1,imgt:Cancers_esophageal_metastatic,PLAUSIBLE,PLAUSIBLE,OFF-TARGET
14,PDCD1,imgt:Carcinoma_head_and_neck_squamous_cell_(HNSCC)_recurrent_or_metastatic,PLAUSIBLE,PLAUSIBLE,OFF-TARGET
14,PDCD1,imgt:Cancers_non-small_cell_lung_(NSCLC),PLAUSIBLE,PLAUSIBLE,OFF-TARGET
14,PDCD1,imgt:Non-Hodgkins_lymphoma_(NHL),PLAUSIBLE,PLAUSIBLE,OFF-TARGET
14,PDCD1,imgt:Chronic_lymphocytic_leukemia_(CLL),OFF-TARGET,OFF-TARGET,OFF-TARGET
14,PDCD1,imgt:Multiple_myeloma_(MM),PLAUSIBLE,PLAUSIBLE,OFF-TARGET
14,PDCD1,imgt:Acute_myeloid_leukemia_(AML),OFF-TARGET,OFF-TARGET,OFF-TARGET
14,PDCD1,imgt:Cancers_breast,PLAUSIBLE,PLAUSIBLE,OFF-TARGET
14,PDCD1,imgt:Acute_lymphocytic_leukemia_(ALL),OFF-TARGET,OFF-TARGET,OFF-TARGET
14,PDCD1,imgt:Cancers_gastric,PLAUSIBLE,PLAUSIBLE,OFF-TARGET
14,PDCD1,imgt:Solid_tumors_advanced_or_metastatic,OFF-TARGET,OFF-TARGET,OFF-TARGET
14,PDCD1,imgt:Lymphoma,PLAUSIBLE,PLAUSIBLE,OFF-TARGET
14,PDCD1,imgt:Cancers_ovarian,PLAUSIBLE,PLAUSIBLE,OFF-TARGET
14,PDCD1,imgt:Cancers_pancreatic,OFF-TARGET,OFF-TARGET,OFF-TARGET
14,PDCD1,imgt:Glioblastoma_multiforme_(GBM),PLAUSIBLE,PLAUSIBLE,OFF-TARGET
14,PDCD1,imgt:Cancers_colorectal_(CRC),PLAUSIBLE,PLAUSIBLE,OFF-TARGET
15,ADAM9,imgt:Cancers_non-small_cell_lung_(NSCLC),PLAUSIBLE,OFF-TARGET,OFF-TARGET
15,ADAM9,imgt:Non-Hodgkins_lymphoma_(NHL),OFF-TARGET,OFF-TARGET,OFF-TARGET
15,ADAM9,imgt:Multiple_myeloma_(MM),OFF-TARGET,OFF-TARGET,OFF-TARGET
15,ADAM9,imgt:Cancers_ovarian,OFF-TARGET,OFF-TARGET,OFF-TARGET
15,ADAM9,imgt:Chronic_lymphocytic_leukemia_(CLL),PLAUSIBLE,OFF-TARGET,OFF-TARGET
15,ADAM9,imgt:Cancers_pancreatic,PLAUSIBLE,OFF-TARGET,OFF-TARGET
15,ADAM9,imgt:Cancers_colorectal_(CRC),PLAUSIBLE,OFF-TARGET,OFF-TARGET
15,ADAM9,imgt:Cancers_gastric,PLAUSIBLE,OFF-TARGET,OFF-TARGET
15,ADAM9,imgt:Cancers_prostate_metastatic,PLAUSIBLE,OFF-TARGET,OFF-TARGET
15,ADAM9,imgt:Lymphoma_B_cell,OFF-TARGET,OFF-TARGET,OFF-TARGET
15,ADAM9,imgt:Cancers_breast,PLAUSIBLE,OFF-TARGET,OFF-TARGET
15,ADAM9,imgt:Cancers_head_and_neck,OFF-TARGET,OFF-TARGET,OFF-TARGET
15,ADAM9,imgt:Acute_myeloid_leukemia_(AML),PLAUSIBLE,OFF-TARGET,OFF-TARGET
15,ADAM9,imgt:Acute_lymphocytic_leukemia_(ALL),PLAUSIBLE,OFF-TARGET,OFF-TARGET
15,ADAM9,imgt:Renal_cell_carcinoma_(RCC),PLAUSIBLE,OFF-TARGET,OFF-TARGET
15,ADAM9,imgt:Lymphoma_diffuse_large_B_cell_(DLBCL),OFF-TARGET,OFF-TARGET,OFF-TARGET
15,ADAM9,imgt:Cancers_colorectal_(CRC)_metastatic,PLAUSIBLE,OFF-TARGET,OFF-TARGET
16,NOTCH3;NOTCH2,imgt:Cancers_non-small_cell_lung_(NSCLC),PLAUSIBLE,PLAUSIBLE,OFF-TARGET
16,NOTCH3;NOTCH2,imgt:Cancers_pancreatic,OFF-TARGET,OFF-TARGET,OFF-TARGET
16,NOTCH3;NOTCH2,imgt:Non-Hodgkins_lymphoma_(NHL),PLAUSIBLE,OFF-TARGET,OFF-TARGET
16,NOTCH3;NOTCH2,imgt:Multiple_myeloma_(MM),OFF-TARGET,OFF-TARGET,OFF-TARGET
16,NOTCH3;NOTCH2,imgt:Chronic_lymphocytic_leukemia_(CLL),PLAUSIBLE,OFF-TARGET,OFF-TARGET
16,NOTCH3;NOTCH2,imgt:Acute_myeloid_leukemia_(AML),PLAUSIBLE,OFF-TARGET,OFF-TARGET
16,NOTCH3;NOTCH2,imgt:Cancers_breast,PLAUSIBLE,OFF-TARGET,PLAUSIBLE
16,NOTCH3;NOTCH2,imgt:Acute_lymphocytic_leukemia_(ALL),PLAUSIBLE,OFF-TARGET,OFF-TARGET
16,NOTCH3;NOTCH2,imgt:Cancers_ovarian,PLAUSIBLE,OFF-TARGET,PLAUSIBLE
16,NOTCH3;NOTCH2,imgt:Cancers_gastric,PLAUSIBLE,OFF-TARGET,OFF-TARGET
16,NOTCH3;NOTCH2,imgt:Lymphoma,PLAUSIBLE,OFF-TARGET,OFF-TARGET
16,NOTCH3;NOTCH2,imgt:Glioblastoma_multiforme_(GBM),OFF-TARGET,OFF-TARGET,OFF-TARGET
16,NOTCH3;NOTCH2,imgt:Lymphoma_diffuse_large_B_cell_(DLBCL),PLAUSIBLE,OFF-TARGET,OFF-TARGET
16,NOTCH3;NOTCH2,imgt:Melanoma,PLAUSIBLE,OFF-TARGET,OFF-TARGET
16,NOTCH3;NOTCH2,imgt:Cancers_prostate,PLAUSIBLE,OFF-TARGET,OFF-TARGET
16,NOTCH3;NOTCH2,imgt:Renal_cell_carcinoma_(RCC),OFF-TARGET,OFF-TARGET,OFF-TARGET
16,NOTCH3;NOTCH2,imgt:Cancers_colorectal_(CRC),PLAUSIBLE,OFF-TARGET,OFF-TARGET
16,NOTCH3;NOTCH2,imgt:Cancers_head_and_neck,PLAUSIBLE,OFF-TARGET,OFF-TARGET
17,CD40;TNFRSF9,imgt:Cancers_non-small_cell_lung_(NSCLC),PLAUSIBLE,PLAUSIBLE,OFF-TARGET
17,CD40;TNFRSF9,imgt:Non-Hodgkins_lymphoma_(NHL),PLAUSIBLE,PLAUSIBLE,PLAUSIBLE
17,CD40;TNFRSF9,imgt:Lymphoma_B_cell,PLAUSIBLE,PLAUSIBLE,PLAUSIBLE
17,CD40;TNFRSF9,imgt:Cancers_pancreatic,PLAUSIBLE,PLAUSIBLE,OFF-TARGET
17,CD40;TNFRSF9,imgt:Chronic_lymphocytic_leukemia_(CLL),PLAUSIBLE,PLAUSIBLE,PLAUSIBLE
17,CD40;TNFRSF9,imgt:Multiple_myeloma_(MM),PLAUSIBLE,OFF-TARGET,PLAUSIBLE
17,CD40;TNFRSF9,imgt:Cancers_ovarian,PLAUSIBLE,PLAUSIBLE,OFF-TARGET
17,CD40;TNFRSF9,imgt:Cancers_breast,PLAUSIBLE,PLAUSIBLE,OFF-TARGET
17,CD40;TNFRSF9,imgt:Cancers_colorectal_(CRC),PLAUSIBLE,PLAUSIBLE,OFF-TARGET
17,CD40;TNFRSF9,imgt:Acute_lymphocytic_leukemia_(ALL),PLAUSIBLE,PLAUSIBLE,OFF-TARGET
17,CD40;TNFRSF9,imgt:Cancers_gastric,PLAUSIBLE,PLAUSIBLE,OFF-TARGET
17,CD40;TNFRSF9,imgt:Acute_myeloid_leukemia_(AML),PLAUSIBLE,PLAUSIBLE,OFF-TARGET
17,CD40;TNFRSF9,imgt:Cancers_prostate_metastatic,OFF-TARGET,OFF-TARGET,OFF-TARGET
17,CD40;TNFRSF9,imgt:Cancers_head_and_neck,PLAUSIBLE,PLAUSIBLE,OFF-TARGET
17,CD40;TNFRSF9,imgt:Hodgkin_lymphoma,PLAUSIBLE,PLAUSIBLE,PLAUSIBLE
17,CD40;TNFRSF9,imgt:Cancers_colorectal_(CRC)_metastatic,PLAUSIBLE,PLAUSIBLE,OFF-TARGET
17,CD40;TNFRSF9,imgt:Lymphoma_diffuse_large_B_cell_(DLBCL),PLAUSIBLE,PLAUSIBLE,PLAUSIBLE
18,AXL,imgt:Cancers_non-small_cell_lung_(NSCLC),PLAUSIBLE,PLAUSIBLE,OFF-TARGET
18,AXL,imgt:Non-Hodgkins_lymphoma_(NHL),OFF-TARGET,OFF-TARGET,OFF-TARGET
18,AXL,imgt:Lymphoma_B_cell,OFF-TARGET,OFF-TARGET,OFF-TARGET
18,AXL,imgt:Cancers_pancreatic,OFF-TARGET,OFF-TARGET,OFF-TARGET
18,AXL,imgt:Cancers_ovarian,PLAUSIBLE,PLAUSIBLE,PLAUSIBLE
18,AXL,imgt:Chronic_lymphocytic_leukemia_(CLL),PLAUSIBLE,PLAUSIBLE,OFF-TARGET
18,AXL,imgt:Multiple_myeloma_(MM),PLAUSIBLE,OFF-TARGET,OFF-TARGET
18,AXL,imgt:Cancers_colorectal_(CRC),PLAUSIBLE,OFF-TARGET,OFF-TARGET
18,AXL,imgt:Cancers_breast,PLAUSIBLE,PLAUSIBLE,OFF-TARGET
18,AXL,imgt:Acute_lymphocytic_leukemia_(ALL),PLAUSIBLE,PLAUSIBLE,OFF-TARGET
18,AXL,imgt:Cancers_prostate_metastatic,PLAUSIBLE,OFF-TARGET,OFF-TARGET
18,AXL,imgt:Acute_myeloid_leukemia_(AML),PLAUSIBLE,PLAUSIBLE,OFF-TARGET
18,AXL,imgt:Cancers_gastric,PLAUSIBLE,OFF-TARGET,OFF-TARGET
18,AXL,imgt:Hodgkin_lymphoma,OFF-TARGET,OFF-TARGET,OFF-TARGET
18,AXL,imgt:Cancers_head_and_neck,PLAUSIBLE,PLAUSIBLE,OFF-TARGET
18,AXL,imgt:Glioblastoma_multiforme_(GBM),PLAUSIBLE,PLAUSIBLE,OFF-TARGET
18,AXL,imgt:Cancers_colorectal_(CRC)_metastatic,PLAUSIBLE,OFF-TARGET,OFF-TARGET
19,PDCD1,imgt:Cancers_non-small_cell_lung_(NSCLC),PLAUSIBLE,PLAUSIBLE,OFF-TARGET
19,PDCD1,imgt:Non-Hodgkins_lymphoma_(NHL),PLAUSIBLE,PLAUSIBLE,OFF-TARGET
19,PDCD1,imgt:Multiple_myeloma_(MM),PLAUSIBLE,PLAUSIBLE,OFF-TARGET
19,PDCD1,imgt:Chronic_lymphocytic_leukemia_(CLL),OFF-TARGET,OFF-TARGET,OFF-TARGET
19,PDCD1,imgt:Acute_myeloid_leukemia_(AML),OFF-TARGET,OFF-TARGET,OFF-TARGET
19,PDCD1,imgt:Cancers_breast,PLAUSIBLE,PLAUSIBLE,OFF-TARGET
19,PDCD1,imgt:Lymphoma,PLAUSIBLE,PLAUSIBLE,OFF-TARGET
19,PDCD1,imgt:Acute_lymphocytic_leukemia_(ALL),OFF-TARGET,OFF-TARGET,OFF-TARGET
19,PDCD1,imgt:Cancers_gastric,PLAUSIBLE,PLAUSIBLE,OFF-TARGET
19,PDCD1,imgt:Cancers_ovarian,PLAUSIBLE,PLAUSIBLE,OFF-TARGET
19,PDCD1,imgt:Cancers_prostate,PLAUSIBLE,PLAUSIBLE,OFF-TARGET
19,PDCD1,imgt:Solid_tumors_advanced_or_metastatic,OFF-TARGET,OFF-TARGET,OFF-TARGET
19,PDCD1,imgt:Cancers_colorectal_(CRC),PLAUSIBLE,PLAUSIBLE,OFF-TARGET
19,PDCD1,imgt:Cancers_pancreatic,OFF-TARGET,OFF-TARGET,OFF-TARGET
19,PDCD1,imgt:Glioblastoma_multiforme_(GBM),PLAUSIBLE,PLAUSIBLE,OFF-TARGET
19,PDCD1,imgt:Renal_cell_carcinoma_(RCC),PLAUSIBLE,PLAUSIBLE,OFF-TARGET
19,PDCD1,imgt:Cancers_head_and_neck,PLAUSIBLE,PLAUSIBLE,OFF-TARGET
20,CD38,imgt:Multiple_myeloma_(MM),PLAUSIBLE,PLAUSIBLE,PLAUSIBLE
20,CD38,imgt:Lymphoma_diffuse_large_B_cell_(DLBCL),PLAUSIBLE,PLAUSIBLE,OFF-TARGET
20,CD38,imgt:Cancers_non-small_cell_lung_(NSCLC),PLAUSIBLE,PLAUSIBLE,OFF-TARGET
20,CD38,imgt:Chronic_lymphocytic_leukemia_(CLL),PLAUSIBLE,PLAUSIBLE,OFF-TARGET
20,CD38,imgt:Cancers_ovarian,OFF-TARGET,OFF-TARGET,OFF-TARGET
20,CD38,imgt:Non-Hodgkins_lymphoma_(NHL),PLAUSIBLE,PLAUSIBLE,OFF-TARGET
20,CD38,imgt:Cancers_colorectal_(CRC)_metastatic,PLAUSIBLE,OFF-TARGET,OFF-TARGET
20,CD38,imgt:Cancers_pancreatic,OFF-TARGET,OFF-TARGET,OFF-TARGET
20,CD38,imgt:Cancers_gastric,OFF-TARGET,OFF-TARGET,OFF-TARGET
20,CD38,imgt:Melanoma,PLAUSIBLE,OFF-TARGET,OFF-TARGET
20,CD38,imgt:Neuroblastoma,OFF-TARGET,OFF-TARGET,OFF-TARGET
20,CD38,imgt:Cancers_breast,PLAUSIBLE,PLAUSIBLE,OFF-TARGET
20,CD38,imgt:Carcinoma_head_and_neck_squamous_cell_carcinoma_(HNSCC),OFF-TARGET,OFF-TARGET,OFF-TARGET
20,CD38,imgt:Acute_myeloid_leukemia_(AML),PLAUSIBLE,PLAUSIBLE,OFF-TARGET
20,CD38,imgt:Carcinoma_bladder_cancer_advanced_or_metastatic_urothelial_cancers,OFF-TARGET,OFF-TARGET,OFF-TARGET
20,CD38,imgt:Cancers_small_cell_lung_(SCLC),PLAUSIBLE,PLAUSIBLE,OFF-TARGET
20,CD38,imgt:Non-Hodgkins_lymphoma_(NHL)_follicular_CD20_positive_relapsed_or_refractory_low_grade,PLAUSIBLE,PLAUSIBLE,OFF-TARGET
20,CD38,imgt:Renal_cell_carcinoma_(RCC),OFF-TARGET,OFF-TARGET,OFF-TARGET
20,CD38,imgt:Severe_acute_respiratory_syndrome_coronavirus_2_(SARS-CoV-2)_infection_(COVID-19),PLAUSIBLE,PLAUSIBLE,OFF-TARGET
21,MSTN;INHBA;GDF11,imgt:Multiple_myeloma_(MM),PLAUSIBLE,PLAUSIBLE,OFF-TARGET
21,MSTN;INHBA;GDF11,imgt:Cancers_non-small_cell_lung_(NSCLC),PLAUSIBLE,PLAUSIBLE,PLAUSIBLE
21,MSTN;INHBA;GDF11,imgt:Cancers_pancreatic,PLAUSIBLE,PLAUSIBLE,OFF-TARGET
21,MSTN;INHBA;GDF11,imgt:Chronic_lymphocytic_leukemia_(CLL),PLAUSIBLE,OFF-TARGET,OFF-TARGET
21,MSTN;INHBA;GDF11,imgt:Acute_myeloid_leukemia_(AML),PLAUSIBLE,OFF-TARGET,OFF-TARGET
21,MSTN;INHBA;GDF11,imgt:Non-Hodgkins_lymphoma_(NHL),OFF-TARGET,OFF-TARGET,OFF-TARGET
21,MSTN;INHBA;GDF11,imgt:Lymphoma_diffuse_large_B_cell_(DLBCL),OFF-TARGET,OFF-TARGET,OFF-TARGET
21,MSTN;INHBA;GDF11,imgt:Cancers_breast,PLAUSIBLE,OFF-TARGET,OFF-TARGET
21,MSTN;INHBA;GDF11,imgt:Cancers_ovarian,PLAUSIBLE,OFF-TARGET,PLAUSIBLE
21,MSTN;INHBA;GDF11,imgt:Melanoma,PLAUSIBLE,OFF-TARGET,OFF-TARGET
21,MSTN;INHBA;GDF11,imgt:Acute_lymphocytic_leukemia_(ALL),PLAUSIBLE,OFF-TARGET,OFF-TARGET
21,MSTN;INHBA;GDF11,imgt:Lymphoma_B_cell,OFF-TARGET,OFF-TARGET,OFF-TARGET
21,MSTN;INHBA;GDF11,imgt:Lymphoma_follicular_(FL),OFF-TARGET,OFF-TARGET,OFF-TARGET
21,MSTN;INHBA;GDF11,imgt:Cancers_colorectal_(CRC),PLAUSIBLE,OFF-TARGET,OFF-TARGET
21,MSTN;INHBA;GDF11,imgt:Cancers_gastric,PLAUSIBLE,OFF-TARGET,OFF-TARGET
21,MSTN;INHBA;GDF11,imgt:Renal_cell_carcinoma_(RCC),PLAUSIBLE,OFF-TARGET,OFF-TARGET
21,MSTN;INHBA;GDF11,imgt:Glioblastoma_multiforme_(GBM),OFF-TARGET,OFF-TARGET,OFF-TARGET
21,MSTN;INHBA;GDF11,imgt:Cancers_colorectal_(CRC)_metastatic,PLAUSIBLE,OFF-TARGET,OFF-TARGET
22,LAG3;PDCD1,imgt:Cancers_non-small_cell_lung_(NSCLC),PLAUSIBLE,PLAUSIBLE,OFF-TARGET
22,LAG3;PDCD1,imgt:Cancers_breast,PLAUSIBLE,PLAUSIBLE,OFF-TARGET
22,LAG3;PDCD1,imgt:Non-Hodgkins_lymphoma_(NHL),PLAUSIBLE,PLAUSIBLE,OFF-TARGET
22,LAG3;PDCD1,imgt:Multiple_myeloma_(MM),PLAUSIBLE,PLAUSIBLE,OFF-TARGET
22,LAG3;PDCD1,imgt:Cancers_liver,PLAUSIBLE,PLAUSIBLE,OFF-TARGET
22,LAG3;PDCD1,imgt:Acute_myeloid_leukemia_(AML),PLAUSIBLE,PLAUSIBLE,OFF-TARGET
22,LAG3;PDCD1,imgt:Cancers_ovarian,PLAUSIBLE,PLAUSIBLE,OFF-TARGET
22,LAG3;PDCD1,imgt:Chronic_lymphocytic_leukemia_(CLL),PLAUSIBLE,PLAUSIBLE,OFF-TARGET
22,LAG3;PDCD1,imgt:Cancers_gastric,PLAUSIBLE,PLAUSIBLE,OFF-TARGET
22,LAG3;PDCD1,imgt:Cancers_prostate_metastatic,PLAUSIBLE,PLAUSIBLE,OFF-TARGET
22,LAG3;PDCD1,imgt:Cancers_colorectal_(CRC),PLAUSIBLE,PLAUSIBLE,OFF-TARGET
22,LAG3;PDCD1,imgt:Lymphoma_diffuse_large_B_cell_(DLBCL),PLAUSIBLE,PLAUSIBLE,OFF-TARGET
22,LAG3;PDCD1,imgt:Cancers_pancreatic,OFF-TARGET,OFF-TARGET,OFF-TARGET
22,LAG3;PDCD1,imgt:Renal_cell_carcinoma_(RCC),PLAUSIBLE,PLAUSIBLE,OFF-TARGET
22,LAG3;PDCD1,imgt:Lymphoma_B_cell,PLAUSIBLE,PLAUSIBLE,OFF-TARGET
22,LAG3;PDCD1,imgt:Cancers_head_and_neck,PLAUSIBLE,PLAUSIBLE,OFF-TARGET
22,LAG3;PDCD1,imgt:Cancers_prostate,PLAUSIBLE,PLAUSIBLE,OFF-TARGET
22,LAG3;PDCD1,imgt:Glioblastoma_multiforme_(GBM),PLAUSIBLE,PLAUSIBLE,OFF-TARGET
23,PGF,imgt:Cancers_non-small_cell_lung_(NSCLC),PLAUSIBLE,PLAUSIBLE,OFF-TARGET
23,PGF,imgt:Non-Hodgkins_lymphoma_(NHL),OFF-TARGET,OFF-TARGET,OFF-TARGET
23,PGF,imgt:Multiple_myeloma_(MM),OFF-TARGET,OFF-TARGET,OFF-TARGET
23,PGF,imgt:Chronic_lymphocytic_leukemia_(CLL),OFF-TARGET,OFF-TARGET,OFF-TARGET
23,PGF,imgt:Acute_myeloid_leukemia_(AML),PLAUSIBLE,OFF-TARGET,PLAUSIBLE
23,PGF,imgt:Acute_lymphocytic_leukemia_(ALL),PLAUSIBLE,OFF-TARGET,PLAUSIBLE
23,PGF,imgt:Cancers_breast,PLAUSIBLE,PLAUSIBLE,OFF-TARGET
23,PGF,imgt:Cancers_ovarian,PLAUSIBLE,PLAUSIBLE,OFF-TARGET
23,PGF,imgt:Cancers_prostate,PLAUSIBLE,PLAUSIBLE,OFF-TARGET
23,PGF,imgt:Cancers_pancreatic,PLAUSIBLE,PLAUSIBLE,OFF-TARGET
23,PGF,imgt:Lymphoma,OFF-TARGET,OFF-TARGET,OFF-TARGET
23,PGF,imgt:Cancers_colorectal_(CRC),PLAUSIBLE,PLAUSIBLE,OFF-TARGET
23,PGF,imgt:Cancers_gastric,OFF-TARGET,OFF-TARGET,OFF-TARGET
23,PGF,imgt:Solid_tumors_advanced_or_metastatic,OFF-TARGET,OFF-TARGET,OFF-TARGET
23,PGF,imgt:Melanoma,PLAUSIBLE,PLAUSIBLE,OFF-TARGET
23,PGF,imgt:Cancers_head_and_neck,OFF-TARGET,OFF-TARGET,OFF-TARGET
23,PGF,imgt:Hodgkin_lymphoma,OFF-TARGET,OFF-TARGET,OFF-TARGET
24,KDR,imgt:Cancers_non-small_cell_lung_(NSCLC),PLAUSIBLE,PLAUSIBLE,OFF-TARGET
24,KDR,imgt:Multiple_myeloma_(MM),OFF-TARGET,OFF-TARGET,OFF-TARGET
24,KDR,imgt:Non-Hodgkins_lymphoma_(NHL),OFF-TARGET,OFF-TARGET,OFF-TARGET
24,KDR,imgt:Chronic_lymphocytic_leukemia_(CLL),PLAUSIBLE,PLAUSIBLE,OFF-TARGET
24,KDR,imgt:Cancers_breast,PLAUSIBLE,PLAUSIBLE,OFF-TARGET
24,KDR,imgt:Cancers_gastric,PLAUSIBLE,PLAUSIBLE,OFF-TARGET
24,KDR,imgt:Acute_myeloid_leukemia_(AML),PLAUSIBLE,PLAUSIBLE,OFF-TARGET
24,KDR,imgt:Cancers_ovarian,PLAUSIBLE,PLAUSIBLE,OFF-TARGET
24,KDR,imgt:Solid_tumors_advanced_or_metastatic,OFF-TARGET,OFF-TARGET,OFF-TARGET
24,KDR,imgt:Glioblastoma_multiforme_(GBM),OFF-TARGET,OFF-TARGET,OFF-TARGET
24,KDR,imgt:Lymphoma_diffuse_large_B_cell_(DLBCL),OFF-TARGET,OFF-TARGET,OFF-TARGET
24,KDR,imgt:Cancers_pancreatic,PLAUSIBLE,PLAUSIBLE,OFF-TARGET
24,KDR,imgt:Cancers_head_and_neck,PLAUSIBLE,PLAUSIBLE,OFF-TARGET
24,KDR,imgt:Cancers_colorectal_(CRC),PLAUSIBLE,PLAUSIBLE,OFF-TARGET
24,KDR,imgt:Cancers_prostate_metastatic,OFF-TARGET,OFF-TARGET,OFF-TARGET
24,KDR,imgt:Carcinoma_head_and_neck_squamous_cell_carcinoma_(HNSCC),PLAUSIBLE,PLAUSIBLE,OFF-TARGET
24,KDR,imgt:Acute_lymphocytic_leukemia_(ALL),PLAUSIBLE,PLAUSIBLE,OFF-TARGET
25,CD274,imgt:Cancers_non-small_cell_lung_(NSCLC),PLAUSIBLE,PLAUSIBLE,OFF-TARGET
25,CD274,imgt:Cancers_ovarian,PLAUSIBLE,PLAUSIBLE,OFF-TARGET
25,CD274,imgt:Non-Hodgkins_lymphoma_(NHL),OFF-TARGET,OFF-TARGET,OFF-TARGET
25,CD274,imgt:Renal_Cell_Carcinoma_(RCC)_advanced,PLAUSIBLE,PLAUSIBLE,OFF-TARGET
25,CD274,imgt:Cancers_gastric,PLAUSIBLE,PLAUSIBLE,OFF-TARGET
25,CD274,imgt:Multiple_myeloma_(MM),OFF-TARGET,OFF-TARGET,OFF-TARGET
25,CD274,imgt:Chronic_lymphocytic_leukemia_(CLL),OFF-TARGET,OFF-TARGET,OFF-TARGET
25,CD274,imgt:Cancers_breast,PLAUSIBLE,PLAUSIBLE,OFF-TARGET
25,CD274,imgt:Carcinoma_urothelial,PLAUSIBLE,PLAUSIBLE,OFF-TARGET
25,CD274,imgt:Lymphoma_diffuse_large_B_cell_(DLBCL),OFF-TARGET,OFF-TARGET,OFF-TARGET
25,CD274,imgt:Cancers_head_and_neck,PLAUSIBLE,PLAUSIBLE,OFF-TARGET
25,CD274,imgt:Acute_lymphocytic_leukemia_(ALL),OFF-TARGET,OFF-TARGET,OFF-TARGET
25,CD274,imgt:Cancers_colorectal_(CRC),PLAUSIBLE,PLAUSIBLE,OFF-TARGET
25,CD274,imgt:Acute_myeloid_leukemia_(AML),OFF-TARGET,OFF-TARGET,OFF-TARGET
25,CD274,imgt:Hepatocellular_carcinoma_(HCC),PLAUSIBLE,PLAUSIBLE,OFF-TARGET
25,CD274,imgt:Hodgkin_lymphoma,OFF-TARGET,OFF-TARGET,OFF-TARGET
25,CD274,imgt:Cancers_prostate,PLAUSIBLE,PLAUSIBLE,OFF-TARGET
25,CD274,imgt:Rheumatoid_arthritis_(RA),OFF-TARGET,OFF-TARGET,OFF-TARGET
26,CTLA4,imgt:Lymphoma_diffuse_large_B_cell_(DLBCL),OFF-TARGET,OFF-TARGET,OFF-TARGET
26,CTLA4,imgt:Hepatocellular_carcinoma_(HCC),PLAUSIBLE,PLAUSIBLE,OFF-TARGET
26,CTLA4,imgt:Melanoma,PLAUSIBLE,PLAUSIBLE,PLAUSIBLE
26,CTLA4,imgt:Mesothelioma_malignant,PLAUSIBLE,PLAUSIBLE,OFF-TARGET
26,CTLA4,imgt:Cancers_small_cell_lung_(SCLC),PLAUSIBLE,PLAUSIBLE,OFF-TARGET
26,CTLA4,imgt:Cancers_non-small_cell_lung_(NSCLC),PLAUSIBLE,PLAUSIBLE,OFF-TARGET
26,CTLA4,imgt:Chronic_lymphocytic_leukemia_(CLL),OFF-TARGET,OFF-TARGET,OFF-TARGET
26,CTLA4,imgt:Cancers_colorectal_(CRC)_metastatic,PLAUSIBLE,PLAUSIBLE,OFF-TARGET
26,CTLA4,imgt:Cancers_breast_overexpressing_ERBB2_metastatic,OFF-TARGET,OFF-TARGET,OFF-TARGET
26,CTLA4,imgt:Carcinoma_bladder_cancer_advanced_or_metastatic_urothelial_cancers,OFF-TARGET,OFF-TARGET,OFF-TARGET
26,CTLA4,imgt:Mesothelioma_pleural_malignant,PLAUSIBLE,PLAUSIBLE,OFF-TARGET
26,CTLA4,imgt:Lymphoproliferative_disorder_giant_lymph_node_hyperplasia_(Castlemans_disease),PLAUSIBLE,OFF-TARGET,PLAUSIBLE
26,CTLA4,imgt:Non-Hodgkins_lymphoma_(NHL)_follicular_CD20_positive_relapsed_or_refractory_low_grade,OFF-TARGET,OFF-TARGET,OFF-TARGET
26,CTLA4,imgt:Lymphoma_follicular_(FL),OFF-TARGET,OFF-TARGET,OFF-TARGET
26,CTLA4,imgt:Merkel_cell_carcinoma_(MCC)_metastatic,OFF-TARGET,OFF-TARGET,OFF-TARGET
26,CTLA4,imgt:Multiple_myeloma_(MM),OFF-TARGET,OFF-TARGET,OFF-TARGET
26,CTLA4,imgt:Cancers_gastric,PLAUSIBLE,PLAUSIBLE,OFF-TARGET
26,CTLA4,imgt:Non-Hodgkins_lymphoma_(NHL),OFF-TARGET,OFF-TARGET,OFF-TARGET
26,CTLA4,imgt:B_cell_acute_lymphoblastic_leukemia_(B_cell_ALL),OFF-TARGET,OFF-TARGET,OFF-TARGET
26,CTLA4,imgt:Primary_cutaneous_anaplastic_large_cell_lymphoma_(pcALCL),PLAUSIBLE,PLAUSIBLE,PLAUSIBLE
27,EGFR,imgt:Cancers_head_and_neck,PLAUSIBLE,PLAUSIBLE,PLAUSIBLE
27,EGFR,imgt:Non-Hodgkins_lymphoma_(NHL),OFF-TARGET,OFF-TARGET,OFF-TARGET
27,EGFR,imgt:Lymphoma_diffuse_large_B_cell_(DLBCL),OFF-TARGET,OFF-TARGET,OFF-TARGET
27,EGFR,imgt:Cancers_non-small_cell_lung_(NSCLC),PLAUSIBLE,PLAUSIBLE,PLAUSIBLE
27,EGFR,imgt:Cancers_glioma,PLAUSIBLE,PLAUSIBLE,PLAUSIBLE
27,EGFR,imgt:Cancers_ovarian,PLAUSIBLE,PLAUSIBLE,PLAUSIBLE
27,EGFR,imgt:Chronic_lymphocytic_leukemia_(CLL),OFF-TARGET,OFF-TARGET,OFF-TARGET
27,EGFR,imgt:Cancers_breast,PLAUSIBLE,PLAUSIBLE,PLAUSIBLE
27,EGFR,imgt:Neuroblastoma_pediatric,OFF-TARGET,OFF-TARGET,OFF-TARGET
27,EGFR,imgt:Cancers_small_cell_lung_(SCLC),PLAUSIBLE,PLAUSIBLE,PLAUSIBLE
27,EGFR,imgt:Cancers_gastric,PLAUSIBLE,PLAUSIBLE,OFF-TARGET
27,EGFR,imgt:Multiple_myeloma_(MM),OFF-TARGET,OFF-TARGET,OFF-TARGET
27,EGFR,imgt:Melanoma,OFF-TARGET,OFF-TARGET,OFF-TARGET
27,EGFR,imgt:Lymphoma_follicular_(FL),OFF-TARGET,OFF-TARGET,OFF-TARGET
27,EGFR,imgt:Cancers_colorectal_(CRC)_metastatic,PLAUSIBLE,PLAUSIBLE,OFF-TARGET
27,EGFR,imgt:Neuromyelitis_optica_(NMO),OFF-TARGET,OFF-TARGET,OFF-TARGET
27,EGFR,imgt:Rheumatoid_arthritis_(RA),OFF-TARGET,OFF-TARGET,OFF-TARGET
27,EGFR,imgt:Lymphoma_cutaneous_T_cell_(CTCL),OFF-TARGET,OFF-TARGET,OFF-TARGET
27,EGFR,imgt:Cancers_pancreatic,PLAUSIBLE,PLAUSIBLE,OFF-TARGET
28,ERBB2,imgt:Cancers_non-small_cell_lung_(NSCLC),PLAUSIBLE,PLAUSIBLE,PLAUSIBLE
28,ERBB2,imgt:Cancers_breast_overexpressing_ERBB2_metastatic,PLAUSIBLE,PLAUSIBLE,OFF-TARGET
28,ERBB2,imgt:Non-Hodgkins_lymphoma_(NHL),OFF-TARGET,OFF-TARGET,OFF-TARGET
28,ERBB2,imgt:Cancers_breast,PLAUSIBLE,PLAUSIBLE,OFF-TARGET
28,ERBB2,imgt:Cancers_gastric,PLAUSIBLE,PLAUSIBLE,PLAUSIBLE
28,ERBB2,imgt:Cancers_ovarian,PLAUSIBLE,PLAUSIBLE,PLAUSIBLE
28,ERBB2,imgt:Lymphoma_diffuse_large_B_cell_(DLBCL),OFF-TARGET,OFF-TARGET,OFF-TARGET
28,ERBB2,imgt:Multiple_myeloma_(MM),OFF-TARGET,OFF-TARGET,OFF-TARGET
28,ERBB2,imgt:Cancers_head_and_neck,PLAUSIBLE,PLAUSIBLE,OFF-TARGET
28,ERBB2,imgt:Chronic_lymphocytic_leukemia_(CLL),OFF-TARGET,OFF-TARGET,OFF-TARGET
28,ERBB2,imgt:Cancers_colorectal_(CRC)_metastatic,PLAUSIBLE,PLAUSIBLE,PLAUSIBLE
28,ERBB2,imgt:Cancers_small_cell_lung_(SCLC),PLAUSIBLE,PLAUSIBLE,PLAUSIBLE
28,ERBB2,imgt:Mesothelioma_pleural_malignant,OFF-TARGET,OFF-TARGET,OFF-TARGET
28,ERBB2,imgt:Renal_cell_carcinoma_(RCC),OFF-TARGET,OFF-TARGET,OFF-TARGET
28,ERBB2,imgt:Hepatocellular_carcinoma_(HCC),OFF-TARGET,OFF-TARGET,OFF-TARGET
28,ERBB2,imgt:Melanoma,PLAUSIBLE,OFF-TARGET,OFF-TARGET
28,ERBB2,imgt:Melanoma_metastatic,PLAUSIBLE,OFF-TARGET,OFF-TARGET
28,ERBB2,imgt:Lymphoma_B_cell,OFF-TARGET,OFF-TARGET,OFF-TARGET
29,TNFRSF10B,imgt:Cancers_non-small_cell_lung_(NSCLC),PLAUSIBLE,PLAUSIBLE,OFF-TARGET
29,TNFRSF10B,imgt:Non-Hodgkins_lymphoma_(NHL),PLAUSIBLE,PLAUSIBLE,OFF-TARGET
29,TNFRSF10B,imgt:Multiple_myeloma_(MM),OFF-TARGET,OFF-TARGET,OFF-TARGET
29,TNFRSF10B,imgt:Chronic_lymphocytic_leukemia_(CLL),PLAUSIBLE,OFF-TARGET,OFF-TARGET
29,TNFRSF10B,imgt:Cancers_gastric,PLAUSIBLE,OFF-TARGET,OFF-TARGET
29,TNFRSF10B,imgt:Cancers_ovarian,PLAUSIBLE,PLAUSIBLE,PLAUSIBLE
29,TNFRSF10B,imgt:Cancers_colorectal_(CRC),PLAUSIBLE,PLAUSIBLE,OFF-TARGET
29,TNFRSF10B,imgt:Cancers_pancreatic,PLAUSIBLE,PLAUSIBLE,OFF-TARGET
29,TNFRSF10B,imgt:Carcinoma_head_and_neck_squamous_cell_carcinoma_(HNSCC),PLAUSIBLE,OFF-TARGET,PLAUSIBLE
29,TNFRSF10B,imgt:Solid_tumors_advanced_or_metastatic,OFF-TARGET,OFF-TARGET,OFF-TARGET
29,TNFRSF10B,imgt:Lymphoma_B_cell,PLAUSIBLE,PLAUSIBLE,OFF-TARGET
29,TNFRSF10B,imgt:Cancers_breast,PLAUSIBLE,PLAUSIBLE,OFF-TARGET
29,TNFRSF10B,imgt:Cancers_prostate_metastatic,PLAUSIBLE,OFF-TARGET,PLAUSIBLE
29,TNFRSF10B,imgt:Cancers_nasopharyngeal,PLAUSIBLE,OFF-TARGET,OFF-TARGET
29,TNFRSF10B,imgt:Lymphoma_diffuse_large_B_cell_(DLBCL),PLAUSIBLE,PLAUSIBLE,OFF-TARGET
29,TNFRSF10B,imgt:Acute_myeloid_leukemia_(AML),PLAUSIBLE,OFF-TARGET,OFF-TARGET
29,TNFRSF10B,imgt:Glioblastoma_multiforme_(GBM),PLAUSIBLE,OFF-TARGET,OFF-TARGET
30,SLC34A2,imgt:Cancers_non-small_cell_lung_(NSCLC),PLAUSIBLE,PLAUSIBLE,OFF-TARGET
30,SLC34A2,imgt:Multiple_myeloma_(MM),PLAUSIBLE,OFF-TARGET,OFF-TARGET
30,SLC34A2,imgt:Non-Hodgkins_lymphoma_(NHL),PLAUSIBLE,OFF-TARGET,OFF-TARGET
30,SLC34A2,imgt:Chronic_lymphocytic_leukemia_(CLL),PLAUSIBLE,OFF-TARGET,OFF-TARGET
30,SLC34A2,imgt:Cancers_ovarian,PLAUSIBLE,OFF-TARGET,OFF-TARGET
30,SLC34A2,imgt:Cancers_gastric,PLAUSIBLE,OFF-TARGET,OFF-TARGET
30,SLC34A2,imgt:Cancers_breast,PLAUSIBLE,OFF-TARGET,OFF-TARGET
30,SLC34A2,imgt:Acute_myeloid_leukemia_(AML),PLAUSIBLE,OFF-TARGET,OFF-TARGET
30,SLC34A2,imgt:Solid_tumors_advanced_or_metastatic,OFF-TARGET,OFF-TARGET,OFF-TARGET
30,SLC34A2,imgt:Cancers_head_and_neck,OFF-TARGET,OFF-TARGET,OFF-TARGET
30,SLC34A2,imgt:Cancers_colorectal_(CRC),PLAUSIBLE,OFF-TARGET,OFF-TARGET
30,SLC34A2,imgt:Lymphoma_diffuse_large_B_cell_(DLBCL),PLAUSIBLE,OFF-TARGET,OFF-TARGET
30,SLC34A2,imgt:Cancers_non-small_cell_lung_(NSCLC)_metastatic,PLAUSIBLE,PLAUSIBLE,OFF-TARGET
30,SLC34A2,imgt:Renal_cell_carcinoma_(RCC),PLAUSIBLE,OFF-TARGET,OFF-TARGET
30,SLC34A2,imgt:Cancers_prostate_metastatic,PLAUSIBLE,OFF-TARGET,OFF-TARGET
30,SLC34A2,imgt:Glioblastoma_multiforme_(GBM),PLAUSIBLE,OFF-TARGET,OFF-TARGET
30,SLC34A2,imgt:Melanoma,PLAUSIBLE,OFF-TARGET,OFF-TARGET
31,CD33,imgt:Cancers_ovarian,OFF-TARGET,OFF-TARGET,OFF-TARGET
31,CD33,imgt:Cancers_non-small_cell_lung_(NSCLC),OFF-TARGET,OFF-TARGET,OFF-TARGET
31,CD33,imgt:Lymphoma_diffuse_large_B_cell_(DLBCL),OFF-TARGET,OFF-TARGET,OFF-TARGET
31,CD33,imgt:Hepatocellular_carcinoma_(HCC),PLAUSIBLE,OFF-TARGET,OFF-TARGET
31,CD33,imgt:Cancers_gastric,PLAUSIBLE,OFF-TARGET,OFF-TARGET
31,CD33,imgt:Multiple_myeloma_(MM),PLAUSIBLE,PLAUSIBLE,OFF-TARGET
31,CD33,imgt:Chronic_lymphocytic_leukemia_(CLL),PLAUSIBLE,PLAUSIBLE,OFF-TARGET
31,CD33,imgt:Cancers_breast,PLAUSIBLE,OFF-TARGET,OFF-TARGET
31,CD33,imgt:Non-Hodgkins_lymphoma_(NHL),OFF-TARGET,OFF-TARGET,OFF-TARGET
31,CD33,imgt:Mesothelioma_pleural_malignant,OFF-TARGET,OFF-TARGET,OFF-TARGET
31,CD33,imgt:Cancers_small_cell_lung_(SCLC),OFF-TARGET,OFF-TARGET,OFF-TARGET
31,CD33,imgt:Carcinoma_head_and_neck_squamous_cell_carcinoma_(HNSCC),PLAUSIBLE,OFF-TARGET,OFF-TARGET
31,CD33,imgt:Cancers_colorectal_(CRC)_metastatic,PLAUSIBLE,OFF-TARGET,OFF-TARGET
31,CD33,imgt:Cancers_colorectal_(CRC),PLAUSIBLE,OFF-TARGET,OFF-TARGET
31,CD33,imgt:Neoplasms_of_epithelial_origin_particularly_carcinomas_of_breast_ovary_cervix_bronchus_and_gastrointestinal_tract,PLAUSIBLE,OFF-TARGET,OFF-TARGET
31,CD33,imgt:Cancers_non-small_cell_lung_(NSCLC)_metastatic,OFF-TARGET,OFF-TARGET,OFF-TARGET
31,CD33,imgt:Melanoma_metastatic,OFF-TARGET,OFF-TARGET,OFF-TARGET
31,CD33,imgt:Melanoma,OFF-TARGET,OFF-TARGET,OFF-TARGET
31,CD33,imgt:Carcinoma_bladder_cancer_advanced_or_metastatic_urothelial_cancers,OFF-TARGET,OFF-TARGET,OFF-TARGET
32,KDR,imgt:Cancers_non-small_cell_lung_(NSCLC),PLAUSIBLE,PLAUSIBLE,OFF-TARGET
32,KDR,imgt:Cancers_breast,PLAUSIBLE,PLAUSIBLE,OFF-TARGET
32,KDR,imgt:Cancers_gastric,PLAUSIBLE,PLAUSIBLE,OFF-TARGET
32,KDR,imgt:Cancers_colorectal_(CRC)_metastatic,PLAUSIBLE,PLAUSIBLE,OFF-TARGET
32,KDR,imgt:Hepatocellular_carcinoma_(HCC),PLAUSIBLE,PLAUSIBLE,OFF-TARGET
32,KDR,imgt:Lymphoma_diffuse_large_B_cell_(DLBCL),OFF-TARGET,OFF-TARGET,OFF-TARGET
32,KDR,imgt:Chronic_lymphocytic_leukemia_(CLL),PLAUSIBLE,PLAUSIBLE,OFF-TARGET
32,KDR,imgt:Cancers_ovarian,PLAUSIBLE,PLAUSIBLE,OFF-TARGET
32,KDR,imgt:Non-Hodgkins_lymphoma_(NHL),OFF-TARGET,OFF-TARGET,OFF-TARGET
32,KDR,imgt:Multiple_myeloma_(MM),OFF-TARGET,OFF-TARGET,OFF-TARGET
32,KDR,imgt:Cancers_head_and_neck,PLAUSIBLE,PLAUSIBLE,OFF-TARGET
32,KDR,imgt:Melanoma_metastatic,PLAUSIBLE,PLAUSIBLE,OFF-TARGET
32,KDR,imgt:Cancers_pancreatic,PLAUSIBLE,PLAUSIBLE,OFF-TARGET
32,KDR,imgt:Mesothelioma_pleural_malignant,OFF-TARGET,OFF-TARGET,OFF-TARGET
32,KDR,imgt:Carcinoma_head_and_neck_squamous_cell_carcinoma_(HNSCC),PLAUSIBLE,PLAUSIBLE,OFF-TARGET
32,KDR,imgt:Hodgkin_lymphoma,OFF-TARGET,OFF-TARGET,OFF-TARGET
32,KDR,imgt:Acute_myeloid_leukemia_(AML),PLAUSIBLE,PLAUSIBLE,OFF-TARGET
32,KDR,imgt:Melanoma,PLAUSIBLE,PLAUSIBLE,OFF-TARGET
32,KDR,imgt:Rheumatoid_arthritis_(RA),OFF-TARGET,OFF-TARGET,OFF-TARGET
33,IL6R,imgt:Lymphoproliferative_disorder_giant_lymph_node_hyperplasia_(Castlemans_disease),OFF-TARGET,OFF-TARGET,OFF-TARGET
33,IL6R,imgt:Giant_cell_arteritis,PLAUSIBLE,PLAUSIBLE,OFF-TARGET
33,IL6R,imgt:Lymphoma_diffuse_large_B_cell_(DLBCL),OFF-TARGET,OFF-TARGET,OFF-TARGET
33,IL6R,imgt:Multiple_myeloma_(MM),OFF-TARGET,OFF-TARGET,OFF-TARGET
33,IL6R,imgt:Chronic_lymphocytic_leukemia_(CLL),OFF-TARGET,OFF-TARGET,OFF-TARGET
33,IL6R,imgt:Large-vessel_vasculitis,OFF-TARGET,OFF-TARGET,OFF-TARGET
33,IL6R,imgt:Myasthenia_Gravis_(MG),OFF-TARGET,OFF-TARGET,OFF-TARGET
33,IL6R,imgt:Neuromyelitis_optica_(NMO),PLAUSIBLE,PLAUSIBLE,OFF-TARGET
33,IL6R,imgt:Cancers_non-small_cell_lung_(NSCLC),OFF-TARGET,OFF-TARGET,OFF-TARGET
33,IL6R,imgt:Systemic_sclerosis,PLAUSIBLE,PLAUSIBLE,OFF-TARGET
33,IL6R,imgt:Cancers_gastric,OFF-TARGET,OFF-TARGET,OFF-TARGET
33,IL6R,imgt:Cancers_colorectal_(CRC)_metastatic,OFF-TARGET,OFF-TARGET,OFF-TARGET
33,IL6R,imgt:Cancers_small_cell_lung_(SCLC),OFF-TARGET,OFF-TARGET,OFF-TARGET
33,IL6R,imgt:Non-Hodgkins_lymphoma_(NHL)_follicular_CD20_positive_relapsed_or_refractory_low_grade,OFF-TARGET,OFF-TARGET,OFF-TARGET
33,IL6R,imgt:Neuromyelitis_optica_spectrum_disorder_(NMOSD),PLAUSIBLE,PLAUSIBLE,OFF-TARGET
33,IL6R,imgt:Lymphoma_follicular_(FL),OFF-TARGET,OFF-TARGET,OFF-TARGET
33,IL6R,imgt:Polyarticular_Juvenile_Idiopathic_Arthritis_(PJIA),PLAUSIBLE,PLAUSIBLE,PLAUSIBLE
33,IL6R,imgt:Non-Hodgkins_lymphoma_(NHL),OFF-TARGET,OFF-TARGET,OFF-TARGET
33,IL6R,imgt:Cancers_breast_overexpressing_ERBB2_metastatic,OFF-TARGET,OFF-TARGET,OFF-TARGET
34,CD22,imgt:Cancers_non-small_cell_lung_(NSCLC),OFF-TARGET,OFF-TARGET,OFF-TARGET
34,CD22,imgt:Non-Hodgkins_lymphoma_(NHL),PLAUSIBLE,PLAUSIBLE,OFF-TARGET
34,CD22,imgt:Chronic_lymphocytic_leukemia_(CLL),PLAUSIBLE,PLAUSIBLE,OFF-TARGET
34,CD22,imgt:Cancers_breast,PLAUSIBLE,OFF-TARGET,OFF-TARGET
34,CD22,imgt:Acute_lymphocytic_leukemia_(ALL),PLAUSIBLE,PLAUSIBLE,OFF-TARGET
34,CD22,imgt:Multiple_myeloma_(MM),OFF-TARGET,OFF-TARGET,OFF-TARGET
34,CD22,imgt:Acute_myeloid_leukemia_(AML),PLAUSIBLE,PLAUSIBLE,OFF-TARGET
34,CD22,imgt:Cancers_ovarian,OFF-TARGET,OFF-TARGET,OFF-TARGET
34,CD22,imgt:Cancers_pancreatic,OFF-TARGET,OFF-TARGET,OFF-TARGET
34,CD22,imgt:Cancers_gastric,OFF-TARGET,OFF-TARGET,OFF-TARGET
34,CD22,imgt:Cancers_head_and_neck,OFF-TARGET,OFF-TARGET,OFF-TARGET
34,CD22,imgt:Lymphoma_diffuse_large_B_cell_(DLBCL),PLAUSIBLE,PLAUSIBLE,OFF-TARGET
34,CD22,imgt:Hepatocellular_carcinoma_(HCC),OFF-TARGET,OFF-TARGET,OFF-TARGET
34,CD22,imgt:Lymphoma,PLAUSIBLE,PLAUSIBLE,OFF-TARGET
34,CD22,imgt:Lymphoma_B_cell,PLAUSIBLE,PLAUSIBLE,OFF-TARGET
34,CD22,imgt:Melanoma,PLAUSIBLE,OFF-TARGET,OFF-TARGET
34,CD22,imgt:Glioblastoma_multiforme_(GBM),OFF-TARGET,OFF-TARGET,OFF-TARGET
34,CD22,imgt:Cancers_colorectal_(CRC),OFF-TARGET,OFF-TARGET,OFF-TARGET
35,CD40,imgt:Carcinoma_head_and_neck_squamous_cell_(HNSCC)_recurrent_or_metastatic,OFF-TARGET,OFF-TARGET,OFF-TARGET
35,CD40,imgt:Cancers_esophageal_metastatic,OFF-TARGET,OFF-TARGET,OFF-TARGET
35,CD40,imgt:Hepatocellular_carcinoma_(HCC)_metastatic,OFF-TARGET,OFF-TARGET,OFF-TARGET
35,CD40,imgt:Cancers_non-small_cell_lung_(NSCLC),PLAUSIBLE,PLAUSIBLE,OFF-TARGET
35,CD40,imgt:Chronic_lymphocytic_leukemia_(CLL),PLAUSIBLE,PLAUSIBLE,PLAUSIBLE
35,CD40,imgt:Multiple_myeloma_(MM),PLAUSIBLE,OFF-TARGET,PLAUSIBLE
35,CD40,imgt:Non-Hodgkins_lymphoma_(NHL),PLAUSIBLE,PLAUSIBLE,PLAUSIBLE
35,CD40,imgt:Cancers_gastric,OFF-TARGET,OFF-TARGET,OFF-TARGET
35,CD40,imgt:Cancers_breast,PLAUSIBLE,PLAUSIBLE,OFF-TARGET
35,CD40,imgt:Acute_myeloid_leukemia_(AML),PLAUSIBLE,PLAUSIBLE,OFF-TARGET
35,CD40,imgt:Lymphoma,PLAUSIBLE,PLAUSIBLE,PLAUSIBLE
35,CD40,imgt:Acute_lymphocytic_leukemia_(ALL),PLAUSIBLE,PLAUSIBLE,OFF-TARGET
35,CD40,imgt:Cancers_ovarian,PLAUSIBLE,PLAUSIBLE,OFF-TARGET
35,CD40,imgt:Solid_tumors_advanced_or_metastatic,OFF-TARGET,OFF-TARGET,OFF-TARGET
35,CD40,imgt:Cancers_prostate,OFF-TARGET,OFF-TARGET,OFF-TARGET
35,CD40,imgt:Cancers_pancreatic,OFF-TARGET,OFF-TARGET,OFF-TARGET
35,CD40,imgt:Cancers_head_and_neck,OFF-TARGET,OFF-TARGET,OFF-TARGET
36,CTLA4,imgt:Lymphoma_diffuse_large_B_cell_(DLBCL),OFF-TARGET,OFF-TARGET,OFF-TARGET
36,CTLA4,imgt:Cancers_small_cell_lung_(SCLC),PLAUSIBLE,PLAUSIBLE,OFF-TARGET
36,CTLA4,imgt:Cancers_non-small_cell_lung_(NSCLC),PLAUSIBLE,PLAUSIBLE,OFF-TARGET
36,CTLA4,imgt:Chronic_lymphocytic_leukemia_(CLL),OFF-TARGET,OFF-TARGET,OFF-TARGET
36,CTLA4,imgt:Melanoma_metastatic,PLAUSIBLE,PLAUSIBLE,PLAUSIBLE
36,CTLA4,imgt:Cancers_colorectal_(CRC)_metastatic,PLAUSIBLE,PLAUSIBLE,OFF-TARGET
36,CTLA4,imgt:Cancers_gastric,PLAUSIBLE,PLAUSIBLE,OFF-TARGET
36,CTLA4,imgt:Cancers_breast_overexpressing_ERBB2_metastatic,OFF-TARGET,OFF-TARGET,OFF-TARGET
36,CTLA4,imgt:Cancers_breast,OFF-TARGET,OFF-TARGET,OFF-TARGET
36,CTLA4,imgt:Melanoma,PLAUSIBLE,PLAUSIBLE,PLAUSIBLE
36,CTLA4,imgt:Hepatocellular_carcinoma_(HCC),PLAUSIBLE,PLAUSIBLE,OFF-TARGET
36,CTLA4,imgt:Lymphoma_follicular_(FL),OFF-TARGET,OFF-TARGET,OFF-TARGET
36,CTLA4,imgt:Cancers_ovarian,OFF-TARGET,OFF-TARGET,OFF-TARGET
36,CTLA4,imgt:Lymphoproliferative_disorder_giant_lymph_node_hyperplasia_(Castlemans_disease),PLAUSIBLE,OFF-TARGET,PLAUSIBLE
36,CTLA4,imgt:Mesothelioma_pleural_malignant,PLAUSIBLE,PLAUSIBLE,OFF-TARGET
36,CTLA4,imgt:Multiple_myeloma_(MM),OFF-TARGET,OFF-TARGET,OFF-TARGET
36,CTLA4,imgt:Non-Hodgkins_lymphoma_(NHL),OFF-TARGET,OFF-TARGET,OFF-TARGET
36,CTLA4,imgt:Carcinoma_bladder_cancer_advanced_or_metastatic_urothelial_cancers,OFF-TARGET,OFF-TARGET,OFF-TARGET
36,CTLA4,imgt:Cancers_pancreatic,OFF-TARGET,OFF-TARGET,OFF-TARGET
37,VEGFA,imgt:Cancers_non-small_cell_lung_(NSCLC),PLAUSIBLE,PLAUSIBLE,OFF-TARGET
37,VEGFA,imgt:Chronic_lymphocytic_leukemia_(CLL),OFF-TARGET,OFF-TARGET,OFF-TARGET
37,VEGFA,imgt:Lymphoma_diffuse_large_B_cell_(DLBCL),OFF-TARGET,OFF-TARGET,OFF-TARGET
37,VEGFA,imgt:Multiple_myeloma_(MM),OFF-TARGET,OFF-TARGET,OFF-TARGET
37,VEGFA,imgt:Cancers_breast_ERB2_negative_metastatic,PLAUSIBLE,PLAUSIBLE,PLAUSIBLE
37,VEGFA,imgt:Cancers_gastric,PLAUSIBLE,PLAUSIBLE,OFF-TARGET
37,VEGFA,imgt:Non-Hodgkins_lymphoma_(NHL),OFF-TARGET,OFF-TARGET,OFF-TARGET
37,VEGFA,imgt:Cancers_breast,PLAUSIBLE,PLAUSIBLE,PLAUSIBLE
37,VEGFA,imgt:Cancers_ovarian,PLAUSIBLE,PLAUSIBLE,OFF-TARGET
37,VEGFA,imgt:Acute_myeloid_leukemia_(AML),OFF-TARGET,OFF-TARGET,OFF-TARGET
37,VEGFA,imgt:Cancers_non-small_cell_lung_(NSCLC)_metastatic,PLAUSIBLE,PLAUSIBLE,OFF-TARGET
37,VEGFA,imgt:Cancers_head_and_neck,OFF-TARGET,OFF-TARGET,OFF-TARGET
37,VEGFA,imgt:Carcinoma_head_and_neck_squamous_cell_carcinoma_(HNSCC),OFF-TARGET,OFF-TARGET,OFF-TARGET
37,VEGFA,imgt:Cancers_colorectal_(CRC)_metastatic,PLAUSIBLE,PLAUSIBLE,OFF-TARGET
37,VEGFA,imgt:Cancers_breast_overexpressing_ERBB2_metastatic,PLAUSIBLE,PLAUSIBLE,PLAUSIBLE
37,VEGFA,imgt:Hepatocellular_carcinoma_(HCC),PLAUSIBLE,PLAUSIBLE,OFF-TARGET
37,VEGFA,imgt:Melanoma,OFF-TARGET,OFF-TARGET,OFF-TARGET
37,VEGFA,imgt:Carcinoma_bladder_cancer_advanced_or_metastatic_urothelial_cancers,OFF-TARGET,OFF-TARGET,OFF-TARGET
37,VEGFA,imgt:Cancers_colorectal_(CRC),PLAUSIBLE,PLAUSIBLE,OFF-TARGET
38,PDGFRA,imgt:Cancers_non-small_cell_lung_(NSCLC),PLAUSIBLE,PLAUSIBLE,OFF-TARGET
38,PDGFRA,imgt:Cancers_ovarian,PLAUSIBLE,PLAUSIBLE,PLAUSIBLE
38,PDGFRA,imgt:Non-Hodgkins_lymphoma_(NHL),OFF-TARGET,OFF-TARGET,OFF-TARGET
38,PDGFRA,imgt:Cancers_breast,PLAUSIBLE,PLAUSIBLE,OFF-TARGET
38,PDGFRA,imgt:Soft-tissue_sarcoma_(STS),PLAUSIBLE,PLAUSIBLE,OFF-TARGET
38,PDGFRA,imgt:Chronic_lymphocytic_leukemia_(CLL),PLAUSIBLE,PLAUSIBLE,OFF-TARGET
38,PDGFRA,imgt:Cancers_gastric,OFF-TARGET,OFF-TARGET,OFF-TARGET
38,PDGFRA,imgt:Multiple_myeloma_(MM),PLAUSIBLE,PLAUSIBLE,OFF-TARGET
38,PDGFRA,imgt:Lymphoma_diffuse_large_B_cell_(DLBCL),OFF-TARGET,OFF-TARGET,OFF-TARGET
38,PDGFRA,imgt:Hepatocellular_carcinoma_(HCC),PLAUSIBLE,PLAUSIBLE,OFF-TARGET
38,PDGFRA,imgt:Glioblastoma,PLAUSIBLE,PLAUSIBLE,OFF-TARGET
38,PDGFRA,imgt:Mesothelioma_pleural_malignant,OFF-TARGET,OFF-TARGET,OFF-TARGET
38,PDGFRA,imgt:Acute_myeloid_leukemia_(AML),PLAUSIBLE,PLAUSIBLE,OFF-TARGET
38,PDGFRA,imgt:Cancers_head_and_neck,OFF-TARGET,OFF-TARGET,OFF-TARGET
38,PDGFRA,imgt:Cancers_colorectal_(CRC),PLAUSIBLE,PLAUSIBLE,OFF-TARGET
38,PDGFRA,imgt:Renal_cell_carcinoma_(RCC),PLAUSIBLE,PLAUSIBLE,OFF-TARGET
38,PDGFRA,imgt:Cancers_pancreatic,OFF-TARGET,OFF-TARGET,OFF-TARGET
38,PDGFRA,imgt:Cancers_colorectal_(CRC)_metastatic,PLAUSIBLE,PLAUSIBLE,OFF-TARGET
39,CTAG1B,imgt:Cancers_non-small_cell_lung_(NSCLC),PLAUSIBLE,PLAUSIBLE,OFF-TARGET
39,CTAG1B,imgt:Non-Hodgkins_lymphoma_(NHL),OFF-TARGET,OFF-TARGET,OFF-TARGET
39,CTAG1B,imgt:Cancers_pancreatic,PLAUSIBLE,OFF-TARGET,OFF-TARGET
39,CTAG1B,imgt:Acute_myeloid_leukemia_(AML),PLAUSIBLE,OFF-TARGET,OFF-TARGET
39,CTAG1B,imgt:Multiple_myeloma_(MM),PLAUSIBLE,OFF-TARGET,OFF-TARGET
39,CTAG1B,imgt:Cancers_ovarian,PLAUSIBLE,PLAUSIBLE,OFF-TARGET
39,CTAG1B,imgt:Cancers_colorectal_(CRC),OFF-TARGET,OFF-TARGET,OFF-TARGET
39,CTAG1B,imgt:Cancers_breast,PLAUSIBLE,PLAUSIBLE,OFF-TARGET
39,CTAG1B,imgt:Chronic_lymphocytic_leukemia_(CLL),PLAUSIBLE,OFF-TARGET,OFF-TARGET
39,CTAG1B,imgt:Acute_lymphocytic_leukemia_(ALL),PLAUSIBLE,OFF-TARGET,OFF-TARGET
39,CTAG1B,imgt:Lymphoma_B_cell,OFF-TARGET,OFF-TARGET,OFF-TARGET
39,CTAG1B,imgt:Cancers_head_and_neck,PLAUSIBLE,OFF-TARGET,OFF-TARGET
39,CTAG1B,imgt:Cancers_gastric,PLAUSIBLE,OFF-TARGET,OFF-TARGET
39,CTAG1B,imgt:Lymphoma,OFF-TARGET,OFF-TARGET,OFF-TARGET
39,CTAG1B,imgt:Glioblastoma_multiforme_(GBM),PLAUSIBLE,OFF-TARGET,OFF-TARGET
39,CTAG1B,imgt:Renal_cell_carcinoma_(RCC),PLAUSIBLE,OFF-TARGET,OFF-TARGET
39,CTAG1B,imgt:Myelodysplastic_syndromes_(MDS),OFF-TARGET,OFF-TARGET,OFF-TARGET
39,CTAG1B,imgt:Lymphoma_diffuse_large_B_cell_(DLBCL),OFF-TARGET,OFF-TARGET,OFF-TARGET
40,CD19,imgt:Non-Hodgkins_lymphoma_(NHL),PLAUSIBLE,PLAUSIBLE,OFF-TARGET
40,CD19,imgt:Cancers_non-small_cell_lung_(NSCLC),OFF-TARGET,OFF-TARGET,OFF-TARGET
40,CD19,imgt:Acute_myeloid_leukemia_(AML),PLAUSIBLE,PLAUSIBLE,OFF-TARGET
40,CD19,imgt:Cancers_pancreatic,OFF-TARGET,OFF-TARGET,OFF-TARGET
40,CD19,imgt:Lymphoma_B_cell,PLAUSIBLE,PLAUSIBLE,OFF-TARGET
40,CD19,imgt:Acute_lymphocytic_leukemia_(ALL),PLAUSIBLE,PLAUSIBLE,OFF-TARGET
40,CD19,imgt:Cancers_ovarian,OFF-TARGET,OFF-TARGET,OFF-TARGET
40,CD19,imgt:Multiple_myeloma_(MM),PLAUSIBLE,PLAUSIBLE,OFF-TARGET
40,CD19,imgt:Cancers_breast,OFF-TARGET,OFF-TARGET,OFF-TARGET
40,CD19,imgt:Cancers_colorectal_(CRC),OFF-TARGET,OFF-TARGET,OFF-TARGET
40,CD19,imgt:Chronic_lymphocytic_leukemia_(CLL),PLAUSIBLE,PLAUSIBLE,OFF-TARGET
40,CD19,imgt:Cancers_prostate,OFF-TARGET,OFF-TARGET,OFF-TARGET
40,CD19,imgt:Cancers_head_and_neck,OFF-TARGET,OFF-TARGET,OFF-TARGET
40,CD19,imgt:Renal_cell_carcinoma_(RCC),OFF-TARGET,OFF-TARGET,OFF-TARGET
40,CD19,imgt:Glioblastoma_multiforme_(GBM),OFF-TARGET,OFF-TARGET,OFF-TARGET
40,CD19,imgt:Cancers_prostate_metastatic,OFF-TARGET,OFF-TARGET,OFF-TARGET
40,CD19,imgt:Lymphoma,PLAUSIBLE,PLAUSIBLE,OFF-TARGET
40,CD19,imgt:Cancers_gastric,OFF-TARGET,OFF-TARGET,OFF-TARGET
41,CD38,imgt:Lymphoma_diffuse_large_B_cell_(DLBCL),PLAUSIBLE,PLAUSIBLE,OFF-TARGET
41,CD38,imgt:Cancers_colorectal_(CRC)_metastatic,PLAUSIBLE,OFF-TARGET,OFF-TARGET
41,CD38,imgt:Cancers_non-small_cell_lung_(NSCLC),PLAUSIBLE,PLAUSIBLE,OFF-TARGET
41,CD38,imgt:Chronic_lymphocytic_leukemia_(CLL),PLAUSIBLE,PLAUSIBLE,OFF-TARGET
41,CD38,imgt:Cancers_small_cell_lung_(SCLC),PLAUSIBLE,PLAUSIBLE,OFF-TARGET
41,CD38,imgt:Cancers_breast_overexpressing_ERBB2_metastatic,PLAUSIBLE,PLAUSIBLE,OFF-TARGET
41,CD38,imgt:Multiple_myeloma_(MM),PLAUSIBLE,PLAUSIBLE,PLAUSIBLE
41,CD38,imgt:Cancers_gastric,OFF-TARGET,OFF-TARGET,OFF-TARGET
41,CD38,imgt:Merkel_cell_carcinoma_(MCC)_metastatic,OFF-TARGET,OFF-TARGET,OFF-TARGET
41,CD38,imgt:Carcinoma_head_and_neck_squamous_cell_carcinoma_(HNSCC),OFF-TARGET,OFF-TARGET,OFF-TARGET
41,CD38,imgt:Melanoma,PLAUSIBLE,OFF-TARGET,OFF-TARGET
41,CD38,imgt:Carcinoma_bladder_cancer_advanced_or_metastatic_urothelial_cancers,OFF-TARGET,OFF-TARGET,OFF-TARGET
41,CD38,imgt:Lymphoproliferative_disorder_giant_lymph_node_hyperplasia_(Castlemans_disease),OFF-TARGET,OFF-TARGET,OFF-TARGET
41,CD38,imgt:B_cell_acute_lymphoblastic_leukemia_(B_cell_ALL),PLAUSIBLE,PLAUSIBLE,OFF-TARGET
41,CD38,imgt:Lymphoma_follicular_(FL),PLAUSIBLE,PLAUSIBLE,OFF-TARGET
41,CD38,imgt:Non-Hodgkins_lymphoma_(NHL)_follicular_CD20_positive_relapsed_or_refractory_low_grade,PLAUSIBLE,PLAUSIBLE,OFF-TARGET
41,CD38,imgt:Hepatocellular_carcinoma_(HCC),PLAUSIBLE,PLAUSIBLE,OFF-TARGET
41,CD38,imgt:Age-related_macular_degeneration_(AMD)_neovascular_(wet),PLAUSIBLE,OFF-TARGET,PLAUSIBLE
41,CD38,imgt:Non-Hodgkins_lymphoma_(NHL),PLAUSIBLE,PLAUSIBLE,OFF-TARGET
41,CD38,imgt:Cancers_breast,PLAUSIBLE,PLAUSIBLE,OFF-TARGET
42,CD3E;SSTR2,imgt:Cancers_non-small_cell_lung_(NSCLC),PLAUSIBLE,PLAUSIBLE,OFF-TARGET
42,CD3E;SSTR2,imgt:Non-Hodgkins_lymphoma_(NHL),PLAUSIBLE,PLAUSIBLE,OFF-TARGET
42,CD3E;SSTR2,imgt:Acute_myeloid_leukemia_(AML),PLAUSIBLE,PLAUSIBLE,OFF-TARGET
42,CD3E;SSTR2,imgt:Chronic_lymphocytic_leukemia_(CLL),PLAUSIBLE,PLAUSIBLE,OFF-TARGET
42,CD3E;SSTR2,imgt:Multiple_myeloma_(MM),PLAUSIBLE,PLAUSIBLE,OFF-TARGET
42,CD3E;SSTR2,imgt:Cancers_breast,PLAUSIBLE,PLAUSIBLE,OFF-TARGET
42,CD3E;SSTR2,imgt:Acute_lymphocytic_leukemia_(ALL),PLAUSIBLE,PLAUSIBLE,OFF-TARGET
42,CD3E;SSTR2,imgt:Cancers_ovarian,PLAUSIBLE,PLAUSIBLE,OFF-TARGET
42,CD3E;SSTR2,imgt:Cancers_prostate_metastatic,PLAUSIBLE,PLAUSIBLE,OFF-TARGET
42,CD3E;SSTR2,imgt:Cancers_prostate,PLAUSIBLE,PLAUSIBLE,OFF-TARGET
42,CD3E;SSTR2,imgt:Cancers_gastric,PLAUSIBLE,PLAUSIBLE,OFF-TARGET
42,CD3E;SSTR2,imgt:Solid_tumors_advanced_or_metastatic,OFF-TARGET,OFF-TARGET,OFF-TARGET
42,CD3E;SSTR2,imgt:Cancers_colorectal_(CRC),PLAUSIBLE,PLAUSIBLE,OFF-TARGET
42,CD3E;SSTR2,imgt:Cancers_pancreatic,PLAUSIBLE,PLAUSIBLE,OFF-TARGET
42,CD3E;SSTR2,imgt:Lymphoma,PLAUSIBLE,PLAUSIBLE,OFF-TARGET
42,CD3E;SSTR2,imgt:Cancers_head_and_neck,OFF-TARGET,OFF-TARGET,OFF-TARGET
42,CD3E;SSTR2,imgt:Melanoma,PLAUSIBLE,PLAUSIBLE,OFF-TARGET
43,PDCD1,imgt:Cancers_non-small_cell_lung_(NSCLC),PLAUSIBLE,PLAUSIBLE,OFF-TARGET
43,PDCD1,imgt:Lymphoma_diffuse_large_B_cell_(DLBCL),PLAUSIBLE,PLAUSIBLE,OFF-TARGET
43,PDCD1,imgt:Cancers_gastric,PLAUSIBLE,PLAUSIBLE,OFF-TARGET
43,PDCD1,imgt:Hodgkin_lymphoma,PLAUSIBLE,PLAUSIBLE,OFF-TARGET
43,PDCD1,imgt:Cancers_colorectal_(CRC)_metastatic,PLAUSIBLE,PLAUSIBLE,OFF-TARGET
43,PDCD1,imgt:Chronic_lymphocytic_leukemia_(CLL),OFF-TARGET,OFF-TARGET,OFF-TARGET
43,PDCD1,imgt:microsatellite_instability-high_cancer_(MSI-H),OFF-TARGET,OFF-TARGET,OFF-TARGET
43,PDCD1,imgt:Carcinoma_nasopharyngeal_(NC),PLAUSIBLE,PLAUSIBLE,OFF-TARGET
43,PDCD1,imgt:Hepatocellular_carcinoma_(HCC),PLAUSIBLE,PLAUSIBLE,OFF-TARGET
43,PDCD1,imgt:Cancers_breast_overexpressing_ERBB2_metastatic,PLAUSIBLE,PLAUSIBLE,OFF-TARGET
43,PDCD1,imgt:Multiple_myeloma_(MM),PLAUSIBLE,PLAUSIBLE,OFF-TARGET
43,PDCD1,imgt:Cancers_small_cell_lung_(SCLC),PLAUSIBLE,PLAUSIBLE,OFF-TARGET
43,PDCD1,imgt:Cancers_ovarian,PLAUSIBLE,PLAUSIBLE,OFF-TARGET
43,PDCD1,imgt:Carcinoma_head_and_neck_squamous_cell_carcinoma_(HNSCC),PLAUSIBLE,PLAUSIBLE,OFF-TARGET
43,PDCD1,imgt:Cancers_colorectal_(CRC),PLAUSIBLE,PLAUSIBLE,OFF-TARGET
43,PDCD1,imgt:Carcinoma_bladder_cancer_advanced_or_metastatic_urothelial_cancers,PLAUSIBLE,PLAUSIBLE,OFF-TARGET
43,PDCD1,imgt:Melanoma,PLAUSIBLE,PLAUSIBLE,OFF-TARGET
43,PDCD1,imgt:Melanoma_metastatic,PLAUSIBLE,PLAUSIBLE,OFF-TARGET
43,PDCD1,imgt:Lymphoma_follicular_(FL),PLAUSIBLE,PLAUSIBLE,OFF-TARGET
44,CD38,imgt:Cancers_non-small_cell_lung_(NSCLC),PLAUSIBLE,PLAUSIBLE,OFF-TARGET
44,CD38,imgt:Cancers_pancreatic,OFF-TARGET,OFF-TARGET,OFF-TARGET
44,CD38,imgt:Non-Hodgkins_lymphoma_(NHL),PLAUSIBLE,PLAUSIBLE,OFF-TARGET
44,CD38,imgt:Acute_myeloid_leukemia_(AML),PLAUSIBLE,PLAUSIBLE,OFF-TARGET
44,CD38,imgt:Chronic_lymphocytic_leukemia_(CLL),PLAUSIBLE,PLAUSIBLE,OFF-TARGET
44,CD38,imgt:Cancers_ovarian,OFF-TARGET,OFF-TARGET,OFF-TARGET
44,CD38,imgt:Lymphoma_diffuse_large_B_cell_(DLBCL),PLAUSIBLE,PLAUSIBLE,OFF-TARGET
44,CD38,imgt:Multiple_myeloma_(MM),PLAUSIBLE,PLAUSIBLE,PLAUSIBLE
44,CD38,imgt:Lymphoma_B_cell,PLAUSIBLE,PLAUSIBLE,OFF-TARGET
44,CD38,imgt:Cancers_colorectal_(CRC),PLAUSIBLE,OFF-TARGET,OFF-TARGET
44,CD38,imgt:Cancers_breast,PLAUSIBLE,PLAUSIBLE,OFF-TARGET
44,CD38,imgt:Cancers_gastric,OFF-TARGET,OFF-TARGET,OFF-TARGET
44,CD38,imgt:Cancers_head_and_neck,OFF-TARGET,OFF-TARGET,OFF-TARGET
44,CD38,imgt:Acute_lymphocytic_leukemia_(ALL),PLAUSIBLE,PLAUSIBLE,OFF-TARGET
44,CD38,imgt:Cancers_colorectal_(CRC)_metastatic,PLAUSIBLE,OFF-TARGET,OFF-TARGET
44,CD38,imgt:Soft-tissue_sarcoma_(STS),OFF-TARGET,OFF-TARGET,OFF-TARGET
44,CD38,imgt:Extranodal_NK/T-cell_lymphoma_(ENKTL),PLAUSIBLE,PLAUSIBLE,OFF-TARGET
44,CD38,imgt:Glioblastoma_multiforme_(GBM),OFF-TARGET,OFF-TARGET,OFF-TARGET
45,CD79B,imgt:Chronic_lymphocytic_leukemia_(CLL),PLAUSIBLE,PLAUSIBLE,OFF-TARGET
45,CD79B,imgt:Cancers_non-small_cell_lung_(NSCLC),PLAUSIBLE,OFF-TARGET,OFF-TARGET
45,CD79B,imgt:Lymphoma_diffuse_large_B_cell_(DLBCL),PLAUSIBLE,PLAUSIBLE,OFF-TARGET
45,CD79B,imgt:Non-Hodgkins_lymphoma_(NHL),PLAUSIBLE,PLAUSIBLE,OFF-TARGET
45,CD79B,imgt:Multiple_myeloma_(MM),OFF-TARGET,OFF-TARGET,OFF-TARGET
45,CD79B,imgt:Acute_myeloid_leukemia_(AML),PLAUSIBLE,PLAUSIBLE,OFF-TARGET
45,CD79B,imgt:Cancers_breast,PLAUSIBLE,OFF-TARGET,OFF-TARGET
45,CD79B,imgt:Cancers_gastric,PLAUSIBLE,OFF-TARGET,OFF-TARGET
45,CD79B,imgt:Acute_lymphocytic_leukemia_(ALL),PLAUSIBLE,PLAUSIBLE,OFF-TARGET
45,CD79B,imgt:Cancers_ovarian,PLAUSIBLE,OFF-TARGET,OFF-TARGET
45,CD79B,imgt:Cancers_head_and_neck,OFF-TARGET,OFF-TARGET,OFF-TARGET
45,CD79B,imgt:Lymphoma,PLAUSIBLE,PLAUSIBLE,OFF-TARGET
45,CD79B,imgt:Cancers_pancreatic,PLAUSIBLE,OFF-TARGET,OFF-TARGET
45,CD79B,imgt:Lymphoma_follicular_(FL),PLAUSIBLE,PLAUSIBLE,OFF-TARGET
45,CD79B,imgt:Melanoma,PLAUSIBLE,OFF-TARGET,OFF-TARGET
45,CD79B,imgt:Cancers_colorectal_(CRC),PLAUSIBLE,OFF-TARGET,OFF-TARGET
45,CD79B,imgt:Melanoma_metastatic,PLAUSIBLE,OFF-TARGET,OFF-TARGET
45,CD79B,imgt:Renal_cell_carcinoma_(RCC),PLAUSIBLE,OFF-TARGET,OFF-TARGET
46,NCAM1,imgt:Ex_vivo_treatment_of_autologous_bone_marrow_and_subsequent_reinfusion,OFF-TARGET,OFF-TARGET,OFF-TARGET
46,NCAM1,imgt:T_cell_malignancies,OFF-TARGET,OFF-TARGET,OFF-TARGET
46,NCAM1,imgt:Myeloid_leukemia,OFF-TARGET,OFF-TARGET,OFF-TARGET
46,NCAM1,imgt:Graft-versus-host_disease_(GvHD),OFF-TARGET,OFF-TARGET,OFF-TARGET
46,NCAM1,imgt:B_cell_leukemia,OFF-TARGET,OFF-TARGET,OFF-TARGET
46,NCAM1,imgt:Systemic_lupus_erythematosus_(SLE),OFF-TARGET,OFF-TARGET,OFF-TARGET
46,NCAM1,imgt:Lymphoma_B_cell,OFF-TARGET,OFF-TARGET,OFF-TARGET
46,NCAM1,imgt:Cancers_colon,OFF-TARGET,OFF-TARGET,OFF-TARGET
46,NCAM1,imgt:Cancers_squamous,OFF-TARGET,OFF-TARGET,OFF-TARGET
46,NCAM1,imgt:Cancers_colorectal_(CRC),OFF-TARGET,OFF-TARGET,OFF-TARGET
46,NCAM1,imgt:Non-Hodgkins_lymphoma_(NHL),OFF-TARGET,OFF-TARGET,OFF-TARGET
46,NCAM1,imgt:Idiopathic_pulmonary_fibrosis,PLAUSIBLE,OFF-TARGET,PLAUSIBLE
46,NCAM1,imgt:Cancers_ovarian,OFF-TARGET,OFF-TARGET,OFF-TARGET
46,NCAM1,imgt:Cancers_non-small_cell_lung_(NSCLC),OFF-TARGET,OFF-TARGET,OFF-TARGET
46,NCAM1,imgt:Lymphoma_cutaneous_T_cell_(CTCL),OFF-TARGET,OFF-TARGET,OFF-TARGET
46,NCAM1,imgt:Cancers_breast,OFF-TARGET,OFF-TARGET,OFF-TARGET
46,NCAM1,imgt:Hairy_cell_leukemia_(HCL),OFF-TARGET,OFF-TARGET,OFF-TARGET
46,NCAM1,imgt:Acute_myeloid_leukemia_(AML),OFF-TARGET,OFF-TARGET,OFF-TARGET
46,NCAM1,imgt:Malignant_ascites,OFF-TARGET,OFF-TARGET,OFF-TARGET
47,KDR,imgt:Cancers_non-small_cell_lung_(NSCLC),PLAUSIBLE,PLAUSIBLE,OFF-TARGET
47,KDR,imgt:Cancers_breast,PLAUSIBLE,PLAUSIBLE,OFF-TARGET
47,KDR,imgt:Lymphoma_diffuse_large_B_cell_(DLBCL),OFF-TARGET,OFF-TARGET,OFF-TARGET
47,KDR,imgt:Multiple_myeloma_(MM),OFF-TARGET,OFF-TARGET,OFF-TARGET
47,KDR,imgt:Non-Hodgkins_lymphoma_(NHL),OFF-TARGET,OFF-TARGET,OFF-TARGET
47,KDR,imgt:Chronic_lymphocytic_leukemia_(CLL),PLAUSIBLE,PLAUSIBLE,OFF-TARGET
47,KDR,imgt:Acute_myeloid_leukemia_(AML),PLAUSIBLE,PLAUSIBLE,OFF-TARGET
47,KDR,imgt:Cancers_ovarian,PLAUSIBLE,PLAUSIBLE,OFF-TARGET
47,KDR,imgt:Cancers_pancreatic,PLAUSIBLE,PLAUSIBLE,OFF-TARGET
47,KDR,imgt:Cancers_gastric,PLAUSIBLE,PLAUSIBLE,OFF-TARGET
47,KDR,imgt:Cancers_colorectal_(CRC),PLAUSIBLE,PLAUSIBLE,OFF-TARGET
47,KDR,imgt:Glioblastoma_multiforme_(GBM),OFF-TARGET,OFF-TARGET,OFF-TARGET
47,KDR,imgt:Cancers_colorectal_(CRC)_metastatic,PLAUSIBLE,PLAUSIBLE,OFF-TARGET
47,KDR,imgt:Cancers_head_and_neck,PLAUSIBLE,PLAUSIBLE,OFF-TARGET
47,KDR,imgt:Melanoma,PLAUSIBLE,PLAUSIBLE,OFF-TARGET
47,KDR,imgt:Hepatocellular_carcinoma_(HCC),PLAUSIBLE,PLAUSIBLE,OFF-TARGET
47,KDR,imgt:Carcinoma_head_and_neck_squamous_cell_carcinoma_(HNSCC),PLAUSIBLE,PLAUSIBLE,OFF-TARGET
47,KDR,imgt:Cancers_non-small_cell_lung_(NSCLC)_metastatic,PLAUSIBLE,PLAUSIBLE,OFF-TARGET
48,CD276,imgt:Cancers_non-small_cell_lung_(NSCLC),PLAUSIBLE,PLAUSIBLE,OFF-TARGET
48,CD276,imgt:Multiple_myeloma_(MM),OFF-TARGET,OFF-TARGET,OFF-TARGET
48,CD276,imgt:Non-Hodgkins_lymphoma_(NHL),OFF-TARGET,OFF-TARGET,OFF-TARGET
48,CD276,imgt:Chronic_lymphocytic_leukemia_(CLL),PLAUSIBLE,OFF-TARGET,OFF-TARGET
48,CD276,imgt:Cancers_breast,PLAUSIBLE,OFF-TARGET,PLAUSIBLE
48,CD276,imgt:Acute_myeloid_leukemia_(AML),PLAUSIBLE,OFF-TARGET,OFF-TARGET
48,CD276,imgt:Cancers_ovarian,PLAUSIBLE,PLAUSIBLE,OFF-TARGET
48,CD276,imgt:Cancers_gastric,PLAUSIBLE,OFF-TARGET,OFF-TARGET
48,CD276,imgt:Solid_tumors_advanced_or_metastatic,OFF-TARGET,OFF-TARGET,OFF-TARGET
48,CD276,imgt:Lymphoma_diffuse_large_B_cell_(DLBCL),OFF-TARGET,OFF-TARGET,OFF-TARGET
48,CD276,imgt:Acute_lymphocytic_leukemia_(ALL),PLAUSIBLE,OFF-TARGET,OFF-TARGET
48,CD276,imgt:Cancers_head_and_neck,PLAUSIBLE,PLAUSIBLE,OFF-TARGET
48,CD276,imgt:Cancers_pancreatic,PLAUSIBLE,OFF-TARGET,OFF-TARGET
48,CD276,imgt:Glioblastoma_multiforme_(GBM),PLAUSIBLE,OFF-TARGET,OFF-TARGET
48,CD276,imgt:Cancers_colorectal_(CRC),PLAUSIBLE,OFF-TARGET,OFF-TARGET
48,CD276,imgt:Cancers_prostate_metastatic,PLAUSIBLE,PLAUSIBLE,OFF-TARGET
48,CD276,imgt:Renal_cell_carcinoma_(RCC),PLAUSIBLE,OFF-TARGET,OFF-TARGET
49,HAVCR2;PDCD1,imgt:Cancers_non-small_cell_lung_(NSCLC),PLAUSIBLE,PLAUSIBLE,OFF-TARGET
49,HAVCR2;PDCD1,imgt:Multiple_myeloma_(MM),PLAUSIBLE,PLAUSIBLE,OFF-TARGET
49,HAVCR2;PDCD1,imgt:Cancers_breast,PLAUSIBLE,PLAUSIBLE,OFF-TARGET
49,HAVCR2;PDCD1,imgt:Esophageal_Squamous_Cell_Carcinoma_(ESCC),PLAUSIBLE,PLAUSIBLE,OFF-TARGET
49,HAVCR2;PDCD1,imgt:Non-Hodgkins_lymphoma_(NHL),PLAUSIBLE,PLAUSIBLE,PLAUSIBLE
49,HAVCR2;PDCD1,imgt:Chronic_lymphocytic_leukemia_(CLL),PLAUSIBLE,PLAUSIBLE,OFF-TARGET
49,HAVCR2;PDCD1,imgt:Acute_myeloid_leukemia_(AML),PLAUSIBLE,PLAUSIBLE,OFF-TARGET
49,HAVCR2;PDCD1,imgt:Cancers_gastric,PLAUSIBLE,PLAUSIBLE,OFF-TARGET
49,HAVCR2;PDCD1,imgt:Cancers_ovarian,PLAUSIBLE,PLAUSIBLE,OFF-TARGET
49,HAVCR2;PDCD1,imgt:Lymphoma,PLAUSIBLE,PLAUSIBLE,PLAUSIBLE
49,HAVCR2;PDCD1,imgt:Cancers_pancreatic,PLAUSIBLE,OFF-TARGET,OFF-TARGET
49,HAVCR2;PDCD1,imgt:Cancers_prostate,PLAUSIBLE,PLAUSIBLE,OFF-TARGET
49,HAVCR2;PDCD1,imgt:Acute_lymphocytic_leukemia_(ALL),PLAUSIBLE,PLAUSIBLE,OFF-TARGET
49,HAVCR2;PDCD1,imgt:Renal_cell_carcinoma_(RCC),PLAUSIBLE,PLAUSIBLE,OFF-TARGET
49,HAVCR2;PDCD1,imgt:Lymphoma_diffuse_large_B_cell_(DLBCL),PLAUSIBLE,PLAUSIBLE,PLAUSIBLE
49,HAVCR2;PDCD1,imgt:Cancers_colorectal_(CRC),PLAUSIBLE,PLAUSIBLE,OFF-TARGET
49,HAVCR2;PDCD1,imgt:Cancers_head_and_neck,PLAUSIBLE,PLAUSIBLE,OFF-TARGET
49,HAVCR2;PDCD1,imgt:Melanoma,PLAUSIBLE,PLAUSIBLE,OFF-TARGET
50,MSLN,imgt:Cancers_non-small_cell_lung_(NSCLC),PLAUSIBLE,PLAUSIBLE,OFF-TARGET
50,MSLN,imgt:Cholangiocarcinoma,PLAUSIBLE,PLAUSIBLE,OFF-TARGET
50,MSLN,imgt:Non-Hodgkins_lymphoma_(NHL),OFF-TARGET,OFF-TARGET,OFF-TARGET
50,MSLN,imgt:Mesothelioma_pleural_malignant,PLAUSIBLE,PLAUSIBLE,OFF-TARGET
50,MSLN,imgt:Cancers_pancreatic,PLAUSIBLE,PLAUSIBLE,OFF-TARGET
50,MSLN,imgt:Mesothelioma_malignant,PLAUSIBLE,PLAUSIBLE,OFF-TARGET
50,MSLN,imgt:Acute_myeloid_leukemia_(AML),PLAUSIBLE,OFF-TARGET,OFF-TARGET
50,MSLN,imgt:Cancers_colorectal_(CRC),PLAUSIBLE,OFF-TARGET,OFF-TARGET
50,MSLN,imgt:Cancers_breast,PLAUSIBLE,PLAUSIBLE,OFF-TARGET
50,MSLN,imgt:Cancers_ovarian,PLAUSIBLE,PLAUSIBLE,PLAUSIBLE
50,MSLN,imgt:Lymphoma_B_cell,OFF-TARGET,OFF-TARGET,OFF-TARGET
50,MSLN,imgt:Multiple_myeloma_(MM),OFF-TARGET,OFF-TARGET,OFF-TARGET
50,MSLN,imgt:Acute_lymphocytic_leukemia_(ALL),PLAUSIBLE,OFF-TARGET,OFF-TARGET
50,MSLN,imgt:Chronic_lymphocytic_leukemia_(CLL),PLAUSIBLE,OFF-TARGET,OFF-TARGET
50,MSLN,imgt:Renal_cell_carcinoma_(RCC),OFF-TARGET,OFF-TARGET,OFF-TARGET
50,MSLN,imgt:Cancers_gastric,PLAUSIBLE,OFF-TARGET,OFF-TARGET
50,MSLN,imgt:Myelodysplastic_syndromes_(MDS),OFF-TARGET,OFF-TARGET,OFF-TARGET
50,MSLN,imgt:Cancers_prostate_metastatic,OFF-TARGET,OFF-TARGET,OFF-TARGET
51,IL27,imgt:Cancers_non-small_cell_lung_(NSCLC),PLAUSIBLE,OFF-TARGET,OFF-TARGET
51,IL27,imgt:Non-Hodgkins_lymphoma_(NHL),OFF-TARGET,OFF-TARGET,OFF-TARGET
51,IL27,imgt:Cancers_ovarian,PLAUSIBLE,OFF-TARGET,PLAUSIBLE
51,IL27,imgt:Cancers_breast,PLAUSIBLE,OFF-TARGET,OFF-TARGET
51,IL27,imgt:Multiple_myeloma_(MM),OFF-TARGET,OFF-TARGET,OFF-TARGET
51,IL27,imgt:Cancers_gastric,OFF-TARGET,OFF-TARGET,OFF-TARGET
51,IL27,imgt:Chronic_lymphocytic_leukemia_(CLL),PLAUSIBLE,OFF-TARGET,PLAUSIBLE
51,IL27,imgt:Cancers_colorectal_(CRC),PLAUSIBLE,OFF-TARGET,OFF-TARGET
51,IL27,imgt:Cancers_head_and_neck,OFF-TARGET,OFF-TARGET,OFF-TARGET
51,IL27,imgt:Acute_myeloid_leukemia_(AML),PLAUSIBLE,OFF-TARGET,OFF-TARGET
51,IL27,imgt:Lymphoma_diffuse_large_B_cell_(DLBCL),PLAUSIBLE,OFF-TARGET,OFF-TARGET
51,IL27,imgt:Renal_cell_carcinoma_(RCC),OFF-TARGET,OFF-TARGET,OFF-TARGET
51,IL27,imgt:Hepatocellular_carcinoma_(HCC),PLAUSIBLE,OFF-TARGET,OFF-TARGET
51,IL27,imgt:Cancers_pancreatic,OFF-TARGET,OFF-TARGET,OFF-TARGET
51,IL27,imgt:Melanoma_metastatic,PLAUSIBLE,OFF-TARGET,OFF-TARGET
51,IL27,imgt:Rheumatoid_arthritis_(RA),PLAUSIBLE,OFF-TARGET,OFF-TARGET
51,IL27,imgt:Cancers_prostate,OFF-TARGET,OFF-TARGET,OFF-TARGET
51,IL27,imgt:Acute_lymphocytic_leukemia_(ALL),PLAUSIBLE,OFF-TARGET,OFF-TARGET
52,ERBB3,imgt:Cancers_non-small_cell_lung_(NSCLC),PLAUSIBLE,PLAUSIBLE,OFF-TARGET
52,ERBB3,imgt:Cancers_ovarian,OFF-TARGET,OFF-TARGET,OFF-TARGET
52,ERBB3,imgt:Non-Hodgkins_lymphoma_(NHL),OFF-TARGET,OFF-TARGET,OFF-TARGET
52,ERBB3,imgt:Cancers_gastric,PLAUSIBLE,PLAUSIBLE,OFF-TARGET
52,ERBB3,imgt:Cancers_breast,PLAUSIBLE,PLAUSIBLE,OFF-TARGET
52,ERBB3,imgt:Cancers_head_and_neck,PLAUSIBLE,PLAUSIBLE,OFF-TARGET
52,ERBB3,imgt:Lymphoma_diffuse_large_B_cell_(DLBCL),OFF-TARGET,OFF-TARGET,OFF-TARGET
52,ERBB3,imgt:Renal_cell_carcinoma_(RCC),OFF-TARGET,OFF-TARGET,OFF-TARGET
52,ERBB3,imgt:Chronic_lymphocytic_leukemia_(CLL),OFF-TARGET,OFF-TARGET,OFF-TARGET
52,ERBB3,imgt:Hepatocellular_carcinoma_(HCC),PLAUSIBLE,PLAUSIBLE,OFF-TARGET
52,ERBB3,imgt:Multiple_myeloma_(MM),OFF-TARGET,OFF-TARGET,OFF-TARGET
52,ERBB3,imgt:Cancers_colorectal_(CRC)_metastatic,PLAUSIBLE,PLAUSIBLE,OFF-TARGET
52,ERBB3,imgt:Rheumatoid_arthritis_(RA),PLAUSIBLE,OFF-TARGET,PLAUSIBLE
52,ERBB3,imgt:Acute_lymphocytic_leukemia_(ALL),OFF-TARGET,OFF-TARGET,OFF-TARGET
52,ERBB3,imgt:Lymphoma_follicular_(FL),OFF-TARGET,OFF-TARGET,OFF-TARGET
52,ERBB3,imgt:Melanoma,PLAUSIBLE,PLAUSIBLE,OFF-TARGET
52,ERBB3,imgt:Cancers_colorectal_(CRC),PLAUSIBLE,PLAUSIBLE,OFF-TARGET
52,ERBB3,imgt:Melanoma_metastatic,PLAUSIBLE,PLAUSIBLE,OFF-TARGET
53,CD40,imgt:Chronic_lymphocytic_leukemia_(CLL),PLAUSIBLE,PLAUSIBLE,PLAUSIBLE
53,CD40,imgt:Cancers_non-small_cell_lung_(NSCLC),PLAUSIBLE,PLAUSIBLE,OFF-TARGET
53,CD40,imgt:Multiple_myeloma_(MM),PLAUSIBLE,OFF-TARGET,PLAUSIBLE
53,CD40,imgt:Non-Hodgkins_lymphoma_(NHL),PLAUSIBLE,PLAUSIBLE,PLAUSIBLE
53,CD40,imgt:Cancers_gastric,OFF-TARGET,OFF-TARGET,OFF-TARGET
53,CD40,imgt:Acute_lymphocytic_leukemia_(ALL),PLAUSIBLE,PLAUSIBLE,OFF-TARGET
53,CD40,imgt:Cancers_ovarian,PLAUSIBLE,PLAUSIBLE,OFF-TARGET
53,CD40,imgt:Cancers_breast,PLAUSIBLE,PLAUSIBLE,OFF-TARGET
53,CD40,imgt:Acute_myeloid_leukemia_(AML),PLAUSIBLE,PLAUSIBLE,OFF-TARGET
53,CD40,imgt:Lymphoma,PLAUSIBLE,PLAUSIBLE,PLAUSIBLE
53,CD40,imgt:Renal_cell_carcinoma_(RCC),PLAUSIBLE,PLAUSIBLE,OFF-TARGET
53,CD40,imgt:Carcinoma_head_and_neck_squamous_cell_(HNSCC)_recurrent_or_metastatic,OFF-TARGET,OFF-TARGET,OFF-TARGET
53,CD40,imgt:Cancers_pancreatic,OFF-TARGET,OFF-TARGET,OFF-TARGET
53,CD40,imgt:Cancers_prostate_metastatic,OFF-TARGET,OFF-TARGET,OFF-TARGET
53,CD40,imgt:Cancers_esophageal_metastatic,OFF-TARGET,OFF-TARGET,OFF-TARGET
53,CD40,imgt:Solid_tumors_advanced_or_metastatic,OFF-TARGET,OFF-TARGET,OFF-TARGET
53,CD40,imgt:Rheumatoid_arthritis_(RA),PLAUSIBLE,PLAUSIBLE,PLAUSIBLE
54,CTLA4;LAG3,imgt:Cancers_non-small_cell_lung_(NSCLC),PLAUSIBLE,PLAUSIBLE,OFF-TARGET
54,CTLA4;LAG3,imgt:Non-Hodgkins_lymphoma_(NHL),PLAUSIBLE,PLAUSIBLE,OFF-TARGET
54,CTLA4;LAG3,imgt:Multiple_myeloma_(MM),PLAUSIBLE,PLAUSIBLE,OFF-TARGET
54,CTLA4;LAG3,imgt:Cancers_prostate_metastatic,PLAUSIBLE,PLAUSIBLE,OFF-TARGET
54,CTLA4;LAG3,imgt:Chronic_lymphocytic_leukemia_(CLL),PLAUSIBLE,PLAUSIBLE,OFF-TARGET
54,CTLA4;LAG3,imgt:Cancers_ovarian,PLAUSIBLE,PLAUSIBLE,OFF-TARGET
54,CTLA4;LAG3,imgt:Cancers_breast,PLAUSIBLE,PLAUSIBLE,OFF-TARGET
54,CTLA4;LAG3,imgt:Acute_myeloid_leukemia_(AML),PLAUSIBLE,PLAUSIBLE,OFF-TARGET
54,CTLA4;LAG3,imgt:Cancers_gastric,PLAUSIBLE,PLAUSIBLE,OFF-TARGET
54,CTLA4;LAG3,imgt:Acute_lymphocytic_leukemia_(ALL),PLAUSIBLE,PLAUSIBLE,OFF-TARGET
54,CTLA4;LAG3,imgt:Cancers_colorectal_(CRC),PLAUSIBLE,PLAUSIBLE,OFF-TARGET
54,CTLA4;LAG3,imgt:Solid_tumors_advanced_or_metastatic,OFF-TARGET,OFF-TARGET,OFF-TARGET
54,CTLA4;LAG3,imgt:Cancers_prostate,PLAUSIBLE,PLAUSIBLE,OFF-TARGET
54,CTLA4;LAG3,imgt:Lymphoma,PLAUSIBLE,PLAUSIBLE,OFF-TARGET
54,CTLA4;LAG3,imgt:Hepatocellular_carcinoma_(HCC)_metastatic,PLAUSIBLE,PLAUSIBLE,OFF-TARGET
54,CTLA4;LAG3,imgt:Lymphoma_diffuse_large_B_cell_(DLBCL),PLAUSIBLE,PLAUSIBLE,OFF-TARGET
54,CTLA4;LAG3,imgt:Cancers_head_and_neck,PLAUSIBLE,PLAUSIBLE,OFF-TARGET
55,SDC1,imgt:Cancers_non-small_cell_lung_(NSCLC),OFF-TARGET,OFF-TARGET,OFF-TARGET
55,SDC1,imgt:Non-Hodgkins_lymphoma_(NHL),PLAUSIBLE,OFF-TARGET,OFF-TARGET
55,SDC1,imgt:Cancers_breast,PLAUSIBLE,OFF-TARGET,OFF-TARGET
55,SDC1,imgt:Multiple_myeloma_(MM),PLAUSIBLE,PLAUSIBLE,OFF-TARGET
55,SDC1,imgt:Cancers_ovarian,OFF-TARGET,OFF-TARGET,OFF-TARGET
55,SDC1,imgt:Cancers_gastric,OFF-TARGET,OFF-TARGET,OFF-TARGET
55,SDC1,imgt:Chronic_lymphocytic_leukemia_(CLL),PLAUSIBLE,OFF-TARGET,OFF-TARGET
55,SDC1,imgt:Lymphoma_diffuse_large_B_cell_(DLBCL),PLAUSIBLE,OFF-TARGET,OFF-TARGET
55,SDC1,imgt:Cancers_pancreatic,PLAUSIBLE,OFF-TARGET,OFF-TARGET
55,SDC1,imgt:Cancers_head_and_neck,OFF-TARGET,OFF-TARGET,OFF-TARGET
55,SDC1,imgt:Lymphoma_B_cell,PLAUSIBLE,OFF-TARGET,OFF-TARGET
55,SDC1,imgt:Cancers_colorectal_(CRC),PLAUSIBLE,OFF-TARGET,OFF-TARGET
55,SDC1,imgt:Cancers_prostate,OFF-TARGET,OFF-TARGET,OFF-TARGET
55,SDC1,imgt:Hepatocellular_carcinoma_(HCC),PLAUSIBLE,OFF-TARGET,OFF-TARGET
55,SDC1,imgt:Renal_cell_carcinoma_(RCC),OFF-TARGET,OFF-TARGET,OFF-TARGET
55,SDC1,imgt:Acute_myeloid_leukemia_(AML),PLAUSIBLE,OFF-TARGET,OFF-TARGET
55,SDC1,imgt:Melanoma_metastatic,PLAUSIBLE,OFF-TARGET,OFF-TARGET
55,SDC1,imgt:Acute_lymphocytic_leukemia_(ALL),PLAUSIBLE,OFF-TARGET,OFF-TARGET
56,CD19;CD3E,imgt:Cancers_non-small_cell_lung_(NSCLC),PLAUSIBLE,PLAUSIBLE,OFF-TARGET
56,CD19;CD3E,imgt:Non-Hodgkins_lymphoma_(NHL),PLAUSIBLE,PLAUSIBLE,OFF-TARGET
56,CD19;CD3E,imgt:Multiple_myeloma_(MM),PLAUSIBLE,PLAUSIBLE,OFF-TARGET
56,CD19;CD3E,imgt:Chronic_lymphocytic_leukemia_(CLL),PLAUSIBLE,PLAUSIBLE,OFF-TARGET
56,CD19;CD3E,imgt:Acute_myeloid_leukemia_(AML),PLAUSIBLE,PLAUSIBLE,OFF-TARGET
56,CD19;CD3E,imgt:Cancers_gastric,PLAUSIBLE,PLAUSIBLE,OFF-TARGET
56,CD19;CD3E,imgt:Cancers_breast,PLAUSIBLE,PLAUSIBLE,OFF-TARGET
56,CD19;CD3E,imgt:Lymphoma,PLAUSIBLE,PLAUSIBLE,OFF-TARGET
56,CD19;CD3E,imgt:Acute_lymphocytic_leukemia_(ALL),PLAUSIBLE,PLAUSIBLE,OFF-TARGET
56,CD19;CD3E,imgt:Cancers_ovarian,PLAUSIBLE,PLAUSIBLE,OFF-TARGET
56,CD19;CD3E,imgt:Cancers_colorectal_(CRC),OFF-TARGET,OFF-TARGET,OFF-TARGET
56,CD19;CD3E,imgt:Solid_tumors_advanced_or_metastatic,OFF-TARGET,OFF-TARGET,OFF-TARGET
56,CD19;CD3E,imgt:Cancers_head_and_neck,OFF-TARGET,OFF-TARGET,OFF-TARGET
56,CD19;CD3E,imgt:Cancers_prostate,OFF-TARGET,OFF-TARGET,OFF-TARGET
56,CD19;CD3E,imgt:Cancers_pancreatic,OFF-TARGET,OFF-TARGET,OFF-TARGET
56,CD19;CD3E,imgt:Melanoma,PLAUSIBLE,PLAUSIBLE,OFF-TARGET
56,CD19;CD3E,imgt:Lymphoma_diffuse_large_B_cell_(DLBCL),PLAUSIBLE,PLAUSIBLE,OFF-TARGET
57,CD33,imgt:Acute_myeloid_leukemia_(AML),PLAUSIBLE,PLAUSIBLE,OFF-TARGET
57,CD33,imgt:Cancers_non-small_cell_lung_(NSCLC),OFF-TARGET,OFF-TARGET,OFF-TARGET
57,CD33,imgt:Non-Hodgkins_lymphoma_(NHL),OFF-TARGET,OFF-TARGET,OFF-TARGET
57,CD33,imgt:Cancers_breast,PLAUSIBLE,OFF-TARGET,OFF-TARGET
57,CD33,imgt:Cancers_ovarian,OFF-TARGET,OFF-TARGET,OFF-TARGET
57,CD33,imgt:Multiple_myeloma_(MM),PLAUSIBLE,PLAUSIBLE,OFF-TARGET
57,CD33,imgt:Lymphoma_B_cell,OFF-TARGET,OFF-TARGET,OFF-TARGET
57,CD33,imgt:Chronic_lymphocytic_leukemia_(CLL),PLAUSIBLE,PLAUSIBLE,OFF-TARGET
57,CD33,imgt:Glioblastoma_multiforme_(GBM),OFF-TARGET,OFF-TARGET,OFF-TARGET
57,CD33,imgt:Cancers_gastric,PLAUSIBLE,OFF-TARGET,OFF-TARGET
57,CD33,imgt:Cancers_colorectal_(CRC),PLAUSIBLE,OFF-TARGET,OFF-TARGET
57,CD33,imgt:Cancers_prostate,OFF-TARGET,OFF-TARGET,OFF-TARGET
57,CD33,imgt:Acute_lymphocytic_leukemia_(ALL),PLAUSIBLE,PLAUSIBLE,OFF-TARGET
57,CD33,imgt:Cancers_pancreatic,OFF-TARGET,OFF-TARGET,OFF-TARGET
57,CD33,imgt:Lymphoma_diffuse_large_B_cell_(DLBCL),OFF-TARGET,OFF-TARGET,OFF-TARGET
57,CD33,imgt:Melanoma,OFF-TARGET,OFF-TARGET,OFF-TARGET
57,CD33,imgt:Melanoma_metastatic,OFF-TARGET,OFF-TARGET,OFF-TARGET
57,CD33,imgt:Lymphoma,OFF-TARGET,OFF-TARGET,OFF-TARGET
58,ERBB2,imgt:Lymphoma_diffuse_large_B_cell_(DLBCL),OFF-TARGET,OFF-TARGET,OFF-TARGET
58,ERBB2,imgt:Cancers_colorectal_(CRC)_metastatic,PLAUSIBLE,PLAUSIBLE,PLAUSIBLE
58,ERBB2,imgt:Cancers_small_cell_lung_(SCLC),PLAUSIBLE,PLAUSIBLE,PLAUSIBLE
58,ERBB2,imgt:Merkel_cell_carcinoma_(MCC)_metastatic,OFF-TARGET,OFF-TARGET,OFF-TARGET
58,ERBB2,imgt:Cancers_pancreatic,PLAUSIBLE,PLAUSIBLE,OFF-TARGET
58,ERBB2,imgt:Neuroblastoma,OFF-TARGET,OFF-TARGET,OFF-TARGET
58,ERBB2,imgt:Cancers_breast_overexpressing_ERBB2_metastatic,PLAUSIBLE,PLAUSIBLE,OFF-TARGET
58,ERBB2,imgt:Cancers_biliary_tract,PLAUSIBLE,PLAUSIBLE,OFF-TARGET
58,ERBB2,imgt:Hepatitis_B,OFF-TARGET,OFF-TARGET,OFF-TARGET
58,ERBB2,imgt:Lymphoma_cutaneous_T_cell_(CTCL),PLAUSIBLE,OFF-TARGET,OFF-TARGET
58,ERBB2,imgt:Cancers_non-small_cell_lung_(NSCLC),PLAUSIBLE,PLAUSIBLE,PLAUSIBLE
58,ERBB2,imgt:Hepatitis_C,OFF-TARGET,OFF-TARGET,OFF-TARGET
58,ERBB2,imgt:Lymphoma_follicular_(FL),OFF-TARGET,OFF-TARGET,OFF-TARGET
58,ERBB2,imgt:Melanoma,PLAUSIBLE,OFF-TARGET,OFF-TARGET
58,ERBB2,imgt:Lymphoma_mantle_cell_(MCL),OFF-TARGET,OFF-TARGET,OFF-TARGET
58,ERBB2,imgt:Ewing_sarcoma,OFF-TARGET,OFF-TARGET,OFF-TARGET
58,ERBB2,imgt:Myeloma_multiple_(MM)_recurrent_or_refractory,OFF-TARGET,OFF-TARGET,OFF-TARGET
58,ERBB2,imgt:Lymphoproliferative_disorder_giant_lymph_node_hyperplasia_(Castlemans_disease),OFF-TARGET,OFF-TARGET,OFF-TARGET
58,ERBB2,imgt:Multicentric_Castlemans_disease_(MCD),OFF-TARGET,OFF-TARGET,OFF-TARGET
58,ERBB2,imgt:microsatellite_instability-high_cancer_(MSI-H),OFF-TARGET,OFF-TARGET,OFF-TARGET
59,CD70,imgt:Cancers_breast_overexpressing_ERBB2_metastatic,PLAUSIBLE,OFF-TARGET,OFF-TARGET
59,CD70,imgt:Primary_cutaneous_anaplastic_large_cell_lymphoma_(pcALCL),PLAUSIBLE,PLAUSIBLE,PLAUSIBLE
59,CD70,imgt:Lymphoma_diffuse_large_B_cell_(DLBCL),PLAUSIBLE,PLAUSIBLE,PLAUSIBLE
59,CD70,imgt:Multiple_myeloma_(MM),PLAUSIBLE,OFF-TARGET,OFF-TARGET
59,CD70,imgt:Anaplastic_large_cell_lymphoma_(ALCL),PLAUSIBLE,PLAUSIBLE,PLAUSIBLE
59,CD70,imgt:Chronic_lymphocytic_leukemia_(CLL),PLAUSIBLE,PLAUSIBLE,OFF-TARGET
59,CD70,imgt:Cancers_non-small_cell_lung_(NSCLC),PLAUSIBLE,OFF-TARGET,OFF-TARGET
59,CD70,imgt:Non-Hodgkins_lymphoma_(NHL),PLAUSIBLE,PLAUSIBLE,PLAUSIBLE
59,CD70,imgt:Cancers_ovarian,PLAUSIBLE,OFF-TARGET,OFF-TARGET
59,CD70,imgt:Lymphoma_cutaneous_T_cell_(CTCL),PLAUSIBLE,PLAUSIBLE,PLAUSIBLE
59,CD70,imgt:Acute_myeloid_leukemia_(AML),PLAUSIBLE,PLAUSIBLE,OFF-TARGET
59,CD70,imgt:Malignant_melanoma,PLAUSIBLE,OFF-TARGET,OFF-TARGET
59,CD70,imgt:Carcinoma_bladder_cancer_advanced_or_metastatic_urothelial_cancers,OFF-TARGET,OFF-TARGET,OFF-TARGET
59,CD70,imgt:Cancers_gastric,PLAUSIBLE,OFF-TARGET,OFF-TARGET
59,CD70,imgt:Carcinoma_head_and_neck_squamous_cell_carcinoma_(HNSCC),PLAUSIBLE,OFF-TARGET,OFF-TARGET
59,CD70,imgt:Malignant_ascites,OFF-TARGET,OFF-TARGET,OFF-TARGET
59,CD70,imgt:B_cell_leukemia,PLAUSIBLE,PLAUSIBLE,OFF-TARGET
59,CD70,imgt:Hairy_cell_leukemia_(HCL),PLAUSIBLE,PLAUSIBLE,OFF-TARGET
60,IL6R,imgt:Lymphoma_diffuse_large_B_cell_(DLBCL),OFF-TARGET,OFF-TARGET,OFF-TARGET
60,IL6R,imgt:Cancers_non-small_cell_lung_(NSCLC),OFF-TARGET,OFF-TARGET,OFF-TARGET
60,IL6R,imgt:Chronic_lymphocytic_leukemia_(CLL),OFF-TARGET,OFF-TARGET,OFF-TARGET
60,IL6R,imgt:Cancers_colorectal_(CRC)_metastatic,OFF-TARGET,OFF-TARGET,OFF-TARGET
60,IL6R,imgt:Cancers_gastric,OFF-TARGET,OFF-TARGET,OFF-TARGET
60,IL6R,imgt:Cancers_small_cell_lung_(SCLC),OFF-TARGET,OFF-TARGET,OFF-TARGET
60,IL6R,imgt:Cancers_breast_overexpressing_ERBB2_metastatic,OFF-TARGET,OFF-TARGET,OFF-TARGET
60,IL6R,imgt:Multiple_myeloma_(MM),OFF-TARGET,OFF-TARGET,OFF-TARGET
60,IL6R,imgt:Non-Hodgkins_lymphoma_(NHL),OFF-TARGET,OFF-TARGET,OFF-TARGET
60,IL6R,imgt:Carcinoma_bladder_cancer_advanced_or_metastatic_urothelial_cancers,OFF-TARGET,OFF-TARGET,OFF-TARGET
60,IL6R,imgt:Age-related_macular_degeneration_(AMD)_neovascular_(wet),OFF-TARGET,OFF-TARGET,OFF-TARGET
60,IL6R,imgt:Melanoma,OFF-TARGET,OFF-TARGET,OFF-TARGET
60,IL6R,imgt:Hepatocellular_carcinoma_(HCC),OFF-TARGET,OFF-TARGET,OFF-TARGET
60,IL6R,imgt:Lymphoma_follicular_(FL),OFF-TARGET,OFF-TARGET,OFF-TARGET
60,IL6R,imgt:Cancers_breast,OFF-TARGET,OFF-TARGET,OFF-TARGET
60,IL6R,imgt:B_cell_acute_lymphoblastic_leukemia_(B_cell_ALL),PLAUSIBLE,PLAUSIBLE,OFF-TARGET
60,IL6R,imgt:Lymphoproliferative_disorder_giant_lymph_node_hyperplasia_(Castlemans_disease),OFF-TARGET,OFF-TARGET,OFF-TARGET
60,IL6R,imgt:Merkel_cell_carcinoma_(MCC)_metastatic,OFF-TARGET,OFF-TARGET,OFF-TARGET
60,IL6R,imgt:Mesothelioma_pleural_malignant,OFF-TARGET,OFF-TARGET,OFF-TARGET
62,IL2RA,imgt:Cancers_non-small_cell_lung_(NSCLC),OFF-TARGET,OFF-TARGET,OFF-TARGET
62,IL2RA,imgt:Non-Hodgkins_lymphoma_(NHL),PLAUSIBLE,PLAUSIBLE,OFF-TARGET
62,IL2RA,imgt:Multiple_myeloma_(MM),PLAUSIBLE,PLAUSIBLE,PLAUSIBLE
62,IL2RA,imgt:Chronic_lymphocytic_leukemia_(CLL),PLAUSIBLE,PLAUSIBLE,OFF-TARGET
62,IL2RA,imgt:Cancers_breast,OFF-TARGET,OFF-TARGET,OFF-TARGET
62,IL2RA,imgt:Acute_myeloid_leukemia_(AML),PLAUSIBLE,PLAUSIBLE,OFF-TARGET
62,IL2RA,imgt:Cancers_gastric,OFF-TARGET,OFF-TARGET,OFF-TARGET
62,IL2RA,imgt:Acute_lymphocytic_leukemia_(ALL),PLAUSIBLE,PLAUSIBLE,OFF-TARGET
62,IL2RA,imgt:Lymphoma,PLAUSIBLE,PLAUSIBLE,OFF-TARGET
62,IL2RA,imgt:Cancers_ovarian,OFF-TARGET,OFF-TARGET,OFF-TARGET
62,IL2RA,imgt:Solid_tumors_advanced_or_metastatic,OFF-TARGET,OFF-TARGET,OFF-TARGET
62,IL2RA,imgt:Cancers_head_and_neck,OFF-TARGET,OFF-TARGET,OFF-TARGET
62,IL2RA,imgt:Cancers_colorectal_(CRC),OFF-TARGET,OFF-TARGET,OFF-TARGET
62,IL2RA,imgt:Cancers_prostate,OFF-TARGET,OFF-TARGET,OFF-TARGET
62,IL2RA,imgt:Cancers_pancreatic,OFF-TARGET,OFF-TARGET,OFF-TARGET
62,IL2RA,imgt:Lymphoma_diffuse_large_B_cell_(DLBCL),PLAUSIBLE,PLAUSIBLE,OFF-TARGET
62,IL2RA,imgt:Glioblastoma_multiforme_(GBM),OFF-TARGET,OFF-TARGET,OFF-TARGET
63,CD33;CD3E,imgt:Cancers_non-small_cell_lung_(NSCLC),PLAUSIBLE,PLAUSIBLE,OFF-TARGET
63,CD33;CD3E,imgt:Multiple_myeloma_(MM),PLAUSIBLE,PLAUSIBLE,OFF-TARGET
63,CD33;CD3E,imgt:Non-Hodgkins_lymphoma_(NHL),PLAUSIBLE,PLAUSIBLE,OFF-TARGET
63,CD33;CD3E,imgt:Cancers_breast,PLAUSIBLE,PLAUSIBLE,OFF-TARGET
63,CD33;CD3E,imgt:Chronic_lymphocytic_leukemia_(CLL),PLAUSIBLE,PLAUSIBLE,OFF-TARGET
63,CD33;CD3E,imgt:Acute_myeloid_leukemia_(AML),PLAUSIBLE,PLAUSIBLE,OFF-TARGET
63,CD33;CD3E,imgt:Cancers_ovarian,PLAUSIBLE,PLAUSIBLE,OFF-TARGET
63,CD33;CD3E,imgt:Lymphoma,PLAUSIBLE,PLAUSIBLE,OFF-TARGET
63,CD33;CD3E,imgt:Cancers_prostate,OFF-TARGET,OFF-TARGET,OFF-TARGET
63,CD33;CD3E,imgt:Acute_lymphocytic_leukemia_(ALL),PLAUSIBLE,PLAUSIBLE,OFF-TARGET
63,CD33;CD3E,imgt:Cancers_gastric,PLAUSIBLE,PLAUSIBLE,OFF-TARGET
63,CD33;CD3E,imgt:Cancers_pancreatic,OFF-TARGET,OFF-TARGET,OFF-TARGET
63,CD33;CD3E,imgt:Cancers_colorectal_(CRC),PLAUSIBLE,OFF-TARGET,OFF-TARGET
63,CD33;CD3E,imgt:Lymphoma_B_cell,PLAUSIBLE,PLAUSIBLE,OFF-TARGET
63,CD33;CD3E,imgt:Melanoma,PLAUSIBLE,PLAUSIBLE,OFF-TARGET
63,CD33;CD3E,imgt:Lymphoma_diffuse_large_B_cell_(DLBCL),PLAUSIBLE,PLAUSIBLE,OFF-TARGET
63,CD33;CD3E,imgt:Renal_cell_carcinoma_(RCC),OFF-TARGET,OFF-TARGET,OFF-TARGET
63,CD33;CD3E,imgt:Glioblastoma_multiforme_(GBM),OFF-TARGET,OFF-TARGET,OFF-TARGET
64,PDGFRA,imgt:Cancers_breast,PLAUSIBLE,PLAUSIBLE,OFF-TARGET
64,PDGFRA,imgt:Cancers_non-small_cell_lung_(NSCLC),PLAUSIBLE,PLAUSIBLE,OFF-TARGET
64,PDGFRA,imgt:Non-Hodgkins_lymphoma_(NHL),OFF-TARGET,OFF-TARGET,OFF-TARGET
64,PDGFRA,imgt:Cancers_ovarian,PLAUSIBLE,PLAUSIBLE,PLAUSIBLE
64,PDGFRA,imgt:Cancers_pancreatic,OFF-TARGET,OFF-TARGET,OFF-TARGET
64,PDGFRA,imgt:Acute_myeloid_leukemia_(AML),PLAUSIBLE,PLAUSIBLE,OFF-TARGET
64,PDGFRA,imgt:Glioblastoma_multiforme_(GBM),PLAUSIBLE,PLAUSIBLE,OFF-TARGET
64,PDGFRA,imgt:Cancers_head_and_neck,OFF-TARGET,OFF-TARGET,OFF-TARGET
64,PDGFRA,imgt:Multiple_myeloma_(MM),PLAUSIBLE,PLAUSIBLE,OFF-TARGET
64,PDGFRA,imgt:Lymphoma_B_cell,OFF-TARGET,OFF-TARGET,OFF-TARGET
64,PDGFRA,imgt:Cancers_colorectal_(CRC),PLAUSIBLE,PLAUSIBLE,OFF-TARGET
64,PDGFRA,imgt:Lymphoma_diffuse_large_B_cell_(DLBCL),OFF-TARGET,OFF-TARGET,OFF-TARGET
64,PDGFRA,imgt:Chronic_lymphocytic_leukemia_(CLL),PLAUSIBLE,PLAUSIBLE,OFF-TARGET
64,PDGFRA,imgt:Hepatocellular_carcinoma_(HCC),PLAUSIBLE,PLAUSIBLE,OFF-TARGET
64,PDGFRA,imgt:Cancers_gastric,OFF-TARGET,OFF-TARGET,OFF-TARGET
64,PDGFRA,imgt:Cancers_colorectal_(CRC)_metastatic,PLAUSIBLE,PLAUSIBLE,OFF-TARGET
64,PDGFRA,imgt:Cancers_prostate,OFF-TARGET,OFF-TARGET,OFF-TARGET
64,PDGFRA,imgt:Hodgkin_lymphoma,OFF-TARGET,OFF-TARGET,OFF-TARGET
65,CD22,imgt:Cancers_non-small_cell_lung_(NSCLC),OFF-TARGET,OFF-TARGET,OFF-TARGET
65,CD22,imgt:Non-Hodgkins_lymphoma_(NHL),PLAUSIBLE,PLAUSIBLE,OFF-TARGET
65,CD22,imgt:Cancers_pancreatic,OFF-TARGET,OFF-TARGET,OFF-TARGET
65,CD22,imgt:Multiple_myeloma_(MM),OFF-TARGET,OFF-TARGET,OFF-TARGET
65,CD22,imgt:Cancers_breast,PLAUSIBLE,OFF-TARGET,OFF-TARGET
65,CD22,imgt:Chronic_lymphocytic_leukemia_(CLL),PLAUSIBLE,PLAUSIBLE,OFF-TARGET
65,CD22,imgt:Acute_myeloid_leukemia_(AML),PLAUSIBLE,PLAUSIBLE,OFF-TARGET
65,CD22,imgt:Cancers_ovarian,OFF-TARGET,OFF-TARGET,OFF-TARGET
65,CD22,imgt:Cancers_colorectal_(CRC),OFF-TARGET,OFF-TARGET,OFF-TARGET
65,CD22,imgt:Acute_lymphocytic_leukemia_(ALL),PLAUSIBLE,PLAUSIBLE,OFF-TARGET
65,CD22,imgt:Cancers_gastric,OFF-TARGET,OFF-TARGET,OFF-TARGET
65,CD22,imgt:Lymphoma_B_cell,PLAUSIBLE,PLAUSIBLE,OFF-TARGET
65,CD22,imgt:Cancers_prostate_metastatic,OFF-TARGET,OFF-TARGET,OFF-TARGET
65,CD22,imgt:Cancers_head_and_neck,OFF-TARGET,OFF-TARGET,OFF-TARGET
65,CD22,imgt:Myelodysplastic_syndromes_(MDS),OFF-TARGET,OFF-TARGET,OFF-TARGET
65,CD22,imgt:Renal_cell_carcinoma_(RCC),OFF-TARGET,OFF-TARGET,OFF-TARGET
65,CD22,imgt:Lymphoma,PLAUSIBLE,PLAUSIBLE,OFF-TARGET
65,CD22,imgt:Soft-tissue_sarcoma_(STS),OFF-TARGET,OFF-TARGET,OFF-TARGET
66,ERBB2,imgt:Cancers_non-small_cell_lung_(NSCLC),PLAUSIBLE,PLAUSIBLE,PLAUSIBLE
66,ERBB2,imgt:Non-Hodgkins_lymphoma_(NHL),OFF-TARGET,OFF-TARGET,OFF-TARGET
66,ERBB2,imgt:Chronic_lymphocytic_leukemia_(CLL),OFF-TARGET,OFF-TARGET,OFF-TARGET
66,ERBB2,imgt:Multiple_myeloma_(MM),OFF-TARGET,OFF-TARGET,OFF-TARGET
66,ERBB2,imgt:Cancers_breast,PLAUSIBLE,PLAUSIBLE,OFF-TARGET
66,ERBB2,imgt:Cancers_breast_overexpressing_ERBB2_metastatic,PLAUSIBLE,PLAUSIBLE,OFF-TARGET
66,ERBB2,imgt:Cancers_gastric,PLAUSIBLE,PLAUSIBLE,PLAUSIBLE
66,ERBB2,imgt:Acute_lymphocytic_leukemia_(ALL),OFF-TARGET,OFF-TARGET,OFF-TARGET
66,ERBB2,imgt:Acute_myeloid_leukemia_(AML),OFF-TARGET,OFF-TARGET,OFF-TARGET
66,ERBB2,imgt:Lymphoma,OFF-TARGET,OFF-TARGET,OFF-TARGET
66,ERBB2,imgt:Cancers_ovarian,PLAUSIBLE,PLAUSIBLE,PLAUSIBLE
66,ERBB2,imgt:Renal_cell_carcinoma_(RCC),OFF-TARGET,OFF-TARGET,OFF-TARGET
66,ERBB2,imgt:Cancers_head_and_neck,PLAUSIBLE,PLAUSIBLE,OFF-TARGET
66,ERBB2,imgt:Lymphoma_diffuse_large_B_cell_(DLBCL),OFF-TARGET,OFF-TARGET,OFF-TARGET
66,ERBB2,imgt:Cancers_pancreatic,PLAUSIBLE,PLAUSIBLE,OFF-TARGET
66,ERBB2,imgt:Cancers_prostate,PLAUSIBLE,PLAUSIBLE,OFF-TARGET
66,ERBB2,imgt:Lymphoma_follicular_(FL),OFF-TARGET,OFF-TARGET,OFF-TARGET
66,ERBB2,imgt:Cancers_colorectal_(CRC)_metastatic,PLAUSIBLE,PLAUSIBLE,PLAUSIBLE
67,INHBA,imgt:Cancers_non-small_cell_lung_(NSCLC),PLAUSIBLE,PLAUSIBLE,OFF-TARGET
67,INHBA,imgt:Cancers_breast,PLAUSIBLE,OFF-TARGET,OFF-TARGET
67,INHBA,imgt:Non-Hodgkins_lymphoma_(NHL),OFF-TARGET,OFF-TARGET,OFF-TARGET
67,INHBA,imgt:Cancers_gastric,PLAUSIBLE,OFF-TARGET,OFF-TARGET
67,INHBA,imgt:Cancers_ovarian,PLAUSIBLE,OFF-TARGET,PLAUSIBLE
67,INHBA,imgt:Chronic_lymphocytic_leukemia_(CLL),OFF-TARGET,OFF-TARGET,OFF-TARGET
67,INHBA,imgt:Multiple_myeloma_(MM),PLAUSIBLE,PLAUSIBLE,OFF-TARGET
67,INHBA,imgt:Acute_myeloid_leukemia_(AML),OFF-TARGET,OFF-TARGET,OFF-TARGET
67,INHBA,imgt:Cancers_colorectal_(CRC),PLAUSIBLE,OFF-TARGET,OFF-TARGET
67,INHBA,imgt:Glioblastoma_multiforme_(GBM),OFF-TARGET,OFF-TARGET,OFF-TARGET
67,INHBA,imgt:Cancers_head_and_neck,OFF-TARGET,OFF-TARGET,OFF-TARGET
67,INHBA,imgt:Lymphoma_diffuse_large_B_cell_(DLBCL),OFF-TARGET,OFF-TARGET,OFF-TARGET
67,INHBA,imgt:Hepatocellular_carcinoma_(HCC),OFF-TARGET,OFF-TARGET,OFF-TARGET
67,INHBA,imgt:Melanoma_metastatic,OFF-TARGET,OFF-TARGET,OFF-TARGET
67,INHBA,imgt:Cancers_prostate,OFF-TARGET,OFF-TARGET,OFF-TARGET
67,INHBA,imgt:Melanoma,OFF-TARGET,OFF-TARGET,OFF-TARGET
67,INHBA,imgt:Hodgkin_lymphoma,OFF-TARGET,OFF-TARGET,OFF-TARGET
67,INHBA,imgt:Rheumatoid_arthritis_(RA),OFF-TARGET,OFF-TARGET,OFF-TARGET
68,FLT1,imgt:Cancers_non-small_cell_lung_(NSCLC),PLAUSIBLE,PLAUSIBLE,OFF-TARGET
68,FLT1,imgt:Cancers_rectal,OFF-TARGET,OFF-TARGET,OFF-TARGET
68,FLT1,imgt:Cancers_breast,PLAUSIBLE,PLAUSIBLE,OFF-TARGET
68,FLT1,imgt:Non-Hodgkins_lymphoma_(NHL),OFF-TARGET,OFF-TARGET,OFF-TARGET
68,FLT1,imgt:Multiple_myeloma_(MM),OFF-TARGET,OFF-TARGET,OFF-TARGET
68,FLT1,imgt:Cancers_ovarian,PLAUSIBLE,PLAUSIBLE,OFF-TARGET
68,FLT1,imgt:Acute_myeloid_leukemia_(AML),PLAUSIBLE,PLAUSIBLE,OFF-TARGET
68,FLT1,imgt:Cancers_gastric,PLAUSIBLE,PLAUSIBLE,OFF-TARGET
68,FLT1,imgt:Carcinoma_head_and_neck_squamous_cell_carcinoma_(HNSCC),PLAUSIBLE,PLAUSIBLE,OFF-TARGET
68,FLT1,imgt:Cancers_colorectal_(CRC),PLAUSIBLE,PLAUSIBLE,OFF-TARGET
68,FLT1,imgt:Chronic_lymphocytic_leukemia_(CLL),PLAUSIBLE,PLAUSIBLE,OFF-TARGET
68,FLT1,imgt:Lymphoma_diffuse_large_B_cell_(DLBCL),OFF-TARGET,OFF-TARGET,OFF-TARGET
68,FLT1,imgt:Melanoma_metastatic,PLAUSIBLE,PLAUSIBLE,OFF-TARGET
68,FLT1,imgt:Cancers_pancreatic,PLAUSIBLE,PLAUSIBLE,OFF-TARGET
68,FLT1,imgt:Cancers_colorectal_(CRC)_metastatic,PLAUSIBLE,PLAUSIBLE,OFF-TARGET
68,FLT1,imgt:Hepatocellular_carcinoma_(HCC),PLAUSIBLE,PLAUSIBLE,OFF-TARGET
68,FLT1,imgt:Cancers_prostate,OFF-TARGET,OFF-TARGET,OFF-TARGET
68,FLT1,imgt:Cancers_head_and_neck,PLAUSIBLE,PLAUSIBLE,OFF-TARGET
69,PDCD1,imgt:Cancers_non-small_cell_lung_(NSCLC),PLAUSIBLE,PLAUSIBLE,OFF-TARGET
69,PDCD1,imgt:Cancers_gastric,PLAUSIBLE,PLAUSIBLE,OFF-TARGET
69,PDCD1,imgt:Lymphoma_diffuse_large_B_cell_(DLBCL),PLAUSIBLE,PLAUSIBLE,OFF-TARGET
69,PDCD1,imgt:Hodgkin_lymphoma,PLAUSIBLE,PLAUSIBLE,OFF-TARGET
69,PDCD1,imgt:Non-Hodgkins_lymphoma_(NHL),PLAUSIBLE,PLAUSIBLE,OFF-TARGET
69,PDCD1,imgt:Cancers_ovarian,PLAUSIBLE,PLAUSIBLE,OFF-TARGET
69,PDCD1,imgt:Chronic_lymphocytic_leukemia_(CLL),OFF-TARGET,OFF-TARGET,OFF-TARGET
69,PDCD1,imgt:Cancers_colorectal_(CRC)_metastatic,PLAUSIBLE,PLAUSIBLE,OFF-TARGET
69,PDCD1,imgt:Cancers_breast,PLAUSIBLE,PLAUSIBLE,OFF-TARGET
69,PDCD1,imgt:Carcinoma_nasopharyngeal_(NC),PLAUSIBLE,PLAUSIBLE,OFF-TARGET
69,PDCD1,imgt:Lymphoma_follicular_(FL),PLAUSIBLE,PLAUSIBLE,OFF-TARGET
69,PDCD1,imgt:Cancers_head_and_neck,PLAUSIBLE,PLAUSIBLE,OFF-TARGET
69,PDCD1,imgt:Cancers_colorectal_(CRC),PLAUSIBLE,PLAUSIBLE,OFF-TARGET
69,PDCD1,imgt:Hepatocellular_carcinoma_(HCC),PLAUSIBLE,PLAUSIBLE,OFF-TARGET
69,PDCD1,imgt:Melanoma,PLAUSIBLE,PLAUSIBLE,OFF-TARGET
69,PDCD1,imgt:Cancers_small_cell_lung_(SCLC),PLAUSIBLE,PLAUSIBLE,OFF-TARGET
69,PDCD1,imgt:Multiple_myeloma_(MM),PLAUSIBLE,PLAUSIBLE,OFF-TARGET
69,PDCD1,imgt:Melanoma_metastatic,PLAUSIBLE,PLAUSIBLE,OFF-TARGET
69,PDCD1,imgt:Neuromyelitis_optica_(NMO),OFF-TARGET,OFF-TARGET,OFF-TARGET
70,CD19,imgt:Cancers_non-small_cell_lung_(NSCLC),OFF-TARGET,OFF-TARGET,OFF-TARGET
70,CD19,imgt:Non-Hodgkins_lymphoma_(NHL),PLAUSIBLE,PLAUSIBLE,OFF-TARGET
70,CD19,imgt:Multiple_myeloma_(MM),PLAUSIBLE,PLAUSIBLE,OFF-TARGET
70,CD19,imgt:Chronic_lymphocytic_leukemia_(CLL),PLAUSIBLE,PLAUSIBLE,OFF-TARGET
70,CD19,imgt:Cancers_breast,OFF-TARGET,OFF-TARGET,OFF-TARGET
70,CD19,imgt:Acute_myeloid_leukemia_(AML),PLAUSIBLE,PLAUSIBLE,OFF-TARGET
70,CD19,imgt:Cancers_gastric,OFF-TARGET,OFF-TARGET,OFF-TARGET
70,CD19,imgt:Acute_lymphocytic_leukemia_(ALL),PLAUSIBLE,PLAUSIBLE,OFF-TARGET
70,CD19,imgt:Lymphoma,PLAUSIBLE,PLAUSIBLE,OFF-TARGET
70,CD19,imgt:Cancers_ovarian,OFF-TARGET,OFF-TARGET,OFF-TARGET
70,CD19,imgt:Solid_tumors_advanced_or_metastatic,OFF-TARGET,OFF-TARGET,OFF-TARGET
70,CD19,imgt:Cancers_colorectal_(CRC),OFF-TARGET,OFF-TARGET,OFF-TARGET
70,CD19,imgt:Cancers_head_and_neck,OFF-TARGET,OFF-TARGET,OFF-TARGET
70,CD19,imgt:Cancers_prostate,OFF-TARGET,OFF-TARGET,OFF-TARGET
70,CD19,imgt:Cancers_pancreatic,OFF-TARGET,OFF-TARGET,OFF-TARGET
70,CD19,imgt:Lymphoma_diffuse_large_B_cell_(DLBCL),PLAUSIBLE,PLAUSIBLE,OFF-TARGET
70,CD19,imgt:Renal_cell_carcinoma_(RCC),OFF-TARGET,OFF-TARGET,OFF-TARGET
71,STEAP1,imgt:Cancers_non-small_cell_lung_(NSCLC),PLAUSIBLE,OFF-TARGET,OFF-TARGET
71,STEAP1,imgt:Cancers_prostate,PLAUSIBLE,PLAUSIBLE,OFF-TARGET
71,STEAP1,imgt:Multiple_myeloma_(MM),OFF-TARGET,OFF-TARGET,OFF-TARGET
71,STEAP1,imgt:Non-Hodgkins_lymphoma_(NHL),OFF-TARGET,OFF-TARGET,OFF-TARGET
71,STEAP1,imgt:Chronic_lymphocytic_leukemia_(CLL),PLAUSIBLE,OFF-TARGET,OFF-TARGET
71,STEAP1,imgt:Cancers_breast,PLAUSIBLE,OFF-TARGET,OFF-TARGET
71,STEAP1,imgt:Cancers_ovarian,PLAUSIBLE,OFF-TARGET,OFF-TARGET
71,STEAP1,imgt:Acute_myeloid_leukemia_(AML),PLAUSIBLE,OFF-TARGET,OFF-TARGET
71,STEAP1,imgt:Cancers_gastric,PLAUSIBLE,OFF-TARGET,OFF-TARGET
71,STEAP1,imgt:Acute_lymphocytic_leukemia_(ALL),PLAUSIBLE,OFF-TARGET,OFF-TARGET
71,STEAP1,imgt:Lymphoma,OFF-TARGET,OFF-TARGET,OFF-TARGET
71,STEAP1,imgt:Cancers_colorectal_(CRC),PLAUSIBLE,OFF-TARGET,OFF-TARGET
71,STEAP1,imgt:Lymphoma_diffuse_large_B_cell_(DLBCL),OFF-TARGET,OFF-TARGET,OFF-TARGET
71,STEAP1,imgt:Solid_tumors_advanced_or_metastatic,OFF-TARGET,OFF-TARGET,OFF-TARGET
71,STEAP1,imgt:Cancers_prostate_metastatic,PLAUSIBLE,PLAUSIBLE,OFF-TARGET
71,STEAP1,imgt:Hodgkin_lymphoma,OFF-TARGET,OFF-TARGET,OFF-TARGET
71,STEAP1,imgt:Renal_cell_carcinoma_(RCC),OFF-TARGET,OFF-TARGET,OFF-TARGET
72,MS4A1,imgt:Rheumatoid_arthritis_(RA),PLAUSIBLE,PLAUSIBLE,OFF-TARGET
72,MS4A1,imgt:Lymphoma_diffuse_large_B_cell_(DLBCL),PLAUSIBLE,PLAUSIBLE,OFF-TARGET
72,MS4A1,imgt:Non-Hodgkins_lymphoma_(NHL),PLAUSIBLE,PLAUSIBLE,OFF-TARGET
72,MS4A1,imgt:Cancers_non-small_cell_lung_(NSCLC),PLAUSIBLE,PLAUSIBLE,OFF-TARGET
72,MS4A1,imgt:Chronic_focal_encephalitis_(CFE),PLAUSIBLE,PLAUSIBLE,OFF-TARGET
72,MS4A1,imgt:Chronic_lymphocytic_leukemia_(CLL),PLAUSIBLE,PLAUSIBLE,OFF-TARGET
72,MS4A1,imgt:Non-Hodgkins_lymphoma_(NHL)_follicular_CD20_positive_relapsed_or_refractory_low_grade,PLAUSIBLE,PLAUSIBLE,OFF-TARGET
72,MS4A1,imgt:Cancers_gastric,OFF-TARGET,OFF-TARGET,OFF-TARGET
72,MS4A1,imgt:Cancers_breast,OFF-TARGET,OFF-TARGET,OFF-TARGET
72,MS4A1,imgt:Solid_organ_transplantation,OFF-TARGET,OFF-TARGET,OFF-TARGET
72,MS4A1,imgt:Wegeners_Granulomatosis_(WG)_and_Microscopic_Polygamiitis_(MPA)_in_combination_with_glucocorticoides,PLAUSIBLE,PLAUSIBLE,OFF-TARGET
72,MS4A1,imgt:Multiple_myeloma_(MM),PLAUSIBLE,PLAUSIBLE,OFF-TARGET
72,MS4A1,imgt:Melanoma,OFF-TARGET,OFF-TARGET,OFF-TARGET
72,MS4A1,imgt:Myasthenia_Gravis_(MG),PLAUSIBLE,PLAUSIBLE,OFF-TARGET
72,MS4A1,imgt:Cancers_ovarian,OFF-TARGET,OFF-TARGET,OFF-TARGET
72,MS4A1,imgt:Neuromyelitis_optica_(NMO),PLAUSIBLE,PLAUSIBLE,OFF-TARGET
72,MS4A1,imgt:Lymphoma_follicular_(FL),PLAUSIBLE,PLAUSIBLE,OFF-TARGET
72,MS4A1,imgt:Cancers_colorectal_(CRC)_metastatic,OFF-TARGET,OFF-TARGET,OFF-TARGET
72,MS4A1,imgt:Lymphoma_cutaneous_T_cell_(CTCL),PLAUSIBLE,PLAUSIBLE,OFF-TARGET
73,EGFR,imgt:Carcinoma_head_and_neck_squamous_cell_carcinoma_(HNSCC),PLAUSIBLE,PLAUSIBLE,PLAUSIBLE
73,EGFR,imgt:Multiple_myeloma_(MM),OFF-TARGET,OFF-TARGET,OFF-TARGET
73,EGFR,imgt:Cancers_non-small_cell_lung_(NSCLC),PLAUSIBLE,PLAUSIBLE,PLAUSIBLE
73,EGFR,imgt:Cancers_gastric,PLAUSIBLE,PLAUSIBLE,OFF-TARGET
73,EGFR,imgt:Lymphoma_diffuse_large_B_cell_(DLBCL),OFF-TARGET,OFF-TARGET,OFF-TARGET
73,EGFR,imgt:Cancers_colorectal_(CRC)_metastatic,PLAUSIBLE,PLAUSIBLE,OFF-TARGET
73,EGFR,imgt:Cancers_ovarian,PLAUSIBLE,PLAUSIBLE,PLAUSIBLE
73,EGFR,imgt:Chronic_lymphocytic_leukemia_(CLL),OFF-TARGET,OFF-TARGET,OFF-TARGET
73,EGFR,imgt:Cancers_breast,PLAUSIBLE,PLAUSIBLE,PLAUSIBLE
73,EGFR,imgt:Cancers_small_cell_lung_(SCLC),PLAUSIBLE,PLAUSIBLE,PLAUSIBLE
73,EGFR,imgt:Cancers_colorectal_(CRC),PLAUSIBLE,PLAUSIBLE,OFF-TARGET
73,EGFR,imgt:Hepatocellular_carcinoma_(HCC),OFF-TARGET,OFF-TARGET,OFF-TARGET
73,EGFR,imgt:Neuroblastoma,OFF-TARGET,OFF-TARGET,OFF-TARGET
73,EGFR,imgt:Melanoma,OFF-TARGET,OFF-TARGET,OFF-TARGET
73,EGFR,imgt:Non-Hodgkins_lymphoma_(NHL),OFF-TARGET,OFF-TARGET,OFF-TARGET
73,EGFR,imgt:Carcinoma_bladder_cancer_advanced_or_metastatic_urothelial_cancers,PLAUSIBLE,PLAUSIBLE,OFF-TARGET
73,EGFR,imgt:Cancers_brain_metastatic,OFF-TARGET,OFF-TARGET,OFF-TARGET
73,EGFR,imgt:Non-Hodgkins_lymphoma_(NHL)_follicular_CD20_positive_relapsed_or_refractory_low_grade,OFF-TARGET,OFF-TARGET,OFF-TARGET
73,EGFR,imgt:Cancers_breast_overexpressing_ERBB2_metastatic,PLAUSIBLE,PLAUSIBLE,PLAUSIBLE
74,IL6R,imgt:Lymphoproliferative_disorder_giant_lymph_node_hyperplasia_(Castlemans_disease),OFF-TARGET,OFF-TARGET,OFF-TARGET
74,IL6R,imgt:Lymphoma_diffuse_large_B_cell_(DLBCL),OFF-TARGET,OFF-TARGET,OFF-TARGET
74,IL6R,imgt:Multiple_myeloma_(MM),OFF-TARGET,OFF-TARGET,OFF-TARGET
74,IL6R,imgt:Polyarticular_Juvenile_Idiopathic_Arthritis_(PJIA),PLAUSIBLE,PLAUSIBLE,PLAUSIBLE
74,IL6R,imgt:Chronic_lymphocytic_leukemia_(CLL),OFF-TARGET,OFF-TARGET,OFF-TARGET
74,IL6R,imgt:Cytokine_Release_Syndrome_(CRS),OFF-TARGET,OFF-TARGET,OFF-TARGET
74,IL6R,imgt:Cancers_non-small_cell_lung_(NSCLC),OFF-TARGET,OFF-TARGET,OFF-TARGET
74,IL6R,imgt:Cancers_small_cell_lung_(SCLC),OFF-TARGET,OFF-TARGET,OFF-TARGET
74,IL6R,imgt:Cancers_colorectal_(CRC)_metastatic,OFF-TARGET,OFF-TARGET,OFF-TARGET
74,IL6R,imgt:Cancers_breast_overexpressing_ERBB2_metastatic,OFF-TARGET,OFF-TARGET,OFF-TARGET
74,IL6R,imgt:Cancers_gastric,OFF-TARGET,OFF-TARGET,OFF-TARGET
74,IL6R,imgt:Non-Hodgkins_lymphoma_(NHL)_follicular_CD20_positive_relapsed_or_refractory_low_grade,OFF-TARGET,OFF-TARGET,OFF-TARGET
74,IL6R,imgt:Cancers_breast_ERB2_negative_metastatic,OFF-TARGET,OFF-TARGET,OFF-TARGET
74,IL6R,imgt:Neuroblastoma,OFF-TARGET,OFF-TARGET,OFF-TARGET
74,IL6R,imgt:Lymphoma_follicular_(FL),OFF-TARGET,OFF-TARGET,OFF-TARGET
74,IL6R,imgt:Giant_cell_arteritis,PLAUSIBLE,PLAUSIBLE,OFF-TARGET
74,IL6R,imgt:Multiple_sclerosis_(MS),PLAUSIBLE,PLAUSIBLE,OFF-TARGET
74,IL6R,imgt:Primary_cutaneous_anaplastic_large_cell_lymphoma_(pcALCL),OFF-TARGET,OFF-TARGET,OFF-TARGET
74,IL6R,imgt:Carcinoma_head_and_neck_squamous_cell_carcinoma_(HNSCC),OFF-TARGET,OFF-TARGET,OFF-TARGET
74,IL6R,imgt:Cancers_ovarian,OFF-TARGET,OFF-TARGET,OFF-TARGET
75,ERBB2;ERBB3,imgt:Cancers_non-small_cell_lung_(NSCLC),PLAUSIBLE,PLAUSIBLE,PLAUSIBLE
75,ERBB2;ERBB3,imgt:Non-Hodgkins_lymphoma_(NHL),OFF-TARGET,OFF-TARGET,OFF-TARGET
75,ERBB2;ERBB3,imgt:Cancers_prostate_metastatic,PLAUSIBLE,PLAUSIBLE,OFF-TARGET
75,ERBB2;ERBB3,imgt:Lymphoma_B_cell,OFF-TARGET,OFF-TARGET,OFF-TARGET
75,ERBB2;ERBB3,imgt:Cancers_ovarian,PLAUSIBLE,PLAUSIBLE,PLAUSIBLE
75,ERBB2;ERBB3,imgt:Cancers_pancreatic,PLAUSIBLE,PLAUSIBLE,OFF-TARGET
75,ERBB2;ERBB3,imgt:Acute_myeloid_leukemia_(AML),OFF-TARGET,OFF-TARGET,OFF-TARGET
75,ERBB2;ERBB3,imgt:Chronic_lymphocytic_leukemia_(CLL),OFF-TARGET,OFF-TARGET,OFF-TARGET
75,ERBB2;ERBB3,imgt:Multiple_myeloma_(MM),OFF-TARGET,OFF-TARGET,OFF-TARGET
75,ERBB2;ERBB3,imgt:Acute_lymphocytic_leukemia_(ALL),OFF-TARGET,OFF-TARGET,OFF-TARGET
75,ERBB2;ERBB3,imgt:Cancers_colorectal_(CRC),PLAUSIBLE,PLAUSIBLE,PLAUSIBLE
75,ERBB2;ERBB3,imgt:Cancers_breast,PLAUSIBLE,PLAUSIBLE,OFF-TARGET
75,ERBB2;ERBB3,imgt:Cancers_gastric,PLAUSIBLE,PLAUSIBLE,PLAUSIBLE
75,ERBB2;ERBB3,imgt:Cancers_head_and_neck,PLAUSIBLE,PLAUSIBLE,OFF-TARGET
75,ERBB2;ERBB3,imgt:Renal_cell_carcinoma_(RCC),OFF-TARGET,OFF-TARGET,OFF-TARGET
75,ERBB2;ERBB3,imgt:Lymphoma_diffuse_large_B_cell_(DLBCL),OFF-TARGET,OFF-TARGET,OFF-TARGET
75,ERBB2;ERBB3,imgt:Chronic_kidney_disease_(CDK),OFF-TARGET,OFF-TARGET,OFF-TARGET
76,EPCAM,imgt:Cancers_breast,PLAUSIBLE,OFF-TARGET,PLAUSIBLE
76,EPCAM,imgt:Cancers_non-small_cell_lung_(NSCLC),PLAUSIBLE,PLAUSIBLE,OFF-TARGET
76,EPCAM,imgt:Cancers_ovarian,PLAUSIBLE,PLAUSIBLE,PLAUSIBLE
76,EPCAM,imgt:Non-Hodgkins_lymphoma_(NHL),OFF-TARGET,OFF-TARGET,OFF-TARGET
76,EPCAM,imgt:Acute_myeloid_leukemia_(AML),PLAUSIBLE,OFF-TARGET,PLAUSIBLE
76,EPCAM,imgt:Multiple_myeloma_(MM),OFF-TARGET,OFF-TARGET,OFF-TARGET
76,EPCAM,imgt:Chronic_lymphocytic_leukemia_(CLL),PLAUSIBLE,OFF-TARGET,PLAUSIBLE
76,EPCAM,imgt:Cancers_gastric,PLAUSIBLE,PLAUSIBLE,PLAUSIBLE
76,EPCAM,imgt:Cancers_colorectal_(CRC),PLAUSIBLE,PLAUSIBLE,PLAUSIBLE
76,EPCAM,imgt:Glioblastoma_multiforme_(GBM),OFF-TARGET,OFF-TARGET,OFF-TARGET
76,EPCAM,imgt:Cancers_pancreatic,PLAUSIBLE,OFF-TARGET,OFF-TARGET
76,EPCAM,imgt:Lymphoma_diffuse_large_B_cell_(DLBCL),OFF-TARGET,OFF-TARGET,OFF-TARGET
76,EPCAM,imgt:Cancers_head_and_neck,PLAUSIBLE,PLAUSIBLE,OFF-TARGET
76,EPCAM,imgt:Renal_cell_carcinoma_(RCC),OFF-TARGET,OFF-TARGET,OFF-TARGET
76,EPCAM,imgt:Cancers_colorectal_(CRC)_metastatic,PLAUSIBLE,PLAUSIBLE,PLAUSIBLE
76,EPCAM,imgt:Hepatocellular_carcinoma_(HCC),PLAUSIBLE,OFF-TARGET,OFF-TARGET
76,EPCAM,imgt:Cancers_prostate,PLAUSIBLE,PLAUSIBLE,OFF-TARGET
76,EPCAM,imgt:Melanoma_metastatic,OFF-TARGET,OFF-TARGET,OFF-TARGET
78,TNFRSF17,imgt:Multiple_myeloma_(MM),PLAUSIBLE,PLAUSIBLE,OFF-TARGET
78,TNFRSF17,imgt:Cancers_non-small_cell_lung_(NSCLC),PLAUSIBLE,OFF-TARGET,OFF-TARGET
78,TNFRSF17,imgt:Chronic_lymphocytic_leukemia_(CLL),PLAUSIBLE,OFF-TARGET,OFF-TARGET
78,TNFRSF17,imgt:Cancers_ovarian,OFF-TARGET,OFF-TARGET,OFF-TARGET
78,TNFRSF17,imgt:Non-Hodgkins_lymphoma_(NHL),PLAUSIBLE,OFF-TARGET,OFF-TARGET
78,TNFRSF17,imgt:Cancers_breast,PLAUSIBLE,OFF-TARGET,OFF-TARGET
78,TNFRSF17,imgt:Cancers_gastric,PLAUSIBLE,OFF-TARGET,PLAUSIBLE
78,TNFRSF17,imgt:Acute_myeloid_leukemia_(AML),PLAUSIBLE,OFF-TARGET,OFF-TARGET
78,TNFRSF17,imgt:Cancers_colorectal_(CRC),PLAUSIBLE,OFF-TARGET,OFF-TARGET
78,TNFRSF17,imgt:Lymphoma_diffuse_large_B_cell_(DLBCL),PLAUSIBLE,OFF-TARGET,OFF-TARGET
78,TNFRSF17,imgt:Cancers_pancreatic,PLAUSIBLE,OFF-TARGET,OFF-TARGET
78,TNFRSF17,imgt:Cancers_prostate,PLAUSIBLE,OFF-TARGET,OFF-TARGET
78,TNFRSF17,imgt:Cancers_head_and_neck,OFF-TARGET,OFF-TARGET,OFF-TARGET
78,TNFRSF17,imgt:Melanoma,PLAUSIBLE,OFF-TARGET,OFF-TARGET
78,TNFRSF17,imgt:Solid_tumors_advanced_or_metastatic,OFF-TARGET,OFF-TARGET,OFF-TARGET
78,TNFRSF17,imgt:Renal_cell_carcinoma_(RCC),OFF-TARGET,OFF-TARGET,OFF-TARGET
78,TNFRSF17,imgt:Lymphoma,PLAUSIBLE,OFF-TARGET,OFF-TARGET
79,CD52,imgt:Lymphoma_diffuse_large_B_cell_(DLBCL),PLAUSIBLE,PLAUSIBLE,OFF-TARGET
79,CD52,imgt:Kidney_transplant_rejection,PLAUSIBLE,PLAUSIBLE,OFF-TARGET
79,CD52,imgt:Chronic_lymphocytic_leukemia_(CLL),PLAUSIBLE,PLAUSIBLE,OFF-TARGET
79,CD52,imgt:Cancers_non-small_cell_lung_(NSCLC),PLAUSIBLE,OFF-TARGET,OFF-TARGET
79,CD52,imgt:Multiple_myeloma_(MM),PLAUSIBLE,PLAUSIBLE,OFF-TARGET
79,CD52,imgt:Multiple_sclerosis_(MS),PLAUSIBLE,PLAUSIBLE,OFF-TARGET
79,CD52,imgt:Cancers_small_cell_lung_(SCLC),PLAUSIBLE,OFF-TARGET,OFF-TARGET
79,CD52,imgt:Cancers_gastric,OFF-TARGET,OFF-TARGET,OFF-TARGET
79,CD52,imgt:Cancers_colorectal_(CRC)_metastatic,OFF-TARGET,OFF-TARGET,OFF-TARGET
79,CD52,imgt:Non-Hodgkins_lymphoma_(NHL),PLAUSIBLE,PLAUSIBLE,OFF-TARGET
79,CD52,imgt:Lymphoproliferative_disorder_giant_lymph_node_hyperplasia_(Castlemans_disease),OFF-TARGET,OFF-TARGET,OFF-TARGET
79,CD52,imgt:Mesothelioma_pleural_malignant,OFF-TARGET,OFF-TARGET,OFF-TARGET
79,CD52,imgt:Cancers_breast_overexpressing_ERBB2_metastatic,PLAUSIBLE,PLAUSIBLE,OFF-TARGET
79,CD52,imgt:Cancers_ovarian,OFF-TARGET,OFF-TARGET,OFF-TARGET
79,CD52,imgt:Carcinoma_bladder_cancer_advanced_or_metastatic_urothelial_cancers,OFF-TARGET,OFF-TARGET,OFF-TARGET
79,CD52,imgt:B_cell_acute_lymphoblastic_leukemia_(B_cell_ALL),PLAUSIBLE,PLAUSIBLE,OFF-TARGET
79,CD52,imgt:Carcinoma_head_and_neck_squamous_cell_carcinoma_(HNSCC),OFF-TARGET,OFF-TARGET,OFF-TARGET
79,CD52,imgt:Glioblastoma,OFF-TARGET,OFF-TARGET,OFF-TARGET
79,CD52,imgt:Polyarticular_Juvenile_Idiopathic_Arthritis_(PJIA),OFF-TARGET,OFF-TARGET,OFF-TARGET
80,TNFRSF4,imgt:Acute_myeloid_leukemia_(AML),PLAUSIBLE,PLAUSIBLE,OFF-TARGET
80,TNFRSF4,imgt:Cancers_non-small_cell_lung_(NSCLC),PLAUSIBLE,PLAUSIBLE,OFF-TARGET
80,TNFRSF4,imgt:Non-Hodgkins_lymphoma_(NHL),PLAUSIBLE,PLAUSIBLE,OFF-TARGET
80,TNFRSF4,imgt:Cancers_pancreatic,PLAUSIBLE,OFF-TARGET,OFF-TARGET
80,TNFRSF4,imgt:Chronic_lymphocytic_leukemia_(CLL),PLAUSIBLE,PLAUSIBLE,OFF-TARGET
80,TNFRSF4,imgt:Cancers_breast,PLAUSIBLE,PLAUSIBLE,OFF-TARGET
80,TNFRSF4,imgt:Cancers_ovarian,PLAUSIBLE,PLAUSIBLE,OFF-TARGET
80,TNFRSF4,imgt:Cancers_colorectal_(CRC),PLAUSIBLE,PLAUSIBLE,OFF-TARGET
80,TNFRSF4,imgt:Multiple_myeloma_(MM),PLAUSIBLE,PLAUSIBLE,OFF-TARGET
80,TNFRSF4,imgt:Cancers_gastric,PLAUSIBLE,PLAUSIBLE,OFF-TARGET
80,TNFRSF4,imgt:Acute_lymphocytic_leukemia_(ALL),PLAUSIBLE,PLAUSIBLE,OFF-TARGET
80,TNFRSF4,imgt:Cancers_head_and_neck,PLAUSIBLE,PLAUSIBLE,OFF-TARGET
80,TNFRSF4,imgt:Myelodysplastic_syndromes_(MDS),OFF-TARGET,OFF-TARGET,OFF-TARGET
80,TNFRSF4,imgt:Lymphoma_B_cell,PLAUSIBLE,PLAUSIBLE,OFF-TARGET
80,TNFRSF4,imgt:Glioblastoma_multiforme_(GBM),OFF-TARGET,OFF-TARGET,OFF-TARGET
80,TNFRSF4,imgt:Lymphoma,PLAUSIBLE,PLAUSIBLE,OFF-TARGET
80,TNFRSF4,imgt:Renal_cell_carcinoma_(RCC),PLAUSIBLE,PLAUSIBLE,OFF-TARGET
80,TNFRSF4,imgt:Soft-tissue_sarcoma_(STS),PLAUSIBLE,OFF-TARGET,OFF-TARGET
81,PDCD1,imgt:Cancers_non-small_cell_lung_(NSCLC),PLAUSIBLE,PLAUSIBLE,OFF-TARGET
81,PDCD1,imgt:Multiple_myeloma_(MM),PLAUSIBLE,PLAUSIBLE,OFF-TARGET
81,PDCD1,imgt:Non-Hodgkins_lymphoma_(NHL),PLAUSIBLE,PLAUSIBLE,OFF-TARGET
81,PDCD1,imgt:Chronic_lymphocytic_leukemia_(CLL),OFF-TARGET,OFF-TARGET,OFF-TARGET
81,PDCD1,imgt:Cancers_gastric,PLAUSIBLE,PLAUSIBLE,OFF-TARGET
81,PDCD1,imgt:Cancers_prostate_metastatic,PLAUSIBLE,PLAUSIBLE,OFF-TARGET
81,PDCD1,imgt:Cancers_ovarian,PLAUSIBLE,PLAUSIBLE,OFF-TARGET
81,PDCD1,imgt:Cancers_breast,PLAUSIBLE,PLAUSIBLE,OFF-TARGET
81,PDCD1,imgt:Solid_tumors_advanced_or_metastatic,OFF-TARGET,OFF-TARGET,OFF-TARGET
81,PDCD1,imgt:Cancers_colorectal_(CRC),PLAUSIBLE,PLAUSIBLE,OFF-TARGET
81,PDCD1,imgt:Acute_lymphocytic_leukemia_(ALL),OFF-TARGET,OFF-TARGET,OFF-TARGET
81,PDCD1,imgt:Acute_myeloid_leukemia_(AML),OFF-TARGET,OFF-TARGET,OFF-TARGET
81,PDCD1,imgt:Cancers_prostate,PLAUSIBLE,PLAUSIBLE,OFF-TARGET
81,PDCD1,imgt:Cancers_non-small_cell_lung_(NSCLC)_metastatic,PLAUSIBLE,PLAUSIBLE,OFF-TARGET
81,PDCD1,imgt:Lymphoma_diffuse_large_B_cell_(DLBCL),PLAUSIBLE,PLAUSIBLE,OFF-TARGET
81,PDCD1,imgt:Hodgkin_lymphoma,PLAUSIBLE,PLAUSIBLE,OFF-TARGET
81,PDCD1,imgt:Hepatocellular_carcinoma_(HCC)_metastatic,PLAUSIBLE,PLAUSIBLE,OFF-TARGET
82,CD274,imgt:Cancers_non-small_cell_lung_(NSCLC),PLAUSIBLE,PLAUSIBLE,OFF-TARGET
82,CD274,imgt:Renal_cell_carcinoma_(RCC),PLAUSIBLE,PLAUSIBLE,OFF-TARGET
82,CD274,imgt:Cancers_breast,PLAUSIBLE,PLAUSIBLE,OFF-TARGET
82,CD274,imgt:Non-Hodgkins_lymphoma_(NHL),OFF-TARGET,OFF-TARGET,OFF-TARGET
82,CD274,imgt:Cancers_ovarian,PLAUSIBLE,PLAUSIBLE,OFF-TARGET
82,CD274,imgt:Cancers_gastric,PLAUSIBLE,PLAUSIBLE,OFF-TARGET
82,CD274,imgt:Lymphoma_diffuse_large_B_cell_(DLBCL),OFF-TARGET,OFF-TARGET,OFF-TARGET
82,CD274,imgt:Carcinoma_bladder_cancer_advanced_or_metastatic_urothelial_cancers,PLAUSIBLE,PLAUSIBLE,OFF-TARGET
82,CD274,imgt:Multiple_myeloma_(MM),OFF-TARGET,OFF-TARGET,OFF-TARGET
82,CD274,imgt:Chronic_lymphocytic_leukemia_(CLL),OFF-TARGET,OFF-TARGET,OFF-TARGET
82,CD274,imgt:Cancers_colorectal_(CRC)_metastatic,PLAUSIBLE,PLAUSIBLE,OFF-TARGET
82,CD274,imgt:Rheumatoid_arthritis_(RA),OFF-TARGET,OFF-TARGET,OFF-TARGET
82,CD274,imgt:Mesothelioma_pleural_malignant,PLAUSIBLE,PLAUSIBLE,OFF-TARGET
82,CD274,imgt:Melanoma,PLAUSIBLE,PLAUSIBLE,OFF-TARGET
82,CD274,imgt:Melanoma_metastatic,PLAUSIBLE,PLAUSIBLE,OFF-TARGET
82,CD274,imgt:Cancers_small_cell_lung_(SCLC),PLAUSIBLE,PLAUSIBLE,OFF-TARGET
82,CD274,imgt:Hepatocellular_carcinoma_(HCC),PLAUSIBLE,PLAUSIBLE,OFF-TARGET
82,CD274,imgt:Lymphoma_follicular_(FL),OFF-TARGET,OFF-TARGET,OFF-TARGET
82,CD274,imgt:Myasthenia_Gravis_(MG),OFF-TARGET,OFF-TARGET,OFF-TARGET
83,ROR1,imgt:Chronic_lymphocytic_leukemia_(CLL),PLAUSIBLE,PLAUSIBLE,OFF-TARGET
83,ROR1,imgt:Cancers_non-small_cell_lung_(NSCLC),PLAUSIBLE,PLAUSIBLE,OFF-TARGET
83,ROR1,imgt:Non-Hodgkins_lymphoma_(NHL),PLAUSIBLE,PLAUSIBLE,OFF-TARGET
83,ROR1,imgt:Multiple_myeloma_(MM),OFF-TARGET,OFF-TARGET,OFF-TARGET
83,ROR1,imgt:Acute_myeloid_leukemia_(AML),PLAUSIBLE,PLAUSIBLE,OFF-TARGET
83,ROR1,imgt:Cancers_breast,PLAUSIBLE,PLAUSIBLE,OFF-TARGET
83,ROR1,imgt:Acute_lymphocytic_leukemia_(ALL),PLAUSIBLE,PLAUSIBLE,OFF-TARGET
83,ROR1,imgt:Cancers_ovarian,PLAUSIBLE,PLAUSIBLE,OFF-TARGET
83,ROR1,imgt:Cancers_gastric,PLAUSIBLE,PLAUSIBLE,OFF-TARGET
83,ROR1,imgt:Solid_tumors_advanced_or_metastatic,OFF-TARGET,OFF-TARGET,OFF-TARGET
83,ROR1,imgt:Cancers_prostate,OFF-TARGET,OFF-TARGET,OFF-TARGET
83,ROR1,imgt:Lymphoma_mantle_cell_(MCL),PLAUSIBLE,PLAUSIBLE,OFF-TARGET
83,ROR1,imgt:Cancers_colorectal_(CRC),PLAUSIBLE,OFF-TARGET,OFF-TARGET
83,ROR1,imgt:Lymphoma,PLAUSIBLE,PLAUSIBLE,OFF-TARGET
83,ROR1,imgt:Cancers_pancreatic,PLAUSIBLE,PLAUSIBLE,OFF-TARGET
83,ROR1,imgt:Cancers_head_and_neck,PLAUSIBLE,OFF-TARGET,OFF-TARGET
83,ROR1,imgt:Lymphoma_diffuse_large_B_cell_(DLBCL),PLAUSIBLE,PLAUSIBLE,OFF-TARGET
83,ROR1,imgt:Glioblastoma_multiforme_(GBM),PLAUSIBLE,OFF-TARGET,OFF-TARGET
84,CEACAM5,imgt:Cancers_non-small_cell_lung_(NSCLC),PLAUSIBLE,PLAUSIBLE,OFF-TARGET
84,CEACAM5,imgt:Non-Hodgkins_lymphoma_(NHL),OFF-TARGET,OFF-TARGET,OFF-TARGET
84,CEACAM5,imgt:Multiple_myeloma_(MM),OFF-TARGET,OFF-TARGET,OFF-TARGET
84,CEACAM5,imgt:Chronic_lymphocytic_leukemia_(CLL),OFF-TARGET,OFF-TARGET,OFF-TARGET
84,CEACAM5,imgt:Acute_myeloid_leukemia_(AML),OFF-TARGET,OFF-TARGET,OFF-TARGET
84,CEACAM5,imgt:Cancers_breast,PLAUSIBLE,PLAUSIBLE,OFF-TARGET
84,CEACAM5,imgt:Cancers_gastric,PLAUSIBLE,PLAUSIBLE,OFF-TARGET
84,CEACAM5,imgt:Lymphoma,OFF-TARGET,OFF-TARGET,OFF-TARGET
84,CEACAM5,imgt:Acute_lymphocytic_leukemia_(ALL),OFF-TARGET,OFF-TARGET,OFF-TARGET
84,CEACAM5,imgt:Cancers_ovarian,OFF-TARGET,OFF-TARGET,OFF-TARGET
84,CEACAM5,imgt:Solid_tumors_advanced_or_metastatic,OFF-TARGET,OFF-TARGET,OFF-TARGET
84,CEACAM5,imgt:Cancers_colorectal_(CRC),PLAUSIBLE,PLAUSIBLE,OFF-TARGET
84,CEACAM5,imgt:Cancers_prostate,OFF-TARGET,OFF-TARGET,OFF-TARGET
84,CEACAM5,imgt:Cancers_head_and_neck,PLAUSIBLE,OFF-TARGET,OFF-TARGET
84,CEACAM5,imgt:Lymphoma_diffuse_large_B_cell_(DLBCL),OFF-TARGET,OFF-TARGET,OFF-TARGET
84,CEACAM5,imgt:Hepatocellular_carcinoma_(HCC)_metastatic,PLAUSIBLE,OFF-TARGET,OFF-TARGET
84,CEACAM5,imgt:Cancers_pancreatic,PLAUSIBLE,OFF-TARGET,OFF-TARGET
85,EGFR,imgt:Cancers_non-small_cell_lung_(NSCLC),PLAUSIBLE,PLAUSIBLE,PLAUSIBLE
85,EGFR,imgt:Multiple_myeloma_(MM),OFF-TARGET,OFF-TARGET,OFF-TARGET
85,EGFR,imgt:Non-Hodgkins_lymphoma_(NHL),OFF-TARGET,OFF-TARGET,OFF-TARGET
85,EGFR,imgt:Chronic_lymphocytic_leukemia_(CLL),OFF-TARGET,OFF-TARGET,OFF-TARGET
85,EGFR,imgt:Solid_tumors_advanced_or_metastatic,OFF-TARGET,OFF-TARGET,OFF-TARGET
85,EGFR,imgt:Cancers_gastric,PLAUSIBLE,PLAUSIBLE,OFF-TARGET
85,EGFR,imgt:Cancers_breast,PLAUSIBLE,PLAUSIBLE,PLAUSIBLE
85,EGFR,imgt:Cancers_prostate,OFF-TARGET,OFF-TARGET,OFF-TARGET
85,EGFR,imgt:Cancers_ovarian,PLAUSIBLE,PLAUSIBLE,PLAUSIBLE
85,EGFR,imgt:Cancers_prostate_metastatic,OFF-TARGET,OFF-TARGET,OFF-TARGET
85,EGFR,imgt:Acute_myeloid_leukemia_(AML),OFF-TARGET,OFF-TARGET,OFF-TARGET
85,EGFR,imgt:Cancers_colorectal_(CRC),PLAUSIBLE,PLAUSIBLE,OFF-TARGET
85,EGFR,imgt:Lymphoma,OFF-TARGET,OFF-TARGET,OFF-TARGET
85,EGFR,imgt:Acute_lymphocytic_leukemia_(ALL),OFF-TARGET,OFF-TARGET,OFF-TARGET
85,EGFR,imgt:Renal_cell_carcinoma_(RCC),OFF-TARGET,OFF-TARGET,OFF-TARGET
85,EGFR,imgt:Cancers_pancreatic,PLAUSIBLE,PLAUSIBLE,OFF-TARGET
85,EGFR,imgt:Lymphoma_diffuse_large_B_cell_(DLBCL),OFF-TARGET,OFF-TARGET,OFF-TARGET
86,PDCD1,imgt:Cancers_non-small_cell_lung_(NSCLC),PLAUSIBLE,PLAUSIBLE,OFF-TARGET
86,PDCD1,imgt:Non-Hodgkins_lymphoma_(NHL),PLAUSIBLE,PLAUSIBLE,OFF-TARGET
86,PDCD1,imgt:Multiple_myeloma_(MM),PLAUSIBLE,PLAUSIBLE,OFF-TARGET
86,PDCD1,imgt:Chronic_lymphocytic_leukemia_(CLL),OFF-TARGET,OFF-TARGET,OFF-TARGET
86,PDCD1,imgt:Cancers_breast,PLAUSIBLE,PLAUSIBLE,OFF-TARGET
86,PDCD1,imgt:Acute_myeloid_leukemia_(AML),OFF-TARGET,OFF-TARGET,OFF-TARGET
86,PDCD1,imgt:Cancers_gastric,PLAUSIBLE,PLAUSIBLE,OFF-TARGET
86,PDCD1,imgt:Lymphoma,PLAUSIBLE,PLAUSIBLE,OFF-TARGET
86,PDCD1,imgt:Acute_lymphocytic_leukemia_(ALL),OFF-TARGET,OFF-TARGET,OFF-TARGET
86,PDCD1,imgt:Cancers_ovarian,PLAUSIBLE,PLAUSIBLE,OFF-TARGET
86,PDCD1,imgt:Cancers_prostate,PLAUSIBLE,PLAUSIBLE,OFF-TARGET
86,PDCD1,imgt:Cancers_colorectal_(CRC),PLAUSIBLE,PLAUSIBLE,OFF-TARGET
86,PDCD1,imgt:Solid_tumors_advanced_or_metastatic,OFF-TARGET,OFF-TARGET,OFF-TARGET
86,PDCD1,imgt:Cancers_head_and_neck,PLAUSIBLE,PLAUSIBLE,OFF-TARGET
86,PDCD1,imgt:Glioblastoma_multiforme_(GBM),PLAUSIBLE,PLAUSIBLE,OFF-TARGET
86,PDCD1,imgt:Renal_cell_carcinoma_(RCC),PLAUSIBLE,PLAUSIBLE,OFF-TARGET
86,PDCD1,imgt:Hepatocellular_carcinoma_(HCC)_metastatic,PLAUSIBLE,PLAUSIBLE,OFF-TARGET
87,FGFR2,imgt:Cancers_non-small_cell_lung_(NSCLC),PLAUSIBLE,PLAUSIBLE,OFF-TARGET
87,FGFR2,imgt:Non-Hodgkins_lymphoma_(NHL),OFF-TARGET,OFF-TARGET,OFF-TARGET
87,FGFR2,imgt:Multiple_myeloma_(MM),OFF-TARGET,OFF-TARGET,OFF-TARGET
87,FGFR2,imgt:Cancers_prostate,PLAUSIBLE,OFF-TARGET,PLAUSIBLE
87,FGFR2,imgt:Cancers_breast,PLAUSIBLE,PLAUSIBLE,PLAUSIBLE
87,FGFR2,imgt:Acute_myeloid_leukemia_(AML),OFF-TARGET,OFF-TARGET,OFF-TARGET
87,FGFR2,imgt:Chronic_lymphocytic_leukemia_(CLL),OFF-TARGET,OFF-TARGET,OFF-TARGET
87,FGFR2,imgt:Cancers_ovarian,PLAUSIBLE,PLAUSIBLE,PLAUSIBLE
87,FGFR2,imgt:Acute_lymphocytic_leukemia_(ALL),OFF-TARGET,OFF-TARGET,OFF-TARGET
87,FGFR2,imgt:Cancers_gastric,PLAUSIBLE,PLAUSIBLE,PLAUSIBLE
87,FGFR2,imgt:Lymphoma,OFF-TARGET,OFF-TARGET,OFF-TARGET
87,FGFR2,imgt:Cancers_colorectal_(CRC),PLAUSIBLE,PLAUSIBLE,PLAUSIBLE
87,FGFR2,imgt:Cancers_pancreatic,PLAUSIBLE,PLAUSIBLE,PLAUSIBLE
87,FGFR2,imgt:Lymphoma_diffuse_large_B_cell_(DLBCL),OFF-TARGET,OFF-TARGET,OFF-TARGET
87,FGFR2,imgt:Solid_tumors_advanced_or_metastatic,OFF-TARGET,OFF-TARGET,OFF-TARGET
87,FGFR2,imgt:Cancers_prostate_metastatic,PLAUSIBLE,OFF-TARGET,PLAUSIBLE
87,FGFR2,imgt:Mesothelioma_pleural_malignant,OFF-TARGET,OFF-TARGET,OFF-TARGET
88,CEACAM5,imgt:Cancers_non-small_cell_lung_(NSCLC),PLAUSIBLE,PLAUSIBLE,OFF-TARGET
88,CEACAM5,imgt:Non-Hodgkins_lymphoma_(NHL),OFF-TARGET,OFF-TARGET,OFF-TARGET
88,CEACAM5,imgt:Multiple_myeloma_(MM),OFF-TARGET,OFF-TARGET,OFF-TARGET
88,CEACAM5,imgt:Cancers_breast,PLAUSIBLE,PLAUSIBLE,OFF-TARGET
88,CEACAM5,imgt:Chronic_lymphocytic_leukemia_(CLL),OFF-TARGET,OFF-TARGET,OFF-TARGET
88,CEACAM5,imgt:Cancers_gastric,PLAUSIBLE,PLAUSIBLE,OFF-TARGET
88,CEACAM5,imgt:Acute_myeloid_leukemia_(AML),OFF-TARGET,OFF-TARGET,OFF-TARGET
88,CEACAM5,imgt:Cancers_ovarian,OFF-TARGET,OFF-TARGET,OFF-TARGET
88,CEACAM5,imgt:Lymphoma_diffuse_large_B_cell_(DLBCL),OFF-TARGET,OFF-TARGET,OFF-TARGET
88,CEACAM5,imgt:Cancers_pancreatic,PLAUSIBLE,OFF-TARGET,OFF-TARGET
88,CEACAM5,imgt:Cancers_head_and_neck,PLAUSIBLE,OFF-TARGET,OFF-TARGET
88,CEACAM5,imgt:Cancers_colorectal_(CRC),PLAUSIBLE,PLAUSIBLE,OFF-TARGET
88,CEACAM5,imgt:Solid_tumors_advanced_or_metastatic,OFF-TARGET,OFF-TARGET,OFF-TARGET
88,CEACAM5,imgt:Glioblastoma_multiforme_(GBM),OFF-TARGET,OFF-TARGET,OFF-TARGET
88,CEACAM5,imgt:Renal_cell_carcinoma_(RCC),OFF-TARGET,OFF-TARGET,OFF-TARGET
88,CEACAM5,imgt:Acute_lymphocytic_leukemia_(ALL),OFF-TARGET,OFF-TARGET,OFF-TARGET
88,CEACAM5,imgt:Cancers_prostate,OFF-TARGET,OFF-TARGET,OFF-TARGET
88,CEACAM5,imgt:Melanoma,OFF-TARGET,OFF-TARGET,OFF-TARGET
89,STAT3,imgt:Lymphoma_diffuse_large_B_cell_(DLBCL),PLAUSIBLE,PLAUSIBLE,OFF-TARGET
89,STAT3,imgt:Cancers_small_cell_lung_(SCLC),PLAUSIBLE,PLAUSIBLE,OFF-TARGET
89,STAT3,imgt:Hepatitis_B,OFF-TARGET,OFF-TARGET,OFF-TARGET
89,STAT3,imgt:Chronic_lymphocytic_leukemia_(CLL),PLAUSIBLE,PLAUSIBLE,OFF-TARGET
89,STAT3,imgt:Neuroblastoma,OFF-TARGET,OFF-TARGET,OFF-TARGET
89,STAT3,imgt:Cancers_pancreatic,OFF-TARGET,OFF-TARGET,OFF-TARGET
89,STAT3,imgt:Telangiectasia_hereditary_haemorrhagic_(HHT),PLAUSIBLE,OFF-TARGET,PLAUSIBLE
89,STAT3,imgt:Merkel_cell_carcinoma_(MCC)_metastatic,OFF-TARGET,OFF-TARGET,OFF-TARGET
89,STAT3,imgt:Lymphoma_mantle_cell_(MCL),PLAUSIBLE,PLAUSIBLE,OFF-TARGET
89,STAT3,imgt:Chronic_focal_encephalitis_(CFE),PLAUSIBLE,OFF-TARGET,OFF-TARGET
89,STAT3,imgt:microsatellite_instability-high_cancer_(MSI-H),OFF-TARGET,OFF-TARGET,OFF-TARGET
89,STAT3,imgt:Ewing_sarcoma,OFF-TARGET,OFF-TARGET,OFF-TARGET
89,STAT3,imgt:Multicentric_Castlemans_disease_(MCD),OFF-TARGET,OFF-TARGET,OFF-TARGET
89,STAT3,imgt:Severe_acute_respiratory_syndrome_coronavirus_2_(SARS-CoV-2)_infection_(COVID-19),PLAUSIBLE,PLAUSIBLE,PLAUSIBLE
89,STAT3,imgt:Multiple_myeloma_(MM),PLAUSIBLE,OFF-TARGET,PLAUSIBLE
89,STAT3,imgt:Lymphoproliferative_disorders_T-cell_primary_cutaneous_CD30-positive,PLAUSIBLE,OFF-TARGET,OFF-TARGET
89,STAT3,imgt:Lymphoma_follicular_(FL),PLAUSIBLE,PLAUSIBLE,OFF-TARGET
89,STAT3,imgt:Melanoma,PLAUSIBLE,OFF-TARGET,OFF-TARGET
89,STAT3,imgt:Polyarticular_Juvenile_Idiopathic_Arthritis_(PJIA),OFF-TARGET,OFF-TARGET,OFF-TARGET
89,STAT3,imgt:Cancers_breast_overexpressing_ERBB2_metastatic,PLAUSIBLE,OFF-TARGET,PLAUSIBLE
90,TNFRSF4,imgt:Cancers_non-small_cell_lung_(NSCLC),PLAUSIBLE,PLAUSIBLE,OFF-TARGET
90,TNFRSF4,imgt:Non-Hodgkins_lymphoma_(NHL),PLAUSIBLE,PLAUSIBLE,OFF-TARGET
90,TNFRSF4,imgt:Cancers_breast,PLAUSIBLE,PLAUSIBLE,OFF-TARGET
90,TNFRSF4,imgt:Multiple_myeloma_(MM),PLAUSIBLE,PLAUSIBLE,OFF-TARGET
90,TNFRSF4,imgt:Chronic_lymphocytic_leukemia_(CLL),PLAUSIBLE,PLAUSIBLE,OFF-TARGET
90,TNFRSF4,imgt:Acute_myeloid_leukemia_(AML),PLAUSIBLE,PLAUSIBLE,OFF-TARGET
90,TNFRSF4,imgt:Acute_lymphocytic_leukemia_(ALL),PLAUSIBLE,PLAUSIBLE,OFF-TARGET
90,TNFRSF4,imgt:Lymphoma,PLAUSIBLE,PLAUSIBLE,OFF-TARGET
90,TNFRSF4,imgt:Cancers_ovarian,PLAUSIBLE,PLAUSIBLE,OFF-TARGET
90,TNFRSF4,imgt:Cancers_pancreatic,PLAUSIBLE,OFF-TARGET,OFF-TARGET
90,TNFRSF4,imgt:Cancers_head_and_neck,PLAUSIBLE,PLAUSIBLE,OFF-TARGET
90,TNFRSF4,imgt:Solid_tumors_advanced_or_metastatic,OFF-TARGET,OFF-TARGET,OFF-TARGET
90,TNFRSF4,imgt:Lymphoma_B_cell,PLAUSIBLE,PLAUSIBLE,OFF-TARGET
90,TNFRSF4,imgt:Cancers_prostate,OFF-TARGET,OFF-TARGET,OFF-TARGET
90,TNFRSF4,imgt:Glioblastoma_multiforme_(GBM),OFF-TARGET,OFF-TARGET,OFF-TARGET
90,TNFRSF4,imgt:Cancers_gastric,PLAUSIBLE,PLAUSIBLE,OFF-TARGET
90,TNFRSF4,imgt:Lymphoma_diffuse_large_B_cell_(DLBCL),PLAUSIBLE,PLAUSIBLE,OFF-TARGET
90,TNFRSF4,imgt:Melanoma,PLAUSIBLE,PLAUSIBLE,OFF-TARGET
91,VEGFA;ANGPT2,imgt:Cancers_non-small_cell_lung_(NSCLC),PLAUSIBLE,PLAUSIBLE,OFF-TARGET
91,VEGFA;ANGPT2,imgt:Non-Hodgkins_lymphoma_(NHL),OFF-TARGET,OFF-TARGET,OFF-TARGET
91,VEGFA;ANGPT2,imgt:Multiple_myeloma_(MM),PLAUSIBLE,OFF-TARGET,PLAUSIBLE
91,VEGFA;ANGPT2,imgt:Chronic_lymphocytic_leukemia_(CLL),PLAUSIBLE,OFF-TARGET,OFF-TARGET
91,VEGFA;ANGPT2,imgt:Cancers_breast,PLAUSIBLE,PLAUSIBLE,PLAUSIBLE
91,VEGFA;ANGPT2,imgt:Cancers_ovarian,PLAUSIBLE,PLAUSIBLE,PLAUSIBLE
91,VEGFA;ANGPT2,imgt:Cancers_gastric,PLAUSIBLE,PLAUSIBLE,PLAUSIBLE
91,VEGFA;ANGPT2,imgt:Acute_myeloid_leukemia_(AML),PLAUSIBLE,OFF-TARGET,OFF-TARGET
91,VEGFA;ANGPT2,imgt:Acute_lymphocytic_leukemia_(ALL),PLAUSIBLE,OFF-TARGET,OFF-TARGET
91,VEGFA;ANGPT2,imgt:Cancers_prostate,OFF-TARGET,OFF-TARGET,OFF-TARGET
91,VEGFA;ANGPT2,imgt:Cancers_pancreatic,OFF-TARGET,OFF-TARGET,OFF-TARGET
91,VEGFA;ANGPT2,imgt:Lymphoma_diffuse_large_B_cell_(DLBCL),OFF-TARGET,OFF-TARGET,OFF-TARGET
91,VEGFA;ANGPT2,imgt:Renal_cell_carcinoma_(RCC),PLAUSIBLE,PLAUSIBLE,OFF-TARGET
91,VEGFA;ANGPT2,imgt:Lymphoma_B_cell,OFF-TARGET,OFF-TARGET,OFF-TARGET
91,VEGFA;ANGPT2,imgt:Lymphoma,OFF-TARGET,OFF-TARGET,OFF-TARGET
91,VEGFA;ANGPT2,imgt:Cancers_prostate_metastatic,OFF-TARGET,OFF-TARGET,OFF-TARGET
91,VEGFA;ANGPT2,imgt:Cancers_colorectal_(CRC),PLAUSIBLE,PLAUSIBLE,OFF-TARGET
91,VEGFA;ANGPT2,imgt:Cancers_head_and_neck,OFF-TARGET,OFF-TARGET,OFF-TARGET
92,PDCD1;CTLA4,imgt:Cancers_non-small_cell_lung_(NSCLC),PLAUSIBLE,PLAUSIBLE,OFF-TARGET
92,PDCD1;CTLA4,imgt:Multiple_myeloma_(MM),PLAUSIBLE,PLAUSIBLE,OFF-TARGET
92,PDCD1;CTLA4,imgt:Non-Hodgkins_lymphoma_(NHL),PLAUSIBLE,PLAUSIBLE,OFF-TARGET
92,PDCD1;CTLA4,imgt:Acute_myeloid_leukemia_(AML),OFF-TARGET,OFF-TARGET,OFF-TARGET
92,PDCD1;CTLA4,imgt:Cancers_breast,PLAUSIBLE,PLAUSIBLE,OFF-TARGET
92,PDCD1;CTLA4,imgt:Chronic_lymphocytic_leukemia_(CLL),OFF-TARGET,OFF-TARGET,OFF-TARGET
92,PDCD1;CTLA4,imgt:Cancers_gastric,PLAUSIBLE,PLAUSIBLE,OFF-TARGET
92,PDCD1;CTLA4,imgt:Cancers_prostate_metastatic,PLAUSIBLE,PLAUSIBLE,OFF-TARGET
92,PDCD1;CTLA4,imgt:Cancers_pancreatic,OFF-TARGET,OFF-TARGET,OFF-TARGET
92,PDCD1;CTLA4,imgt:Acute_lymphocytic_leukemia_(ALL),OFF-TARGET,OFF-TARGET,OFF-TARGET
92,PDCD1;CTLA4,imgt:Cancers_prostate,PLAUSIBLE,PLAUSIBLE,OFF-TARGET
92,PDCD1;CTLA4,imgt:Cancers_ovarian,PLAUSIBLE,PLAUSIBLE,OFF-TARGET
92,PDCD1;CTLA4,imgt:Solid_tumors_advanced_or_metastatic,OFF-TARGET,OFF-TARGET,OFF-TARGET
92,PDCD1;CTLA4,imgt:Cancers_colorectal_(CRC),PLAUSIBLE,PLAUSIBLE,OFF-TARGET
92,PDCD1;CTLA4,imgt:Lymphoma,PLAUSIBLE,PLAUSIBLE,OFF-TARGET
92,PDCD1;CTLA4,imgt:Glioblastoma_multiforme_(GBM),PLAUSIBLE,PLAUSIBLE,OFF-TARGET
92,PDCD1;CTLA4,imgt:Lymphoma_diffuse_large_B_cell_(DLBCL),PLAUSIBLE,PLAUSIBLE,OFF-TARGET
93,MET,imgt:Non-Hodgkins_lymphoma_(NHL),OFF-TARGET,OFF-TARGET,OFF-TARGET
93,MET,imgt:Cancers_non-small_cell_lung_(NSCLC),PLAUSIBLE,PLAUSIBLE,OFF-TARGET
93,MET,imgt:Cancers_breast,OFF-TARGET,OFF-TARGET,OFF-TARGET
93,MET,imgt:Cancers_gastric,PLAUSIBLE,PLAUSIBLE,OFF-TARGET
93,MET,imgt:Large-vessel_vasculitis,OFF-TARGET,OFF-TARGET,OFF-TARGET
93,MET,imgt:Cancers_ovarian,PLAUSIBLE,OFF-TARGET,OFF-TARGET
93,MET,imgt:Lymphoma_diffuse_large_B_cell_(DLBCL),OFF-TARGET,OFF-TARGET,OFF-TARGET
93,MET,imgt:Myasthenia_Gravis_(MG),OFF-TARGET,OFF-TARGET,OFF-TARGET
93,MET,imgt:Chronic_lymphocytic_leukemia_(CLL),OFF-TARGET,OFF-TARGET,OFF-TARGET
93,MET,imgt:Rheumatoid_arthritis_(RA),OFF-TARGET,OFF-TARGET,OFF-TARGET
93,MET,imgt:Cancers_head_and_neck,PLAUSIBLE,PLAUSIBLE,OFF-TARGET
93,MET,imgt:Neuromyelitis_optica_(NMO),OFF-TARGET,OFF-TARGET,OFF-TARGET
93,MET,imgt:Melanoma,PLAUSIBLE,PLAUSIBLE,OFF-TARGET
93,MET,imgt:Multiple_myeloma_(MM),OFF-TARGET,OFF-TARGET,OFF-TARGET
93,MET,imgt:Mesothelioma_pleural_malignant,OFF-TARGET,OFF-TARGET,OFF-TARGET
93,MET,imgt:Pemphigus_vulgaris_(PV),OFF-TARGET,OFF-TARGET,OFF-TARGET
93,MET,imgt:Lymphoma_follicular_(FL),OFF-TARGET,OFF-TARGET,OFF-TARGET
93,MET,imgt:Renal_cell_carcinoma_(RCC),PLAUSIBLE,PLAUSIBLE,PLAUSIBLE
93,MET,imgt:Cancers_colorectal_(CRC)_metastatic,PLAUSIBLE,PLAUSIBLE,PLAUSIBLE
94,EPHA3,imgt:Cancers_non-small_cell_lung_(NSCLC),PLAUSIBLE,PLAUSIBLE,OFF-TARGET
94,EPHA3,imgt:Non-Hodgkins_lymphoma_(NHL),OFF-TARGET,OFF-TARGET,OFF-TARGET
94,EPHA3,imgt:Chronic_lymphocytic_leukemia_(CLL),PLAUSIBLE,PLAUSIBLE,OFF-TARGET
94,EPHA3,imgt:Acute_myeloid_leukemia_(AML),PLAUSIBLE,PLAUSIBLE,OFF-TARGET
94,EPHA3,imgt:Multiple_myeloma_(MM),PLAUSIBLE,PLAUSIBLE,OFF-TARGET
94,EPHA3,imgt:Cancers_breast,OFF-TARGET,OFF-TARGET,OFF-TARGET
94,EPHA3,imgt:Cancers_ovarian,PLAUSIBLE,OFF-TARGET,PLAUSIBLE
94,EPHA3,imgt:Acute_lymphocytic_leukemia_(ALL),PLAUSIBLE,PLAUSIBLE,OFF-TARGET
94,EPHA3,imgt:Cancers_pancreatic,PLAUSIBLE,PLAUSIBLE,OFF-TARGET
94,EPHA3,imgt:Cancers_colorectal_(CRC),PLAUSIBLE,PLAUSIBLE,OFF-TARGET
94,EPHA3,imgt:Cancers_gastric,PLAUSIBLE,OFF-TARGET,OFF-TARGET
94,EPHA3,imgt:Cancers_head_and_neck,PLAUSIBLE,PLAUSIBLE,OFF-TARGET
94,EPHA3,imgt:Myelodysplastic_syndromes_(MDS),OFF-TARGET,OFF-TARGET,OFF-TARGET
94,EPHA3,imgt:Renal_cell_carcinoma_(RCC),PLAUSIBLE,PLAUSIBLE,PLAUSIBLE
94,EPHA3,imgt:Lymphoma_B_cell,OFF-TARGET,OFF-TARGET,OFF-TARGET
94,EPHA3,imgt:Glioblastoma_multiforme_(GBM),OFF-TARGET,OFF-TARGET,OFF-TARGET
94,EPHA3,imgt:Hodgkin_lymphoma,OFF-TARGET,OFF-TARGET,OFF-TARGET
95,ERBB2,imgt:Cancers_breast_overexpressing_ERBB2_metastatic,PLAUSIBLE,PLAUSIBLE,OFF-TARGET
95,ERBB2,imgt:Lymphoma_diffuse_large_B_cell_(DLBCL),OFF-TARGET,OFF-TARGET,OFF-TARGET
95,ERBB2,imgt:Cancers_non-small_cell_lung_(NSCLC),PLAUSIBLE,PLAUSIBLE,PLAUSIBLE
95,ERBB2,imgt:Cancers_colorectal_(CRC)_metastatic,PLAUSIBLE,PLAUSIBLE,PLAUSIBLE
95,ERBB2,imgt:Chronic_lymphocytic_leukemia_(CLL),OFF-TARGET,OFF-TARGET,OFF-TARGET
95,ERBB2,imgt:Cancers_small_cell_lung_(SCLC),PLAUSIBLE,PLAUSIBLE,PLAUSIBLE
95,ERBB2,imgt:Cancers_gastric,PLAUSIBLE,PLAUSIBLE,PLAUSIBLE
95,ERBB2,imgt:Hepatocellular_carcinoma_(HCC),OFF-TARGET,OFF-TARGET,OFF-TARGET
95,ERBB2,imgt:Multiple_myeloma_(MM),OFF-TARGET,OFF-TARGET,OFF-TARGET
95,ERBB2,imgt:Cancers_breast,PLAUSIBLE,PLAUSIBLE,OFF-TARGET
95,ERBB2,imgt:Carcinoma_bladder_cancer_advanced_or_metastatic_urothelial_cancers,PLAUSIBLE,PLAUSIBLE,OFF-TARGET
95,ERBB2,imgt:Mesothelioma_pleural_malignant,OFF-TARGET,OFF-TARGET,OFF-TARGET
95,ERBB2,imgt:Lymphoproliferative_disorder_giant_lymph_node_hyperplasia_(Castlemans_disease),OFF-TARGET,OFF-TARGET,OFF-TARGET
95,ERBB2,imgt:Cancers_ovarian,PLAUSIBLE,PLAUSIBLE,PLAUSIBLE
95,ERBB2,imgt:Renal_cell_carcinoma_(RCC),OFF-TARGET,OFF-TARGET,OFF-TARGET
95,ERBB2,imgt:Carcinoma_head_and_neck_squamous_cell_carcinoma_(HNSCC),PLAUSIBLE,PLAUSIBLE,OFF-TARGET
95,ERBB2,imgt:Lymphoma_mantle_cell_(MCL),OFF-TARGET,OFF-TARGET,OFF-TARGET
95,ERBB2,imgt:Melanoma,PLAUSIBLE,OFF-TARGET,OFF-TARGET
95,ERBB2,imgt:Primary_cutaneous_anaplastic_large_cell_lymphoma_(pcALCL),PLAUSIBLE,OFF-TARGET,OFF-TARGET
96,IL7R,imgt:Cancers_non-small_cell_lung_(NSCLC),PLAUSIBLE,OFF-TARGET,OFF-TARGET
96,IL7R,imgt:Non-Hodgkins_lymphoma_(NHL),OFF-TARGET,OFF-TARGET,OFF-TARGET
96,IL7R,imgt:Chronic_lymphocytic_leukemia_(CLL),PLAUSIBLE,OFF-TARGET,PLAUSIBLE
96,IL7R,imgt:Multiple_myeloma_(MM),PLAUSIBLE,OFF-TARGET,PLAUSIBLE
96,IL7R,imgt:Acute_myeloid_leukemia_(AML),PLAUSIBLE,OFF-TARGET,OFF-TARGET
96,IL7R,imgt:Cancers_breast,OFF-TARGET,OFF-TARGET,OFF-TARGET
96,IL7R,imgt:Cancers_ovarian,OFF-TARGET,OFF-TARGET,OFF-TARGET
96,IL7R,imgt:Acute_lymphocytic_leukemia_(ALL),PLAUSIBLE,OFF-TARGET,OFF-TARGET
96,IL7R,imgt:Cancers_colorectal_(CRC),OFF-TARGET,OFF-TARGET,OFF-TARGET
96,IL7R,imgt:Lymphocytopenia,OFF-TARGET,OFF-TARGET,OFF-TARGET
96,IL7R,imgt:Cancers_gastric,OFF-TARGET,OFF-TARGET,OFF-TARGET
96,IL7R,imgt:Glioblastoma_multiforme_(GBM),OFF-TARGET,OFF-TARGET,OFF-TARGET
96,IL7R,imgt:Cancers_pancreatic,OFF-TARGET,OFF-TARGET,OFF-TARGET
96,IL7R,imgt:Lymphoma,OFF-TARGET,OFF-TARGET,OFF-TARGET
96,IL7R,imgt:Lymphoma_diffuse_large_B_cell_(DLBCL),OFF-TARGET,OFF-TARGET,OFF-TARGET
96,IL7R,imgt:Melanoma,PLAUSIBLE,OFF-TARGET,OFF-TARGET
96,IL7R,imgt:Solid_tumors_advanced_or_metastatic,OFF-TARGET,OFF-TARGET,OFF-TARGET
96,IL7R,imgt:Cancers_head_and_neck,OFF-TARGET,OFF-TARGET,OFF-TARGET
97,CD274,imgt:Multiple_myeloma_(MM),OFF-TARGET,OFF-TARGET,OFF-TARGET
97,CD274,imgt:Cancers_non-small_cell_lung_(NSCLC),PLAUSIBLE,PLAUSIBLE,OFF-TARGET
97,CD274,imgt:Non-Hodgkins_lymphoma_(NHL),OFF-TARGET,OFF-TARGET,OFF-TARGET
97,CD274,imgt:Chronic_lymphocytic_leukemia_(CLL),OFF-TARGET,OFF-TARGET,OFF-TARGET
97,CD274,imgt:Cancers_ovarian,PLAUSIBLE,PLAUSIBLE,OFF-TARGET
97,CD274,imgt:Cancers_gastric,PLAUSIBLE,PLAUSIBLE,OFF-TARGET
97,CD274,imgt:Cancers_breast,PLAUSIBLE,PLAUSIBLE,OFF-TARGET
97,CD274,imgt:Acute_myeloid_leukemia_(AML),OFF-TARGET,OFF-TARGET,OFF-TARGET
97,CD274,imgt:Lymphoma_diffuse_large_B_cell_(DLBCL),OFF-TARGET,OFF-TARGET,OFF-TARGET
97,CD274,imgt:Cancers_colorectal_(CRC),PLAUSIBLE,PLAUSIBLE,OFF-TARGET
97,CD274,imgt:Cancers_pancreatic,PLAUSIBLE,PLAUSIBLE,OFF-TARGET
97,CD274,imgt:Melanoma_metastatic,PLAUSIBLE,PLAUSIBLE,OFF-TARGET
97,CD274,imgt:Solid_tumors_advanced_or_metastatic,OFF-TARGET,OFF-TARGET,OFF-TARGET
97,CD274,imgt:Cancers_prostate_metastatic,PLAUSIBLE,PLAUSIBLE,OFF-TARGET
97,CD274,imgt:Cancers_prostate,PLAUSIBLE,PLAUSIBLE,OFF-TARGET
97,CD274,imgt:Renal_cell_carcinoma_(RCC),PLAUSIBLE,PLAUSIBLE,OFF-TARGET
97,CD274,imgt:Carcinoma_head_and_neck_squamous_cell_carcinoma_(HNSCC),PLAUSIBLE,PLAUSIBLE,OFF-TARGET
98,CD5,imgt:Ex_vivo_treatment_of_autologous_bone_marrow_and_subsequent_reinfusion,PLAUSIBLE,OFF-TARGET,OFF-TARGET
98,CD5,imgt:B_cell_leukemia,PLAUSIBLE,OFF-TARGET,OFF-TARGET
98,CD5,imgt:Lymphoma_B_cell,PLAUSIBLE,OFF-TARGET,OFF-TARGET
98,CD5,imgt:Cancers_colorectal_(CRC),OFF-TARGET,OFF-TARGET,OFF-TARGET
98,CD5,imgt:T_cell_malignancies,OFF-TARGET,OFF-TARGET,OFF-TARGET
98,CD5,imgt:Non-Hodgkins_lymphoma_(NHL),PLAUSIBLE,OFF-TARGET,OFF-TARGET
98,CD5,imgt:Myeloid_leukemia,PLAUSIBLE,OFF-TARGET,OFF-TARGET
98,CD5,imgt:Cancers_squamous,OFF-TARGET,OFF-TARGET,OFF-TARGET
98,CD5,imgt:Cancers_ovarian,PLAUSIBLE,OFF-TARGET,PLAUSIBLE
98,CD5,imgt:Cancers_non-small_cell_lung_(NSCLC),PLAUSIBLE,OFF-TARGET,OFF-TARGET
98,CD5,imgt:Cancers_colon,OFF-TARGET,OFF-TARGET,OFF-TARGET
98,CD5,imgt:Malignant_ascites,OFF-TARGET,OFF-TARGET,OFF-TARGET
98,CD5,imgt:Systemic_lupus_erythematosus_(SLE),PLAUSIBLE,OFF-TARGET,OFF-TARGET
98,CD5,imgt:Graft-versus-host_disease_(GvHD),OFF-TARGET,OFF-TARGET,OFF-TARGET
98,CD5,imgt:Cancers_breast,OFF-TARGET,OFF-TARGET,OFF-TARGET
98,CD5,imgt:Acute_myeloid_leukemia_(AML),PLAUSIBLE,OFF-TARGET,OFF-TARGET
98,CD5,imgt:Multiple_myeloma_(MM),PLAUSIBLE,OFF-TARGET,PLAUSIBLE
98,CD5,imgt:Angiogenesis,OFF-TARGET,OFF-TARGET,OFF-TARGET
99,DPEP3,imgt:Multiple_myeloma_(MM),OFF-TARGET,OFF-TARGET,OFF-TARGET
99,DPEP3,imgt:Cancers_non-small_cell_lung_(NSCLC),OFF-TARGET,OFF-TARGET,OFF-TARGET
99,DPEP3,imgt:Non-Hodgkins_lymphoma_(NHL),OFF-TARGET,OFF-TARGET,OFF-TARGET
99,DPEP3,imgt:Chronic_lymphocytic_leukemia_(CLL),OFF-TARGET,OFF-TARGET,OFF-TARGET
99,DPEP3,imgt:Cancers_ovarian,OFF-TARGET,OFF-TARGET,OFF-TARGET
99,DPEP3,imgt:Acute_myeloid_leukemia_(AML),OFF-TARGET,OFF-TARGET,OFF-TARGET
99,DPEP3,imgt:Cancers_gastric,OFF-TARGET,OFF-TARGET,OFF-TARGET
99,DPEP3,imgt:Cancers_breast,OFF-TARGET,OFF-TARGET,OFF-TARGET
99,DPEP3,imgt:Lymphoma_diffuse_large_B_cell_(DLBCL),OFF-TARGET,OFF-TARGET,OFF-TARGET
99,DPEP3,imgt:Solid_tumors_advanced_or_metastatic,OFF-TARGET,OFF-TARGET,OFF-TARGET
99,DPEP3,imgt:Cancers_pancreatic,OFF-TARGET,OFF-TARGET,OFF-TARGET
99,DPEP3,imgt:Cancers_colorectal_(CRC),OFF-TARGET,OFF-TARGET,OFF-TARGET
99,DPEP3,imgt:Renal_cell_carcinoma_(RCC),OFF-TARGET,OFF-TARGET,OFF-TARGET
99,DPEP3,imgt:Cancers_prostate_metastatic,OFF-TARGET,OFF-TARGET,OFF-TARGET
99,DPEP3,imgt:Cancers_prostate,OFF-TARGET,OFF-TARGET,OFF-TARGET
99,DPEP3,imgt:Carcinoma_head_and_neck_squamous_cell_carcinoma_(HNSCC),OFF-TARGET,OFF-TARGET,OFF-TARGET
99,DPEP3,imgt:Cancers_head_and_neck,OFF-TARGET,OFF-TARGET,OFF-TARGET
100,ERBB2,imgt:Cancers_non-small_cell_lung_(NSCLC),PLAUSIBLE,PLAUSIBLE,PLAUSIBLE
100,ERBB2,imgt:Non-Hodgkins_lymphoma_(NHL),OFF-TARGET,OFF-TARGET,OFF-TARGET
100,ERBB2,imgt:Cancers_pancreatic,PLAUSIBLE,PLAUSIBLE,OFF-TARGET
100,ERBB2,imgt:Acute_myeloid_leukemia_(AML),OFF-TARGET,OFF-TARGET,OFF-TARGET
100,ERBB2,imgt:Multiple_myeloma_(MM),OFF-TARGET,OFF-TARGET,OFF-TARGET
100,ERBB2,imgt:Cancers_colorectal_(CRC),PLAUSIBLE,PLAUSIBLE,PLAUSIBLE
100,ERBB2,imgt:Cancers_ovarian,PLAUSIBLE,PLAUSIBLE,PLAUSIBLE
100,ERBB2,imgt:Chronic_lymphocytic_leukemia_(CLL),OFF-TARGET,OFF-TARGET,OFF-TARGET
100,ERBB2,imgt:Lymphoma_B_cell,OFF-TARGET,OFF-TARGET,OFF-TARGET
100,ERBB2,imgt:Cancers_breast,PLAUSIBLE,PLAUSIBLE,OFF-TARGET
100,ERBB2,imgt:Acute_lymphocytic_leukemia_(ALL),OFF-TARGET,OFF-TARGET,OFF-TARGET
100,ERBB2,imgt:Cancers_prostate_metastatic,PLAUSIBLE,PLAUSIBLE,OFF-TARGET
100,ERBB2,imgt:Cancers_head_and_neck,PLAUSIBLE,PLAUSIBLE,OFF-TARGET
100,ERBB2,imgt:Cancers_gastric,PLAUSIBLE,PLAUSIBLE,PLAUSIBLE
100,ERBB2,imgt:Glioblastoma_multiforme_(GBM),OFF-TARGET,OFF-TARGET,OFF-TARGET
100,ERBB2,imgt:Solid_tumors_advanced_or_metastatic,OFF-TARGET,OFF-TARGET,OFF-TARGET
100,ERBB2,imgt:Renal_cell_carcinoma_(RCC),OFF-TARGET,OFF-TARGET,OFF-TARGET
101,TNFSF13;TNFSF13B,imgt:Rheumatoid_arthritis_(RA),PLAUSIBLE,PLAUSIBLE,OFF-TARGET
101,TNFSF13;TNFSF13B,imgt:Cancers_non-small_cell_lung_(NSCLC),PLAUSIBLE,PLAUSIBLE,OFF-TARGET
101,TNFSF13;TNFSF13B,imgt:Cancers_breast,PLAUSIBLE,OFF-TARGET,OFF-TARGET
101,TNFSF13;TNFSF13B,imgt:Non-Hodgkins_lymphoma_(NHL),PLAUSIBLE,PLAUSIBLE,OFF-TARGET
101,TNFSF13;TNFSF13B,imgt:Chronic_lymphocytic_leukemia_(CLL),PLAUSIBLE,PLAUSIBLE,OFF-TARGET
101,TNFSF13;TNFSF13B,imgt:Acute_myeloid_leukemia_(AML),PLAUSIBLE,PLAUSIBLE,OFF-TARGET
101,TNFSF13;TNFSF13B,imgt:Multiple_myeloma_(MM),PLAUSIBLE,PLAUSIBLE,OFF-TARGET
101,TNFSF13;TNFSF13B,imgt:Glioblastoma_multiforme_(GBM),PLAUSIBLE,OFF-TARGET,PLAUSIBLE
101,TNFSF13;TNFSF13B,imgt:Cancers_gastric,OFF-TARGET,OFF-TARGET,OFF-TARGET
101,TNFSF13;TNFSF13B,imgt:Cancers_ovarian,OFF-TARGET,OFF-TARGET,OFF-TARGET
101,TNFSF13;TNFSF13B,imgt:Cancers_head_and_neck,OFF-TARGET,OFF-TARGET,OFF-TARGET
101,TNFSF13;TNFSF13B,imgt:Cancers_colorectal_(CRC),PLAUSIBLE,OFF-TARGET,OFF-TARGET
101,TNFSF13;TNFSF13B,imgt:Cancers_pancreatic,PLAUSIBLE,OFF-TARGET,OFF-TARGET
101,TNFSF13;TNFSF13B,imgt:Melanoma,PLAUSIBLE,OFF-TARGET,OFF-TARGET
101,TNFSF13;TNFSF13B,imgt:Lymphoma_diffuse_large_B_cell_(DLBCL),PLAUSIBLE,PLAUSIBLE,OFF-TARGET
101,TNFSF13;TNFSF13B,imgt:Hepatocellular_carcinoma_(HCC),PLAUSIBLE,OFF-TARGET,OFF-TARGET
101,TNFSF13;TNFSF13B,imgt:Melanoma_metastatic,PLAUSIBLE,OFF-TARGET,OFF-TARGET
101,TNFSF13;TNFSF13B,imgt:Acute_lymphocytic_leukemia_(ALL),PLAUSIBLE,PLAUSIBLE,OFF-TARGET
102,CD19,imgt:Myasthenia_Gravis_(MG),PLAUSIBLE,PLAUSIBLE,OFF-TARGET
102,CD19,imgt:Scleroderma,OFF-TARGET,OFF-TARGET,OFF-TARGET
102,CD19,imgt:Neuromyelitis_optica_spectrum_disorder_(NMOSD),PLAUSIBLE,PLAUSIBLE,OFF-TARGET
102,CD19,imgt:Lymphoma_diffuse_large_B_cell_(DLBCL),PLAUSIBLE,PLAUSIBLE,OFF-TARGET
102,CD19,imgt:Multiple_sclerosis_(MS),PLAUSIBLE,PLAUSIBLE,OFF-TARGET
102,CD19,imgt:Cancers_gastric,OFF-TARGET,OFF-TARGET,OFF-TARGET
102,CD19,imgt:Cancers_ovarian,OFF-TARGET,OFF-TARGET,OFF-TARGET
102,CD19,imgt:Cancers_non-small_cell_lung_(NSCLC),OFF-TARGET,OFF-TARGET,OFF-TARGET
102,CD19,imgt:Neuromyelitis_optica_(NMO),PLAUSIBLE,PLAUSIBLE,OFF-TARGET
102,CD19,imgt:Cancers_head_and_neck,OFF-TARGET,OFF-TARGET,OFF-TARGET
102,CD19,imgt:Colitis_ulcerative_(UC),OFF-TARGET,OFF-TARGET,OFF-TARGET
102,CD19,imgt:Multiple_myeloma_(MM),PLAUSIBLE,PLAUSIBLE,OFF-TARGET
102,CD19,imgt:Hepatocellular_carcinoma_(HCC),OFF-TARGET,OFF-TARGET,OFF-TARGET
102,CD19,imgt:Chronic_lymphocytic_leukemia_(CLL),PLAUSIBLE,PLAUSIBLE,OFF-TARGET
102,CD19,imgt:Mesothelioma_pleural_malignant,OFF-TARGET,OFF-TARGET,OFF-TARGET
102,CD19,imgt:Cancers_pancreatic,OFF-TARGET,OFF-TARGET,OFF-TARGET
102,CD19,imgt:Cancers_breast,OFF-TARGET,OFF-TARGET,OFF-TARGET
102,CD19,imgt:Cancers_colorectal_(CRC),OFF-TARGET,OFF-TARGET,OFF-TARGET
102,CD19,imgt:Non-Hodgkins_lymphoma_(NHL),PLAUSIBLE,PLAUSIBLE,OFF-TARGET
103,EGFR,imgt:Cancers_non-small_cell_lung_(NSCLC),PLAUSIBLE,PLAUSIBLE,PLAUSIBLE
103,EGFR,imgt:Non-Hodgkins_lymphoma_(NHL),OFF-TARGET,OFF-TARGET,OFF-TARGET
103,EGFR,imgt:Cancers_colorectal_(CRC),PLAUSIBLE,PLAUSIBLE,OFF-TARGET
103,EGFR,imgt:Cancers_head_and_neck,PLAUSIBLE,PLAUSIBLE,PLAUSIBLE
103,EGFR,imgt:Cancers_ovarian,PLAUSIBLE,PLAUSIBLE,PLAUSIBLE
103,EGFR,imgt:Multiple_myeloma_(MM),OFF-TARGET,OFF-TARGET,OFF-TARGET
103,EGFR,imgt:Cancers_pancreatic,PLAUSIBLE,PLAUSIBLE,OFF-TARGET
103,EGFR,imgt:Cancers_breast,PLAUSIBLE,PLAUSIBLE,PLAUSIBLE
103,EGFR,imgt:Acute_myeloid_leukemia_(AML),OFF-TARGET,OFF-TARGET,OFF-TARGET
103,EGFR,imgt:Acute_lymphocytic_leukemia_(ALL),OFF-TARGET,OFF-TARGET,OFF-TARGET
103,EGFR,imgt:Chronic_lymphocytic_leukemia_(CLL),OFF-TARGET,OFF-TARGET,OFF-TARGET
103,EGFR,imgt:Lymphoma_B_cell,OFF-TARGET,OFF-TARGET,OFF-TARGET
103,EGFR,imgt:Cancers_gastric,PLAUSIBLE,PLAUSIBLE,OFF-TARGET
103,EGFR,imgt:Cancers_prostate_metastatic,OFF-TARGET,OFF-TARGET,OFF-TARGET
103,EGFR,imgt:Hodgkin_lymphoma,OFF-TARGET,OFF-TARGET,OFF-TARGET
103,EGFR,imgt:Lymphoma_diffuse_large_B_cell_(DLBCL),OFF-TARGET,OFF-TARGET,OFF-TARGET
103,EGFR,imgt:ERBB2-positive_malignancies,OFF-TARGET,OFF-TARGET,OFF-TARGET
104,GDF2;BMP10,imgt:Cancers_non-small_cell_lung_(NSCLC),OFF-TARGET,OFF-TARGET,OFF-TARGET
104,GDF2;BMP10,imgt:Cancers_breast,PLAUSIBLE,OFF-TARGET,OFF-TARGET
104,GDF2;BMP10,imgt:Non-Hodgkins_lymphoma_(NHL),OFF-TARGET,OFF-TARGET,OFF-TARGET
104,GDF2;BMP10,imgt:Acute_myeloid_leukemia_(AML),PLAUSIBLE,OFF-TARGET,OFF-TARGET
104,GDF2;BMP10,imgt:Multiple_myeloma_(MM),PLAUSIBLE,PLAUSIBLE,OFF-TARGET
104,GDF2;BMP10,imgt:Acute_lymphocytic_leukemia_(ALL),PLAUSIBLE,OFF-TARGET,OFF-TARGET
104,GDF2;BMP10,imgt:Chronic_lymphocytic_leukemia_(CLL),OFF-TARGET,OFF-TARGET,OFF-TARGET
104,GDF2;BMP10,imgt:Lymphoma,OFF-TARGET,OFF-TARGET,OFF-TARGET
104,GDF2;BMP10,imgt:Cancers_ovarian,PLAUSIBLE,OFF-TARGET,OFF-TARGET
104,GDF2;BMP10,imgt:Cancers_prostate,PLAUSIBLE,OFF-TARGET,OFF-TARGET
104,GDF2;BMP10,imgt:Cancers_colorectal_(CRC),PLAUSIBLE,OFF-TARGET,OFF-TARGET
104,GDF2;BMP10,imgt:Cancers_pancreatic,OFF-TARGET,OFF-TARGET,OFF-TARGET
104,GDF2;BMP10,imgt:Cancers_gastric,OFF-TARGET,OFF-TARGET,OFF-TARGET
104,GDF2;BMP10,imgt:Melanoma,OFF-TARGET,OFF-TARGET,OFF-TARGET
104,GDF2;BMP10,imgt:Lymphoma_diffuse_large_B_cell_(DLBCL),OFF-TARGET,OFF-TARGET,OFF-TARGET
104,GDF2;BMP10,imgt:Solid_tumors_advanced_or_metastatic,OFF-TARGET,OFF-TARGET,OFF-TARGET
104,GDF2;BMP10,imgt:Lymphoma_B_cell,OFF-TARGET,OFF-TARGET,OFF-TARGET
105,FOLH1,imgt:Cancers_non-small_cell_lung_(NSCLC),PLAUSIBLE,PLAUSIBLE,OFF-TARGET
105,FOLH1,imgt:Cancers_prostate_metastatic,PLAUSIBLE,PLAUSIBLE,OFF-TARGET
105,FOLH1,imgt:Cancers_prostate,PLAUSIBLE,PLAUSIBLE,OFF-TARGET
105,FOLH1,imgt:Cancers_breast,PLAUSIBLE,PLAUSIBLE,OFF-TARGET
105,FOLH1,imgt:Lymphoma_B_cell,OFF-TARGET,OFF-TARGET,OFF-TARGET
105,FOLH1,imgt:Non-Hodgkins_lymphoma_(NHL),OFF-TARGET,OFF-TARGET,OFF-TARGET
105,FOLH1,imgt:Cancers_ovarian,OFF-TARGET,OFF-TARGET,OFF-TARGET
105,FOLH1,imgt:Acute_myeloid_leukemia_(AML),OFF-TARGET,OFF-TARGET,OFF-TARGET
105,FOLH1,imgt:Multiple_myeloma_(MM),OFF-TARGET,OFF-TARGET,OFF-TARGET
105,FOLH1,imgt:Cancers_pancreatic,PLAUSIBLE,OFF-TARGET,PLAUSIBLE
105,FOLH1,imgt:Chronic_lymphocytic_leukemia_(CLL),OFF-TARGET,OFF-TARGET,OFF-TARGET
105,FOLH1,imgt:Cancers_colorectal_(CRC),OFF-TARGET,OFF-TARGET,OFF-TARGET
105,FOLH1,imgt:Glioblastoma_multiforme_(GBM),PLAUSIBLE,OFF-TARGET,OFF-TARGET
105,FOLH1,imgt:Melanoma,OFF-TARGET,OFF-TARGET,OFF-TARGET
105,FOLH1,imgt:Lymphoma_diffuse_large_B_cell_(DLBCL),OFF-TARGET,OFF-TARGET,OFF-TARGET
105,FOLH1,imgt:Cancers_gastric,OFF-TARGET,OFF-TARGET,OFF-TARGET
105,FOLH1,imgt:Acute_lymphocytic_leukemia_(ALL),OFF-TARGET,OFF-TARGET,OFF-TARGET
105,FOLH1,imgt:Lymphoma,OFF-TARGET,OFF-TARGET,OFF-TARGET
106,PDCD1,imgt:Multiple_myeloma_(MM),PLAUSIBLE,PLAUSIBLE,OFF-TARGET
106,PDCD1,imgt:Cancers_non-small_cell_lung_(NSCLC),PLAUSIBLE,PLAUSIBLE,OFF-TARGET
106,PDCD1,imgt:Non-Hodgkins_lymphoma_(NHL),PLAUSIBLE,PLAUSIBLE,OFF-TARGET
106,PDCD1,imgt:Chronic_lymphocytic_leukemia_(CLL),OFF-TARGET,OFF-TARGET,OFF-TARGET
106,PDCD1,imgt:Cancers_breast,PLAUSIBLE,PLAUSIBLE,OFF-TARGET
106,PDCD1,imgt:Acute_myeloid_leukemia_(AML),OFF-TARGET,OFF-TARGET,OFF-TARGET
106,PDCD1,imgt:Cancers_ovarian,PLAUSIBLE,PLAUSIBLE,OFF-TARGET
106,PDCD1,imgt:Cancers_gastric,PLAUSIBLE,PLAUSIBLE,OFF-TARGET
106,PDCD1,imgt:Solid_tumors_advanced_or_metastatic,OFF-TARGET,OFF-TARGET,OFF-TARGET
106,PDCD1,imgt:Cancers_colorectal_(CRC),PLAUSIBLE,PLAUSIBLE,OFF-TARGET
106,PDCD1,imgt:Lymphoma,PLAUSIBLE,PLAUSIBLE,OFF-TARGET
106,PDCD1,imgt:Cancers_head_and_neck,PLAUSIBLE,PLAUSIBLE,OFF-TARGET
106,PDCD1,imgt:Glioblastoma_multiforme_(GBM),PLAUSIBLE,PLAUSIBLE,OFF-TARGET
106,PDCD1,imgt:Acute_lymphocytic_leukemia_(ALL),OFF-TARGET,OFF-TARGET,OFF-TARGET
106,PDCD1,imgt:Hepatocellular_carcinoma_(HCC)_metastatic,PLAUSIBLE,PLAUSIBLE,OFF-TARGET
106,PDCD1,imgt:Cancers_pancreatic,OFF-TARGET,OFF-TARGET,OFF-TARGET
106,PDCD1,imgt:Melanoma,PLAUSIBLE,PLAUSIBLE,OFF-TARGET
107,EGFR,imgt:Cancers_non-small_cell_lung_(NSCLC),PLAUSIBLE,PLAUSIBLE,PLAUSIBLE
107,EGFR,imgt:Non-Hodgkins_lymphoma_(NHL),OFF-TARGET,OFF-TARGET,OFF-TARGET
107,EGFR,imgt:Chronic_lymphocytic_leukemia_(CLL),OFF-TARGET,OFF-TARGET,OFF-TARGET
107,EGFR,imgt:Multiple_myeloma_(MM),OFF-TARGET,OFF-TARGET,OFF-TARGET
107,EGFR,imgt:Cancers_breast,PLAUSIBLE,PLAUSIBLE,PLAUSIBLE
107,EGFR,imgt:Acute_myeloid_leukemia_(AML),OFF-TARGET,OFF-TARGET,OFF-TARGET
107,EGFR,imgt:Cancers_gastric,PLAUSIBLE,PLAUSIBLE,OFF-TARGET
107,EGFR,imgt:Acute_lymphocytic_leukemia_(ALL),OFF-TARGET,OFF-TARGET,OFF-TARGET
107,EGFR,imgt:Lymphoma,OFF-TARGET,OFF-TARGET,OFF-TARGET
107,EGFR,imgt:Cancers_ovarian,PLAUSIBLE,PLAUSIBLE,PLAUSIBLE
107,EGFR,imgt:Cancers_head_and_neck,PLAUSIBLE,PLAUSIBLE,PLAUSIBLE
107,EGFR,imgt:Cancers_colorectal_(CRC),PLAUSIBLE,PLAUSIBLE,OFF-TARGET
107,EGFR,imgt:Cancers_prostate,OFF-TARGET,OFF-TARGET,OFF-TARGET
107,EGFR,imgt:Lymphoma_diffuse_large_B_cell_(DLBCL),OFF-TARGET,OFF-TARGET,OFF-TARGET
107,EGFR,imgt:Solid_tumors_advanced_or_metastatic,OFF-TARGET,OFF-TARGET,OFF-TARGET
107,EGFR,imgt:Melanoma,OFF-TARGET,OFF-TARGET,OFF-TARGET
107,EGFR,imgt:Hodgkin_lymphoma,OFF-TARGET,OFF-TARGET,OFF-TARGET
108,KDR,imgt:Cancers_colorectal_(CRC)_metastatic,PLAUSIBLE,PLAUSIBLE,OFF-TARGET
108,KDR,imgt:Lymphoma_diffuse_large_B_cell_(DLBCL),OFF-TARGET,OFF-TARGET,OFF-TARGET
108,KDR,imgt:Cancers_gastric,PLAUSIBLE,PLAUSIBLE,OFF-TARGET
108,KDR,imgt:Hepatocellular_carcinoma_(HCC),PLAUSIBLE,PLAUSIBLE,OFF-TARGET
108,KDR,imgt:Cancers_non-small_cell_lung_(NSCLC),PLAUSIBLE,PLAUSIBLE,OFF-TARGET
108,KDR,imgt:Cancers_breast,PLAUSIBLE,PLAUSIBLE,OFF-TARGET
108,KDR,imgt:Chronic_lymphocytic_leukemia_(CLL),PLAUSIBLE,PLAUSIBLE,OFF-TARGET
108,KDR,imgt:Cancers_breast_overexpressing_ERBB2_metastatic,PLAUSIBLE,PLAUSIBLE,OFF-TARGET
108,KDR,imgt:Multiple_myeloma_(MM),OFF-TARGET,OFF-TARGET,OFF-TARGET
108,KDR,imgt:Carcinoma_head_and_neck_squamous_cell_carcinoma_(HNSCC),PLAUSIBLE,PLAUSIBLE,OFF-TARGET
108,KDR,imgt:Cancers_small_cell_lung_(SCLC),PLAUSIBLE,PLAUSIBLE,OFF-TARGET
108,KDR,imgt:Mesothelioma_pleural_malignant,OFF-TARGET,OFF-TARGET,OFF-TARGET
108,KDR,imgt:Melanoma_metastatic,PLAUSIBLE,PLAUSIBLE,OFF-TARGET
108,KDR,imgt:Carcinoma_bladder_cancer_advanced_or_metastatic_urothelial_cancers,PLAUSIBLE,PLAUSIBLE,OFF-TARGET
108,KDR,imgt:Melanoma,PLAUSIBLE,PLAUSIBLE,OFF-TARGET
108,KDR,imgt:Lymphoproliferative_disorder_giant_lymph_node_hyperplasia_(Castlemans_disease),OFF-TARGET,OFF-TARGET,OFF-TARGET
108,KDR,imgt:Cancers_ovarian,PLAUSIBLE,PLAUSIBLE,OFF-TARGET
108,KDR,imgt:Cancers_non-small_cell_lung_(NSCLC)_metastatic,PLAUSIBLE,PLAUSIBLE,OFF-TARGET
108,KDR,imgt:Merkel_cell_carcinoma_(MCC)_metastatic,OFF-TARGET,OFF-TARGET,OFF-TARGET
109,TIGIT;PDCD1,imgt:Cancers_non-small_cell_lung_(NSCLC),PLAUSIBLE,PLAUSIBLE,OFF-TARGET
109,TIGIT;PDCD1,imgt:Non-Hodgkins_lymphoma_(NHL),PLAUSIBLE,PLAUSIBLE,OFF-TARGET
109,TIGIT;PDCD1,imgt:Multiple_myeloma_(MM),PLAUSIBLE,PLAUSIBLE,OFF-TARGET
109,TIGIT;PDCD1,imgt:Cancers_ovarian,PLAUSIBLE,PLAUSIBLE,OFF-TARGET
109,TIGIT;PDCD1,imgt:Cancers_breast,PLAUSIBLE,PLAUSIBLE,OFF-TARGET
109,TIGIT;PDCD1,imgt:Chronic_lymphocytic_leukemia_(CLL),PLAUSIBLE,OFF-TARGET,PLAUSIBLE
109,TIGIT;PDCD1,imgt:Cancers_prostate_metastatic,PLAUSIBLE,PLAUSIBLE,OFF-TARGET
109,TIGIT;PDCD1,imgt:Acute_myeloid_leukemia_(AML),PLAUSIBLE,OFF-TARGET,OFF-TARGET
109,TIGIT;PDCD1,imgt:Cancers_pancreatic,OFF-TARGET,OFF-TARGET,OFF-TARGET
109,TIGIT;PDCD1,imgt:Lymphoma_B_cell,PLAUSIBLE,PLAUSIBLE,OFF-TARGET
109,TIGIT;PDCD1,imgt:Cancers_colorectal_(CRC),PLAUSIBLE,PLAUSIBLE,OFF-TARGET
109,TIGIT;PDCD1,imgt:Acute_lymphocytic_leukemia_(ALL),PLAUSIBLE,OFF-TARGET,OFF-TARGET
109,TIGIT;PDCD1,imgt:Solid_tumors_advanced_or_metastatic,OFF-TARGET,OFF-TARGET,OFF-TARGET
109,TIGIT;PDCD1,imgt:Cancers_gastric,PLAUSIBLE,PLAUSIBLE,PLAUSIBLE
109,TIGIT;PDCD1,imgt:Carcinoma_head_and_neck_squamous_cell_carcinoma_(HNSCC),PLAUSIBLE,PLAUSIBLE,OFF-TARGET
109,TIGIT;PDCD1,imgt:Lymphoma_diffuse_large_B_cell_(DLBCL),PLAUSIBLE,PLAUSIBLE,OFF-TARGET
109,TIGIT;PDCD1,imgt:Cancers_head_and_neck,PLAUSIBLE,PLAUSIBLE,OFF-TARGET
110,MS4A1,imgt:Lymphoma_diffuse_large_B_cell_(DLBCL),PLAUSIBLE,PLAUSIBLE,OFF-TARGET
110,MS4A1,imgt:Cancers_non-small_cell_lung_(NSCLC),PLAUSIBLE,PLAUSIBLE,OFF-TARGET
110,MS4A1,imgt:Chronic_lymphocytic_leukemia_(CLL),PLAUSIBLE,PLAUSIBLE,OFF-TARGET
110,MS4A1,imgt:Cancers_small_cell_lung_(SCLC),PLAUSIBLE,PLAUSIBLE,OFF-TARGET
110,MS4A1,imgt:Cancers_breast_overexpressing_ERBB2_metastatic,OFF-TARGET,OFF-TARGET,OFF-TARGET
110,MS4A1,imgt:Cancers_colorectal_(CRC)_metastatic,OFF-TARGET,OFF-TARGET,OFF-TARGET
110,MS4A1,imgt:Carcinoma_bladder_cancer_advanced_or_metastatic_urothelial_cancers,OFF-TARGET,OFF-TARGET,OFF-TARGET
110,MS4A1,imgt:Multiple_myeloma_(MM),PLAUSIBLE,PLAUSIBLE,OFF-TARGET
110,MS4A1,imgt:B_cell_acute_lymphoblastic_leukemia_(B_cell_ALL),PLAUSIBLE,PLAUSIBLE,OFF-TARGET
110,MS4A1,imgt:Cancers_gastric,OFF-TARGET,OFF-TARGET,OFF-TARGET
110,MS4A1,imgt:Lymphoproliferative_disorder_giant_lymph_node_hyperplasia_(Castlemans_disease),OFF-TARGET,OFF-TARGET,OFF-TARGET
110,MS4A1,imgt:Lymphoma_mantle_cell_(MCL),PLAUSIBLE,PLAUSIBLE,OFF-TARGET
110,MS4A1,imgt:Melanoma,OFF-TARGET,OFF-TARGET,OFF-TARGET
110,MS4A1,imgt:Merkel_cell_carcinoma_(MCC)_metastatic,OFF-TARGET,OFF-TARGET,OFF-TARGET
110,MS4A1,imgt:Lymphoma_follicular_(FL),PLAUSIBLE,PLAUSIBLE,OFF-TARGET
110,MS4A1,imgt:Hepatocellular_carcinoma_(HCC),OFF-TARGET,OFF-TARGET,OFF-TARGET
110,MS4A1,imgt:Non-Hodgkins_lymphoma_(NHL)_follicular_CD20_positive_relapsed_or_refractory_low_grade,PLAUSIBLE,PLAUSIBLE,OFF-TARGET
110,MS4A1,imgt:Cancers_cervical,OFF-TARGET,OFF-TARGET,OFF-TARGET
110,MS4A1,imgt:Mesothelioma_pleural_malignant,OFF-TARGET,OFF-TARGET,OFF-TARGET
111,ERBB2,imgt:Cancers_non-small_cell_lung_(NSCLC),PLAUSIBLE,PLAUSIBLE,PLAUSIBLE
111,ERBB2,imgt:Cancers_breast,PLAUSIBLE,PLAUSIBLE,OFF-TARGET
111,ERBB2,imgt:Non-Hodgkins_lymphoma_(NHL),OFF-TARGET,OFF-TARGET,OFF-TARGET
111,ERBB2,imgt:Multiple_myeloma_(MM),OFF-TARGET,OFF-TARGET,OFF-TARGET
111,ERBB2,imgt:Chronic_lymphocytic_leukemia_(CLL),OFF-TARGET,OFF-TARGET,OFF-TARGET
111,ERBB2,imgt:Cancers_gastric,PLAUSIBLE,PLAUSIBLE,PLAUSIBLE
111,ERBB2,imgt:Cancers_ovarian,PLAUSIBLE,PLAUSIBLE,PLAUSIBLE
111,ERBB2,imgt:Acute_myeloid_leukemia_(AML),OFF-TARGET,OFF-TARGET,OFF-TARGET
111,ERBB2,imgt:Acute_lymphocytic_leukemia_(ALL),OFF-TARGET,OFF-TARGET,OFF-TARGET
111,ERBB2,imgt:Cancers_colorectal_(CRC),PLAUSIBLE,PLAUSIBLE,PLAUSIBLE
111,ERBB2,imgt:Cancers_head_and_neck,PLAUSIBLE,PLAUSIBLE,OFF-TARGET
111,ERBB2,imgt:Cancers_prostate,PLAUSIBLE,PLAUSIBLE,OFF-TARGET
111,ERBB2,imgt:Lymphoma,OFF-TARGET,OFF-TARGET,OFF-TARGET
111,ERBB2,imgt:Lymphoma_diffuse_large_B_cell_(DLBCL),OFF-TARGET,OFF-TARGET,OFF-TARGET
111,ERBB2,imgt:Cancers_pancreatic,PLAUSIBLE,PLAUSIBLE,OFF-TARGET
111,ERBB2,imgt:Solid_tumors_advanced_or_metastatic,OFF-TARGET,OFF-TARGET,OFF-TARGET
111,ERBB2,imgt:Glioblastoma_multiforme_(GBM),OFF-TARGET,OFF-TARGET,OFF-TARGET
112,CD47,imgt:Cancers_non-small_cell_lung_(NSCLC),PLAUSIBLE,PLAUSIBLE,OFF-TARGET
112,CD47,imgt:Multiple_myeloma_(MM),PLAUSIBLE,PLAUSIBLE,OFF-TARGET
112,CD47,imgt:Cancers_ovarian,PLAUSIBLE,PLAUSIBLE,OFF-TARGET
112,CD47,imgt:Non-Hodgkins_lymphoma_(NHL),PLAUSIBLE,PLAUSIBLE,OFF-TARGET
112,CD47,imgt:Chronic_lymphocytic_leukemia_(CLL),PLAUSIBLE,PLAUSIBLE,OFF-TARGET
112,CD47,imgt:Cancers_breast,PLAUSIBLE,PLAUSIBLE,OFF-TARGET
112,CD47,imgt:Cancers_gastric,PLAUSIBLE,PLAUSIBLE,OFF-TARGET
112,CD47,imgt:Acute_myeloid_leukemia_(AML),PLAUSIBLE,PLAUSIBLE,OFF-TARGET
112,CD47,imgt:Cancers_prostate_metastatic,PLAUSIBLE,PLAUSIBLE,OFF-TARGET
112,CD47,imgt:Cancers_colorectal_(CRC),PLAUSIBLE,PLAUSIBLE,OFF-TARGET
112,CD47,imgt:Lymphoma,PLAUSIBLE,PLAUSIBLE,OFF-TARGET
112,CD47,imgt:Lymphoma_diffuse_large_B_cell_(DLBCL),PLAUSIBLE,PLAUSIBLE,OFF-TARGET
112,CD47,imgt:Cancers_pancreatic,OFF-TARGET,OFF-TARGET,OFF-TARGET
112,CD47,imgt:Cancers_prostate,PLAUSIBLE,PLAUSIBLE,OFF-TARGET
112,CD47,imgt:Acute_lymphocytic_leukemia_(ALL),PLAUSIBLE,PLAUSIBLE,OFF-TARGET
112,CD47,imgt:Cancers_non-small_cell_lung_(NSCLC)_metastatic,PLAUSIBLE,PLAUSIBLE,OFF-TARGET
112,CD47,imgt:Carcinoma_head_and_neck_squamous_cell_carcinoma_(HNSCC),PLAUSIBLE,PLAUSIBLE,OFF-TARGET
113,PDCD1,imgt:Lymphoma_diffuse_large_B_cell_(DLBCL),PLAUSIBLE,PLAUSIBLE,OFF-TARGET
113,PDCD1,imgt:Cancers_non-small_cell_lung_(NSCLC),PLAUSIBLE,PLAUSIBLE,OFF-TARGET
113,PDCD1,imgt:Chronic_lymphocytic_leukemia_(CLL),OFF-TARGET,OFF-TARGET,OFF-TARGET
113,PDCD1,imgt:Cancers_colorectal_(CRC)_metastatic,PLAUSIBLE,PLAUSIBLE,OFF-TARGET
113,PDCD1,imgt:Multiple_myeloma_(MM),PLAUSIBLE,PLAUSIBLE,OFF-TARGET
113,PDCD1,imgt:Cancers_small_cell_lung_(SCLC),PLAUSIBLE,PLAUSIBLE,OFF-TARGET
113,PDCD1,imgt:Hepatocellular_carcinoma_(HCC),PLAUSIBLE,PLAUSIBLE,OFF-TARGET
113,PDCD1,imgt:Cancers_gastric,PLAUSIBLE,PLAUSIBLE,OFF-TARGET
113,PDCD1,imgt:Carcinoma_bladder_cancer_advanced_or_metastatic_urothelial_cancers,PLAUSIBLE,PLAUSIBLE,OFF-TARGET
113,PDCD1,imgt:Cancers_breast_overexpressing_ERBB2_metastatic,PLAUSIBLE,PLAUSIBLE,OFF-TARGET
113,PDCD1,imgt:Melanoma,PLAUSIBLE,PLAUSIBLE,OFF-TARGET
113,PDCD1,imgt:Carcinoma_head_and_neck_squamous_cell_carcinoma_(HNSCC),PLAUSIBLE,PLAUSIBLE,OFF-TARGET
113,PDCD1,imgt:Lymphoproliferative_disorder_giant_lymph_node_hyperplasia_(Castlemans_disease),OFF-TARGET,OFF-TARGET,OFF-TARGET
113,PDCD1,imgt:Cancers_ovarian,PLAUSIBLE,PLAUSIBLE,OFF-TARGET
113,PDCD1,imgt:Lymphoma_mantle_cell_(MCL),PLAUSIBLE,PLAUSIBLE,OFF-TARGET
113,PDCD1,imgt:Cancers_breast,PLAUSIBLE,PLAUSIBLE,OFF-TARGET
113,PDCD1,imgt:B_cell_acute_lymphoblastic_leukemia_(B_cell_ALL),OFF-TARGET,OFF-TARGET,OFF-TARGET
113,PDCD1,imgt:Mesothelioma_pleural_malignant,PLAUSIBLE,PLAUSIBLE,OFF-TARGET
113,PDCD1,imgt:Non-Hodgkins_lymphoma_(NHL),PLAUSIBLE,PLAUSIBLE,OFF-TARGET
114,CD22,imgt:Cancers_non-small_cell_lung_(NSCLC),OFF-TARGET,OFF-TARGET,OFF-TARGET
114,CD22,imgt:Non-Hodgkins_lymphoma_(NHL),PLAUSIBLE,PLAUSIBLE,OFF-TARGET
114,CD22,imgt:Multiple_myeloma_(MM),OFF-TARGET,OFF-TARGET,OFF-TARGET
114,CD22,imgt:Chronic_lymphocytic_leukemia_(CLL),PLAUSIBLE,PLAUSIBLE,OFF-TARGET
114,CD22,imgt:Cancers_breast,PLAUSIBLE,OFF-TARGET,OFF-TARGET
114,CD22,imgt:Acute_myeloid_leukemia_(AML),PLAUSIBLE,PLAUSIBLE,OFF-TARGET
114,CD22,imgt:Cancers_gastric,OFF-TARGET,OFF-TARGET,OFF-TARGET
114,CD22,imgt:Lymphoma,PLAUSIBLE,PLAUSIBLE,OFF-TARGET
114,CD22,imgt:Cancers_ovarian,OFF-TARGET,OFF-TARGET,OFF-TARGET
114,CD22,imgt:Acute_lymphocytic_leukemia_(ALL),PLAUSIBLE,PLAUSIBLE,OFF-TARGET
114,CD22,imgt:Cancers_colorectal_(CRC),OFF-TARGET,OFF-TARGET,OFF-TARGET
114,CD22,imgt:Cancers_head_and_neck,OFF-TARGET,OFF-TARGET,OFF-TARGET
114,CD22,imgt:Solid_tumors_advanced_or_metastatic,OFF-TARGET,OFF-TARGET,OFF-TARGET
114,CD22,imgt:Cancers_prostate,OFF-TARGET,OFF-TARGET,OFF-TARGET
114,CD22,imgt:Lymphoma_diffuse_large_B_cell_(DLBCL),PLAUSIBLE,PLAUSIBLE,OFF-TARGET
114,CD22,imgt:Cancers_pancreatic,OFF-TARGET,OFF-TARGET,OFF-TARGET
114,CD22,imgt:Melanoma,PLAUSIBLE,OFF-TARGET,OFF-TARGET
115,CD37,imgt:Cancers_non-small_cell_lung_(NSCLC),PLAUSIBLE,OFF-TARGET,OFF-TARGET
115,CD37,imgt:Non-Hodgkins_lymphoma_(NHL),PLAUSIBLE,PLAUSIBLE,OFF-TARGET
115,CD37,imgt:Cancers_breast,PLAUSIBLE,OFF-TARGET,OFF-TARGET
115,CD37,imgt:Multiple_myeloma_(MM),PLAUSIBLE,OFF-TARGET,PLAUSIBLE
115,CD37,imgt:Lymphoma_diffuse_large_B_cell_(DLBCL),PLAUSIBLE,PLAUSIBLE,OFF-TARGET
115,CD37,imgt:Cancers_gastric,OFF-TARGET,OFF-TARGET,OFF-TARGET
115,CD37,imgt:Cancers_ovarian,OFF-TARGET,OFF-TARGET,OFF-TARGET
115,CD37,imgt:Cancers_pancreatic,OFF-TARGET,OFF-TARGET,OFF-TARGET
115,CD37,imgt:Chronic_lymphocytic_leukemia_(CLL),PLAUSIBLE,PLAUSIBLE,OFF-TARGET
115,CD37,imgt:Cancers_colorectal_(CRC),OFF-TARGET,OFF-TARGET,OFF-TARGET
115,CD37,imgt:Acute_myeloid_leukemia_(AML),PLAUSIBLE,PLAUSIBLE,OFF-TARGET
115,CD37,imgt:Cancers_colorectal_(CRC)_metastatic,OFF-TARGET,OFF-TARGET,OFF-TARGET
115,CD37,imgt:Cancers_head_and_neck,OFF-TARGET,OFF-TARGET,OFF-TARGET
115,CD37,imgt:Cancers_prostate,OFF-TARGET,OFF-TARGET,OFF-TARGET
115,CD37,imgt:Glioblastoma_multiforme_(GBM),PLAUSIBLE,OFF-TARGET,OFF-TARGET
115,CD37,imgt:Hepatocellular_carcinoma_(HCC),OFF-TARGET,OFF-TARGET,OFF-TARGET
115,CD37,imgt:Hodgkin_lymphoma,PLAUSIBLE,PLAUSIBLE,OFF-TARGET
115,CD37,imgt:Carcinoma_head_and_neck_squamous_cell_carcinoma_(HNSCC),PLAUSIBLE,OFF-TARGET,OFF-TARGET
116,TNFRSF9,imgt:Hepatocellular_carcinoma_(HCC)_metastatic,PLAUSIBLE,PLAUSIBLE,OFF-TARGET
116,TNFRSF9,imgt:Cancers_non-small_cell_lung_(NSCLC),PLAUSIBLE,PLAUSIBLE,OFF-TARGET
116,TNFRSF9,imgt:Multiple_myeloma_(MM),OFF-TARGET,OFF-TARGET,OFF-TARGET
116,TNFRSF9,imgt:Non-Hodgkins_lymphoma_(NHL),PLAUSIBLE,PLAUSIBLE,OFF-TARGET
116,TNFRSF9,imgt:Carcinoma_head_and_neck_squamous_cell_(HNSCC)_recurrent_or_metastatic,PLAUSIBLE,PLAUSIBLE,OFF-TARGET
116,TNFRSF9,imgt:Chronic_lymphocytic_leukemia_(CLL),PLAUSIBLE,PLAUSIBLE,PLAUSIBLE
116,TNFRSF9,imgt:Soft-tissue_sarcoma_(STS),PLAUSIBLE,OFF-TARGET,OFF-TARGET
116,TNFRSF9,imgt:Cancers_breast,PLAUSIBLE,PLAUSIBLE,OFF-TARGET
116,TNFRSF9,imgt:Acute_myeloid_leukemia_(AML),PLAUSIBLE,PLAUSIBLE,OFF-TARGET
116,TNFRSF9,imgt:Cancers_gastric,PLAUSIBLE,PLAUSIBLE,OFF-TARGET
116,TNFRSF9,imgt:Lymphoma,PLAUSIBLE,PLAUSIBLE,OFF-TARGET
116,TNFRSF9,imgt:Cancers_ovarian,PLAUSIBLE,PLAUSIBLE,OFF-TARGET
116,TNFRSF9,imgt:Acute_lymphocytic_leukemia_(ALL),PLAUSIBLE,PLAUSIBLE,OFF-TARGET
116,TNFRSF9,imgt:Solid_tumors_advanced_or_metastatic,OFF-TARGET,OFF-TARGET,OFF-TARGET
116,TNFRSF9,imgt:Cancers_esophageal_metastatic,OFF-TARGET,OFF-TARGET,OFF-TARGET
116,TNFRSF9,imgt:Cancers_pancreatic,PLAUSIBLE,PLAUSIBLE,OFF-TARGET
116,TNFRSF9,imgt:Cancers_prostate,OFF-TARGET,OFF-TARGET,OFF-TARGET
117,ERBB3,imgt:Cancers_non-small_cell_lung_(NSCLC),PLAUSIBLE,PLAUSIBLE,OFF-TARGET
117,ERBB3,imgt:Non-Hodgkins_lymphoma_(NHL),OFF-TARGET,OFF-TARGET,OFF-TARGET
117,ERBB3,imgt:Multiple_myeloma_(MM),OFF-TARGET,OFF-TARGET,OFF-TARGET
117,ERBB3,imgt:Chronic_lymphocytic_leukemia_(CLL),OFF-TARGET,OFF-TARGET,OFF-TARGET
117,ERBB3,imgt:Acute_myeloid_leukemia_(AML),OFF-TARGET,OFF-TARGET,OFF-TARGET
117,ERBB3,imgt:Lymphoma,OFF-TARGET,OFF-TARGET,OFF-TARGET
117,ERBB3,imgt:Cancers_gastric,PLAUSIBLE,PLAUSIBLE,OFF-TARGET
117,ERBB3,imgt:Cancers_breast,PLAUSIBLE,PLAUSIBLE,OFF-TARGET
117,ERBB3,imgt:Acute_lymphocytic_leukemia_(ALL),OFF-TARGET,OFF-TARGET,OFF-TARGET
117,ERBB3,imgt:Cancers_ovarian,OFF-TARGET,OFF-TARGET,OFF-TARGET
117,ERBB3,imgt:Cancers_prostate,PLAUSIBLE,OFF-TARGET,OFF-TARGET
117,ERBB3,imgt:Cancers_colorectal_(CRC),PLAUSIBLE,PLAUSIBLE,OFF-TARGET
117,ERBB3,imgt:Solid_tumors_advanced_or_metastatic,OFF-TARGET,OFF-TARGET,OFF-TARGET
117,ERBB3,imgt:Cancers_head_and_neck,PLAUSIBLE,PLAUSIBLE,OFF-TARGET
117,ERBB3,imgt:Lymphoma_diffuse_large_B_cell_(DLBCL),OFF-TARGET,OFF-TARGET,OFF-TARGET
117,ERBB3,imgt:Glioblastoma_multiforme_(GBM),OFF-TARGET,OFF-TARGET,OFF-TARGET
117,ERBB3,imgt:Melanoma,PLAUSIBLE,PLAUSIBLE,OFF-TARGET
118,NOCT,imgt:Cancers_non-small_cell_lung_(NSCLC),PLAUSIBLE,OFF-TARGET,OFF-TARGET
118,NOCT,imgt:Non-Hodgkins_lymphoma_(NHL),OFF-TARGET,OFF-TARGET,OFF-TARGET
118,NOCT,imgt:Peripheral_T/NK_cell_lymphoma,OFF-TARGET,OFF-TARGET,OFF-TARGET
118,NOCT,imgt:Cancers_ovarian,OFF-TARGET,OFF-TARGET,OFF-TARGET
118,NOCT,imgt:Adult_T_cell_leukemia/lymphoma_(ATL),OFF-TARGET,OFF-TARGET,OFF-TARGET
118,NOCT,imgt:Multiple_myeloma_(MM),OFF-TARGET,OFF-TARGET,OFF-TARGET
118,NOCT,imgt:Chronic_lymphocytic_leukemia_(CLL),OFF-TARGET,OFF-TARGET,OFF-TARGET
118,NOCT,imgt:Cancers_pancreatic,OFF-TARGET,OFF-TARGET,OFF-TARGET
118,NOCT,imgt:Cancers_breast,OFF-TARGET,OFF-TARGET,OFF-TARGET
118,NOCT,imgt:Cancers_gastric,OFF-TARGET,OFF-TARGET,OFF-TARGET
118,NOCT,imgt:Lymphoma_diffuse_large_B_cell_(DLBCL),OFF-TARGET,OFF-TARGET,OFF-TARGET
118,NOCT,imgt:Cancers_colorectal_(CRC),OFF-TARGET,OFF-TARGET,OFF-TARGET
118,NOCT,imgt:Lymphoma_B_cell,OFF-TARGET,OFF-TARGET,OFF-TARGET
118,NOCT,imgt:Cancers_colorectal_(CRC)_metastatic,OFF-TARGET,OFF-TARGET,OFF-TARGET
118,NOCT,imgt:Acute_lymphocytic_leukemia_(ALL),OFF-TARGET,OFF-TARGET,OFF-TARGET
118,NOCT,imgt:Lymphoma_cutaneous_T_cell_(CTCL),OFF-TARGET,OFF-TARGET,OFF-TARGET
118,NOCT,imgt:Asthma,OFF-TARGET,OFF-TARGET,OFF-TARGET
118,NOCT,imgt:Renal_cell_carcinoma_(RCC),OFF-TARGET,OFF-TARGET,OFF-TARGET
119,EGFR,imgt:Cancers_head_and_neck,PLAUSIBLE,PLAUSIBLE,PLAUSIBLE
119,EGFR,imgt:Cancers_non-small_cell_lung_(NSCLC),PLAUSIBLE,PLAUSIBLE,PLAUSIBLE
119,EGFR,imgt:Non-Hodgkins_lymphoma_(NHL),OFF-TARGET,OFF-TARGET,OFF-TARGET
119,EGFR,imgt:Cancers_breast,PLAUSIBLE,PLAUSIBLE,PLAUSIBLE
119,EGFR,imgt:Chronic_lymphocytic_leukemia_(CLL),OFF-TARGET,OFF-TARGET,OFF-TARGET
119,EGFR,imgt:Cancers_glioma,PLAUSIBLE,PLAUSIBLE,PLAUSIBLE
119,EGFR,imgt:Cancers_gastric,PLAUSIBLE,PLAUSIBLE,OFF-TARGET
119,EGFR,imgt:Cancers_ovarian,PLAUSIBLE,PLAUSIBLE,PLAUSIBLE
119,EGFR,imgt:Multiple_myeloma_(MM),OFF-TARGET,OFF-TARGET,OFF-TARGET
119,EGFR,imgt:Lymphoma_diffuse_large_B_cell_(DLBCL),OFF-TARGET,OFF-TARGET,OFF-TARGET
119,EGFR,imgt:Acute_myeloid_leukemia_(AML),OFF-TARGET,OFF-TARGET,OFF-TARGET
119,EGFR,imgt:Glioblastoma_multiforme_(GBM),PLAUSIBLE,PLAUSIBLE,PLAUSIBLE
119,EGFR,imgt:Hepatocellular_carcinoma_(HCC),OFF-TARGET,OFF-TARGET,OFF-TARGET
119,EGFR,imgt:Rheumatoid_arthritis_(RA),OFF-TARGET,OFF-TARGET,OFF-TARGET
119,EGFR,imgt:Cancers_colorectal_(CRC),PLAUSIBLE,PLAUSIBLE,OFF-TARGET
119,EGFR,imgt:Cancers_colorectal_(CRC)_metastatic,PLAUSIBLE,PLAUSIBLE,OFF-TARGET
119,EGFR,imgt:Cancers_pancreatic,PLAUSIBLE,PLAUSIBLE,OFF-TARGET
119,EGFR,imgt:Melanoma,OFF-TARGET,OFF-TARGET,OFF-TARGET
119,EGFR,imgt:Carcinoma_head_and_neck_squamous_cell_carcinoma_(HNSCC),PLAUSIBLE,PLAUSIBLE,PLAUSIBLE
120,IGF1R,imgt:Cancers_non-small_cell_lung_(NSCLC),PLAUSIBLE,PLAUSIBLE,OFF-TARGET
120,IGF1R,imgt:Multiple_myeloma_(MM),OFF-TARGET,OFF-TARGET,OFF-TARGET
120,IGF1R,imgt:Non-Hodgkins_lymphoma_(NHL),OFF-TARGET,OFF-TARGET,OFF-TARGET
120,IGF1R,imgt:Chronic_lymphocytic_leukemia_(CLL),OFF-TARGET,OFF-TARGET,OFF-TARGET
120,IGF1R,imgt:Cancers_breast,OFF-TARGET,OFF-TARGET,OFF-TARGET
120,IGF1R,imgt:Cancers_ovarian,OFF-TARGET,OFF-TARGET,OFF-TARGET
120,IGF1R,imgt:Acute_myeloid_leukemia_(AML),OFF-TARGET,OFF-TARGET,OFF-TARGET
120,IGF1R,imgt:Cancers_colorectal_(CRC),OFF-TARGET,OFF-TARGET,OFF-TARGET
120,IGF1R,imgt:Cancers_gastric,OFF-TARGET,OFF-TARGET,OFF-TARGET
120,IGF1R,imgt:Lymphoma_follicular_(FL),OFF-TARGET,OFF-TARGET,OFF-TARGET
120,IGF1R,imgt:Cancers_pancreatic,PLAUSIBLE,PLAUSIBLE,OFF-TARGET
120,IGF1R,imgt:Cancers_prostate,PLAUSIBLE,PLAUSIBLE,PLAUSIBLE
120,IGF1R,imgt:Lymphoma,OFF-TARGET,OFF-TARGET,OFF-TARGET
120,IGF1R,imgt:Lymphoma_diffuse_large_B_cell_(DLBCL),OFF-TARGET,OFF-TARGET,OFF-TARGET
120,IGF1R,imgt:Acute_lymphocytic_leukemia_(ALL),OFF-TARGET,OFF-TARGET,OFF-TARGET
120,IGF1R,imgt:Solid_tumors_advanced_or_metastatic,OFF-TARGET,OFF-TARGET,OFF-TARGET
120,IGF1R,imgt:Renal_cell_carcinoma_(RCC),OFF-TARGET,OFF-TARGET,OFF-TARGET
120,IGF1R,imgt:Glioblastoma_multiforme_(GBM),OFF-TARGET,OFF-TARGET,OFF-TARGET
121,ICOS,imgt:Cancers_non-small_cell_lung_(NSCLC),PLAUSIBLE,PLAUSIBLE,OFF-TARGET
121,ICOS,imgt:Cancers_gastric,OFF-TARGET,OFF-TARGET,OFF-TARGET
121,ICOS,imgt:Non-Hodgkins_lymphoma_(NHL),OFF-TARGET,OFF-TARGET,OFF-TARGET
121,ICOS,imgt:Carcinoma_head_and_neck_squamous_cell_carcinoma_(HNSCC),PLAUSIBLE,PLAUSIBLE,OFF-TARGET
121,ICOS,imgt:Multiple_myeloma_(MM),OFF-TARGET,OFF-TARGET,OFF-TARGET
121,ICOS,imgt:Cancers_pancreatic,OFF-TARGET,OFF-TARGET,OFF-TARGET
121,ICOS,imgt:Chronic_lymphocytic_leukemia_(CLL),PLAUSIBLE,OFF-TARGET,PLAUSIBLE
121,ICOS,imgt:Cancers_colorectal_(CRC),PLAUSIBLE,OFF-TARGET,OFF-TARGET
121,ICOS,imgt:Cancers_ovarian,OFF-TARGET,OFF-TARGET,OFF-TARGET
121,ICOS,imgt:Cancers_breast,OFF-TARGET,OFF-TARGET,OFF-TARGET
121,ICOS,imgt:Acute_myeloid_leukemia_(AML),OFF-TARGET,OFF-TARGET,OFF-TARGET
121,ICOS,imgt:Lymphoma_B_cell,OFF-TARGET,OFF-TARGET,OFF-TARGET
121,ICOS,imgt:Cancers_head_and_neck,PLAUSIBLE,PLAUSIBLE,OFF-TARGET
121,ICOS,imgt:Cancers_prostate_metastatic,OFF-TARGET,OFF-TARGET,OFF-TARGET
121,ICOS,imgt:Cancers_colorectal_(CRC)_metastatic,PLAUSIBLE,OFF-TARGET,OFF-TARGET
121,ICOS,imgt:Hodgkin_lymphoma,OFF-TARGET,OFF-TARGET,OFF-TARGET
121,ICOS,imgt:Renal_cell_carcinoma_(RCC),OFF-TARGET,OFF-TARGET,OFF-TARGET
122,ERBB3;EGFR,imgt:Cancers_ovarian,PLAUSIBLE,PLAUSIBLE,PLAUSIBLE
122,ERBB3;EGFR,imgt:Lymphoma_diffuse_large_B_cell_(DLBCL),OFF-TARGET,OFF-TARGET,OFF-TARGET
122,ERBB3;EGFR,imgt:Cancers_gastric,PLAUSIBLE,PLAUSIBLE,OFF-TARGET
122,ERBB3;EGFR,imgt:Esophageal_Squamous_Cell_Carcinoma_(ESCC),PLAUSIBLE,PLAUSIBLE,PLAUSIBLE
122,ERBB3;EGFR,imgt:Cancers_colorectal_(CRC),PLAUSIBLE,PLAUSIBLE,OFF-TARGET
122,ERBB3;EGFR,imgt:Carcinoma_head_and_neck_squamous_cell_(HNSCC)_recurrent_or_metastatic,PLAUSIBLE,PLAUSIBLE,PLAUSIBLE
122,ERBB3;EGFR,imgt:Cancers_head_and_neck,PLAUSIBLE,PLAUSIBLE,PLAUSIBLE
122,ERBB3;EGFR,imgt:Cancers_non-small_cell_lung_(NSCLC),PLAUSIBLE,PLAUSIBLE,PLAUSIBLE
122,ERBB3;EGFR,imgt:Malignant_ascites,OFF-TARGET,OFF-TARGET,OFF-TARGET
122,ERBB3;EGFR,imgt:Cancers_breast,PLAUSIBLE,PLAUSIBLE,PLAUSIBLE
122,ERBB3;EGFR,imgt:Colitis_ulcerative_(UC),PLAUSIBLE,OFF-TARGET,OFF-TARGET
122,ERBB3;EGFR,imgt:Hepatocellular_carcinoma_(HCC),PLAUSIBLE,PLAUSIBLE,OFF-TARGET
122,ERBB3;EGFR,imgt:Mesothelioma_pleural_malignant,OFF-TARGET,OFF-TARGET,OFF-TARGET
122,ERBB3;EGFR,imgt:Acute_myeloid_leukemia_(AML),OFF-TARGET,OFF-TARGET,OFF-TARGET
122,ERBB3;EGFR,imgt:Non-Hodgkins_lymphoma_(NHL),OFF-TARGET,OFF-TARGET,OFF-TARGET
122,ERBB3;EGFR,imgt:Chronic_lymphocytic_leukemia_(CLL),OFF-TARGET,OFF-TARGET,OFF-TARGET
122,ERBB3;EGFR,imgt:Myasthenia_Gravis_(MG),OFF-TARGET,OFF-TARGET,OFF-TARGET
122,ERBB3;EGFR,imgt:Multiple_myeloma_(MM),OFF-TARGET,OFF-TARGET,OFF-TARGET
123,ERBB2,imgt:Cancers_breast,PLAUSIBLE,PLAUSIBLE,OFF-TARGET
123,ERBB2,imgt:Cancers_non-small_cell_lung_(NSCLC),PLAUSIBLE,PLAUSIBLE,PLAUSIBLE
123,ERBB2,imgt:Non-Hodgkins_lymphoma_(NHL),OFF-TARGET,OFF-TARGET,OFF-TARGET
123,ERBB2,imgt:Cancers_gastric,PLAUSIBLE,PLAUSIBLE,PLAUSIBLE
123,ERBB2,imgt:Cancers_ovarian,PLAUSIBLE,PLAUSIBLE,PLAUSIBLE
123,ERBB2,imgt:Lymphoma_diffuse_large_B_cell_(DLBCL),OFF-TARGET,OFF-TARGET,OFF-TARGET
123,ERBB2,imgt:Chronic_lymphocytic_leukemia_(CLL),OFF-TARGET,OFF-TARGET,OFF-TARGET
123,ERBB2,imgt:Multiple_myeloma_(MM),OFF-TARGET,OFF-TARGET,OFF-TARGET
123,ERBB2,imgt:Melanoma,PLAUSIBLE,OFF-TARGET,OFF-TARGET
123,ERBB2,imgt:Lymphoma_follicular_(FL),OFF-TARGET,OFF-TARGET,OFF-TARGET
123,ERBB2,imgt:Rheumatoid_arthritis_(RA),OFF-TARGET,OFF-TARGET,OFF-TARGET
123,ERBB2,imgt:Cancers_head_and_neck,PLAUSIBLE,PLAUSIBLE,OFF-TARGET
123,ERBB2,imgt:Renal_cell_carcinoma_(RCC),OFF-TARGET,OFF-TARGET,OFF-TARGET
123,ERBB2,imgt:Mesothelioma_pleural_malignant,OFF-TARGET,OFF-TARGET,OFF-TARGET
123,ERBB2,imgt:Melanoma_metastatic,PLAUSIBLE,OFF-TARGET,OFF-TARGET
123,ERBB2,imgt:Myasthenia_Gravis_(MG),OFF-TARGET,OFF-TARGET,OFF-TARGET
123,ERBB2,imgt:Cancers_small_cell_lung_(SCLC),PLAUSIBLE,PLAUSIBLE,PLAUSIBLE
123,ERBB2,imgt:Hepatocellular_carcinoma_(HCC),OFF-TARGET,OFF-TARGET,OFF-TARGET
123,ERBB2,imgt:Cancers_colorectal_(CRC),PLAUSIBLE,PLAUSIBLE,PLAUSIBLE
124,CD274,imgt:Cancers_non-small_cell_lung_(NSCLC),PLAUSIBLE,PLAUSIBLE,OFF-TARGET
124,CD274,imgt:Non-Hodgkins_lymphoma_(NHL),OFF-TARGET,OFF-TARGET,OFF-TARGET
124,CD274,imgt:Multiple_myeloma_(MM),OFF-TARGET,OFF-TARGET,OFF-TARGET
124,CD274,imgt:Chronic_lymphocytic_leukemia_(CLL),OFF-TARGET,OFF-TARGET,OFF-TARGET
124,CD274,imgt:Cancers_breast,PLAUSIBLE,PLAUSIBLE,OFF-TARGET
124,CD274,imgt:Acute_myeloid_leukemia_(AML),OFF-TARGET,OFF-TARGET,OFF-TARGET
124,CD274,imgt:Cancers_gastric,PLAUSIBLE,PLAUSIBLE,OFF-TARGET
124,CD274,imgt:Lymphoma,OFF-TARGET,OFF-TARGET,OFF-TARGET
124,CD274,imgt:Cancers_ovarian,PLAUSIBLE,PLAUSIBLE,OFF-TARGET
124,CD274,imgt:Acute_lymphocytic_leukemia_(ALL),OFF-TARGET,OFF-TARGET,OFF-TARGET
124,CD274,imgt:Cancers_colorectal_(CRC),PLAUSIBLE,PLAUSIBLE,OFF-TARGET
124,CD274,imgt:Cancers_prostate,PLAUSIBLE,PLAUSIBLE,OFF-TARGET
124,CD274,imgt:Solid_tumors_advanced_or_metastatic,OFF-TARGET,OFF-TARGET,OFF-TARGET
124,CD274,imgt:Cancers_head_and_neck,PLAUSIBLE,PLAUSIBLE,OFF-TARGET
124,CD274,imgt:Cancers_pancreatic,PLAUSIBLE,PLAUSIBLE,OFF-TARGET
124,CD274,imgt:Renal_cell_carcinoma_(RCC),PLAUSIBLE,PLAUSIBLE,OFF-TARGET
124,CD274,imgt:Glioblastoma_multiforme_(GBM),OFF-TARGET,OFF-TARGET,OFF-TARGET
125,PDCD1,imgt:Cancers_non-small_cell_lung_(NSCLC),PLAUSIBLE,PLAUSIBLE,OFF-TARGET
125,PDCD1,imgt:Cancers_breast,PLAUSIBLE,PLAUSIBLE,OFF-TARGET
125,PDCD1,imgt:Non-Hodgkins_lymphoma_(NHL),PLAUSIBLE,PLAUSIBLE,OFF-TARGET
125,PDCD1,imgt:Acute_myeloid_leukemia_(AML),OFF-TARGET,OFF-TARGET,OFF-TARGET
125,PDCD1,imgt:Glioblastoma_multiforme_(GBM),PLAUSIBLE,PLAUSIBLE,OFF-TARGET
125,PDCD1,imgt:Chronic_lymphocytic_leukemia_(CLL),OFF-TARGET,OFF-TARGET,OFF-TARGET
125,PDCD1,imgt:Multiple_myeloma_(MM),PLAUSIBLE,PLAUSIBLE,OFF-TARGET
125,PDCD1,imgt:Cancers_gastric,PLAUSIBLE,PLAUSIBLE,OFF-TARGET
125,PDCD1,imgt:Lymphoma_diffuse_large_B_cell_(DLBCL),PLAUSIBLE,PLAUSIBLE,OFF-TARGET
125,PDCD1,imgt:Cancers_ovarian,PLAUSIBLE,PLAUSIBLE,OFF-TARGET
125,PDCD1,imgt:Cancers_colorectal_(CRC),PLAUSIBLE,PLAUSIBLE,OFF-TARGET
125,PDCD1,imgt:Cancers_head_and_neck,PLAUSIBLE,PLAUSIBLE,OFF-TARGET
125,PDCD1,imgt:Cancers_pancreatic,OFF-TARGET,OFF-TARGET,OFF-TARGET
125,PDCD1,imgt:Hepatocellular_carcinoma_(HCC),PLAUSIBLE,PLAUSIBLE,OFF-TARGET
125,PDCD1,imgt:Renal_cell_carcinoma_(RCC),PLAUSIBLE,PLAUSIBLE,OFF-TARGET
125,PDCD1,imgt:Melanoma,PLAUSIBLE,PLAUSIBLE,OFF-TARGET
125,PDCD1,imgt:Cancers_colorectal_(CRC)_metastatic,PLAUSIBLE,PLAUSIBLE,OFF-TARGET
125,PDCD1,imgt:Acute_lymphocytic_leukemia_(ALL),OFF-TARGET,OFF-TARGET,OFF-TARGET
126,EGFR,imgt:Cancers_non-small_cell_lung_(NSCLC),PLAUSIBLE,PLAUSIBLE,PLAUSIBLE
126,EGFR,imgt:Cancers_breast,PLAUSIBLE,PLAUSIBLE,PLAUSIBLE
126,EGFR,imgt:Non-Hodgkins_lymphoma_(NHL),OFF-TARGET,OFF-TARGET,OFF-TARGET
126,EGFR,imgt:Chronic_lymphocytic_leukemia_(CLL),OFF-TARGET,OFF-TARGET,OFF-TARGET
126,EGFR,imgt:Multiple_myeloma_(MM),OFF-TARGET,OFF-TARGET,OFF-TARGET
126,EGFR,imgt:Cancers_ovarian,PLAUSIBLE,PLAUSIBLE,PLAUSIBLE
126,EGFR,imgt:Cancers_gastric,PLAUSIBLE,PLAUSIBLE,OFF-TARGET
126,EGFR,imgt:Acute_myeloid_leukemia_(AML),OFF-TARGET,OFF-TARGET,OFF-TARGET
126,EGFR,imgt:Lymphoma_diffuse_large_B_cell_(DLBCL),OFF-TARGET,OFF-TARGET,OFF-TARGET
126,EGFR,imgt:Cancers_colorectal_(CRC),PLAUSIBLE,PLAUSIBLE,OFF-TARGET
126,EGFR,imgt:Cancers_head_and_neck,PLAUSIBLE,PLAUSIBLE,PLAUSIBLE
126,EGFR,imgt:Rheumatoid_arthritis_(RA),OFF-TARGET,OFF-TARGET,OFF-TARGET
126,EGFR,imgt:Cancers_pancreatic,PLAUSIBLE,PLAUSIBLE,OFF-TARGET
126,EGFR,imgt:Hepatocellular_carcinoma_(HCC),OFF-TARGET,OFF-TARGET,OFF-TARGET
126,EGFR,imgt:Renal_cell_carcinoma_(RCC),OFF-TARGET,OFF-TARGET,OFF-TARGET
126,EGFR,imgt:Melanoma_metastatic,OFF-TARGET,OFF-TARGET,OFF-TARGET
126,EGFR,imgt:Acute_lymphocytic_leukemia_(ALL),OFF-TARGET,OFF-TARGET,OFF-TARGET
126,EGFR,imgt:Cancers_colorectal_(CRC)_metastatic,PLAUSIBLE,PLAUSIBLE,OFF-TARGET
127,TNFRSF9,imgt:Cancers_gastric,PLAUSIBLE,PLAUSIBLE,OFF-TARGET
127,TNFRSF9,imgt:Cancers_esophageal_metastatic,OFF-TARGET,OFF-TARGET,OFF-TARGET
127,TNFRSF9,imgt:Cancers_non-small_cell_lung_(NSCLC),PLAUSIBLE,PLAUSIBLE,OFF-TARGET
127,TNFRSF9,imgt:Non-Hodgkins_lymphoma_(NHL),PLAUSIBLE,PLAUSIBLE,OFF-TARGET
127,TNFRSF9,imgt:Chronic_lymphocytic_leukemia_(CLL),PLAUSIBLE,PLAUSIBLE,PLAUSIBLE
127,TNFRSF9,imgt:Multiple_myeloma_(MM),OFF-TARGET,OFF-TARGET,OFF-TARGET
127,TNFRSF9,imgt:Cancers_breast,PLAUSIBLE,PLAUSIBLE,OFF-TARGET
127,TNFRSF9,imgt:Acute_lymphocytic_leukemia_(ALL),PLAUSIBLE,PLAUSIBLE,OFF-TARGET
127,TNFRSF9,imgt:Solid_tumors_advanced_or_metastatic,OFF-TARGET,OFF-TARGET,OFF-TARGET
127,TNFRSF9,imgt:Acute_myeloid_leukemia_(AML),PLAUSIBLE,PLAUSIBLE,OFF-TARGET
127,TNFRSF9,imgt:Lymphoma,PLAUSIBLE,PLAUSIBLE,OFF-TARGET
127,TNFRSF9,imgt:Cancers_prostate,OFF-TARGET,OFF-TARGET,OFF-TARGET
127,TNFRSF9,imgt:Hepatocellular_carcinoma_(HCC)_metastatic,PLAUSIBLE,PLAUSIBLE,OFF-TARGET
127,TNFRSF9,imgt:Cancers_pancreatic,PLAUSIBLE,PLAUSIBLE,OFF-TARGET
127,TNFRSF9,imgt:Cancers_ovarian,PLAUSIBLE,PLAUSIBLE,OFF-TARGET
127,TNFRSF9,imgt:Cancers_colorectal_(CRC),PLAUSIBLE,PLAUSIBLE,OFF-TARGET
127,TNFRSF9,imgt:Cancers_head_and_neck,PLAUSIBLE,PLAUSIBLE,OFF-TARGET
128,ERBB2,imgt:Cancers_non-small_cell_lung_(NSCLC),PLAUSIBLE,PLAUSIBLE,PLAUSIBLE
128,ERBB2,imgt:Cancers_breast,PLAUSIBLE,PLAUSIBLE,OFF-TARGET
128,ERBB2,imgt:Non-Hodgkins_lymphoma_(NHL),OFF-TARGET,OFF-TARGET,OFF-TARGET
128,ERBB2,imgt:Chronic_lymphocytic_leukemia_(CLL),OFF-TARGET,OFF-TARGET,OFF-TARGET
128,ERBB2,imgt:Multiple_myeloma_(MM),OFF-TARGET,OFF-TARGET,OFF-TARGET
128,ERBB2,imgt:Acute_myeloid_leukemia_(AML),OFF-TARGET,OFF-TARGET,OFF-TARGET
128,ERBB2,imgt:Cancers_gastric,PLAUSIBLE,PLAUSIBLE,PLAUSIBLE
128,ERBB2,imgt:Cancers_ovarian,PLAUSIBLE,PLAUSIBLE,PLAUSIBLE
128,ERBB2,imgt:Glioblastoma_multiforme_(GBM),OFF-TARGET,OFF-TARGET,OFF-TARGET
128,ERBB2,imgt:Cancers_colorectal_(CRC),PLAUSIBLE,PLAUSIBLE,PLAUSIBLE
128,ERBB2,imgt:Lymphoma_diffuse_large_B_cell_(DLBCL),OFF-TARGET,OFF-TARGET,OFF-TARGET
128,ERBB2,imgt:Hepatocellular_carcinoma_(HCC),OFF-TARGET,OFF-TARGET,OFF-TARGET
128,ERBB2,imgt:Cancers_head_and_neck,PLAUSIBLE,PLAUSIBLE,OFF-TARGET
128,ERBB2,imgt:Cancers_pancreatic,PLAUSIBLE,PLAUSIBLE,OFF-TARGET
128,ERBB2,imgt:Melanoma_metastatic,PLAUSIBLE,OFF-TARGET,OFF-TARGET
128,ERBB2,imgt:Rheumatoid_arthritis_(RA),OFF-TARGET,OFF-TARGET,OFF-TARGET
128,ERBB2,imgt:Cancers_colorectal_(CRC)_metastatic,PLAUSIBLE,PLAUSIBLE,PLAUSIBLE
128,ERBB2,imgt:Acute_lymphocytic_leukemia_(ALL),OFF-TARGET,OFF-TARGET,OFF-TARGET
129,HAVCR2;PDCD1,imgt:Cancers_non-small_cell_lung_(NSCLC),PLAUSIBLE,PLAUSIBLE,OFF-TARGET
129,HAVCR2;PDCD1,imgt:Multiple_myeloma_(MM),PLAUSIBLE,PLAUSIBLE,OFF-TARGET
129,HAVCR2;PDCD1,imgt:Cancers_breast,PLAUSIBLE,PLAUSIBLE,OFF-TARGET
129,HAVCR2;PDCD1,imgt:Non-Hodgkins_lymphoma_(NHL),PLAUSIBLE,PLAUSIBLE,PLAUSIBLE
129,HAVCR2;PDCD1,imgt:Chronic_lymphocytic_leukemia_(CLL),PLAUSIBLE,PLAUSIBLE,OFF-TARGET
129,HAVCR2;PDCD1,imgt:Esophageal_Squamous_Cell_Carcinoma_(ESCC),PLAUSIBLE,PLAUSIBLE,OFF-TARGET
129,HAVCR2;PDCD1,imgt:Cancers_gastric,PLAUSIBLE,PLAUSIBLE,OFF-TARGET
129,HAVCR2;PDCD1,imgt:Cancers_ovarian,PLAUSIBLE,PLAUSIBLE,OFF-TARGET
129,HAVCR2;PDCD1,imgt:Acute_myeloid_leukemia_(AML),PLAUSIBLE,PLAUSIBLE,OFF-TARGET
129,HAVCR2;PDCD1,imgt:Lymphoma,PLAUSIBLE,PLAUSIBLE,PLAUSIBLE
129,HAVCR2;PDCD1,imgt:Cancers_prostate,PLAUSIBLE,PLAUSIBLE,OFF-TARGET
129,HAVCR2;PDCD1,imgt:Lymphoma_diffuse_large_B_cell_(DLBCL),PLAUSIBLE,PLAUSIBLE,PLAUSIBLE
129,HAVCR2;PDCD1,imgt:Acute_lymphocytic_leukemia_(ALL),PLAUSIBLE,PLAUSIBLE,OFF-TARGET
129,HAVCR2;PDCD1,imgt:Cancers_head_and_neck,PLAUSIBLE,PLAUSIBLE,OFF-TARGET
129,HAVCR2;PDCD1,imgt:Renal_cell_carcinoma_(RCC),PLAUSIBLE,PLAUSIBLE,OFF-TARGET
129,HAVCR2;PDCD1,imgt:Cancers_pancreatic,PLAUSIBLE,OFF-TARGET,OFF-TARGET
129,HAVCR2;PDCD1,imgt:Cancers_colorectal_(CRC),PLAUSIBLE,PLAUSIBLE,OFF-TARGET
129,HAVCR2;PDCD1,imgt:Solid_tumors_advanced_or_metastatic,OFF-TARGET,OFF-TARGET,OFF-TARGET
130,ERBB2,imgt:Cancers_breast,PLAUSIBLE,PLAUSIBLE,OFF-TARGET
130,ERBB2,imgt:Cancers_non-small_cell_lung_(NSCLC),PLAUSIBLE,PLAUSIBLE,PLAUSIBLE
130,ERBB2,imgt:Non-Hodgkins_lymphoma_(NHL),OFF-TARGET,OFF-TARGET,OFF-TARGET
130,ERBB2,imgt:Cancers_gastric,PLAUSIBLE,PLAUSIBLE,PLAUSIBLE
130,ERBB2,imgt:Lymphoma_diffuse_large_B_cell_(DLBCL),OFF-TARGET,OFF-TARGET,OFF-TARGET
130,ERBB2,imgt:Cancers_ovarian,PLAUSIBLE,PLAUSIBLE,PLAUSIBLE
130,ERBB2,imgt:Chronic_lymphocytic_leukemia_(CLL),OFF-TARGET,OFF-TARGET,OFF-TARGET
130,ERBB2,imgt:Multiple_myeloma_(MM),OFF-TARGET,OFF-TARGET,OFF-TARGET
130,ERBB2,imgt:Melanoma,PLAUSIBLE,OFF-TARGET,OFF-TARGET
130,ERBB2,imgt:Rheumatoid_arthritis_(RA),OFF-TARGET,OFF-TARGET,OFF-TARGET
130,ERBB2,imgt:Lymphoma_follicular_(FL),OFF-TARGET,OFF-TARGET,OFF-TARGET
130,ERBB2,imgt:Cancers_colorectal_(CRC)_metastatic,PLAUSIBLE,PLAUSIBLE,PLAUSIBLE
130,ERBB2,imgt:Myasthenia_Gravis_(MG),OFF-TARGET,OFF-TARGET,OFF-TARGET
130,ERBB2,imgt:Cancers_head_and_neck,PLAUSIBLE,PLAUSIBLE,OFF-TARGET
130,ERBB2,imgt:Renal_cell_carcinoma_(RCC),OFF-TARGET,OFF-TARGET,OFF-TARGET
130,ERBB2,imgt:Mesothelioma_pleural_malignant,OFF-TARGET,OFF-TARGET,OFF-TARGET
130,ERBB2,imgt:Melanoma_metastatic,PLAUSIBLE,OFF-TARGET,OFF-TARGET
130,ERBB2,imgt:Cancers_small_cell_lung_(SCLC),PLAUSIBLE,PLAUSIBLE,PLAUSIBLE
130,ERBB2,imgt:Hepatocellular_carcinoma_(HCC),OFF-TARGET,OFF-TARGET,OFF-TARGET
131,TACSTD2,imgt:Cancers_non-small_cell_lung_(NSCLC),PLAUSIBLE,PLAUSIBLE,OFF-TARGET
131,TACSTD2,imgt:Multiple_myeloma_(MM),OFF-TARGET,OFF-TARGET,OFF-TARGET
131,TACSTD2,imgt:Non-Hodgkins_lymphoma_(NHL),OFF-TARGET,OFF-TARGET,OFF-TARGET
131,TACSTD2,imgt:Chronic_lymphocytic_leukemia_(CLL),PLAUSIBLE,OFF-TARGET,OFF-TARGET
131,TACSTD2,imgt:Cancers_ovarian,PLAUSIBLE,PLAUSIBLE,OFF-TARGET
131,TACSTD2,imgt:Acute_myeloid_leukemia_(AML),OFF-TARGET,OFF-TARGET,OFF-TARGET
131,TACSTD2,imgt:Cancers_breast,PLAUSIBLE,PLAUSIBLE,OFF-TARGET
131,TACSTD2,imgt:Cancers_gastric,PLAUSIBLE,PLAUSIBLE,OFF-TARGET
131,TACSTD2,imgt:Cancers_prostate,PLAUSIBLE,PLAUSIBLE,OFF-TARGET
131,TACSTD2,imgt:Renal_cell_carcinoma_(RCC),PLAUSIBLE,PLAUSIBLE,OFF-TARGET
131,TACSTD2,imgt:Lymphoma_diffuse_large_B_cell_(DLBCL),OFF-TARGET,OFF-TARGET,OFF-TARGET
131,TACSTD2,imgt:Acute_lymphocytic_leukemia_(ALL),OFF-TARGET,OFF-TARGET,OFF-TARGET
131,TACSTD2,imgt:Cancers_prostate_metastatic,PLAUSIBLE,PLAUSIBLE,OFF-TARGET
131,TACSTD2,imgt:Hepatocellular_carcinoma_(HCC),PLAUSIBLE,PLAUSIBLE,OFF-TARGET
131,TACSTD2,imgt:Cancers_head_and_neck,PLAUSIBLE,PLAUSIBLE,OFF-TARGET
131,TACSTD2,imgt:Lymphoma,OFF-TARGET,OFF-TARGET,OFF-TARGET
131,TACSTD2,imgt:Cancers_pancreatic,OFF-TARGET,OFF-TARGET,OFF-TARGET
131,TACSTD2,imgt:Cancers_colorectal_(CRC),PLAUSIBLE,PLAUSIBLE,OFF-TARGET
132,CSF1R,imgt:Cancers_non-small_cell_lung_(NSCLC),PLAUSIBLE,PLAUSIBLE,OFF-TARGET
132,CSF1R,imgt:Multiple_myeloma_(MM),OFF-TARGET,OFF-TARGET,OFF-TARGET
132,CSF1R,imgt:Non-Hodgkins_lymphoma_(NHL),OFF-TARGET,OFF-TARGET,OFF-TARGET
132,CSF1R,imgt:Cancers_gastric,OFF-TARGET,OFF-TARGET,OFF-TARGET
132,CSF1R,imgt:Chronic_lymphocytic_leukemia_(CLL),PLAUSIBLE,PLAUSIBLE,OFF-TARGET
132,CSF1R,imgt:Cancers_breast,PLAUSIBLE,PLAUSIBLE,OFF-TARGET
132,CSF1R,imgt:Cancers_ovarian,PLAUSIBLE,PLAUSIBLE,OFF-TARGET
132,CSF1R,imgt:Cancers_prostate,OFF-TARGET,OFF-TARGET,OFF-TARGET
132,CSF1R,imgt:Cancers_pancreatic,PLAUSIBLE,PLAUSIBLE,OFF-TARGET
132,CSF1R,imgt:Lymphoma_diffuse_large_B_cell_(DLBCL),PLAUSIBLE,PLAUSIBLE,PLAUSIBLE
132,CSF1R,imgt:Acute_myeloid_leukemia_(AML),PLAUSIBLE,PLAUSIBLE,OFF-TARGET
132,CSF1R,imgt:Hodgkin_lymphoma,OFF-TARGET,OFF-TARGET,OFF-TARGET
132,CSF1R,imgt:Renal_cell_carcinoma_(RCC),PLAUSIBLE,PLAUSIBLE,OFF-TARGET
132,CSF1R,imgt:Cancers_colorectal_(CRC),PLAUSIBLE,PLAUSIBLE,OFF-TARGET
132,CSF1R,imgt:Acute_lymphocytic_leukemia_(ALL),PLAUSIBLE,PLAUSIBLE,OFF-TARGET
132,CSF1R,imgt:Solid_tumors_advanced_or_metastatic,OFF-TARGET,OFF-TARGET,OFF-TARGET
132,CSF1R,imgt:Cancers_head_and_neck,OFF-TARGET,OFF-TARGET,OFF-TARGET
133,EGFR;CD28,imgt:Cancers_non-small_cell_lung_(NSCLC),PLAUSIBLE,PLAUSIBLE,PLAUSIBLE
133,EGFR;CD28,imgt:Non-Hodgkins_lymphoma_(NHL),PLAUSIBLE,OFF-TARGET,OFF-TARGET
133,EGFR;CD28,imgt:Cancers_ovarian,PLAUSIBLE,PLAUSIBLE,PLAUSIBLE
133,EGFR;CD28,imgt:Cancers_colorectal_(CRC),PLAUSIBLE,PLAUSIBLE,OFF-TARGET
133,EGFR;CD28,imgt:Cancers_pancreatic,PLAUSIBLE,PLAUSIBLE,OFF-TARGET
133,EGFR;CD28,imgt:Multiple_myeloma_(MM),PLAUSIBLE,OFF-TARGET,PLAUSIBLE
133,EGFR;CD28,imgt:Acute_myeloid_leukemia_(AML),PLAUSIBLE,OFF-TARGET,OFF-TARGET
133,EGFR;CD28,imgt:Lymphoma_B_cell,PLAUSIBLE,OFF-TARGET,OFF-TARGET
133,EGFR;CD28,imgt:Cancers_breast,PLAUSIBLE,PLAUSIBLE,PLAUSIBLE
133,EGFR;CD28,imgt:Acute_lymphocytic_leukemia_(ALL),PLAUSIBLE,OFF-TARGET,OFF-TARGET
133,EGFR;CD28,imgt:Chronic_lymphocytic_leukemia_(CLL),PLAUSIBLE,OFF-TARGET,OFF-TARGET
133,EGFR;CD28,imgt:Cancers_gastric,PLAUSIBLE,PLAUSIBLE,OFF-TARGET
133,EGFR;CD28,imgt:Cancers_prostate_metastatic,PLAUSIBLE,OFF-TARGET,OFF-TARGET
133,EGFR;CD28,imgt:Cancers_head_and_neck,PLAUSIBLE,PLAUSIBLE,PLAUSIBLE
133,EGFR;CD28,imgt:Hodgkin_lymphoma,PLAUSIBLE,OFF-TARGET,OFF-TARGET
133,EGFR;CD28,imgt:Lymphoma_diffuse_large_B_cell_(DLBCL),PLAUSIBLE,OFF-TARGET,OFF-TARGET
133,EGFR;CD28,imgt:Cancers_prostate,PLAUSIBLE,OFF-TARGET,OFF-TARGET
133,EGFR;CD28,imgt:Lymphoma,PLAUSIBLE,OFF-TARGET,OFF-TARGET
134,CTLA4,imgt:Cancers_non-small_cell_lung_(NSCLC),PLAUSIBLE,PLAUSIBLE,OFF-TARGET
134,CTLA4,imgt:Lymphoma_diffuse_large_B_cell_(DLBCL),OFF-TARGET,OFF-TARGET,OFF-TARGET
134,CTLA4,imgt:Melanoma_metastatic,PLAUSIBLE,PLAUSIBLE,PLAUSIBLE
134,CTLA4,imgt:Mesothelioma_pleural_malignant,PLAUSIBLE,PLAUSIBLE,OFF-TARGET
134,CTLA4,imgt:Multiple_myeloma_(MM),OFF-TARGET,OFF-TARGET,OFF-TARGET
134,CTLA4,imgt:Chronic_lymphocytic_leukemia_(CLL),OFF-TARGET,OFF-TARGET,OFF-TARGET
134,CTLA4,imgt:Cancers_breast,OFF-TARGET,OFF-TARGET,OFF-TARGET
134,CTLA4,imgt:Non-Hodgkins_lymphoma_(NHL),OFF-TARGET,OFF-TARGET,OFF-TARGET
134,CTLA4,imgt:Acute_myeloid_leukemia_(AML),OFF-TARGET,OFF-TARGET,OFF-TARGET
134,CTLA4,imgt:Cancers_pancreatic,OFF-TARGET,OFF-TARGET,OFF-TARGET
134,CTLA4,imgt:Cancers_ovarian,OFF-TARGET,OFF-TARGET,OFF-TARGET
134,CTLA4,imgt:Melanoma,PLAUSIBLE,PLAUSIBLE,PLAUSIBLE
134,CTLA4,imgt:Cancers_colorectal_(CRC)_metastatic,PLAUSIBLE,PLAUSIBLE,OFF-TARGET
134,CTLA4,imgt:Cancers_gastric,PLAUSIBLE,PLAUSIBLE,OFF-TARGET
134,CTLA4,imgt:Hepatocellular_carcinoma_(HCC),PLAUSIBLE,PLAUSIBLE,OFF-TARGET
134,CTLA4,imgt:Cancers_colorectal_(CRC),PLAUSIBLE,PLAUSIBLE,OFF-TARGET
134,CTLA4,imgt:Lymphoma_B_cell,OFF-TARGET,OFF-TARGET,OFF-TARGET
134,CTLA4,imgt:Renal_cell_carcinoma_(RCC),PLAUSIBLE,PLAUSIBLE,OFF-TARGET
136,CD276,imgt:Cancers_non-small_cell_lung_(NSCLC),PLAUSIBLE,PLAUSIBLE,OFF-TARGET
136,CD276,imgt:Cancers_prostate_metastatic,PLAUSIBLE,PLAUSIBLE,OFF-TARGET
136,CD276,imgt:Non-Hodgkins_lymphoma_(NHL),OFF-TARGET,OFF-TARGET,OFF-TARGET
136,CD276,imgt:Cancers_pancreatic,PLAUSIBLE,OFF-TARGET,OFF-TARGET
136,CD276,imgt:Multiple_myeloma_(MM),OFF-TARGET,OFF-TARGET,OFF-TARGET
136,CD276,imgt:Chronic_lymphocytic_leukemia_(CLL),PLAUSIBLE,OFF-TARGET,OFF-TARGET
136,CD276,imgt:Acute_myeloid_leukemia_(AML),PLAUSIBLE,OFF-TARGET,OFF-TARGET
136,CD276,imgt:Cancers_ovarian,PLAUSIBLE,PLAUSIBLE,OFF-TARGET
136,CD276,imgt:Cancers_colorectal_(CRC),PLAUSIBLE,OFF-TARGET,OFF-TARGET
136,CD276,imgt:Acute_lymphocytic_leukemia_(ALL),PLAUSIBLE,OFF-TARGET,OFF-TARGET
136,CD276,imgt:Lymphoma_B_cell,OFF-TARGET,OFF-TARGET,OFF-TARGET
136,CD276,imgt:Cancers_breast,PLAUSIBLE,OFF-TARGET,PLAUSIBLE
136,CD276,imgt:Cancers_gastric,PLAUSIBLE,OFF-TARGET,OFF-TARGET
136,CD276,imgt:Solid_tumors_advanced_or_metastatic,OFF-TARGET,OFF-TARGET,OFF-TARGET
136,CD276,imgt:Cancers_colorectal_(CRC)_metastatic,PLAUSIBLE,OFF-TARGET,OFF-TARGET
136,CD276,imgt:Cancers_head_and_neck,PLAUSIBLE,PLAUSIBLE,OFF-TARGET
136,CD276,imgt:Glioblastoma_multiforme_(GBM),PLAUSIBLE,OFF-TARGET,OFF-TARGET
137,CD19,imgt:Lymphoma_B_cell,PLAUSIBLE,PLAUSIBLE,OFF-TARGET
137,CD19,imgt:Multiple_myeloma_(MM),PLAUSIBLE,PLAUSIBLE,OFF-TARGET
137,CD19,imgt:Chronic_lymphocytic_leukemia_(CLL),PLAUSIBLE,PLAUSIBLE,OFF-TARGET
137,CD19,imgt:Glioblastoma_multiforme_(GBM),OFF-TARGET,OFF-TARGET,OFF-TARGET
137,CD19,imgt:Non-Hodgkins_lymphoma_(NHL),PLAUSIBLE,PLAUSIBLE,OFF-TARGET
137,CD19,imgt:Acute_myeloid_leukemia_(AML),PLAUSIBLE,PLAUSIBLE,OFF-TARGET
137,CD19,imgt:Cancers_breast,OFF-TARGET,OFF-TARGET,OFF-TARGET
137,CD19,imgt:Cancers_colorectal_(CRC),OFF-TARGET,OFF-TARGET,OFF-TARGET
137,CD19,imgt:Cancers_ovarian,OFF-TARGET,OFF-TARGET,OFF-TARGET
137,CD19,imgt:Soft-tissue_sarcoma_(STS),OFF-TARGET,OFF-TARGET,OFF-TARGET
137,CD19,imgt:Cancers_non-small_cell_lung_(NSCLC),OFF-TARGET,OFF-TARGET,OFF-TARGET
137,CD19,imgt:Hepatocellular_carcinoma_(HCC)_metastatic,OFF-TARGET,OFF-TARGET,OFF-TARGET
137,CD19,imgt:Acute_lymphocytic_leukemia_(ALL),PLAUSIBLE,PLAUSIBLE,OFF-TARGET
137,CD19,imgt:Cancers_pancreatic,OFF-TARGET,OFF-TARGET,OFF-TARGET
137,CD19,imgt:Lymphoma_diffuse_large_B_cell_(DLBCL),PLAUSIBLE,PLAUSIBLE,OFF-TARGET
137,CD19,imgt:Hodgkins_disease_(HD),OFF-TARGET,OFF-TARGET,OFF-TARGET
137,CD19,imgt:Cancers_head_and_neck,OFF-TARGET,OFF-TARGET,OFF-TARGET
137,CD19,imgt:Cancers_gastric,OFF-TARGET,OFF-TARGET,OFF-TARGET
137,CD19,imgt:Hepatitis_C,PLAUSIBLE,PLAUSIBLE,OFF-TARGET
138,ERBB2,imgt:Cancers_non-small_cell_lung_(NSCLC),PLAUSIBLE,PLAUSIBLE,PLAUSIBLE
138,ERBB2,imgt:Lymphoma_diffuse_large_B_cell_(DLBCL),OFF-TARGET,OFF-TARGET,OFF-TARGET
138,ERBB2,imgt:Chronic_lymphocytic_leukemia_(CLL),OFF-TARGET,OFF-TARGET,OFF-TARGET
138,ERBB2,imgt:Multiple_myeloma_(MM),OFF-TARGET,OFF-TARGET,OFF-TARGET
138,ERBB2,imgt:Cancers_gastric,PLAUSIBLE,PLAUSIBLE,PLAUSIBLE
138,ERBB2,imgt:Cancers_breast_overexpressing_ERBB2_metastatic,PLAUSIBLE,PLAUSIBLE,OFF-TARGET
138,ERBB2,imgt:Non-Hodgkins_lymphoma_(NHL),OFF-TARGET,OFF-TARGET,OFF-TARGET
138,ERBB2,imgt:Lymphoma_follicular_(FL),OFF-TARGET,OFF-TARGET,OFF-TARGET
138,ERBB2,imgt:Cancers_colorectal_(CRC)_metastatic,PLAUSIBLE,PLAUSIBLE,PLAUSIBLE
138,ERBB2,imgt:Cancers_small_cell_lung_(SCLC),PLAUSIBLE,PLAUSIBLE,PLAUSIBLE
138,ERBB2,imgt:B_cell_acute_lymphoblastic_leukemia_(B_cell_ALL),OFF-TARGET,OFF-TARGET,OFF-TARGET
138,ERBB2,imgt:Hepatocellular_carcinoma_(HCC),OFF-TARGET,OFF-TARGET,OFF-TARGET
138,ERBB2,imgt:Cancers_ovarian,PLAUSIBLE,PLAUSIBLE,PLAUSIBLE
138,ERBB2,imgt:Cancers_breast,PLAUSIBLE,PLAUSIBLE,OFF-TARGET
138,ERBB2,imgt:Neuroblastoma,OFF-TARGET,OFF-TARGET,OFF-TARGET
138,ERBB2,imgt:Carcinoma_bladder_cancer_advanced_or_metastatic_urothelial_cancers,PLAUSIBLE,PLAUSIBLE,OFF-TARGET
138,ERBB2,imgt:Acute_myeloid_leukemia_(AML),OFF-TARGET,OFF-TARGET,OFF-TARGET
138,ERBB2,imgt:Mesothelioma_pleural_malignant,OFF-TARGET,OFF-TARGET,OFF-TARGET
138,ERBB2,imgt:Cancers_cervical,PLAUSIBLE,OFF-TARGET,OFF-TARGET
139,C5AR1,imgt:Cancers_non-small_cell_lung_(NSCLC),PLAUSIBLE,OFF-TARGET,OFF-TARGET
139,C5AR1,imgt:Non-Hodgkins_lymphoma_(NHL),PLAUSIBLE,OFF-TARGET,OFF-TARGET
139,C5AR1,imgt:Multiple_myeloma_(MM),OFF-TARGET,OFF-TARGET,OFF-TARGET
139,C5AR1,imgt:Chronic_lymphocytic_leukemia_(CLL),OFF-TARGET,OFF-TARGET,OFF-TARGET
139,C5AR1,imgt:Cancers_breast,PLAUSIBLE,OFF-TARGET,OFF-TARGET
139,C5AR1,imgt:Acute_myeloid_leukemia_(AML),PLAUSIBLE,PLAUSIBLE,OFF-TARGET
139,C5AR1,imgt:Lymphoma,PLAUSIBLE,OFF-TARGET,OFF-TARGET
139,C5AR1,imgt:Acute_lymphocytic_leukemia_(ALL),PLAUSIBLE,PLAUSIBLE,OFF-TARGET
139,C5AR1,imgt:Cancers_gastric,PLAUSIBLE,OFF-TARGET,OFF-TARGET
139,C5AR1,imgt:Solid_tumors_advanced_or_metastatic,OFF-TARGET,OFF-TARGET,OFF-TARGET
139,C5AR1,imgt:Cancers_ovarian,OFF-TARGET,OFF-TARGET,OFF-TARGET
139,C5AR1,imgt:Cancers_prostate,OFF-TARGET,OFF-TARGET,OFF-TARGET
139,C5AR1,imgt:Melanoma,OFF-TARGET,OFF-TARGET,OFF-TARGET
139,C5AR1,imgt:Cancers_colorectal_(CRC),PLAUSIBLE,OFF-TARGET,OFF-TARGET
139,C5AR1,imgt:Cancers_head_and_neck,OFF-TARGET,OFF-TARGET,OFF-TARGET
139,C5AR1,imgt:Hepatocellular_carcinoma_(HCC)_metastatic,PLAUSIBLE,OFF-TARGET,OFF-TARGET
139,C5AR1,imgt:Glioblastoma_multiforme_(GBM),PLAUSIBLE,OFF-TARGET,OFF-TARGET
140,CD3E;CD33,imgt:Non-Hodgkins_lymphoma_(NHL),PLAUSIBLE,PLAUSIBLE,OFF-TARGET
140,CD3E;CD33,imgt:Cancers_non-small_cell_lung_(NSCLC),PLAUSIBLE,PLAUSIBLE,OFF-TARGET
140,CD3E;CD33,imgt:Multiple_myeloma_(MM),PLAUSIBLE,PLAUSIBLE,OFF-TARGET
140,CD3E;CD33,imgt:Acute_myeloid_leukemia_(AML),PLAUSIBLE,PLAUSIBLE,OFF-TARGET
140,CD3E;CD33,imgt:Chronic_lymphocytic_leukemia_(CLL),PLAUSIBLE,PLAUSIBLE,OFF-TARGET
140,CD3E;CD33,imgt:Cancers_breast,PLAUSIBLE,PLAUSIBLE,OFF-TARGET
140,CD3E;CD33,imgt:Cancers_ovarian,PLAUSIBLE,PLAUSIBLE,OFF-TARGET
140,CD3E;CD33,imgt:Cancers_gastric,PLAUSIBLE,PLAUSIBLE,OFF-TARGET
140,CD3E;CD33,imgt:Acute_lymphocytic_leukemia_(ALL),PLAUSIBLE,PLAUSIBLE,OFF-TARGET
140,CD3E;CD33,imgt:Cancers_prostate_metastatic,OFF-TARGET,OFF-TARGET,OFF-TARGET
140,CD3E;CD33,imgt:Cancers_prostate,OFF-TARGET,OFF-TARGET,OFF-TARGET
140,CD3E;CD33,imgt:Lymphoma_B_cell,PLAUSIBLE,PLAUSIBLE,OFF-TARGET
140,CD3E;CD33,imgt:Solid_tumors_advanced_or_metastatic,OFF-TARGET,OFF-TARGET,OFF-TARGET
140,CD3E;CD33,imgt:Cancers_colorectal_(CRC),PLAUSIBLE,OFF-TARGET,OFF-TARGET
140,CD3E;CD33,imgt:Lymphoma,PLAUSIBLE,PLAUSIBLE,OFF-TARGET
140,CD3E;CD33,imgt:Cancers_head_and_neck,PLAUSIBLE,OFF-TARGET,OFF-TARGET
140,CD3E;CD33,imgt:Lymphoma_diffuse_large_B_cell_(DLBCL),PLAUSIBLE,PLAUSIBLE,OFF-TARGET
140,CD3E;CD33,imgt:Melanoma,PLAUSIBLE,PLAUSIBLE,OFF-TARGET
141,CD19,imgt:Cancers_non-small_cell_lung_(NSCLC),OFF-TARGET,OFF-TARGET,OFF-TARGET
141,CD19,imgt:Cancers_breast,OFF-TARGET,OFF-TARGET,OFF-TARGET
141,CD19,imgt:Non-Hodgkins_lymphoma_(NHL),PLAUSIBLE,PLAUSIBLE,OFF-TARGET
141,CD19,imgt:Cancers_gastric,OFF-TARGET,OFF-TARGET,OFF-TARGET
141,CD19,imgt:Chronic_lymphocytic_leukemia_(CLL),PLAUSIBLE,PLAUSIBLE,OFF-TARGET
141,CD19,imgt:Cancers_ovarian,OFF-TARGET,OFF-TARGET,OFF-TARGET
141,CD19,imgt:Acute_myeloid_leukemia_(AML),PLAUSIBLE,PLAUSIBLE,OFF-TARGET
141,CD19,imgt:Multiple_myeloma_(MM),PLAUSIBLE,PLAUSIBLE,OFF-TARGET
141,CD19,imgt:Cancers_colorectal_(CRC),OFF-TARGET,OFF-TARGET,OFF-TARGET
141,CD19,imgt:Lymphoma_diffuse_large_B_cell_(DLBCL),PLAUSIBLE,PLAUSIBLE,OFF-TARGET
141,CD19,imgt:Cancers_head_and_neck,OFF-TARGET,OFF-TARGET,OFF-TARGET
141,CD19,imgt:Glioblastoma_multiforme_(GBM),OFF-TARGET,OFF-TARGET,OFF-TARGET
141,CD19,imgt:Hepatocellular_carcinoma_(HCC),OFF-TARGET,OFF-TARGET,OFF-TARGET
141,CD19,imgt:Cancers_pancreatic,OFF-TARGET,OFF-TARGET,OFF-TARGET
141,CD19,imgt:Renal_cell_carcinoma_(RCC),OFF-TARGET,OFF-TARGET,OFF-TARGET
141,CD19,imgt:Hodgkin_lymphoma,PLAUSIBLE,PLAUSIBLE,OFF-TARGET
141,CD19,imgt:Cancers_colorectal_(CRC)_metastatic,OFF-TARGET,OFF-TARGET,OFF-TARGET
141,CD19,imgt:Mesothelioma_pleural_malignant,OFF-TARGET,OFF-TARGET,OFF-TARGET
142,CD70,imgt:Cancers_non-small_cell_lung_(NSCLC),PLAUSIBLE,OFF-TARGET,OFF-TARGET
142,CD70,imgt:Non-Hodgkins_lymphoma_(NHL),PLAUSIBLE,PLAUSIBLE,PLAUSIBLE
142,CD70,imgt:Multiple_myeloma_(MM),PLAUSIBLE,OFF-TARGET,OFF-TARGET
142,CD70,imgt:Chronic_lymphocytic_leukemia_(CLL),PLAUSIBLE,PLAUSIBLE,OFF-TARGET
142,CD70,imgt:Cancers_breast,PLAUSIBLE,OFF-TARGET,OFF-TARGET
142,CD70,imgt:Acute_myeloid_leukemia_(AML),PLAUSIBLE,PLAUSIBLE,OFF-TARGET
142,CD70,imgt:Cancers_gastric,PLAUSIBLE,OFF-TARGET,OFF-TARGET
142,CD70,imgt:Acute_lymphocytic_leukemia_(ALL),PLAUSIBLE,PLAUSIBLE,OFF-TARGET
142,CD70,imgt:Cancers_ovarian,PLAUSIBLE,OFF-TARGET,OFF-TARGET
142,CD70,imgt:Lymphoma,PLAUSIBLE,PLAUSIBLE,PLAUSIBLE
142,CD70,imgt:Solid_tumors_advanced_or_metastatic,OFF-TARGET,OFF-TARGET,OFF-TARGET
142,CD70,imgt:Cancers_prostate,OFF-TARGET,OFF-TARGET,OFF-TARGET
142,CD70,imgt:Cancers_colorectal_(CRC),PLAUSIBLE,OFF-TARGET,OFF-TARGET
142,CD70,imgt:Cancers_head_and_neck,OFF-TARGET,OFF-TARGET,OFF-TARGET
142,CD70,imgt:Hodgkin_lymphoma,PLAUSIBLE,PLAUSIBLE,PLAUSIBLE
142,CD70,imgt:Cancers_pancreatic,OFF-TARGET,OFF-TARGET,OFF-TARGET
142,CD70,imgt:Glioblastoma_multiforme_(GBM),PLAUSIBLE,OFF-TARGET,OFF-TARGET
143,CD38,imgt:Cancers_non-small_cell_lung_(NSCLC),PLAUSIBLE,PLAUSIBLE,OFF-TARGET
143,CD38,imgt:Non-Hodgkins_lymphoma_(NHL),PLAUSIBLE,PLAUSIBLE,OFF-TARGET
143,CD38,imgt:Chronic_lymphocytic_leukemia_(CLL),PLAUSIBLE,PLAUSIBLE,OFF-TARGET
143,CD38,imgt:Multiple_myeloma_(MM),PLAUSIBLE,PLAUSIBLE,PLAUSIBLE
143,CD38,imgt:Cancers_ovarian,OFF-TARGET,OFF-TARGET,OFF-TARGET
143,CD38,imgt:Acute_myeloid_leukemia_(AML),PLAUSIBLE,PLAUSIBLE,OFF-TARGET
143,CD38,imgt:Acute_lymphocytic_leukemia_(ALL),PLAUSIBLE,PLAUSIBLE,OFF-TARGET
143,CD38,imgt:Cancers_gastric,OFF-TARGET,OFF-TARGET,OFF-TARGET
143,CD38,imgt:Cancers_breast,PLAUSIBLE,PLAUSIBLE,OFF-TARGET
143,CD38,imgt:Cancers_prostate_metastatic,PLAUSIBLE,PLAUSIBLE,OFF-TARGET
143,CD38,imgt:Cancers_head_and_neck,OFF-TARGET,OFF-TARGET,OFF-TARGET
143,CD38,imgt:Cancers_pancreatic,OFF-TARGET,OFF-TARGET,OFF-TARGET
143,CD38,imgt:Cancers_colorectal_(CRC),PLAUSIBLE,OFF-TARGET,OFF-TARGET
143,CD38,imgt:Lymphoma_diffuse_large_B_cell_(DLBCL),PLAUSIBLE,PLAUSIBLE,OFF-TARGET
143,CD38,imgt:Hodgkin_lymphoma,PLAUSIBLE,PLAUSIBLE,OFF-TARGET
143,CD38,imgt:Lymphoma,PLAUSIBLE,PLAUSIBLE,OFF-TARGET
143,CD38,imgt:Cancers_prostate,PLAUSIBLE,PLAUSIBLE,OFF-TARGET
144,EGFR,imgt:Cancers_non-small_cell_lung_(NSCLC),PLAUSIBLE,PLAUSIBLE,PLAUSIBLE
144,EGFR,imgt:Multiple_myeloma_(MM),OFF-TARGET,OFF-TARGET,OFF-TARGET
144,EGFR,imgt:Non-Hodgkins_lymphoma_(NHL),OFF-TARGET,OFF-TARGET,OFF-TARGET
144,EGFR,imgt:Chronic_lymphocytic_leukemia_(CLL),OFF-TARGET,OFF-TARGET,OFF-TARGET
144,EGFR,imgt:Cancers_breast,PLAUSIBLE,PLAUSIBLE,PLAUSIBLE
144,EGFR,imgt:Cancers_ovarian,PLAUSIBLE,PLAUSIBLE,PLAUSIBLE
144,EGFR,imgt:Cancers_gastric,PLAUSIBLE,PLAUSIBLE,OFF-TARGET
144,EGFR,imgt:Lymphoma_diffuse_large_B_cell_(DLBCL),OFF-TARGET,OFF-TARGET,OFF-TARGET
144,EGFR,imgt:Acute_myeloid_leukemia_(AML),OFF-TARGET,OFF-TARGET,OFF-TARGET
144,EGFR,imgt:Cancers_colorectal_(CRC),PLAUSIBLE,PLAUSIBLE,OFF-TARGET
144,EGFR,imgt:Cancers_pancreatic,PLAUSIBLE,PLAUSIBLE,OFF-TARGET
144,EGFR,imgt:Cancers_head_and_neck,PLAUSIBLE,PLAUSIBLE,PLAUSIBLE
144,EGFR,imgt:Acute_lymphocytic_leukemia_(ALL),OFF-TARGET,OFF-TARGET,OFF-TARGET
144,EGFR,imgt:Cancers_prostate,OFF-TARGET,OFF-TARGET,OFF-TARGET
144,EGFR,imgt:Hepatocellular_carcinoma_(HCC),OFF-TARGET,OFF-TARGET,OFF-TARGET
144,EGFR,imgt:Renal_cell_carcinoma_(RCC),OFF-TARGET,OFF-TARGET,OFF-TARGET
144,EGFR,imgt:Hodgkin_lymphoma,OFF-TARGET,OFF-TARGET,OFF-TARGET
144,EGFR,imgt:Cancers_colorectal_(CRC)_metastatic,PLAUSIBLE,PLAUSIBLE,OFF-TARGET
145,ICOS,imgt:Cancers_non-small_cell_lung_(NSCLC),PLAUSIBLE,PLAUSIBLE,OFF-TARGET
145,ICOS,imgt:Non-Hodgkins_lymphoma_(NHL),OFF-TARGET,OFF-TARGET,OFF-TARGET
145,ICOS,imgt:Cancers_pancreatic,OFF-TARGET,OFF-TARGET,OFF-TARGET
145,ICOS,imgt:Cancers_colorectal_(CRC),PLAUSIBLE,OFF-TARGET,OFF-TARGET
145,ICOS,imgt:Multiple_myeloma_(MM),OFF-TARGET,OFF-TARGET,OFF-TARGET
145,ICOS,imgt:Cancers_ovarian,OFF-TARGET,OFF-TARGET,OFF-TARGET
145,ICOS,imgt:Acute_myeloid_leukemia_(AML),OFF-TARGET,OFF-TARGET,OFF-TARGET
145,ICOS,imgt:Cancers_breast,OFF-TARGET,OFF-TARGET,OFF-TARGET
145,ICOS,imgt:Chronic_lymphocytic_leukemia_(CLL),PLAUSIBLE,OFF-TARGET,PLAUSIBLE
145,ICOS,imgt:Lymphoma_B_cell,OFF-TARGET,OFF-TARGET,OFF-TARGET
145,ICOS,imgt:Cancers_gastric,OFF-TARGET,OFF-TARGET,OFF-TARGET
145,ICOS,imgt:Acute_lymphocytic_leukemia_(ALL),OFF-TARGET,OFF-TARGET,OFF-TARGET
145,ICOS,imgt:Cancers_head_and_neck,PLAUSIBLE,PLAUSIBLE,OFF-TARGET
145,ICOS,imgt:Glioblastoma_multiforme_(GBM),OFF-TARGET,OFF-TARGET,OFF-TARGET
145,ICOS,imgt:Solid_tumors_advanced_or_metastatic,OFF-TARGET,OFF-TARGET,OFF-TARGET
145,ICOS,imgt:Renal_cell_carcinoma_(RCC),OFF-TARGET,OFF-TARGET,OFF-TARGET
145,ICOS,imgt:Cancers_prostate_metastatic,OFF-TARGET,OFF-TARGET,OFF-TARGET
146,VEGFA,imgt:Cancers_non-small_cell_lung_(NSCLC),PLAUSIBLE,PLAUSIBLE,OFF-TARGET
146,VEGFA,imgt:Age-related_macular_degeneration_(AMD)_neovascular_(wet),PLAUSIBLE,PLAUSIBLE,PLAUSIBLE
146,VEGFA,imgt:Cancers_breast,PLAUSIBLE,PLAUSIBLE,PLAUSIBLE
146,VEGFA,imgt:Cancers_colorectal_(CRC)_metastatic,PLAUSIBLE,PLAUSIBLE,OFF-TARGET
146,VEGFA,imgt:Non-Hodgkins_lymphoma_(NHL),OFF-TARGET,OFF-TARGET,OFF-TARGET
146,VEGFA,imgt:Lymphoma_diffuse_large_B_cell_(DLBCL),OFF-TARGET,OFF-TARGET,OFF-TARGET
146,VEGFA,imgt:Chronic_lymphocytic_leukemia_(CLL),OFF-TARGET,OFF-TARGET,OFF-TARGET
146,VEGFA,imgt:Cancers_gastric,PLAUSIBLE,PLAUSIBLE,OFF-TARGET
146,VEGFA,imgt:Cancers_ovarian,PLAUSIBLE,PLAUSIBLE,OFF-TARGET
146,VEGFA,imgt:Multiple_myeloma_(MM),OFF-TARGET,OFF-TARGET,OFF-TARGET
146,VEGFA,imgt:Macular_edema_following_Central_Retinal_Vein_Occlusion_(CRVO),PLAUSIBLE,PLAUSIBLE,PLAUSIBLE
146,VEGFA,imgt:Acute_myeloid_leukemia_(AML),OFF-TARGET,OFF-TARGET,OFF-TARGET
146,VEGFA,imgt:Renal_cell_carcinoma_(RCC),PLAUSIBLE,PLAUSIBLE,OFF-TARGET
146,VEGFA,imgt:Melanoma,OFF-TARGET,OFF-TARGET,OFF-TARGET
146,VEGFA,imgt:Hepatocellular_carcinoma_(HCC),PLAUSIBLE,PLAUSIBLE,OFF-TARGET
146,VEGFA,imgt:Mesothelioma_pleural_malignant,OFF-TARGET,OFF-TARGET,OFF-TARGET
146,VEGFA,imgt:Cancers_pancreatic,OFF-TARGET,OFF-TARGET,OFF-TARGET
146,VEGFA,imgt:Glioblastoma_multiforme_(GBM),PLAUSIBLE,PLAUSIBLE,OFF-TARGET
146,VEGFA,imgt:Lymphoma_follicular_(FL),OFF-TARGET,OFF-TARGET,OFF-TARGET
147,CD22,imgt:Non-Hodgkins_lymphoma_(NHL),PLAUSIBLE,PLAUSIBLE,OFF-TARGET
147,CD22,imgt:Cancers_non-small_cell_lung_(NSCLC),OFF-TARGET,OFF-TARGET,OFF-TARGET
147,CD22,imgt:Chronic_lymphocytic_leukemia_(CLL),PLAUSIBLE,PLAUSIBLE,OFF-TARGET
147,CD22,imgt:Multiple_myeloma_(MM),OFF-TARGET,OFF-TARGET,OFF-TARGET
147,CD22,imgt:Acute_lymphocytic_leukemia_(ALL),PLAUSIBLE,PLAUSIBLE,OFF-TARGET
147,CD22,imgt:Cancers_gastric,OFF-TARGET,OFF-TARGET,OFF-TARGET
147,CD22,imgt:Cancers_breast,PLAUSIBLE,OFF-TARGET,OFF-TARGET
147,CD22,imgt:Acute_myeloid_leukemia_(AML),PLAUSIBLE,PLAUSIBLE,OFF-TARGET
147,CD22,imgt:Cancers_ovarian,OFF-TARGET,OFF-TARGET,OFF-TARGET
147,CD22,imgt:Lymphoma,PLAUSIBLE,PLAUSIBLE,OFF-TARGET
147,CD22,imgt:Cancers_pancreatic,OFF-TARGET,OFF-TARGET,OFF-TARGET
147,CD22,imgt:Cancers_head_and_neck,OFF-TARGET,OFF-TARGET,OFF-TARGET
147,CD22,imgt:Lymphoma_diffuse_large_B_cell_(DLBCL),PLAUSIBLE,PLAUSIBLE,OFF-TARGET
147,CD22,imgt:Cancers_colorectal_(CRC),OFF-TARGET,OFF-TARGET,OFF-TARGET
147,CD22,imgt:Cancers_prostate,OFF-TARGET,OFF-TARGET,OFF-TARGET
147,CD22,imgt:Melanoma,PLAUSIBLE,OFF-TARGET,OFF-TARGET
147,CD22,imgt:Renal_cell_carcinoma_(RCC),OFF-TARGET,OFF-TARGET,OFF-TARGET
148,MET,imgt:Cancers_non-small_cell_lung_(NSCLC),PLAUSIBLE,PLAUSIBLE,OFF-TARGET
148,MET,imgt:Non-Hodgkins_lymphoma_(NHL),OFF-TARGET,OFF-TARGET,OFF-TARGET
148,MET,imgt:Multiple_myeloma_(MM),OFF-TARGET,OFF-TARGET,OFF-TARGET
148,MET,imgt:Chronic_lymphocytic_leukemia_(CLL),OFF-TARGET,OFF-TARGET,OFF-TARGET
148,MET,imgt:Cancers_breast,OFF-TARGET,OFF-TARGET,OFF-TARGET
148,MET,imgt:Acute_myeloid_leukemia_(AML),OFF-TARGET,OFF-TARGET,OFF-TARGET
148,MET,imgt:Cancers_ovarian,PLAUSIBLE,OFF-TARGET,OFF-TARGET
148,MET,imgt:Cancers_gastric,PLAUSIBLE,PLAUSIBLE,OFF-TARGET
148,MET,imgt:Cancers_colorectal_(CRC),PLAUSIBLE,PLAUSIBLE,PLAUSIBLE
148,MET,imgt:Cancers_head_and_neck,PLAUSIBLE,PLAUSIBLE,OFF-TARGET
148,MET,imgt:Cancers_pancreatic,OFF-TARGET,OFF-TARGET,OFF-TARGET
148,MET,imgt:Lymphoma_diffuse_large_B_cell_(DLBCL),OFF-TARGET,OFF-TARGET,OFF-TARGET
148,MET,imgt:Glioblastoma_multiforme_(GBM),OFF-TARGET,OFF-TARGET,OFF-TARGET
148,MET,imgt:Acute_lymphocytic_leukemia_(ALL),OFF-TARGET,OFF-TARGET,OFF-TARGET
148,MET,imgt:Solid_tumors_advanced_or_metastatic,OFF-TARGET,OFF-TARGET,OFF-TARGET
148,MET,imgt:Cancers_prostate_metastatic,PLAUSIBLE,PLAUSIBLE,OFF-TARGET
148,MET,imgt:Renal_cell_carcinoma_(RCC),PLAUSIBLE,PLAUSIBLE,PLAUSIBLE
149,GUCY2C,imgt:Cancers_non-small_cell_lung_(NSCLC),OFF-TARGET,OFF-TARGET,OFF-TARGET
149,GUCY2C,imgt:Non-Hodgkins_lymphoma_(NHL),OFF-TARGET,OFF-TARGET,OFF-TARGET
149,GUCY2C,imgt:Multiple_myeloma_(MM),OFF-TARGET,OFF-TARGET,OFF-TARGET
149,GUCY2C,imgt:Chronic_lymphocytic_leukemia_(CLL),PLAUSIBLE,PLAUSIBLE,PLAUSIBLE
149,GUCY2C,imgt:Cancers_ovarian,OFF-TARGET,OFF-TARGET,OFF-TARGET
149,GUCY2C,imgt:Cancers_gastric,PLAUSIBLE,PLAUSIBLE,OFF-TARGET
149,GUCY2C,imgt:Lymphoma_diffuse_large_B_cell_(DLBCL),OFF-TARGET,OFF-TARGET,OFF-TARGET
149,GUCY2C,imgt:Cancers_breast,OFF-TARGET,OFF-TARGET,OFF-TARGET
149,GUCY2C,imgt:Acute_myeloid_leukemia_(AML),OFF-TARGET,OFF-TARGET,OFF-TARGET
149,GUCY2C,imgt:Cancers_head_and_neck,OFF-TARGET,OFF-TARGET,OFF-TARGET
149,GUCY2C,imgt:Cancers_prostate_metastatic,PLAUSIBLE,OFF-TARGET,PLAUSIBLE
149,GUCY2C,imgt:Solid_tumors_advanced_or_metastatic,OFF-TARGET,OFF-TARGET,OFF-TARGET
149,GUCY2C,imgt:Cancers_colorectal_(CRC),PLAUSIBLE,PLAUSIBLE,OFF-TARGET
149,GUCY2C,imgt:Cancers_pancreatic,PLAUSIBLE,PLAUSIBLE,OFF-TARGET
149,GUCY2C,imgt:Glioblastoma_multiforme_(GBM),OFF-TARGET,OFF-TARGET,OFF-TARGET
149,GUCY2C,imgt:Acute_lymphocytic_leukemia_(ALL),OFF-TARGET,OFF-TARGET,OFF-TARGET
149,GUCY2C,imgt:Cancers_prostate,PLAUSIBLE,OFF-TARGET,PLAUSIBLE
150,VEGFA,imgt:Cancers_non-small_cell_lung_(NSCLC),PLAUSIBLE,PLAUSIBLE,OFF-TARGET
150,VEGFA,imgt:Non-Hodgkins_lymphoma_(NHL),OFF-TARGET,OFF-TARGET,OFF-TARGET
150,VEGFA,imgt:Multiple_myeloma_(MM),OFF-TARGET,OFF-TARGET,OFF-TARGET
150,VEGFA,imgt:Cancers_ovarian,PLAUSIBLE,PLAUSIBLE,OFF-TARGET
150,VEGFA,imgt:Chronic_lymphocytic_leukemia_(CLL),OFF-TARGET,OFF-TARGET,OFF-TARGET
150,VEGFA,imgt:Acute_myeloid_leukemia_(AML),OFF-TARGET,OFF-TARGET,OFF-TARGET
150,VEGFA,imgt:Cancers_prostate,OFF-TARGET,OFF-TARGET,OFF-TARGET
150,VEGFA,imgt:Acute_lymphocytic_leukemia_(ALL),OFF-TARGET,OFF-TARGET,OFF-TARGET
150,VEGFA,imgt:Cancers_breast,PLAUSIBLE,PLAUSIBLE,PLAUSIBLE
150,VEGFA,imgt:Cancers_gastric,PLAUSIBLE,PLAUSIBLE,OFF-TARGET
150,VEGFA,imgt:Cancers_pancreatic,OFF-TARGET,OFF-TARGET,OFF-TARGET
150,VEGFA,imgt:Cancers_colorectal_(CRC),PLAUSIBLE,PLAUSIBLE,OFF-TARGET
150,VEGFA,imgt:Cancers_prostate_metastatic,OFF-TARGET,OFF-TARGET,OFF-TARGET
150,VEGFA,imgt:Lymphoma,OFF-TARGET,OFF-TARGET,OFF-TARGET
150,VEGFA,imgt:Renal_cell_carcinoma_(RCC),PLAUSIBLE,PLAUSIBLE,OFF-TARGET
150,VEGFA,imgt:Lymphoma_diffuse_large_B_cell_(DLBCL),OFF-TARGET,OFF-TARGET,OFF-TARGET
150,VEGFA,imgt:Hodgkin_lymphoma,OFF-TARGET,OFF-TARGET,OFF-TARGET
150,VEGFA,imgt:Lymphoma_B_cell,OFF-TARGET,OFF-TARGET,OFF-TARGET
151,EGFR,imgt:Cancers_non-small_cell_lung_(NSCLC),PLAUSIBLE,PLAUSIBLE,PLAUSIBLE
151,EGFR,imgt:Lymphoma_diffuse_large_B_cell_(DLBCL),OFF-TARGET,OFF-TARGET,OFF-TARGET
151,EGFR,imgt:Cancers_colorectal_(CRC),PLAUSIBLE,PLAUSIBLE,OFF-TARGET
151,EGFR,imgt:Cancers_gastric,PLAUSIBLE,PLAUSIBLE,OFF-TARGET
151,EGFR,imgt:Multiple_myeloma_(MM),OFF-TARGET,OFF-TARGET,OFF-TARGET
151,EGFR,imgt:Cancers_small_cell_lung_(SCLC),PLAUSIBLE,PLAUSIBLE,PLAUSIBLE
151,EGFR,imgt:Cancers_breast,PLAUSIBLE,PLAUSIBLE,PLAUSIBLE
151,EGFR,imgt:Cancers_ovarian,PLAUSIBLE,PLAUSIBLE,PLAUSIBLE
151,EGFR,imgt:Cancers_colorectal_(CRC)_metastatic,PLAUSIBLE,PLAUSIBLE,OFF-TARGET
151,EGFR,imgt:Cancers_breast_overexpressing_ERBB2_metastatic,PLAUSIBLE,PLAUSIBLE,PLAUSIBLE
151,EGFR,imgt:Chronic_lymphocytic_leukemia_(CLL),OFF-TARGET,OFF-TARGET,OFF-TARGET
151,EGFR,imgt:Carcinoma_head_and_neck_squamous_cell_carcinoma_(HNSCC),PLAUSIBLE,PLAUSIBLE,PLAUSIBLE
151,EGFR,imgt:Non-Hodgkins_lymphoma_(NHL),OFF-TARGET,OFF-TARGET,OFF-TARGET
151,EGFR,imgt:Lymphoma_follicular_(FL),OFF-TARGET,OFF-TARGET,OFF-TARGET
151,EGFR,imgt:Carcinoma_bladder_cancer_advanced_or_metastatic_urothelial_cancers,PLAUSIBLE,PLAUSIBLE,OFF-TARGET
151,EGFR,imgt:Mesothelioma_pleural_malignant,OFF-TARGET,OFF-TARGET,OFF-TARGET
151,EGFR,imgt:Hepatocellular_carcinoma_(HCC),OFF-TARGET,OFF-TARGET,OFF-TARGET
151,EGFR,imgt:B_cell_acute_lymphoblastic_leukemia_(B_cell_ALL),OFF-TARGET,OFF-TARGET,OFF-TARGET
151,EGFR,imgt:Glioblastoma,PLAUSIBLE,PLAUSIBLE,PLAUSIBLE
152,DKK1,imgt:Cancers_non-small_cell_lung_(NSCLC),PLAUSIBLE,PLAUSIBLE,OFF-TARGET
152,DKK1,imgt:Cancers_prostate_metastatic,PLAUSIBLE,PLAUSIBLE,OFF-TARGET
152,DKK1,imgt:Lymphoma_diffuse_large_B_cell_(DLBCL),OFF-TARGET,OFF-TARGET,OFF-TARGET
152,DKK1,imgt:Cancers_gastrointestinal,OFF-TARGET,OFF-TARGET,OFF-TARGET
152,DKK1,imgt:Chronic_lymphocytic_leukemia_(CLL),PLAUSIBLE,OFF-TARGET,OFF-TARGET
152,DKK1,imgt:Non-Hodgkins_lymphoma_(NHL),OFF-TARGET,OFF-TARGET,OFF-TARGET
152,DKK1,imgt:Cancers_pancreatic,OFF-TARGET,OFF-TARGET,OFF-TARGET
152,DKK1,imgt:Cancers_ovarian,PLAUSIBLE,PLAUSIBLE,OFF-TARGET
152,DKK1,imgt:Multiple_myeloma_(MM),PLAUSIBLE,PLAUSIBLE,OFF-TARGET
152,DKK1,imgt:Glioblastoma_multiforme_(GBM),OFF-TARGET,OFF-TARGET,OFF-TARGET
152,DKK1,imgt:Cancers_breast,PLAUSIBLE,OFF-TARGET,OFF-TARGET
152,DKK1,imgt:Hepatocellular_carcinoma_(HCC),PLAUSIBLE,PLAUSIBLE,OFF-TARGET
152,DKK1,imgt:Hodgkin_lymphoma,OFF-TARGET,OFF-TARGET,OFF-TARGET
152,DKK1,imgt:Cancers_gastric,PLAUSIBLE,OFF-TARGET,OFF-TARGET
152,DKK1,imgt:Acute_myeloid_leukemia_(AML),OFF-TARGET,OFF-TARGET,OFF-TARGET
152,DKK1,imgt:Lymphoma_B_cell,OFF-TARGET,OFF-TARGET,OFF-TARGET
152,DKK1,imgt:Melanoma_metastatic,OFF-TARGET,OFF-TARGET,OFF-TARGET
152,DKK1,imgt:Cancers_colorectal_(CRC),PLAUSIBLE,PLAUSIBLE,OFF-TARGET
153,FOLH1;CD3E,imgt:Non-Hodgkins_lymphoma_(NHL),PLAUSIBLE,PLAUSIBLE,OFF-TARGET
153,FOLH1;CD3E,imgt:Cancers_non-small_cell_lung_(NSCLC),PLAUSIBLE,PLAUSIBLE,OFF-TARGET
153,FOLH1;CD3E,imgt:Cancers_prostate,PLAUSIBLE,PLAUSIBLE,OFF-TARGET
153,FOLH1;CD3E,imgt:Multiple_myeloma_(MM),PLAUSIBLE,PLAUSIBLE,OFF-TARGET
153,FOLH1;CD3E,imgt:Acute_myeloid_leukemia_(AML),PLAUSIBLE,PLAUSIBLE,OFF-TARGET
153,FOLH1;CD3E,imgt:Cancers_breast,PLAUSIBLE,PLAUSIBLE,OFF-TARGET
153,FOLH1;CD3E,imgt:Cancers_prostate_metastatic,PLAUSIBLE,PLAUSIBLE,OFF-TARGET
153,FOLH1;CD3E,imgt:Acute_lymphocytic_leukemia_(ALL),PLAUSIBLE,PLAUSIBLE,OFF-TARGET
153,FOLH1;CD3E,imgt:Cancers_ovarian,PLAUSIBLE,PLAUSIBLE,OFF-TARGET
153,FOLH1;CD3E,imgt:Chronic_lymphocytic_leukemia_(CLL),PLAUSIBLE,PLAUSIBLE,OFF-TARGET
153,FOLH1;CD3E,imgt:Lymphoma,PLAUSIBLE,PLAUSIBLE,OFF-TARGET
153,FOLH1;CD3E,imgt:Lymphoma_B_cell,PLAUSIBLE,PLAUSIBLE,OFF-TARGET
153,FOLH1;CD3E,imgt:Cancers_gastric,PLAUSIBLE,PLAUSIBLE,OFF-TARGET
153,FOLH1;CD3E,imgt:Solid_tumors_advanced_or_metastatic,OFF-TARGET,OFF-TARGET,OFF-TARGET
153,FOLH1;CD3E,imgt:Cancers_pancreatic,PLAUSIBLE,OFF-TARGET,PLAUSIBLE
153,FOLH1;CD3E,imgt:Cancers_colorectal_(CRC),OFF-TARGET,OFF-TARGET,OFF-TARGET
153,FOLH1;CD3E,imgt:Hodgkin_lymphoma,PLAUSIBLE,PLAUSIBLE,OFF-TARGET
154,PDCD1,imgt:Cancers_non-small_cell_lung_(NSCLC),PLAUSIBLE,PLAUSIBLE,OFF-TARGET
154,PDCD1,imgt:Non-Hodgkins_lymphoma_(NHL),PLAUSIBLE,PLAUSIBLE,OFF-TARGET
154,PDCD1,imgt:Multiple_myeloma_(MM),PLAUSIBLE,PLAUSIBLE,OFF-TARGET
154,PDCD1,imgt:Chronic_lymphocytic_leukemia_(CLL),OFF-TARGET,OFF-TARGET,OFF-TARGET
154,PDCD1,imgt:Cancers_ovarian,PLAUSIBLE,PLAUSIBLE,OFF-TARGET
154,PDCD1,imgt:Acute_myeloid_leukemia_(AML),OFF-TARGET,OFF-TARGET,OFF-TARGET
154,PDCD1,imgt:Cancers_breast,PLAUSIBLE,PLAUSIBLE,OFF-TARGET
154,PDCD1,imgt:Cancers_gastric,PLAUSIBLE,PLAUSIBLE,OFF-TARGET
154,PDCD1,imgt:Cancers_prostate_metastatic,PLAUSIBLE,PLAUSIBLE,OFF-TARGET
154,PDCD1,imgt:Solid_tumors_advanced_or_metastatic,OFF-TARGET,OFF-TARGET,OFF-TARGET
154,PDCD1,imgt:Lymphoma_diffuse_large_B_cell_(DLBCL),PLAUSIBLE,PLAUSIBLE,OFF-TARGET
154,PDCD1,imgt:Cancers_colorectal_(CRC),PLAUSIBLE,PLAUSIBLE,OFF-TARGET
154,PDCD1,imgt:Cancers_pancreatic,OFF-TARGET,OFF-TARGET,OFF-TARGET
154,PDCD1,imgt:Acute_lymphocytic_leukemia_(ALL),OFF-TARGET,OFF-TARGET,OFF-TARGET
154,PDCD1,imgt:Cancers_prostate,PLAUSIBLE,PLAUSIBLE,OFF-TARGET
154,PDCD1,imgt:Cancers_head_and_neck,PLAUSIBLE,PLAUSIBLE,OFF-TARGET
154,PDCD1,imgt:Hodgkin_lymphoma,PLAUSIBLE,PLAUSIBLE,OFF-TARGET
156,CD4,imgt:Mycoisis_fungoides_(MF)_or_Sezary_syndrome,PLAUSIBLE,PLAUSIBLE,OFF-TARGET
156,CD4,imgt:Cancers_non-small_cell_lung_(NSCLC),PLAUSIBLE,OFF-TARGET,OFF-TARGET
156,CD4,imgt:Cancers_breast,PLAUSIBLE,OFF-TARGET,OFF-TARGET
156,CD4,imgt:Cancers_ovarian,OFF-TARGET,OFF-TARGET,OFF-TARGET
156,CD4,imgt:Non-Hodgkins_lymphoma_(NHL),PLAUSIBLE,PLAUSIBLE,OFF-TARGET
156,CD4,imgt:Cancers_colorectal_(CRC),PLAUSIBLE,OFF-TARGET,OFF-TARGET
156,CD4,imgt:Multiple_myeloma_(MM),OFF-TARGET,OFF-TARGET,OFF-TARGET
156,CD4,imgt:Acute_myeloid_leukemia_(AML),PLAUSIBLE,OFF-TARGET,OFF-TARGET
156,CD4,imgt:Glioblastoma_multiforme_(GBM),PLAUSIBLE,OFF-TARGET,OFF-TARGET
156,CD4,imgt:Cancers_head_and_neck,OFF-TARGET,OFF-TARGET,OFF-TARGET
156,CD4,imgt:Chronic_lymphocytic_leukemia_(CLL),PLAUSIBLE,OFF-TARGET,OFF-TARGET
156,CD4,imgt:Lymphoma_diffuse_large_B_cell_(DLBCL),PLAUSIBLE,PLAUSIBLE,OFF-TARGET
156,CD4,imgt:Cancers_gastric,OFF-TARGET,OFF-TARGET,OFF-TARGET
156,CD4,imgt:Lymphoma_B_cell,PLAUSIBLE,PLAUSIBLE,OFF-TARGET
156,CD4,imgt:Cancers_prostate,OFF-TARGET,OFF-TARGET,OFF-TARGET
156,CD4,imgt:Cancers_colorectal_(CRC)_metastatic,PLAUSIBLE,OFF-TARGET,OFF-TARGET
156,CD4,imgt:Cancers_pancreatic,OFF-TARGET,OFF-TARGET,OFF-TARGET
156,CD4,imgt:Lymphoma,PLAUSIBLE,PLAUSIBLE,OFF-TARGET
157,CD22,imgt:B_cell_acute_lymphoblastic_leukemia_(B_cell_ALL),PLAUSIBLE,PLAUSIBLE,OFF-TARGET
157,CD22,imgt:Cancers_non-small_cell_lung_(NSCLC),OFF-TARGET,OFF-TARGET,OFF-TARGET
157,CD22,imgt:Cancers_breast,PLAUSIBLE,OFF-TARGET,OFF-TARGET
157,CD22,imgt:Lymphoma_diffuse_large_B_cell_(DLBCL),PLAUSIBLE,PLAUSIBLE,OFF-TARGET
157,CD22,imgt:Non-Hodgkins_lymphoma_(NHL),PLAUSIBLE,PLAUSIBLE,OFF-TARGET
157,CD22,imgt:Cancers_gastric,OFF-TARGET,OFF-TARGET,OFF-TARGET
157,CD22,imgt:Cancers_ovarian,OFF-TARGET,OFF-TARGET,OFF-TARGET
157,CD22,imgt:Chronic_lymphocytic_leukemia_(CLL),PLAUSIBLE,PLAUSIBLE,OFF-TARGET
157,CD22,imgt:Melanoma,PLAUSIBLE,OFF-TARGET,OFF-TARGET
157,CD22,imgt:Multiple_myeloma_(MM),OFF-TARGET,OFF-TARGET,OFF-TARGET
157,CD22,imgt:Mesothelioma_pleural_malignant,OFF-TARGET,OFF-TARGET,OFF-TARGET
157,CD22,imgt:Rheumatoid_arthritis_(RA),OFF-TARGET,OFF-TARGET,OFF-TARGET
157,CD22,imgt:Myasthenia_Gravis_(MG),PLAUSIBLE,OFF-TARGET,OFF-TARGET
157,CD22,imgt:Renal_cell_carcinoma_(RCC),OFF-TARGET,OFF-TARGET,OFF-TARGET
157,CD22,imgt:Cancers_colorectal_(CRC)_metastatic,OFF-TARGET,OFF-TARGET,OFF-TARGET
157,CD22,imgt:Lymphoma_follicular_(FL),PLAUSIBLE,PLAUSIBLE,OFF-TARGET
157,CD22,imgt:Cancers_head_and_neck,OFF-TARGET,OFF-TARGET,OFF-TARGET
157,CD22,imgt:Hepatocellular_carcinoma_(HCC),OFF-TARGET,OFF-TARGET,OFF-TARGET
157,CD22,imgt:Large-vessel_vasculitis,OFF-TARGET,OFF-TARGET,OFF-TARGET
158,IGF1R,imgt:Hepatocellular_carcinoma_(HCC),OFF-TARGET,OFF-TARGET,OFF-TARGET
158,IGF1R,imgt:Cancers_non-small_cell_lung_(NSCLC),PLAUSIBLE,PLAUSIBLE,OFF-TARGET
158,IGF1R,imgt:Cancers_breast,OFF-TARGET,OFF-TARGET,OFF-TARGET
158,IGF1R,imgt:Non-Hodgkins_lymphoma_(NHL),OFF-TARGET,OFF-TARGET,OFF-TARGET
158,IGF1R,imgt:Acute_myeloid_leukemia_(AML),OFF-TARGET,OFF-TARGET,OFF-TARGET
158,IGF1R,imgt:Cancers_ovarian,OFF-TARGET,OFF-TARGET,OFF-TARGET
158,IGF1R,imgt:Chronic_lymphocytic_leukemia_(CLL),OFF-TARGET,OFF-TARGET,OFF-TARGET
158,IGF1R,imgt:Glioblastoma_multiforme_(GBM),OFF-TARGET,OFF-TARGET,OFF-TARGET
158,IGF1R,imgt:Cancers_gastric,OFF-TARGET,OFF-TARGET,OFF-TARGET
158,IGF1R,imgt:Multiple_myeloma_(MM),OFF-TARGET,OFF-TARGET,OFF-TARGET
158,IGF1R,imgt:Lymphoma_diffuse_large_B_cell_(DLBCL),OFF-TARGET,OFF-TARGET,OFF-TARGET
158,IGF1R,imgt:Cancers_colorectal_(CRC)_metastatic,OFF-TARGET,OFF-TARGET,OFF-TARGET
158,IGF1R,imgt:Renal_cell_carcinoma_(RCC),OFF-TARGET,OFF-TARGET,OFF-TARGET
158,IGF1R,imgt:Cancers_pancreatic,PLAUSIBLE,PLAUSIBLE,OFF-TARGET
158,IGF1R,imgt:Melanoma_metastatic,OFF-TARGET,OFF-TARGET,OFF-TARGET
158,IGF1R,imgt:Melanoma,OFF-TARGET,OFF-TARGET,OFF-TARGET
158,IGF1R,imgt:Cancers_prostate,PLAUSIBLE,PLAUSIBLE,PLAUSIBLE
158,IGF1R,imgt:Mesothelioma_pleural_malignant,OFF-TARGET,OFF-TARGET,OFF-TARGET
158,IGF1R,imgt:Cancers_colorectal_(CRC),OFF-TARGET,OFF-TARGET,OFF-TARGET
159,CD19;CD3E,imgt:Cancers_non-small_cell_lung_(NSCLC),PLAUSIBLE,PLAUSIBLE,OFF-TARGET
159,CD19;CD3E,imgt:Acute_lymphocytic_leukemia_(ALL),PLAUSIBLE,PLAUSIBLE,OFF-TARGET
159,CD19;CD3E,imgt:Non-Hodgkins_lymphoma_(NHL),PLAUSIBLE,PLAUSIBLE,OFF-TARGET
159,CD19;CD3E,imgt:Chronic_lymphocytic_leukemia_(CLL),PLAUSIBLE,PLAUSIBLE,OFF-TARGET
159,CD19;CD3E,imgt:Acute_myeloid_leukemia_(AML),PLAUSIBLE,PLAUSIBLE,OFF-TARGET
159,CD19;CD3E,imgt:B_cell_acute_lymphoblastic_leukemia_(B_cell_ALL),PLAUSIBLE,PLAUSIBLE,OFF-TARGET
159,CD19;CD3E,imgt:Multiple_myeloma_(MM),PLAUSIBLE,PLAUSIBLE,OFF-TARGET
159,CD19;CD3E,imgt:Lymphoma_follicular_(FL),PLAUSIBLE,PLAUSIBLE,OFF-TARGET
159,CD19;CD3E,imgt:Cancers_breast,PLAUSIBLE,PLAUSIBLE,OFF-TARGET
159,CD19;CD3E,imgt:Lymphoma_diffuse_large_B_cell_(DLBCL),PLAUSIBLE,PLAUSIBLE,OFF-TARGET
159,CD19;CD3E,imgt:Cancers_ovarian,PLAUSIBLE,PLAUSIBLE,OFF-TARGET
159,CD19;CD3E,imgt:Cancers_gastric,PLAUSIBLE,PLAUSIBLE,OFF-TARGET
159,CD19;CD3E,imgt:Cancers_pancreatic,OFF-TARGET,OFF-TARGET,OFF-TARGET
159,CD19;CD3E,imgt:Cancers_head_and_neck,OFF-TARGET,OFF-TARGET,OFF-TARGET
159,CD19;CD3E,imgt:Cancers_prostate_metastatic,OFF-TARGET,OFF-TARGET,OFF-TARGET
159,CD19;CD3E,imgt:Cancers_colorectal_(CRC),OFF-TARGET,OFF-TARGET,OFF-TARGET
159,CD19;CD3E,imgt:Solid_tumors_advanced_or_metastatic,OFF-TARGET,OFF-TARGET,OFF-TARGET
159,CD19;CD3E,imgt:Renal_cell_carcinoma_(RCC),OFF-TARGET,OFF-TARGET,OFF-TARGET
160,CD274,imgt:Non-Hodgkins_lymphoma_(NHL),OFF-TARGET,OFF-TARGET,OFF-TARGET
160,CD274,imgt:Cancers_non-small_cell_lung_(NSCLC),PLAUSIBLE,PLAUSIBLE,OFF-TARGET
160,CD274,imgt:Cancers_gastric,PLAUSIBLE,PLAUSIBLE,OFF-TARGET
160,CD274,imgt:Cancers_breast,PLAUSIBLE,PLAUSIBLE,OFF-TARGET
160,CD274,imgt:Cancers_ovarian,PLAUSIBLE,PLAUSIBLE,OFF-TARGET
160,CD274,imgt:Large-vessel_vasculitis,OFF-TARGET,OFF-TARGET,OFF-TARGET
160,CD274,imgt:Lymphoma_diffuse_large_B_cell_(DLBCL),OFF-TARGET,OFF-TARGET,OFF-TARGET
160,CD274,imgt:Chronic_lymphocytic_leukemia_(CLL),OFF-TARGET,OFF-TARGET,OFF-TARGET
160,CD274,imgt:Myasthenia_Gravis_(MG),OFF-TARGET,OFF-TARGET,OFF-TARGET
160,CD274,imgt:Rheumatoid_arthritis_(RA),OFF-TARGET,OFF-TARGET,OFF-TARGET
160,CD274,imgt:Cancers_head_and_neck,PLAUSIBLE,PLAUSIBLE,OFF-TARGET
160,CD274,imgt:Multiple_myeloma_(MM),OFF-TARGET,OFF-TARGET,OFF-TARGET
160,CD274,imgt:Mesothelioma_pleural_malignant,PLAUSIBLE,PLAUSIBLE,OFF-TARGET
160,CD274,imgt:Neuromyelitis_optica_(NMO),OFF-TARGET,OFF-TARGET,OFF-TARGET
160,CD274,imgt:Lymphoma_follicular_(FL),OFF-TARGET,OFF-TARGET,OFF-TARGET
160,CD274,imgt:Melanoma,PLAUSIBLE,PLAUSIBLE,OFF-TARGET
160,CD274,imgt:Hepatocellular_carcinoma_(HCC),PLAUSIBLE,PLAUSIBLE,OFF-TARGET
160,CD274,imgt:Cancers_colorectal_(CRC)_metastatic,PLAUSIBLE,PLAUSIBLE,OFF-TARGET
160,CD274,imgt:Pemphigus_vulgaris_(PV),OFF-TARGET,OFF-TARGET,OFF-TARGET
161,RSPO3,imgt:Cancers_non-small_cell_lung_(NSCLC),PLAUSIBLE,OFF-TARGET,OFF-TARGET
161,RSPO3,imgt:Non-Hodgkins_lymphoma_(NHL),OFF-TARGET,OFF-TARGET,OFF-TARGET
161,RSPO3,imgt:Multiple_myeloma_(MM),OFF-TARGET,OFF-TARGET,OFF-TARGET
161,RSPO3,imgt:Cancers_breast,PLAUSIBLE,OFF-TARGET,OFF-TARGET
161,RSPO3,imgt:Acute_myeloid_leukemia_(AML),OFF-TARGET,OFF-TARGET,OFF-TARGET
161,RSPO3,imgt:Chronic_lymphocytic_leukemia_(CLL),OFF-TARGET,OFF-TARGET,OFF-TARGET
161,RSPO3,imgt:Lymphoma,OFF-TARGET,OFF-TARGET,OFF-TARGET
161,RSPO3,imgt:Cancers_ovarian,PLAUSIBLE,OFF-TARGET,PLAUSIBLE
161,RSPO3,imgt:Cancers_colorectal_(CRC),OFF-TARGET,OFF-TARGET,OFF-TARGET
161,RSPO3,imgt:Cancers_head_and_neck,OFF-TARGET,OFF-TARGET,OFF-TARGET
161,RSPO3,imgt:Cancers_gastric,OFF-TARGET,OFF-TARGET,OFF-TARGET
161,RSPO3,imgt:Acute_lymphocytic_leukemia_(ALL),OFF-TARGET,OFF-TARGET,OFF-TARGET
161,RSPO3,imgt:Lymphoma_diffuse_large_B_cell_(DLBCL),OFF-TARGET,OFF-TARGET,OFF-TARGET
161,RSPO3,imgt:Cancers_prostate,PLAUSIBLE,OFF-TARGET,OFF-TARGET
161,RSPO3,imgt:Cancers_pancreatic,PLAUSIBLE,OFF-TARGET,OFF-TARGET
161,RSPO3,imgt:Glioblastoma_multiforme_(GBM),OFF-TARGET,OFF-TARGET,OFF-TARGET
161,RSPO3,imgt:Solid_tumors_advanced_or_metastatic,OFF-TARGET,OFF-TARGET,OFF-TARGET
161,RSPO3,imgt:Melanoma,OFF-TARGET,OFF-TARGET,OFF-TARGET
162,PDCD1,imgt:Cancers_non-small_cell_lung_(NSCLC),PLAUSIBLE,PLAUSIBLE,OFF-TARGET
162,PDCD1,imgt:Chronic_lymphocytic_leukemia_(CLL),OFF-TARGET,OFF-TARGET,OFF-TARGET
162,PDCD1,imgt:Multiple_myeloma_(MM),PLAUSIBLE,PLAUSIBLE,OFF-TARGET
162,PDCD1,imgt:Lymphoma_diffuse_large_B_cell_(DLBCL),PLAUSIBLE,PLAUSIBLE,OFF-TARGET
162,PDCD1,imgt:Cancers_gastric,PLAUSIBLE,PLAUSIBLE,OFF-TARGET
162,PDCD1,imgt:Non-Hodgkins_lymphoma_(NHL),PLAUSIBLE,PLAUSIBLE,OFF-TARGET
162,PDCD1,imgt:Carcinoma_basal_cell_(BCC),PLAUSIBLE,PLAUSIBLE,OFF-TARGET
162,PDCD1,imgt:Cancers_breast,PLAUSIBLE,PLAUSIBLE,OFF-TARGET
162,PDCD1,imgt:Cancers_colorectal_(CRC)_metastatic,PLAUSIBLE,PLAUSIBLE,OFF-TARGET
162,PDCD1,imgt:Acute_myeloid_leukemia_(AML),OFF-TARGET,OFF-TARGET,OFF-TARGET
162,PDCD1,imgt:Carcinoma_head_and_neck_squamous_cell_carcinoma_(HNSCC),PLAUSIBLE,PLAUSIBLE,OFF-TARGET
162,PDCD1,imgt:Cancers_ovarian,PLAUSIBLE,PLAUSIBLE,OFF-TARGET
162,PDCD1,imgt:Hepatocellular_carcinoma_(HCC),PLAUSIBLE,PLAUSIBLE,OFF-TARGET
162,PDCD1,imgt:Melanoma,PLAUSIBLE,PLAUSIBLE,OFF-TARGET
162,PDCD1,imgt:Cancers_head_and_neck,PLAUSIBLE,PLAUSIBLE,OFF-TARGET
162,PDCD1,imgt:Carcinoma_cutaneous_squamous_cell,PLAUSIBLE,PLAUSIBLE,OFF-TARGET
162,PDCD1,imgt:Cancers_non-small_cell_lung_(NSCLC)_metastatic,PLAUSIBLE,PLAUSIBLE,OFF-TARGET
162,PDCD1,imgt:Carcinoma_bladder_cancer_advanced_or_metastatic_urothelial_cancers,PLAUSIBLE,PLAUSIBLE,OFF-TARGET
162,PDCD1,imgt:Renal_cell_carcinoma_(RCC),PLAUSIBLE,PLAUSIBLE,OFF-TARGET
163,CD52,imgt:Lymphoma_diffuse_large_B_cell_(DLBCL),PLAUSIBLE,PLAUSIBLE,OFF-TARGET
163,CD52,imgt:Cancers_non-small_cell_lung_(NSCLC),PLAUSIBLE,OFF-TARGET,OFF-TARGET
163,CD52,imgt:Chronic_lymphocytic_leukemia_(CLL),PLAUSIBLE,PLAUSIBLE,OFF-TARGET
163,CD52,imgt:Cancers_small_cell_lung_(SCLC),PLAUSIBLE,OFF-TARGET,OFF-TARGET
163,CD52,imgt:Multiple_myeloma_(MM),PLAUSIBLE,PLAUSIBLE,OFF-TARGET
163,CD52,imgt:Cancers_breast_overexpressing_ERBB2_metastatic,PLAUSIBLE,PLAUSIBLE,OFF-TARGET
163,CD52,imgt:Cancers_colorectal_(CRC)_metastatic,OFF-TARGET,OFF-TARGET,OFF-TARGET
163,CD52,imgt:Carcinoma_bladder_cancer_advanced_or_metastatic_urothelial_cancers,OFF-TARGET,OFF-TARGET,OFF-TARGET
163,CD52,imgt:Hepatocellular_carcinoma_(HCC),OFF-TARGET,OFF-TARGET,OFF-TARGET
163,CD52,imgt:Cancers_gastric,OFF-TARGET,OFF-TARGET,OFF-TARGET
163,CD52,imgt:Non-Hodgkins_lymphoma_(NHL),PLAUSIBLE,PLAUSIBLE,OFF-TARGET
163,CD52,imgt:Lymphoproliferative_disorder_giant_lymph_node_hyperplasia_(Castlemans_disease),OFF-TARGET,OFF-TARGET,OFF-TARGET
163,CD52,imgt:Cancers_breast,PLAUSIBLE,PLAUSIBLE,OFF-TARGET
163,CD52,imgt:B_cell_acute_lymphoblastic_leukemia_(B_cell_ALL),PLAUSIBLE,PLAUSIBLE,OFF-TARGET
163,CD52,imgt:Mesothelioma_pleural_malignant,OFF-TARGET,OFF-TARGET,OFF-TARGET
163,CD52,imgt:Melanoma,PLAUSIBLE,PLAUSIBLE,OFF-TARGET
163,CD52,imgt:Non-Hodgkins_lymphoma_(NHL)_follicular_CD20_positive_relapsed_or_refractory_low_grade,PLAUSIBLE,PLAUSIBLE,OFF-TARGET
163,CD52,imgt:Lymphoma_follicular_(FL),PLAUSIBLE,PLAUSIBLE,OFF-TARGET
163,CD52,imgt:Cancers_ovarian,OFF-TARGET,OFF-TARGET,OFF-TARGET
164,CD19;TNFRSF9,imgt:Cancers_non-small_cell_lung_(NSCLC),PLAUSIBLE,PLAUSIBLE,OFF-TARGET
164,CD19;TNFRSF9,imgt:Non-Hodgkins_lymphoma_(NHL),PLAUSIBLE,PLAUSIBLE,OFF-TARGET
164,CD19;TNFRSF9,imgt:Multiple_myeloma_(MM),PLAUSIBLE,PLAUSIBLE,OFF-TARGET
164,CD19;TNFRSF9,imgt:Chronic_lymphocytic_leukemia_(CLL),PLAUSIBLE,PLAUSIBLE,PLAUSIBLE
164,CD19;TNFRSF9,imgt:Cancers_breast,PLAUSIBLE,PLAUSIBLE,OFF-TARGET
164,CD19;TNFRSF9,imgt:Cancers_ovarian,PLAUSIBLE,PLAUSIBLE,OFF-TARGET
164,CD19;TNFRSF9,imgt:Acute_lymphocytic_leukemia_(ALL),PLAUSIBLE,PLAUSIBLE,OFF-TARGET
164,CD19;TNFRSF9,imgt:Cancers_gastric,PLAUSIBLE,PLAUSIBLE,OFF-TARGET
164,CD19;TNFRSF9,imgt:Cancers_prostate_metastatic,OFF-TARGET,OFF-TARGET,OFF-TARGET
164,CD19;TNFRSF9,imgt:Acute_myeloid_leukemia_(AML),PLAUSIBLE,PLAUSIBLE,OFF-TARGET
164,CD19;TNFRSF9,imgt:Lymphoma_diffuse_large_B_cell_(DLBCL),PLAUSIBLE,PLAUSIBLE,OFF-TARGET
164,CD19;TNFRSF9,imgt:Cancers_prostate,OFF-TARGET,OFF-TARGET,OFF-TARGET
164,CD19;TNFRSF9,imgt:Cancers_pancreatic,PLAUSIBLE,PLAUSIBLE,OFF-TARGET
164,CD19;TNFRSF9,imgt:Renal_cell_carcinoma_(RCC),PLAUSIBLE,OFF-TARGET,OFF-TARGET
164,CD19;TNFRSF9,imgt:Lymphoma,PLAUSIBLE,PLAUSIBLE,OFF-TARGET
164,CD19;TNFRSF9,imgt:Cancers_head_and_neck,PLAUSIBLE,PLAUSIBLE,OFF-TARGET
164,CD19;TNFRSF9,imgt:Solid_tumors_advanced_or_metastatic,OFF-TARGET,OFF-TARGET,OFF-TARGET
165,ERBB3,imgt:Cancers_non-small_cell_lung_(NSCLC),PLAUSIBLE,PLAUSIBLE,OFF-TARGET
165,ERBB3,imgt:Non-Hodgkins_lymphoma_(NHL),OFF-TARGET,OFF-TARGET,OFF-TARGET
165,ERBB3,imgt:Chronic_lymphocytic_leukemia_(CLL),OFF-TARGET,OFF-TARGET,OFF-TARGET
165,ERBB3,imgt:Multiple_myeloma_(MM),OFF-TARGET,OFF-TARGET,OFF-TARGET
165,ERBB3,imgt:Cancers_ovarian,OFF-TARGET,OFF-TARGET,OFF-TARGET
165,ERBB3,imgt:Acute_lymphocytic_leukemia_(ALL),OFF-TARGET,OFF-TARGET,OFF-TARGET
165,ERBB3,imgt:Cancers_gastric,PLAUSIBLE,PLAUSIBLE,OFF-TARGET
165,ERBB3,imgt:Cancers_breast,PLAUSIBLE,PLAUSIBLE,OFF-TARGET
165,ERBB3,imgt:Cancers_prostate_metastatic,PLAUSIBLE,OFF-TARGET,OFF-TARGET
165,ERBB3,imgt:Cancers_head_and_neck,PLAUSIBLE,PLAUSIBLE,OFF-TARGET
165,ERBB3,imgt:Acute_myeloid_leukemia_(AML),OFF-TARGET,OFF-TARGET,OFF-TARGET
165,ERBB3,imgt:Renal_cell_carcinoma_(RCC),OFF-TARGET,OFF-TARGET,OFF-TARGET
165,ERBB3,imgt:Cancers_colorectal_(CRC),PLAUSIBLE,PLAUSIBLE,OFF-TARGET
165,ERBB3,imgt:Cancers_pancreatic,PLAUSIBLE,PLAUSIBLE,OFF-TARGET
165,ERBB3,imgt:Cancers_prostate,PLAUSIBLE,OFF-TARGET,OFF-TARGET
165,ERBB3,imgt:Lymphoma_diffuse_large_B_cell_(DLBCL),OFF-TARGET,OFF-TARGET,OFF-TARGET
165,ERBB3,imgt:Solid_tumors_advanced_or_metastatic,OFF-TARGET,OFF-TARGET,OFF-TARGET
165,ERBB3,imgt:Lymphoma,OFF-TARGET,OFF-TARGET,OFF-TARGET
166,CD47,imgt:Cancers_non-small_cell_lung_(NSCLC),PLAUSIBLE,PLAUSIBLE,OFF-TARGET
166,CD47,imgt:Multiple_myeloma_(MM),PLAUSIBLE,PLAUSIBLE,OFF-TARGET
166,CD47,imgt:Chronic_lymphocytic_leukemia_(CLL),PLAUSIBLE,PLAUSIBLE,OFF-TARGET
166,CD47,imgt:Cancers_ovarian,PLAUSIBLE,PLAUSIBLE,OFF-TARGET
166,CD47,imgt:Non-Hodgkins_lymphoma_(NHL),PLAUSIBLE,PLAUSIBLE,OFF-TARGET
166,CD47,imgt:Cancers_gastric,PLAUSIBLE,PLAUSIBLE,OFF-TARGET
166,CD47,imgt:Acute_myeloid_leukemia_(AML),PLAUSIBLE,PLAUSIBLE,OFF-TARGET
166,CD47,imgt:Lymphoma_diffuse_large_B_cell_(DLBCL),PLAUSIBLE,PLAUSIBLE,OFF-TARGET
166,CD47,imgt:Cancers_breast,PLAUSIBLE,PLAUSIBLE,OFF-TARGET
166,CD47,imgt:Cancers_pancreatic,OFF-TARGET,OFF-TARGET,OFF-TARGET
166,CD47,imgt:Acute_lymphocytic_leukemia_(ALL),PLAUSIBLE,PLAUSIBLE,OFF-TARGET
166,CD47,imgt:Lymphoma_follicular_(FL),PLAUSIBLE,PLAUSIBLE,OFF-TARGET
166,CD47,imgt:Melanoma,PLAUSIBLE,OFF-TARGET,OFF-TARGET
166,CD47,imgt:Cancers_head_and_neck,PLAUSIBLE,PLAUSIBLE,OFF-TARGET
166,CD47,imgt:Lymphoma,PLAUSIBLE,PLAUSIBLE,OFF-TARGET
166,CD47,imgt:Cancers_colorectal_(CRC),PLAUSIBLE,PLAUSIBLE,OFF-TARGET
166,CD47,imgt:Lymphoma_B_cell,PLAUSIBLE,PLAUSIBLE,OFF-TARGET
167,PSCA,imgt:Cancers_non-small_cell_lung_(NSCLC),PLAUSIBLE,OFF-TARGET,PLAUSIBLE
167,PSCA,imgt:Non-Hodgkins_lymphoma_(NHL),PLAUSIBLE,OFF-TARGET,PLAUSIBLE
167,PSCA,imgt:Multiple_myeloma_(MM),OFF-TARGET,OFF-TARGET,OFF-TARGET
167,PSCA,imgt:Chronic_lymphocytic_leukemia_(CLL),PLAUSIBLE,OFF-TARGET,PLAUSIBLE
167,PSCA,imgt:Acute_myeloid_leukemia_(AML),OFF-TARGET,OFF-TARGET,OFF-TARGET
167,PSCA,imgt:Cancers_breast,PLAUSIBLE,OFF-TARGET,PLAUSIBLE
167,PSCA,imgt:Cancers_gastric,PLAUSIBLE,OFF-TARGET,PLAUSIBLE
167,PSCA,imgt:Lymphoma,PLAUSIBLE,OFF-TARGET,PLAUSIBLE
167,PSCA,imgt:Acute_lymphocytic_leukemia_(ALL),OFF-TARGET,OFF-TARGET,OFF-TARGET
167,PSCA,imgt:Cancers_ovarian,PLAUSIBLE,OFF-TARGET,PLAUSIBLE
167,PSCA,imgt:Cancers_colorectal_(CRC),PLAUSIBLE,OFF-TARGET,PLAUSIBLE
167,PSCA,imgt:Solid_tumors_advanced_or_metastatic,OFF-TARGET,OFF-TARGET,OFF-TARGET
167,PSCA,imgt:Cancers_head_and_neck,OFF-TARGET,OFF-TARGET,OFF-TARGET
167,PSCA,imgt:Cancers_prostate,PLAUSIBLE,PLAUSIBLE,PLAUSIBLE
167,PSCA,imgt:Lymphoma_diffuse_large_B_cell_(DLBCL),PLAUSIBLE,OFF-TARGET,PLAUSIBLE
167,PSCA,imgt:Rheumatoid_arthritis_(RA),OFF-TARGET,OFF-TARGET,OFF-TARGET
167,PSCA,imgt:Renal_cell_carcinoma_(RCC),OFF-TARGET,OFF-TARGET,OFF-TARGET
168,ERBB2,imgt:Cancers_non-small_cell_lung_(NSCLC),PLAUSIBLE,PLAUSIBLE,PLAUSIBLE
168,ERBB2,imgt:Non-Hodgkins_lymphoma_(NHL),OFF-TARGET,OFF-TARGET,OFF-TARGET
168,ERBB2,imgt:Cancers_breast,PLAUSIBLE,PLAUSIBLE,OFF-TARGET
168,ERBB2,imgt:Multiple_myeloma_(MM),OFF-TARGET,OFF-TARGET,OFF-TARGET
168,ERBB2,imgt:Chronic_lymphocytic_leukemia_(CLL),OFF-TARGET,OFF-TARGET,OFF-TARGET
168,ERBB2,imgt:Acute_myeloid_leukemia_(AML),OFF-TARGET,OFF-TARGET,OFF-TARGET
168,ERBB2,imgt:Cancers_ovarian,PLAUSIBLE,PLAUSIBLE,PLAUSIBLE
168,ERBB2,imgt:Cancers_gastric,PLAUSIBLE,PLAUSIBLE,PLAUSIBLE
168,ERBB2,imgt:Cancers_colorectal_(CRC),PLAUSIBLE,PLAUSIBLE,PLAUSIBLE
168,ERBB2,imgt:Glioblastoma_multiforme_(GBM),OFF-TARGET,OFF-TARGET,OFF-TARGET
168,ERBB2,imgt:Hepatocellular_carcinoma_(HCC),OFF-TARGET,OFF-TARGET,OFF-TARGET
168,ERBB2,imgt:Lymphoma_diffuse_large_B_cell_(DLBCL),OFF-TARGET,OFF-TARGET,OFF-TARGET
168,ERBB2,imgt:Cancers_head_and_neck,PLAUSIBLE,PLAUSIBLE,OFF-TARGET
168,ERBB2,imgt:Cancers_prostate_metastatic,PLAUSIBLE,PLAUSIBLE,OFF-TARGET
168,ERBB2,imgt:Cancers_prostate,PLAUSIBLE,PLAUSIBLE,OFF-TARGET
168,ERBB2,imgt:Lymphoma,OFF-TARGET,OFF-TARGET,OFF-TARGET
168,ERBB2,imgt:Cancers_pancreatic,PLAUSIBLE,PLAUSIBLE,OFF-TARGET
169,ANGPT2,imgt:Cancers_non-small_cell_lung_(NSCLC),PLAUSIBLE,PLAUSIBLE,OFF-TARGET
169,ANGPT2,imgt:Multiple_myeloma_(MM),PLAUSIBLE,OFF-TARGET,PLAUSIBLE
169,ANGPT2,imgt:Non-Hodgkins_lymphoma_(NHL),OFF-TARGET,OFF-TARGET,OFF-TARGET
169,ANGPT2,imgt:Chronic_lymphocytic_leukemia_(CLL),PLAUSIBLE,OFF-TARGET,OFF-TARGET
169,ANGPT2,imgt:Cancers_ovarian,PLAUSIBLE,PLAUSIBLE,PLAUSIBLE
169,ANGPT2,imgt:Acute_lymphocytic_leukemia_(ALL),PLAUSIBLE,OFF-TARGET,OFF-TARGET
169,ANGPT2,imgt:Acute_myeloid_leukemia_(AML),PLAUSIBLE,OFF-TARGET,OFF-TARGET
169,ANGPT2,imgt:Cancers_breast,PLAUSIBLE,PLAUSIBLE,OFF-TARGET
169,ANGPT2,imgt:Cancers_gastric,PLAUSIBLE,OFF-TARGET,PLAUSIBLE
169,ANGPT2,imgt:Cancers_head_and_neck,OFF-TARGET,OFF-TARGET,OFF-TARGET
169,ANGPT2,imgt:Lymphoma_diffuse_large_B_cell_(DLBCL),OFF-TARGET,OFF-TARGET,OFF-TARGET
169,ANGPT2,imgt:Lymphoma,OFF-TARGET,OFF-TARGET,OFF-TARGET
169,ANGPT2,imgt:Cancers_pancreatic,OFF-TARGET,OFF-TARGET,OFF-TARGET
169,ANGPT2,imgt:Solid_tumors_advanced_or_metastatic,OFF-TARGET,OFF-TARGET,OFF-TARGET
169,ANGPT2,imgt:Renal_cell_carcinoma_(RCC),PLAUSIBLE,PLAUSIBLE,OFF-TARGET
169,ANGPT2,imgt:Cancers_prostate,OFF-TARGET,OFF-TARGET,OFF-TARGET
169,ANGPT2,imgt:Glioblastoma_multiforme_(GBM),PLAUSIBLE,PLAUSIBLE,OFF-TARGET
170,IL6R,imgt:Giant_cell_arteritis,PLAUSIBLE,PLAUSIBLE,OFF-TARGET
170,IL6R,imgt:Lymphoproliferative_disorder_giant_lymph_node_hyperplasia_(Castlemans_disease),OFF-TARGET,OFF-TARGET,OFF-TARGET
170,IL6R,imgt:Lymphoma_diffuse_large_B_cell_(DLBCL),OFF-TARGET,OFF-TARGET,OFF-TARGET
170,IL6R,imgt:Polyarticular_Juvenile_Idiopathic_Arthritis_(PJIA),PLAUSIBLE,PLAUSIBLE,PLAUSIBLE
170,IL6R,imgt:Systemic_juvenile_idiopathic_athritis_(SJIA),PLAUSIBLE,PLAUSIBLE,PLAUSIBLE
170,IL6R,imgt:Severe_acute_respiratory_syndrome_coronavirus_2_(SARS-CoV-2)_infection_(COVID-19),PLAUSIBLE,PLAUSIBLE,PLAUSIBLE
170,IL6R,imgt:Neuromyelitis_optica_(NMO),PLAUSIBLE,PLAUSIBLE,OFF-TARGET
170,IL6R,imgt:Multiple_myeloma_(MM),OFF-TARGET,OFF-TARGET,OFF-TARGET
170,IL6R,imgt:Cancers_breast_overexpressing_ERBB2_metastatic,OFF-TARGET,OFF-TARGET,OFF-TARGET
170,IL6R,imgt:Cancers_small_cell_lung_(SCLC),OFF-TARGET,OFF-TARGET,OFF-TARGET
170,IL6R,imgt:Chronic_lymphocytic_leukemia_(CLL),OFF-TARGET,OFF-TARGET,OFF-TARGET
170,IL6R,imgt:Cancers_non-small_cell_lung_(NSCLC),OFF-TARGET,OFF-TARGET,OFF-TARGET
170,IL6R,imgt:Cancers_colorectal_(CRC)_metastatic,OFF-TARGET,OFF-TARGET,OFF-TARGET
170,IL6R,imgt:Neuromyelitis_optica_spectrum_disorder_(NMOSD),PLAUSIBLE,PLAUSIBLE,OFF-TARGET
170,IL6R,imgt:Lymphoma_follicular_(FL),OFF-TARGET,OFF-TARGET,OFF-TARGET
170,IL6R,imgt:Cancers_gastric,OFF-TARGET,OFF-TARGET,OFF-TARGET
170,IL6R,imgt:Melanoma,OFF-TARGET,OFF-TARGET,OFF-TARGET
170,IL6R,imgt:Primary_cutaneous_anaplastic_large_cell_lymphoma_(pcALCL),OFF-TARGET,OFF-TARGET,OFF-TARGET
170,IL6R,imgt:Lymphoma_cutaneous_T_cell_(CTCL),OFF-TARGET,OFF-TARGET,OFF-TARGET
170,IL6R,imgt:Non-Hodgkins_lymphoma_(NHL)_follicular_CD20_positive_relapsed_or_refractory_low_grade,OFF-TARGET,OFF-TARGET,OFF-TARGET
171,ERBB2,imgt:Cancers_non-small_cell_lung_(NSCLC),PLAUSIBLE,PLAUSIBLE,PLAUSIBLE
171,ERBB2,imgt:Non-Hodgkins_lymphoma_(NHL),OFF-TARGET,OFF-TARGET,OFF-TARGET
171,ERBB2,imgt:Cancers_ovarian,PLAUSIBLE,PLAUSIBLE,PLAUSIBLE
171,ERBB2,imgt:Cancers_breast,PLAUSIBLE,PLAUSIBLE,OFF-TARGET
171,ERBB2,imgt:Lymphoma_diffuse_large_B_cell_(DLBCL),OFF-TARGET,OFF-TARGET,OFF-TARGET
171,ERBB2,imgt:Cancers_gastric,PLAUSIBLE,PLAUSIBLE,PLAUSIBLE
171,ERBB2,imgt:Large-vessel_vasculitis,OFF-TARGET,OFF-TARGET,OFF-TARGET
171,ERBB2,imgt:Multiple_myeloma_(MM),OFF-TARGET,OFF-TARGET,OFF-TARGET
171,ERBB2,imgt:Chronic_lymphocytic_leukemia_(CLL),OFF-TARGET,OFF-TARGET,OFF-TARGET
171,ERBB2,imgt:Rheumatoid_arthritis_(RA),OFF-TARGET,OFF-TARGET,OFF-TARGET
171,ERBB2,imgt:Cancers_head_and_neck,PLAUSIBLE,PLAUSIBLE,OFF-TARGET
171,ERBB2,imgt:Myasthenia_Gravis_(MG),OFF-TARGET,OFF-TARGET,OFF-TARGET
171,ERBB2,imgt:Neuromyelitis_optica_(NMO),OFF-TARGET,OFF-TARGET,OFF-TARGET
171,ERBB2,imgt:Cancers_colorectal_(CRC)_metastatic,PLAUSIBLE,PLAUSIBLE,PLAUSIBLE
171,ERBB2,imgt:Melanoma,PLAUSIBLE,OFF-TARGET,OFF-TARGET
171,ERBB2,imgt:Mesothelioma_pleural_malignant,OFF-TARGET,OFF-TARGET,OFF-TARGET
171,ERBB2,imgt:Renal_cell_carcinoma_(RCC),OFF-TARGET,OFF-TARGET,OFF-TARGET
171,ERBB2,imgt:Hepatocellular_carcinoma_(HCC),OFF-TARGET,OFF-TARGET,OFF-TARGET
171,ERBB2,imgt:Mycoisis_fungoides_(MF)_or_Sezary_syndrome,OFF-TARGET,OFF-TARGET,OFF-TARGET
172,IL6,imgt:Multiple_myeloma_(MM),PLAUSIBLE,PLAUSIBLE,OFF-TARGET
172,IL6,imgt:Cancers_non-small_cell_lung_(NSCLC),PLAUSIBLE,PLAUSIBLE,OFF-TARGET
172,IL6,imgt:Non-Hodgkins_lymphoma_(NHL),OFF-TARGET,OFF-TARGET,OFF-TARGET
172,IL6,imgt:Chronic_lymphocytic_leukemia_(CLL),PLAUSIBLE,PLAUSIBLE,OFF-TARGET
172,IL6,imgt:Cancers_gastric,OFF-TARGET,OFF-TARGET,OFF-TARGET
172,IL6,imgt:Cancers_breast,PLAUSIBLE,OFF-TARGET,OFF-TARGET
172,IL6,imgt:Acute_myeloid_leukemia_(AML),PLAUSIBLE,PLAUSIBLE,OFF-TARGET
172,IL6,imgt:Cancers_ovarian,OFF-TARGET,OFF-TARGET,OFF-TARGET
172,IL6,imgt:Lymphoma_diffuse_large_B_cell_(DLBCL),OFF-TARGET,OFF-TARGET,OFF-TARGET
172,IL6,imgt:Melanoma,OFF-TARGET,OFF-TARGET,OFF-TARGET
172,IL6,imgt:Lymphoma,OFF-TARGET,OFF-TARGET,OFF-TARGET
172,IL6,imgt:Glioblastoma_multiforme_(GBM),OFF-TARGET,OFF-TARGET,OFF-TARGET
172,IL6,imgt:Rheumatoid_arthritis_(RA),PLAUSIBLE,PLAUSIBLE,PLAUSIBLE
172,IL6,imgt:Cancers_prostate,PLAUSIBLE,PLAUSIBLE,OFF-TARGET
172,IL6,imgt:Cancers_pancreatic,OFF-TARGET,OFF-TARGET,OFF-TARGET
172,IL6,imgt:Cancers_head_and_neck,OFF-TARGET,OFF-TARGET,OFF-TARGET
172,IL6,imgt:Acute_lymphocytic_leukemia_(ALL),PLAUSIBLE,PLAUSIBLE,OFF-TARGET
172,IL6,imgt:Renal_cell_carcinoma_(RCC),OFF-TARGET,OFF-TARGET,OFF-TARGET
173,TNFRSF10B,imgt:Cancers_non-small_cell_lung_(NSCLC),PLAUSIBLE,PLAUSIBLE,OFF-TARGET
173,TNFRSF10B,imgt:Non-Hodgkins_lymphoma_(NHL),PLAUSIBLE,PLAUSIBLE,OFF-TARGET
173,TNFRSF10B,imgt:Cancers_breast,PLAUSIBLE,PLAUSIBLE,OFF-TARGET
173,TNFRSF10B,imgt:Chronic_lymphocytic_leukemia_(CLL),PLAUSIBLE,OFF-TARGET,OFF-TARGET
173,TNFRSF10B,imgt:Lymphoma_B_cell,PLAUSIBLE,PLAUSIBLE,OFF-TARGET
173,TNFRSF10B,imgt:Acute_myeloid_leukemia_(AML),PLAUSIBLE,OFF-TARGET,OFF-TARGET
173,TNFRSF10B,imgt:Cancers_pancreatic,PLAUSIBLE,PLAUSIBLE,OFF-TARGET
173,TNFRSF10B,imgt:Cancers_ovarian,PLAUSIBLE,PLAUSIBLE,PLAUSIBLE
173,TNFRSF10B,imgt:Multiple_myeloma_(MM),OFF-TARGET,OFF-TARGET,OFF-TARGET
173,TNFRSF10B,imgt:Acute_lymphocytic_leukemia_(ALL),PLAUSIBLE,OFF-TARGET,OFF-TARGET
173,TNFRSF10B,imgt:Glioblastoma_multiforme_(GBM),PLAUSIBLE,OFF-TARGET,OFF-TARGET
173,TNFRSF10B,imgt:Cancers_colorectal_(CRC),PLAUSIBLE,PLAUSIBLE,OFF-TARGET
173,TNFRSF10B,imgt:Cancers_head_and_neck,PLAUSIBLE,OFF-TARGET,PLAUSIBLE
173,TNFRSF10B,imgt:Cancers_prostate_metastatic,PLAUSIBLE,OFF-TARGET,PLAUSIBLE
173,TNFRSF10B,imgt:Cancers_gastric,PLAUSIBLE,OFF-TARGET,OFF-TARGET
173,TNFRSF10B,imgt:Solid_tumors_advanced_or_metastatic,OFF-TARGET,OFF-TARGET,OFF-TARGET
173,TNFRSF10B,imgt:Lymphoma_diffuse_large_B_cell_(DLBCL),PLAUSIBLE,PLAUSIBLE,OFF-TARGET
173,TNFRSF10B,imgt:Hodgkin_lymphoma,PLAUSIBLE,PLAUSIBLE,OFF-TARGET
174,IL6R,imgt:Cancers_ovarian,OFF-TARGET,OFF-TARGET,OFF-TARGET
174,IL6R,imgt:Lymphoma_diffuse_large_B_cell_(DLBCL),OFF-TARGET,OFF-TARGET,OFF-TARGET
174,IL6R,imgt:Cancers_gastric,OFF-TARGET,OFF-TARGET,OFF-TARGET
174,IL6R,imgt:Myasthenia_Gravis_(MG),OFF-TARGET,OFF-TARGET,OFF-TARGET
174,IL6R,imgt:Cancers_head_and_neck,OFF-TARGET,OFF-TARGET,OFF-TARGET
174,IL6R,imgt:Malignant_ascites,OFF-TARGET,OFF-TARGET,OFF-TARGET
174,IL6R,imgt:Hepatocellular_carcinoma_(HCC),OFF-TARGET,OFF-TARGET,OFF-TARGET
174,IL6R,imgt:Colitis_ulcerative_(UC),PLAUSIBLE,OFF-TARGET,PLAUSIBLE
174,IL6R,imgt:Cancers_non-small_cell_lung_(NSCLC),OFF-TARGET,OFF-TARGET,OFF-TARGET
174,IL6R,imgt:Mesothelioma_pleural_malignant,OFF-TARGET,OFF-TARGET,OFF-TARGET
174,IL6R,imgt:Cancers_colorectal_(CRC),OFF-TARGET,OFF-TARGET,OFF-TARGET
174,IL6R,imgt:Chronic_lymphocytic_leukemia_(CLL),OFF-TARGET,OFF-TARGET,OFF-TARGET
174,IL6R,imgt:Cancers_breast,OFF-TARGET,OFF-TARGET,OFF-TARGET
174,IL6R,imgt:Non-Hodgkins_lymphoma_(NHL),OFF-TARGET,OFF-TARGET,OFF-TARGET
174,IL6R,imgt:Multiple_myeloma_(MM),OFF-TARGET,OFF-TARGET,OFF-TARGET
174,IL6R,imgt:Neuromyelitis_optica_spectrum_disorder_(NMOSD),PLAUSIBLE,PLAUSIBLE,OFF-TARGET
174,IL6R,imgt:Cancers_small_cell_lung_(SCLC),OFF-TARGET,OFF-TARGET,OFF-TARGET
174,IL6R,imgt:Acute_myeloid_leukemia_(AML),PLAUSIBLE,PLAUSIBLE,OFF-TARGET
174,IL6R,imgt:Cancers_colon,OFF-TARGET,OFF-TARGET,OFF-TARGET
175,TIGIT,imgt:Multiple_myeloma_(MM),OFF-TARGET,OFF-TARGET,OFF-TARGET
175,TIGIT,imgt:Cancers_non-small_cell_lung_(NSCLC),PLAUSIBLE,PLAUSIBLE,OFF-TARGET
175,TIGIT,imgt:Non-Hodgkins_lymphoma_(NHL),PLAUSIBLE,PLAUSIBLE,OFF-TARGET
175,TIGIT,imgt:Chronic_lymphocytic_leukemia_(CLL),PLAUSIBLE,OFF-TARGET,PLAUSIBLE
175,TIGIT,imgt:Cancers_breast,PLAUSIBLE,PLAUSIBLE,OFF-TARGET
175,TIGIT,imgt:Acute_myeloid_leukemia_(AML),PLAUSIBLE,OFF-TARGET,OFF-TARGET
175,TIGIT,imgt:Cancers_ovarian,PLAUSIBLE,PLAUSIBLE,OFF-TARGET
175,TIGIT,imgt:Cancers_gastric,PLAUSIBLE,PLAUSIBLE,PLAUSIBLE
175,TIGIT,imgt:Lymphoma,PLAUSIBLE,PLAUSIBLE,OFF-TARGET
175,TIGIT,imgt:Solid_tumors_advanced_or_metastatic,OFF-TARGET,OFF-TARGET,OFF-TARGET
175,TIGIT,imgt:Cancers_pancreatic,OFF-TARGET,OFF-TARGET,OFF-TARGET
175,TIGIT,imgt:Cancers_prostate,OFF-TARGET,OFF-TARGET,OFF-TARGET
175,TIGIT,imgt:Acute_lymphocytic_leukemia_(ALL),PLAUSIBLE,OFF-TARGET,OFF-TARGET
175,TIGIT,imgt:Cancers_colorectal_(CRC),PLAUSIBLE,PLAUSIBLE,OFF-TARGET
175,TIGIT,imgt:Lymphoma_diffuse_large_B_cell_(DLBCL),PLAUSIBLE,PLAUSIBLE,OFF-TARGET
175,TIGIT,imgt:Cancers_head_and_neck,PLAUSIBLE,PLAUSIBLE,OFF-TARGET
175,TIGIT,imgt:Glioblastoma_multiforme_(GBM),PLAUSIBLE,PLAUSIBLE,OFF-TARGET
176,MS4A1,imgt:Lymphoma_diffuse_large_B_cell_(DLBCL),PLAUSIBLE,PLAUSIBLE,OFF-TARGET
176,MS4A1,imgt:Cancers_non-small_cell_lung_(NSCLC),PLAUSIBLE,PLAUSIBLE,OFF-TARGET
176,MS4A1,imgt:Non-Hodgkins_lymphoma_(NHL),PLAUSIBLE,PLAUSIBLE,OFF-TARGET
176,MS4A1,imgt:Chronic_lymphocytic_leukemia_(CLL),PLAUSIBLE,PLAUSIBLE,OFF-TARGET
176,MS4A1,imgt:Cancers_colorectal_(CRC)_metastatic,OFF-TARGET,OFF-TARGET,OFF-TARGET
176,MS4A1,imgt:Cancers_breast_overexpressing_ERBB2_metastatic,OFF-TARGET,OFF-TARGET,OFF-TARGET
176,MS4A1,imgt:Multiple_myeloma_(MM),PLAUSIBLE,PLAUSIBLE,OFF-TARGET
176,MS4A1,imgt:Cancers_gastric,OFF-TARGET,OFF-TARGET,OFF-TARGET
176,MS4A1,imgt:Cancers_small_cell_lung_(SCLC),PLAUSIBLE,PLAUSIBLE,OFF-TARGET
176,MS4A1,imgt:Melanoma,OFF-TARGET,OFF-TARGET,OFF-TARGET
176,MS4A1,imgt:Hepatocellular_carcinoma_(HCC),OFF-TARGET,OFF-TARGET,OFF-TARGET
176,MS4A1,imgt:Lymphoma_follicular_(FL),PLAUSIBLE,PLAUSIBLE,OFF-TARGET
176,MS4A1,imgt:Lymphoproliferative_disorder_giant_lymph_node_hyperplasia_(Castlemans_disease),OFF-TARGET,OFF-TARGET,OFF-TARGET
176,MS4A1,imgt:Carcinoma_bladder_cancer_advanced_or_metastatic_urothelial_cancers,OFF-TARGET,OFF-TARGET,OFF-TARGET
176,MS4A1,imgt:Cancers_ovarian,OFF-TARGET,OFF-TARGET,OFF-TARGET
176,MS4A1,imgt:Merkel_cell_carcinoma_(MCC)_metastatic,OFF-TARGET,OFF-TARGET,OFF-TARGET
176,MS4A1,imgt:B_cell_acute_lymphoblastic_leukemia_(B_cell_ALL),PLAUSIBLE,PLAUSIBLE,OFF-TARGET
176,MS4A1,imgt:Mesothelioma_pleural_malignant,OFF-TARGET,OFF-TARGET,OFF-TARGET
176,MS4A1,imgt:Carcinoma_head_and_neck_squamous_cell_carcinoma_(HNSCC),OFF-TARGET,OFF-TARGET,OFF-TARGET
177,TIGIT,imgt:Cancers_non-small_cell_lung_(NSCLC),PLAUSIBLE,PLAUSIBLE,OFF-TARGET
177,TIGIT,imgt:Non-Hodgkins_lymphoma_(NHL),PLAUSIBLE,PLAUSIBLE,OFF-TARGET
177,TIGIT,imgt:Cancers_breast,PLAUSIBLE,PLAUSIBLE,OFF-TARGET
177,TIGIT,imgt:Multiple_myeloma_(MM),OFF-TARGET,OFF-TARGET,OFF-TARGET
177,TIGIT,imgt:Acute_myeloid_leukemia_(AML),PLAUSIBLE,OFF-TARGET,OFF-TARGET
177,TIGIT,imgt:Cancers_ovarian,PLAUSIBLE,PLAUSIBLE,OFF-TARGET
177,TIGIT,imgt:Chronic_lymphocytic_leukemia_(CLL),PLAUSIBLE,OFF-TARGET,PLAUSIBLE
177,TIGIT,imgt:Cancers_colorectal_(CRC),PLAUSIBLE,PLAUSIBLE,OFF-TARGET
177,TIGIT,imgt:Cancers_gastric,PLAUSIBLE,PLAUSIBLE,PLAUSIBLE
177,TIGIT,imgt:Glioblastoma_multiforme_(GBM),PLAUSIBLE,PLAUSIBLE,OFF-TARGET
177,TIGIT,imgt:Cancers_head_and_neck,PLAUSIBLE,PLAUSIBLE,OFF-TARGET
177,TIGIT,imgt:Cancers_pancreatic,OFF-TARGET,OFF-TARGET,OFF-TARGET
177,TIGIT,imgt:Lymphoma_diffuse_large_B_cell_(DLBCL),PLAUSIBLE,PLAUSIBLE,OFF-TARGET
177,TIGIT,imgt:Renal_cell_carcinoma_(RCC),PLAUSIBLE,PLAUSIBLE,OFF-TARGET
177,TIGIT,imgt:Cancers_prostate,OFF-TARGET,OFF-TARGET,OFF-TARGET
177,TIGIT,imgt:Hodgkin_lymphoma,PLAUSIBLE,PLAUSIBLE,OFF-TARGET
177,TIGIT,imgt:Lymphoma,PLAUSIBLE,PLAUSIBLE,OFF-TARGET
178,EGFR,imgt:Carcinoma_head_and_neck_squamous_cell_carcinoma_(HNSCC),PLAUSIBLE,PLAUSIBLE,PLAUSIBLE
178,EGFR,imgt:Cancers_colorectal_(CRC)_metastatic,PLAUSIBLE,PLAUSIBLE,OFF-TARGET
178,EGFR,imgt:Cancers_non-small_cell_lung_(NSCLC),PLAUSIBLE,PLAUSIBLE,PLAUSIBLE
178,EGFR,imgt:Lymphoma_diffuse_large_B_cell_(DLBCL),OFF-TARGET,OFF-TARGET,OFF-TARGET
178,EGFR,imgt:Cancers_breast_overexpressing_ERBB2_metastatic,PLAUSIBLE,PLAUSIBLE,PLAUSIBLE
178,EGFR,imgt:Multiple_myeloma_(MM),OFF-TARGET,OFF-TARGET,OFF-TARGET
178,EGFR,imgt:Chronic_lymphocytic_leukemia_(CLL),OFF-TARGET,OFF-TARGET,OFF-TARGET
178,EGFR,imgt:Cancers_gastric,PLAUSIBLE,PLAUSIBLE,OFF-TARGET
178,EGFR,imgt:Cancers_small_cell_lung_(SCLC),PLAUSIBLE,PLAUSIBLE,PLAUSIBLE
178,EGFR,imgt:Carcinoma_bladder_cancer_advanced_or_metastatic_urothelial_cancers,PLAUSIBLE,PLAUSIBLE,OFF-TARGET
178,EGFR,imgt:microsatellite_instability-high_cancer_(MSI-H),OFF-TARGET,OFF-TARGET,OFF-TARGET
178,EGFR,imgt:Neuroblastoma,OFF-TARGET,OFF-TARGET,OFF-TARGET
178,EGFR,imgt:Melanoma_metastatic,OFF-TARGET,OFF-TARGET,OFF-TARGET
178,EGFR,imgt:Hepatocellular_carcinoma_(HCC),OFF-TARGET,OFF-TARGET,OFF-TARGET
178,EGFR,imgt:Merkel_cell_carcinoma_(MCC)_metastatic,OFF-TARGET,OFF-TARGET,OFF-TARGET
178,EGFR,imgt:Lymphoproliferative_disorder_giant_lymph_node_hyperplasia_(Castlemans_disease),OFF-TARGET,OFF-TARGET,OFF-TARGET
178,EGFR,imgt:Cancers_cervical,PLAUSIBLE,PLAUSIBLE,OFF-TARGET
178,EGFR,imgt:Melanoma,OFF-TARGET,OFF-TARGET,OFF-TARGET
178,EGFR,imgt:Cancers_ovarian,PLAUSIBLE,PLAUSIBLE,PLAUSIBLE
179,PDCD1,imgt:Cancers_non-small_cell_lung_(NSCLC),PLAUSIBLE,PLAUSIBLE,OFF-TARGET
179,PDCD1,imgt:Non-Hodgkins_lymphoma_(NHL),PLAUSIBLE,PLAUSIBLE,OFF-TARGET
179,PDCD1,imgt:Cancers_pancreatic,OFF-TARGET,OFF-TARGET,OFF-TARGET
179,PDCD1,imgt:Acute_myeloid_leukemia_(AML),OFF-TARGET,OFF-TARGET,OFF-TARGET
179,PDCD1,imgt:Multiple_myeloma_(MM),PLAUSIBLE,PLAUSIBLE,OFF-TARGET
179,PDCD1,imgt:Cancers_breast,PLAUSIBLE,PLAUSIBLE,OFF-TARGET
179,PDCD1,imgt:Cancers_colorectal_(CRC),PLAUSIBLE,PLAUSIBLE,OFF-TARGET
179,PDCD1,imgt:Chronic_lymphocytic_leukemia_(CLL),OFF-TARGET,OFF-TARGET,OFF-TARGET
179,PDCD1,imgt:Cancers_ovarian,PLAUSIBLE,PLAUSIBLE,OFF-TARGET
179,PDCD1,imgt:Cancers_head_and_neck,PLAUSIBLE,PLAUSIBLE,OFF-TARGET
179,PDCD1,imgt:Acute_lymphocytic_leukemia_(ALL),OFF-TARGET,OFF-TARGET,OFF-TARGET
179,PDCD1,imgt:Cancers_gastric,PLAUSIBLE,PLAUSIBLE,OFF-TARGET
179,PDCD1,imgt:Myelodysplastic_syndromes_(MDS),OFF-TARGET,OFF-TARGET,OFF-TARGET
179,PDCD1,imgt:Lymphoma_B_cell,PLAUSIBLE,PLAUSIBLE,OFF-TARGET
179,PDCD1,imgt:Cancers_prostate_metastatic,PLAUSIBLE,PLAUSIBLE,OFF-TARGET
179,PDCD1,imgt:Renal_cell_carcinoma_(RCC),PLAUSIBLE,PLAUSIBLE,OFF-TARGET
179,PDCD1,imgt:Glioblastoma_multiforme_(GBM),PLAUSIBLE,PLAUSIBLE,OFF-TARGET
180,CD274,imgt:Cancers_non-small_cell_lung_(NSCLC),PLAUSIBLE,PLAUSIBLE,OFF-TARGET
180,CD274,imgt:Non-Hodgkins_lymphoma_(NHL),OFF-TARGET,OFF-TARGET,OFF-TARGET
180,CD274,imgt:Multiple_myeloma_(MM),OFF-TARGET,OFF-TARGET,OFF-TARGET
180,CD274,imgt:Acute_myeloid_leukemia_(AML),OFF-TARGET,OFF-TARGET,OFF-TARGET
180,CD274,imgt:Chronic_lymphocytic_leukemia_(CLL),OFF-TARGET,OFF-TARGET,OFF-TARGET
180,CD274,imgt:Cancers_breast,PLAUSIBLE,PLAUSIBLE,OFF-TARGET
180,CD274,imgt:Cancers_ovarian,PLAUSIBLE,PLAUSIBLE,OFF-TARGET
180,CD274,imgt:Cancers_gastric,PLAUSIBLE,PLAUSIBLE,OFF-TARGET
180,CD274,imgt:Cancers_colorectal_(CRC),PLAUSIBLE,PLAUSIBLE,OFF-TARGET
180,CD274,imgt:Cancers_prostate_metastatic,PLAUSIBLE,PLAUSIBLE,OFF-TARGET
180,CD274,imgt:Lymphoma_diffuse_large_B_cell_(DLBCL),OFF-TARGET,OFF-TARGET,OFF-TARGET
180,CD274,imgt:Cancers_prostate,PLAUSIBLE,PLAUSIBLE,OFF-TARGET
180,CD274,imgt:Glioblastoma_multiforme_(GBM),OFF-TARGET,OFF-TARGET,OFF-TARGET
180,CD274,imgt:Melanoma,PLAUSIBLE,PLAUSIBLE,OFF-TARGET
180,CD274,imgt:Lymphoma,OFF-TARGET,OFF-TARGET,OFF-TARGET
180,CD274,imgt:Cancers_pancreatic,PLAUSIBLE,PLAUSIBLE,OFF-TARGET
180,CD274,imgt:Cancers_head_and_neck,PLAUSIBLE,PLAUSIBLE,OFF-TARGET
181,MUC1,imgt:Cancers_ovarian,PLAUSIBLE,OFF-TARGET,OFF-TARGET
181,MUC1,imgt:Neoplasms_of_epithelial_origin_particularly_carcinomas_of_breast_ovary_cervix_bronchus_and_gastrointestinal_tract,PLAUSIBLE,PLAUSIBLE,PLAUSIBLE
181,MUC1,imgt:Cancers_breast,PLAUSIBLE,PLAUSIBLE,PLAUSIBLE
181,MUC1,imgt:B_cell_leukemia,OFF-TARGET,OFF-TARGET,OFF-TARGET
181,MUC1,imgt:Cancers_colorectal_(CRC),PLAUSIBLE,OFF-TARGET,OFF-TARGET
181,MUC1,imgt:Acute_myeloid_leukemia_(AML),OFF-TARGET,OFF-TARGET,OFF-TARGET
181,MUC1,imgt:Malignant_ascites,OFF-TARGET,OFF-TARGET,OFF-TARGET
181,MUC1,imgt:Angiogenesis,OFF-TARGET,OFF-TARGET,OFF-TARGET
181,MUC1,imgt:Non-Hodgkins_lymphoma_(NHL),OFF-TARGET,OFF-TARGET,OFF-TARGET
181,MUC1,imgt:Lymphoma_B_cell,OFF-TARGET,OFF-TARGET,OFF-TARGET
181,MUC1,imgt:Cancers_prostate,PLAUSIBLE,OFF-TARGET,PLAUSIBLE
181,MUC1,imgt:Melanoma,PLAUSIBLE,OFF-TARGET,OFF-TARGET
181,MUC1,imgt:Multiple_myeloma_(MM),PLAUSIBLE,PLAUSIBLE,OFF-TARGET
181,MUC1,imgt:Cancers_pancreatic,PLAUSIBLE,OFF-TARGET,OFF-TARGET
181,MUC1,imgt:Cancers_colon,PLAUSIBLE,OFF-TARGET,OFF-TARGET
181,MUC1,imgt:Lymphoproliferative_disease,OFF-TARGET,OFF-TARGET,OFF-TARGET
181,MUC1,imgt:Malignant_melanoma,PLAUSIBLE,OFF-TARGET,OFF-TARGET
181,MUC1,imgt:Lymphoma,OFF-TARGET,OFF-TARGET,OFF-TARGET
182,CEACAM5,imgt:Cancers_ovarian,OFF-TARGET,OFF-TARGET,OFF-TARGET
182,CEACAM5,imgt:B_cell_leukemia,OFF-TARGET,OFF-TARGET,OFF-TARGET
182,CEACAM5,imgt:Acute_myeloid_leukemia_(AML),OFF-TARGET,OFF-TARGET,OFF-TARGET
182,CEACAM5,imgt:Cancers_colorectal_(CRC),PLAUSIBLE,PLAUSIBLE,OFF-TARGET
182,CEACAM5,imgt:Lymphoma_B_cell,OFF-TARGET,OFF-TARGET,OFF-TARGET
182,CEACAM5,imgt:Multiple_myeloma_(MM),OFF-TARGET,OFF-TARGET,OFF-TARGET
182,CEACAM5,imgt:Angiogenesis,OFF-TARGET,OFF-TARGET,OFF-TARGET
182,CEACAM5,imgt:Cancers_breast,PLAUSIBLE,PLAUSIBLE,OFF-TARGET
182,CEACAM5,imgt:Cancers_prostate,OFF-TARGET,OFF-TARGET,OFF-TARGET
182,CEACAM5,imgt:Lymphoproliferative_disease,OFF-TARGET,OFF-TARGET,OFF-TARGET
182,CEACAM5,imgt:Cancers_non-small_cell_lung_(NSCLC),PLAUSIBLE,PLAUSIBLE,OFF-TARGET
182,CEACAM5,imgt:Non-Hodgkins_lymphoma_(NHL),OFF-TARGET,OFF-TARGET,OFF-TARGET
182,CEACAM5,imgt:Malignant_ascites,OFF-TARGET,OFF-TARGET,OFF-TARGET
182,CEACAM5,imgt:Cancers_pancreatic,PLAUSIBLE,OFF-TARGET,OFF-TARGET
182,CEACAM5,imgt:Cancers_small_cell_lung_(SCLC),PLAUSIBLE,PLAUSIBLE,OFF-TARGET
182,CEACAM5,imgt:Cancers_prostate_metastatic,OFF-TARGET,OFF-TARGET,OFF-TARGET
182,CEACAM5,imgt:Cancers_lung,PLAUSIBLE,PLAUSIBLE,OFF-TARGET
182,CEACAM5,imgt:Lymphoma,OFF-TARGET,OFF-TARGET,OFF-TARGET
183,DPEP3,imgt:Multiple_myeloma_(MM),OFF-TARGET,OFF-TARGET,OFF-TARGET
183,DPEP3,imgt:Cancers_non-small_cell_lung_(NSCLC),OFF-TARGET,OFF-TARGET,OFF-TARGET
183,DPEP3,imgt:Non-Hodgkins_lymphoma_(NHL),OFF-TARGET,OFF-TARGET,OFF-TARGET
183,DPEP3,imgt:Chronic_lymphocytic_leukemia_(CLL),OFF-TARGET,OFF-TARGET,OFF-TARGET
183,DPEP3,imgt:Cancers_breast,OFF-TARGET,OFF-TARGET,OFF-TARGET
183,DPEP3,imgt:Cancers_ovarian,OFF-TARGET,OFF-TARGET,OFF-TARGET
183,DPEP3,imgt:Acute_myeloid_leukemia_(AML),OFF-TARGET,OFF-TARGET,OFF-TARGET
183,DPEP3,imgt:Solid_tumors_advanced_or_metastatic,OFF-TARGET,OFF-TARGET,OFF-TARGET
183,DPEP3,imgt:Cancers_gastric,OFF-TARGET,OFF-TARGET,OFF-TARGET
183,DPEP3,imgt:Glioblastoma_multiforme_(GBM),OFF-TARGET,OFF-TARGET,OFF-TARGET
183,DPEP3,imgt:Cancers_pancreatic,OFF-TARGET,OFF-TARGET,OFF-TARGET
183,DPEP3,imgt:Cancers_colorectal_(CRC),OFF-TARGET,OFF-TARGET,OFF-TARGET
183,DPEP3,imgt:Lymphoma_diffuse_large_B_cell_(DLBCL),OFF-TARGET,OFF-TARGET,OFF-TARGET
183,DPEP3,imgt:Cancers_prostate,OFF-TARGET,OFF-TARGET,OFF-TARGET
183,DPEP3,imgt:Carcinoma_head_and_neck_squamous_cell_carcinoma_(HNSCC),OFF-TARGET,OFF-TARGET,OFF-TARGET
183,DPEP3,imgt:Renal_cell_carcinoma_(RCC),OFF-TARGET,OFF-TARGET,OFF-TARGET
183,DPEP3,imgt:Acute_lymphocytic_leukemia_(ALL),OFF-TARGET,OFF-TARGET,OFF-TARGET
184,EPCAM,imgt:Cancers_colon,PLAUSIBLE,PLAUSIBLE,PLAUSIBLE
184,EPCAM,imgt:Cancers_ovarian,PLAUSIBLE,PLAUSIBLE,PLAUSIBLE
184,EPCAM,imgt:Cancers_colorectal_(CRC),PLAUSIBLE,PLAUSIBLE,PLAUSIBLE
184,EPCAM,imgt:Malignant_ascites,PLAUSIBLE,PLAUSIBLE,OFF-TARGET
184,EPCAM,imgt:Cancers_breast,PLAUSIBLE,OFF-TARGET,PLAUSIBLE
184,EPCAM,imgt:Cancers_brain_metastatic,OFF-TARGET,OFF-TARGET,OFF-TARGET
184,EPCAM,imgt:Cancers_gastric,PLAUSIBLE,PLAUSIBLE,PLAUSIBLE
184,EPCAM,imgt:Non-Hodgkins_lymphoma_(NHL),OFF-TARGET,OFF-TARGET,OFF-TARGET
184,EPCAM,imgt:Multiple_myeloma_(MM),OFF-TARGET,OFF-TARGET,OFF-TARGET
184,EPCAM,imgt:Cancers_rectal,PLAUSIBLE,PLAUSIBLE,OFF-TARGET
184,EPCAM,imgt:Cancers_small_cell_lung_(SCLC),PLAUSIBLE,PLAUSIBLE,OFF-TARGET
184,EPCAM,imgt:Cancers_non-small_cell_lung_(NSCLC),PLAUSIBLE,PLAUSIBLE,OFF-TARGET
184,EPCAM,imgt:Cutaneous_melanoma_lesions,OFF-TARGET,OFF-TARGET,OFF-TARGET
184,EPCAM,imgt:Acute_myeloid_leukemia_(AML),PLAUSIBLE,OFF-TARGET,PLAUSIBLE
184,EPCAM,imgt:Melanoma,OFF-TARGET,OFF-TARGET,OFF-TARGET
184,EPCAM,imgt:Lymphoma_diffuse_large_B_cell_(DLBCL),OFF-TARGET,OFF-TARGET,OFF-TARGET
184,EPCAM,imgt:Chronic_lymphocytic_leukemia_(CLL),PLAUSIBLE,OFF-TARGET,PLAUSIBLE
184,EPCAM,imgt:Carcinoma_head_and_neck_squamous_cell_carcinoma_(HNSCC),PLAUSIBLE,PLAUSIBLE,OFF-TARGET
185,DLL3,imgt:Cancers_non-small_cell_lung_(NSCLC),PLAUSIBLE,PLAUSIBLE,OFF-TARGET
185,DLL3,imgt:Lymphoma_diffuse_large_B_cell_(DLBCL),OFF-TARGET,OFF-TARGET,OFF-TARGET
185,DLL3,imgt:Non-Hodgkins_lymphoma_(NHL),OFF-TARGET,OFF-TARGET,OFF-TARGET
185,DLL3,imgt:Cancers_ovarian,OFF-TARGET,OFF-TARGET,OFF-TARGET
185,DLL3,imgt:Cancers_gastric,PLAUSIBLE,OFF-TARGET,OFF-TARGET
185,DLL3,imgt:Chronic_lymphocytic_leukemia_(CLL),OFF-TARGET,OFF-TARGET,OFF-TARGET
185,DLL3,imgt:Multiple_myeloma_(MM),OFF-TARGET,OFF-TARGET,OFF-TARGET
185,DLL3,imgt:Cancers_breast,OFF-TARGET,OFF-TARGET,OFF-TARGET
185,DLL3,imgt:Melanoma,PLAUSIBLE,PLAUSIBLE,OFF-TARGET
185,DLL3,imgt:Cancers_colorectal_(CRC)_metastatic,OFF-TARGET,OFF-TARGET,OFF-TARGET
185,DLL3,imgt:Hepatocellular_carcinoma_(HCC),PLAUSIBLE,OFF-TARGET,OFF-TARGET
185,DLL3,imgt:Cancers_head_and_neck,OFF-TARGET,OFF-TARGET,OFF-TARGET
185,DLL3,imgt:Cancers_pancreatic,OFF-TARGET,OFF-TARGET,OFF-TARGET
185,DLL3,imgt:Cancers_non-small_cell_lung_(NSCLC)_metastatic,PLAUSIBLE,PLAUSIBLE,OFF-TARGET
185,DLL3,imgt:Lymphoma_follicular_(FL),OFF-TARGET,OFF-TARGET,OFF-TARGET
185,DLL3,imgt:Carcinoma_head_and_neck_squamous_cell_carcinoma_(HNSCC),OFF-TARGET,OFF-TARGET,OFF-TARGET
185,DLL3,imgt:Neuromyelitis_optica_(NMO),OFF-TARGET,OFF-TARGET,OFF-TARGET
185,DLL3,imgt:Rheumatoid_arthritis_(RA),OFF-TARGET,OFF-TARGET,OFF-TARGET
187,CD47,imgt:Cancers_non-small_cell_lung_(NSCLC),PLAUSIBLE,PLAUSIBLE,OFF-TARGET
187,CD47,imgt:Non-Hodgkins_lymphoma_(NHL),PLAUSIBLE,PLAUSIBLE,OFF-TARGET
187,CD47,imgt:Multiple_myeloma_(MM),PLAUSIBLE,PLAUSIBLE,OFF-TARGET
187,CD47,imgt:Chronic_lymphocytic_leukemia_(CLL),PLAUSIBLE,PLAUSIBLE,OFF-TARGET
187,CD47,imgt:Acute_myeloid_leukemia_(AML),PLAUSIBLE,PLAUSIBLE,OFF-TARGET
187,CD47,imgt:Cancers_breast,PLAUSIBLE,PLAUSIBLE,OFF-TARGET
187,CD47,imgt:Cancers_gastric,PLAUSIBLE,PLAUSIBLE,OFF-TARGET
187,CD47,imgt:Acute_lymphocytic_leukemia_(ALL),PLAUSIBLE,PLAUSIBLE,OFF-TARGET
187,CD47,imgt:Lymphoma,PLAUSIBLE,PLAUSIBLE,OFF-TARGET
187,CD47,imgt:Cancers_ovarian,PLAUSIBLE,PLAUSIBLE,OFF-TARGET
187,CD47,imgt:Solid_tumors_advanced_or_metastatic,OFF-TARGET,OFF-TARGET,OFF-TARGET
187,CD47,imgt:Cancers_prostate,PLAUSIBLE,PLAUSIBLE,OFF-TARGET
187,CD47,imgt:Cancers_head_and_neck,PLAUSIBLE,PLAUSIBLE,OFF-TARGET
187,CD47,imgt:Lymphoma_diffuse_large_B_cell_(DLBCL),PLAUSIBLE,PLAUSIBLE,OFF-TARGET
187,CD47,imgt:Cancers_colorectal_(CRC),PLAUSIBLE,PLAUSIBLE,OFF-TARGET
187,CD47,imgt:Melanoma,PLAUSIBLE,OFF-TARGET,OFF-TARGET
187,CD47,imgt:Cancers_pancreatic,OFF-TARGET,OFF-TARGET,OFF-TARGET
188,CD19,imgt:Chronic_lymphocytic_leukemia_(CLL),PLAUSIBLE,PLAUSIBLE,OFF-TARGET
188,CD19,imgt:Lymphoma_diffuse_large_B_cell_(DLBCL),PLAUSIBLE,PLAUSIBLE,OFF-TARGET
188,CD19,imgt:Cancers_non-small_cell_lung_(NSCLC),OFF-TARGET,OFF-TARGET,OFF-TARGET
188,CD19,imgt:Lymphoma_mantle_cell_(MCL),PLAUSIBLE,PLAUSIBLE,OFF-TARGET
188,CD19,imgt:Multiple_myeloma_(MM),PLAUSIBLE,PLAUSIBLE,OFF-TARGET
188,CD19,imgt:Cancers_gastric,OFF-TARGET,OFF-TARGET,OFF-TARGET
188,CD19,imgt:Cancers_small_cell_lung_(SCLC),OFF-TARGET,OFF-TARGET,OFF-TARGET
188,CD19,imgt:Small_lymphocytic_lymphoma_(SLL),PLAUSIBLE,PLAUSIBLE,OFF-TARGET
188,CD19,imgt:Cancers_colorectal_(CRC)_metastatic,OFF-TARGET,OFF-TARGET,OFF-TARGET
188,CD19,imgt:Cancers_breast,OFF-TARGET,OFF-TARGET,OFF-TARGET
188,CD19,imgt:Hepatocellular_carcinoma_(HCC),OFF-TARGET,OFF-TARGET,OFF-TARGET
188,CD19,imgt:Carcinoma_bladder_cancer_advanced_or_metastatic_urothelial_cancers,OFF-TARGET,OFF-TARGET,OFF-TARGET
188,CD19,imgt:Melanoma,OFF-TARGET,OFF-TARGET,OFF-TARGET
188,CD19,imgt:B_cell_acute_lymphoblastic_leukemia_(B_cell_ALL),PLAUSIBLE,PLAUSIBLE,OFF-TARGET
188,CD19,imgt:Non-Hodgkins_lymphoma_(NHL),PLAUSIBLE,PLAUSIBLE,OFF-TARGET
188,CD19,imgt:Cancers_breast_overexpressing_ERBB2_metastatic,OFF-TARGET,OFF-TARGET,OFF-TARGET
188,CD19,imgt:Mesothelioma_pleural_malignant,OFF-TARGET,OFF-TARGET,OFF-TARGET
188,CD19,imgt:Melanoma_metastatic,OFF-TARGET,OFF-TARGET,OFF-TARGET
188,CD19,imgt:Lymphoma_follicular_(FL),PLAUSIBLE,PLAUSIBLE,OFF-TARGET
189,TACSTD2,imgt:Cancers_breast,PLAUSIBLE,PLAUSIBLE,OFF-TARGET
189,TACSTD2,imgt:Cancers_ovarian,PLAUSIBLE,PLAUSIBLE,OFF-TARGET
189,TACSTD2,imgt:Cancers_non-small_cell_lung_(NSCLC),PLAUSIBLE,PLAUSIBLE,OFF-TARGET
189,TACSTD2,imgt:Cancers_colorectal_(CRC),PLAUSIBLE,PLAUSIBLE,OFF-TARGET
189,TACSTD2,imgt:Cancers_gastric,PLAUSIBLE,PLAUSIBLE,OFF-TARGET
189,TACSTD2,imgt:Non-Hodgkins_lymphoma_(NHL),OFF-TARGET,OFF-TARGET,OFF-TARGET
189,TACSTD2,imgt:Multiple_myeloma_(MM),OFF-TARGET,OFF-TARGET,OFF-TARGET
189,TACSTD2,imgt:Cancers_pancreatic,OFF-TARGET,OFF-TARGET,OFF-TARGET
189,TACSTD2,imgt:Chronic_lymphocytic_leukemia_(CLL),PLAUSIBLE,OFF-TARGET,OFF-TARGET
189,TACSTD2,imgt:Lymphoma_diffuse_large_B_cell_(DLBCL),OFF-TARGET,OFF-TARGET,OFF-TARGET
189,TACSTD2,imgt:Acute_myeloid_leukemia_(AML),OFF-TARGET,OFF-TARGET,OFF-TARGET
189,TACSTD2,imgt:Melanoma,OFF-TARGET,OFF-TARGET,OFF-TARGET
189,TACSTD2,imgt:Carcinoma_head_and_neck_squamous_cell_carcinoma_(HNSCC),PLAUSIBLE,PLAUSIBLE,OFF-TARGET
189,TACSTD2,imgt:Cancers_colorectal_(CRC)_metastatic,PLAUSIBLE,PLAUSIBLE,OFF-TARGET
189,TACSTD2,imgt:Cancers_urothelial_(UC),PLAUSIBLE,PLAUSIBLE,OFF-TARGET
189,TACSTD2,imgt:Lymphoma_B_cell,OFF-TARGET,OFF-TARGET,OFF-TARGET
189,TACSTD2,imgt:Hepatocellular_carcinoma_(HCC),PLAUSIBLE,PLAUSIBLE,OFF-TARGET
189,TACSTD2,imgt:Glioblastoma_multiforme_(GBM),PLAUSIBLE,PLAUSIBLE,OFF-TARGET
190,CD22,imgt:Cancers_non-small_cell_lung_(NSCLC),OFF-TARGET,OFF-TARGET,OFF-TARGET
190,CD22,imgt:Non-Hodgkins_lymphoma_(NHL),PLAUSIBLE,PLAUSIBLE,OFF-TARGET
190,CD22,imgt:Chronic_lymphocytic_leukemia_(CLL),PLAUSIBLE,PLAUSIBLE,OFF-TARGET
190,CD22,imgt:Cancers_breast,PLAUSIBLE,OFF-TARGET,OFF-TARGET
190,CD22,imgt:Acute_lymphocytic_leukemia_(ALL),PLAUSIBLE,PLAUSIBLE,OFF-TARGET
190,CD22,imgt:Cancers_gastric,OFF-TARGET,OFF-TARGET,OFF-TARGET
190,CD22,imgt:Acute_myeloid_leukemia_(AML),PLAUSIBLE,PLAUSIBLE,OFF-TARGET
190,CD22,imgt:Cancers_ovarian,OFF-TARGET,OFF-TARGET,OFF-TARGET
190,CD22,imgt:Multiple_myeloma_(MM),OFF-TARGET,OFF-TARGET,OFF-TARGET
190,CD22,imgt:Cancers_pancreatic,OFF-TARGET,OFF-TARGET,OFF-TARGET
190,CD22,imgt:Lymphoma_diffuse_large_B_cell_(DLBCL),PLAUSIBLE,PLAUSIBLE,OFF-TARGET
190,CD22,imgt:Cancers_head_and_neck,OFF-TARGET,OFF-TARGET,OFF-TARGET
190,CD22,imgt:Cancers_colorectal_(CRC),OFF-TARGET,OFF-TARGET,OFF-TARGET
190,CD22,imgt:Hepatocellular_carcinoma_(HCC),OFF-TARGET,OFF-TARGET,OFF-TARGET
190,CD22,imgt:Lymphoma_B_cell,PLAUSIBLE,PLAUSIBLE,OFF-TARGET
190,CD22,imgt:Melanoma,PLAUSIBLE,OFF-TARGET,OFF-TARGET
190,CD22,imgt:Glioblastoma_multiforme_(GBM),OFF-TARGET,OFF-TARGET,OFF-TARGET
190,CD22,imgt:Lymphoma,PLAUSIBLE,PLAUSIBLE,OFF-TARGET
191,CD3E;MS4A1,imgt:Lymphoma_diffuse_large_B_cell_(DLBCL),PLAUSIBLE,PLAUSIBLE,OFF-TARGET
191,CD3E;MS4A1,imgt:Cancers_non-small_cell_lung_(NSCLC),PLAUSIBLE,PLAUSIBLE,OFF-TARGET
191,CD3E;MS4A1,imgt:Cancers_breast_overexpressing_ERBB2_metastatic,PLAUSIBLE,PLAUSIBLE,OFF-TARGET
191,CD3E;MS4A1,imgt:Chronic_lymphocytic_leukemia_(CLL),PLAUSIBLE,PLAUSIBLE,OFF-TARGET
191,CD3E;MS4A1,imgt:Cancers_small_cell_lung_(SCLC),PLAUSIBLE,PLAUSIBLE,OFF-TARGET
191,CD3E;MS4A1,imgt:Cancers_gastric,PLAUSIBLE,PLAUSIBLE,OFF-TARGET
191,CD3E;MS4A1,imgt:Multiple_myeloma_(MM),PLAUSIBLE,PLAUSIBLE,OFF-TARGET
191,CD3E;MS4A1,imgt:Lymphoma_follicular_(FL),PLAUSIBLE,PLAUSIBLE,OFF-TARGET
191,CD3E;MS4A1,imgt:Cancers_colorectal_(CRC)_metastatic,OFF-TARGET,OFF-TARGET,OFF-TARGET
191,CD3E;MS4A1,imgt:Carcinoma_head_and_neck_squamous_cell_carcinoma_(HNSCC),OFF-TARGET,OFF-TARGET,OFF-TARGET
191,CD3E;MS4A1,imgt:B_cell_acute_lymphoblastic_leukemia_(B_cell_ALL),PLAUSIBLE,PLAUSIBLE,OFF-TARGET
191,CD3E;MS4A1,imgt:Glioblastoma,OFF-TARGET,OFF-TARGET,OFF-TARGET
191,CD3E;MS4A1,imgt:Lymphoproliferative_disorder_giant_lymph_node_hyperplasia_(Castlemans_disease),OFF-TARGET,OFF-TARGET,OFF-TARGET
191,CD3E;MS4A1,imgt:Melanoma,PLAUSIBLE,PLAUSIBLE,OFF-TARGET
191,CD3E;MS4A1,imgt:Cancers_ovarian,PLAUSIBLE,PLAUSIBLE,OFF-TARGET
191,CD3E;MS4A1,imgt:Cancers_breast,PLAUSIBLE,PLAUSIBLE,OFF-TARGET
191,CD3E;MS4A1,imgt:Carcinoma_bladder_cancer_advanced_or_metastatic_urothelial_cancers,OFF-TARGET,OFF-TARGET,OFF-TARGET
191,CD3E;MS4A1,imgt:Neuroblastoma,OFF-TARGET,OFF-TARGET,OFF-TARGET
191,CD3E;MS4A1,imgt:Non-Hodgkins_lymphoma_(NHL),PLAUSIBLE,PLAUSIBLE,OFF-TARGET
194,EGFR,imgt:Cancers_non-small_cell_lung_(NSCLC),PLAUSIBLE,PLAUSIBLE,PLAUSIBLE
194,EGFR,imgt:Multiple_myeloma_(MM),OFF-TARGET,OFF-TARGET,OFF-TARGET
194,EGFR,imgt:Acute_myeloid_leukemia_(AML),OFF-TARGET,OFF-TARGET,OFF-TARGET
194,EGFR,imgt:Non-Hodgkins_lymphoma_(NHL),OFF-TARGET,OFF-TARGET,OFF-TARGET
194,EGFR,imgt:Cancers_breast,PLAUSIBLE,PLAUSIBLE,PLAUSIBLE
194,EGFR,imgt:Chronic_lymphocytic_leukemia_(CLL),OFF-TARGET,OFF-TARGET,OFF-TARGET
194,EGFR,imgt:Acute_lymphocytic_leukemia_(ALL),OFF-TARGET,OFF-TARGET,OFF-TARGET
194,EGFR,imgt:Lymphoma,OFF-TARGET,OFF-TARGET,OFF-TARGET
194,EGFR,imgt:Cancers_ovarian,PLAUSIBLE,PLAUSIBLE,PLAUSIBLE
194,EGFR,imgt:Cancers_pancreatic,PLAUSIBLE,PLAUSIBLE,OFF-TARGET
194,EGFR,imgt:Cancers_gastric,PLAUSIBLE,PLAUSIBLE,OFF-TARGET
194,EGFR,imgt:Solid_tumors_advanced_or_metastatic,OFF-TARGET,OFF-TARGET,OFF-TARGET
194,EGFR,imgt:Cancers_head_and_neck,PLAUSIBLE,PLAUSIBLE,PLAUSIBLE
194,EGFR,imgt:Cancers_colorectal_(CRC),PLAUSIBLE,PLAUSIBLE,OFF-TARGET
194,EGFR,imgt:Cancers_prostate,OFF-TARGET,OFF-TARGET,OFF-TARGET
194,EGFR,imgt:Melanoma,OFF-TARGET,OFF-TARGET,OFF-TARGET
194,EGFR,imgt:Hepatocellular_carcinoma_(HCC)_metastatic,OFF-TARGET,OFF-TARGET,OFF-TARGET
195,CCL2,imgt:Cancers_non-small_cell_lung_(NSCLC),PLAUSIBLE,OFF-TARGET,OFF-TARGET
195,CCL2,imgt:Pulmonary_Fibrosis,PLAUSIBLE,PLAUSIBLE,OFF-TARGET
195,CCL2,imgt:Multiple_myeloma_(MM),OFF-TARGET,OFF-TARGET,OFF-TARGET
195,CCL2,imgt:Cancers_ovarian,OFF-TARGET,OFF-TARGET,OFF-TARGET
195,CCL2,imgt:Non-Hodgkins_lymphoma_(NHL),PLAUSIBLE,OFF-TARGET,PLAUSIBLE
195,CCL2,imgt:Cancers_breast,PLAUSIBLE,OFF-TARGET,OFF-TARGET
195,CCL2,imgt:Chronic_lymphocytic_leukemia_(CLL),PLAUSIBLE,OFF-TARGET,PLAUSIBLE
195,CCL2,imgt:Cancers_gastric,OFF-TARGET,OFF-TARGET,OFF-TARGET
195,CCL2,imgt:Hodgkin_lymphoma,PLAUSIBLE,OFF-TARGET,PLAUSIBLE
195,CCL2,imgt:Renal_cell_carcinoma_(RCC),OFF-TARGET,OFF-TARGET,OFF-TARGET
195,CCL2,imgt:Cancers_colorectal_(CRC),PLAUSIBLE,OFF-TARGET,OFF-TARGET
195,CCL2,imgt:Cancers_head_and_neck,OFF-TARGET,OFF-TARGET,OFF-TARGET
195,CCL2,imgt:Acute_myeloid_leukemia_(AML),PLAUSIBLE,OFF-TARGET,PLAUSIBLE
195,CCL2,imgt:Lymphoma_diffuse_large_B_cell_(DLBCL),PLAUSIBLE,OFF-TARGET,PLAUSIBLE
195,CCL2,imgt:Melanoma_metastatic,OFF-TARGET,OFF-TARGET,OFF-TARGET
195,CCL2,imgt:Cancers_prostate,PLAUSIBLE,PLAUSIBLE,OFF-TARGET
195,CCL2,imgt:Glioblastoma_multiforme_(GBM),PLAUSIBLE,OFF-TARGET,OFF-TARGET
195,CCL2,imgt:Cancers_pancreatic,OFF-TARGET,OFF-TARGET,OFF-TARGET
196,MUC16,imgt:Cancers_non-small_cell_lung_(NSCLC),PLAUSIBLE,OFF-TARGET,OFF-TARGET
196,MUC16,imgt:Multiple_myeloma_(MM),OFF-TARGET,OFF-TARGET,OFF-TARGET
196,MUC16,imgt:Non-Hodgkins_lymphoma_(NHL),PLAUSIBLE,OFF-TARGET,OFF-TARGET
196,MUC16,imgt:Cancers_breast,PLAUSIBLE,OFF-TARGET,OFF-TARGET
196,MUC16,imgt:Chronic_lymphocytic_leukemia_(CLL),PLAUSIBLE,OFF-TARGET,OFF-TARGET
196,MUC16,imgt:Cancers_ovarian,PLAUSIBLE,PLAUSIBLE,PLAUSIBLE
196,MUC16,imgt:Cancers_gastric,PLAUSIBLE,OFF-TARGET,OFF-TARGET
196,MUC16,imgt:Acute_myeloid_leukemia_(AML),PLAUSIBLE,OFF-TARGET,OFF-TARGET
196,MUC16,imgt:Cancers_pancreatic,PLAUSIBLE,OFF-TARGET,OFF-TARGET
196,MUC16,imgt:Cancers_prostate,PLAUSIBLE,OFF-TARGET,OFF-TARGET
196,MUC16,imgt:Cancers_colorectal_(CRC),PLAUSIBLE,OFF-TARGET,OFF-TARGET
196,MUC16,imgt:Lymphoma_diffuse_large_B_cell_(DLBCL),PLAUSIBLE,OFF-TARGET,OFF-TARGET
196,MUC16,imgt:Acute_lymphocytic_leukemia_(ALL),PLAUSIBLE,OFF-TARGET,OFF-TARGET
196,MUC16,imgt:Renal_cell_carcinoma_(RCC),OFF-TARGET,OFF-TARGET,OFF-TARGET
196,MUC16,imgt:Lymphoma,PLAUSIBLE,OFF-TARGET,OFF-TARGET
196,MUC16,imgt:Melanoma,PLAUSIBLE,OFF-TARGET,OFF-TARGET
196,MUC16,imgt:Lymphoma_B_cell,PLAUSIBLE,OFF-TARGET,OFF-TARGET
197,MET,imgt:Multiple_myeloma_(MM),OFF-TARGET,OFF-TARGET,OFF-TARGET
197,MET,imgt:Cancers_non-small_cell_lung_(NSCLC),PLAUSIBLE,PLAUSIBLE,OFF-TARGET
197,MET,imgt:Non-Hodgkins_lymphoma_(NHL),OFF-TARGET,OFF-TARGET,OFF-TARGET
197,MET,imgt:Chronic_lymphocytic_leukemia_(CLL),OFF-TARGET,OFF-TARGET,OFF-TARGET
197,MET,imgt:Cancers_breast,OFF-TARGET,OFF-TARGET,OFF-TARGET
197,MET,imgt:Solid_tumors_advanced_or_metastatic,OFF-TARGET,OFF-TARGET,OFF-TARGET
197,MET,imgt:Acute_myeloid_leukemia_(AML),OFF-TARGET,OFF-TARGET,OFF-TARGET
197,MET,imgt:Severe_acute_respiratory_syndrome_coronavirus_2_(SARS-CoV-2)_infection_(COVID-19),OFF-TARGET,OFF-TARGET,OFF-TARGET
197,MET,imgt:Cancers_ovarian,PLAUSIBLE,OFF-TARGET,OFF-TARGET
197,MET,imgt:Glioblastoma_multiforme_(GBM),OFF-TARGET,OFF-TARGET,OFF-TARGET
197,MET,imgt:Cancers_colorectal_(CRC),PLAUSIBLE,PLAUSIBLE,PLAUSIBLE
197,MET,imgt:Cancers_gastric,PLAUSIBLE,PLAUSIBLE,OFF-TARGET
197,MET,imgt:Acute_lymphocytic_leukemia_(ALL),OFF-TARGET,OFF-TARGET,OFF-TARGET
197,MET,imgt:Cancers_pancreatic,OFF-TARGET,OFF-TARGET,OFF-TARGET
197,MET,imgt:Melanoma,PLAUSIBLE,PLAUSIBLE,OFF-TARGET
197,MET,imgt:Cancers_prostate,PLAUSIBLE,PLAUSIBLE,OFF-TARGET
197,MET,imgt:Hepatocellular_carcinoma_(HCC)_metastatic,PLAUSIBLE,PLAUSIBLE,PLAUSIBLE
197,MET,imgt:Cancers_prostate_metastatic,PLAUSIBLE,PLAUSIBLE,OFF-TARGET
198,CD19,imgt:Chronic_lymphocytic_leukemia_(CLL),PLAUSIBLE,PLAUSIBLE,OFF-TARGET
198,CD19,imgt:Multiple_myeloma_(MM),PLAUSIBLE,PLAUSIBLE,OFF-TARGET
198,CD19,imgt:Cancers_non-small_cell_lung_(NSCLC),OFF-TARGET,OFF-TARGET,OFF-TARGET
198,CD19,imgt:Lymphoma_diffuse_large_B_cell_(DLBCL),PLAUSIBLE,PLAUSIBLE,OFF-TARGET
198,CD19,imgt:Lymphoma_follicular_(FL),PLAUSIBLE,PLAUSIBLE,OFF-TARGET
198,CD19,imgt:Cancers_breast,OFF-TARGET,OFF-TARGET,OFF-TARGET
198,CD19,imgt:Non-Hodgkins_lymphoma_(NHL),PLAUSIBLE,PLAUSIBLE,OFF-TARGET
198,CD19,imgt:Cancers_gastric,OFF-TARGET,OFF-TARGET,OFF-TARGET
198,CD19,imgt:Lymphoma_mantle_cell_(MCL),PLAUSIBLE,PLAUSIBLE,OFF-TARGET
198,CD19,imgt:Acute_myeloid_leukemia_(AML),PLAUSIBLE,PLAUSIBLE,OFF-TARGET
198,CD19,imgt:Acute_lymphocytic_leukemia_(ALL),PLAUSIBLE,PLAUSIBLE,OFF-TARGET
198,CD19,imgt:Cancers_colorectal_(CRC),OFF-TARGET,OFF-TARGET,OFF-TARGET
198,CD19,imgt:Cancers_ovarian,OFF-TARGET,OFF-TARGET,OFF-TARGET
198,CD19,imgt:Cancers_head_and_neck,OFF-TARGET,OFF-TARGET,OFF-TARGET
198,CD19,imgt:Melanoma,OFF-TARGET,OFF-TARGET,OFF-TARGET
198,CD19,imgt:Lymphoma,PLAUSIBLE,PLAUSIBLE,OFF-TARGET
198,CD19,imgt:Cancers_pancreatic,OFF-TARGET,OFF-TARGET,OFF-TARGET
198,CD19,imgt:Rheumatoid_arthritis_(RA),PLAUSIBLE,PLAUSIBLE,OFF-TARGET
200,IL2RB;IL2RG,imgt:Cancers_non-small_cell_lung_(NSCLC),PLAUSIBLE,PLAUSIBLE,OFF-TARGET
200,IL2RB;IL2RG,imgt:Cancers_breast,PLAUSIBLE,PLAUSIBLE,OFF-TARGET
200,IL2RB;IL2RG,imgt:Hodgkins_disease_(HD),PLAUSIBLE,PLAUSIBLE,OFF-TARGET
200,IL2RB;IL2RG,imgt:Cancers_ovarian,OFF-TARGET,OFF-TARGET,OFF-TARGET
200,IL2RB;IL2RG,imgt:Non-Hodgkins_lymphoma_(NHL),PLAUSIBLE,PLAUSIBLE,OFF-TARGET
200,IL2RB;IL2RG,imgt:Multiple_myeloma_(MM),PLAUSIBLE,PLAUSIBLE,OFF-TARGET
200,IL2RB;IL2RG,imgt:Chronic_lymphocytic_leukemia_(CLL),PLAUSIBLE,PLAUSIBLE,PLAUSIBLE
200,IL2RB;IL2RG,imgt:Acute_myeloid_leukemia_(AML),PLAUSIBLE,PLAUSIBLE,OFF-TARGET
200,IL2RB;IL2RG,imgt:Cancers_colorectal_(CRC),OFF-TARGET,OFF-TARGET,OFF-TARGET
200,IL2RB;IL2RG,imgt:Lymphoma_diffuse_large_B_cell_(DLBCL),PLAUSIBLE,PLAUSIBLE,OFF-TARGET
200,IL2RB;IL2RG,imgt:Cancers_gastric,OFF-TARGET,OFF-TARGET,OFF-TARGET
200,IL2RB;IL2RG,imgt:Cancers_colorectal_(CRC)_metastatic,OFF-TARGET,OFF-TARGET,OFF-TARGET
200,IL2RB;IL2RG,imgt:Glioblastoma_multiforme_(GBM),OFF-TARGET,OFF-TARGET,OFF-TARGET
200,IL2RB;IL2RG,imgt:Melanoma,PLAUSIBLE,PLAUSIBLE,OFF-TARGET
200,IL2RB;IL2RG,imgt:Cancers_head_and_neck,OFF-TARGET,OFF-TARGET,OFF-TARGET
200,IL2RB;IL2RG,imgt:Hepatocellular_carcinoma_(HCC),OFF-TARGET,OFF-TARGET,OFF-TARGET
200,IL2RB;IL2RG,imgt:Lymphoma_B_cell,PLAUSIBLE,PLAUSIBLE,OFF-TARGET
200,IL2RB;IL2RG,imgt:Renal_cell_carcinoma_(RCC),PLAUSIBLE,PLAUSIBLE,OFF-TARGET
201,PDCD1,imgt:Cancers_non-small_cell_lung_(NSCLC),PLAUSIBLE,PLAUSIBLE,OFF-TARGET
201,PDCD1,imgt:Cancers_nasopharyngeal,PLAUSIBLE,PLAUSIBLE,OFF-TARGET
201,PDCD1,imgt:Non-Hodgkins_lymphoma_(NHL),PLAUSIBLE,PLAUSIBLE,OFF-TARGET
201,PDCD1,imgt:Hodgkin_lymphoma,PLAUSIBLE,PLAUSIBLE,OFF-TARGET
201,PDCD1,imgt:Chronic_lymphocytic_leukemia_(CLL),OFF-TARGET,OFF-TARGET,OFF-TARGET
201,PDCD1,imgt:Cancers_gastric,PLAUSIBLE,PLAUSIBLE,OFF-TARGET
201,PDCD1,imgt:Multiple_myeloma_(MM),PLAUSIBLE,PLAUSIBLE,OFF-TARGET
201,PDCD1,imgt:Cancers_breast,PLAUSIBLE,PLAUSIBLE,OFF-TARGET
201,PDCD1,imgt:Cancers_ovarian,PLAUSIBLE,PLAUSIBLE,OFF-TARGET
201,PDCD1,imgt:Cancers_non-small_cell_lung_(NSCLC)_metastatic,PLAUSIBLE,PLAUSIBLE,OFF-TARGET
201,PDCD1,imgt:Acute_lymphocytic_leukemia_(ALL),OFF-TARGET,OFF-TARGET,OFF-TARGET
201,PDCD1,imgt:Acute_myeloid_leukemia_(AML),OFF-TARGET,OFF-TARGET,OFF-TARGET
201,PDCD1,imgt:Cancers_colorectal_(CRC),PLAUSIBLE,PLAUSIBLE,OFF-TARGET
201,PDCD1,imgt:Cancers_head_and_neck,PLAUSIBLE,PLAUSIBLE,OFF-TARGET
201,PDCD1,imgt:Cancers_prostate_metastatic,PLAUSIBLE,PLAUSIBLE,OFF-TARGET
201,PDCD1,imgt:Hepatocellular_carcinoma_(HCC),PLAUSIBLE,PLAUSIBLE,OFF-TARGET
201,PDCD1,imgt:Rheumatoid_arthritis_(RA),OFF-TARGET,OFF-TARGET,OFF-TARGET
202,EGFR,imgt:Cancers_non-small_cell_lung_(NSCLC),PLAUSIBLE,PLAUSIBLE,PLAUSIBLE
202,EGFR,imgt:Non-Hodgkins_lymphoma_(NHL),OFF-TARGET,OFF-TARGET,OFF-TARGET
202,EGFR,imgt:Cancers_colorectal_(CRC),PLAUSIBLE,PLAUSIBLE,OFF-TARGET
202,EGFR,imgt:Cancers_pancreatic,PLAUSIBLE,PLAUSIBLE,OFF-TARGET
202,EGFR,imgt:Cancers_ovarian,PLAUSIBLE,PLAUSIBLE,PLAUSIBLE
202,EGFR,imgt:Multiple_myeloma_(MM),OFF-TARGET,OFF-TARGET,OFF-TARGET
202,EGFR,imgt:Cancers_breast,PLAUSIBLE,PLAUSIBLE,PLAUSIBLE
202,EGFR,imgt:Acute_myeloid_leukemia_(AML),OFF-TARGET,OFF-TARGET,OFF-TARGET
202,EGFR,imgt:Cancers_head_and_neck,PLAUSIBLE,PLAUSIBLE,PLAUSIBLE
202,EGFR,imgt:Chronic_lymphocytic_leukemia_(CLL),OFF-TARGET,OFF-TARGET,OFF-TARGET
202,EGFR,imgt:Acute_lymphocytic_leukemia_(ALL),OFF-TARGET,OFF-TARGET,OFF-TARGET
202,EGFR,imgt:Lymphoma_B_cell,OFF-TARGET,OFF-TARGET,OFF-TARGET
202,EGFR,imgt:Cancers_gastric,PLAUSIBLE,PLAUSIBLE,OFF-TARGET
202,EGFR,imgt:Cancers_prostate_metastatic,OFF-TARGET,OFF-TARGET,OFF-TARGET
202,EGFR,imgt:Solid_tumors_advanced_or_metastatic,OFF-TARGET,OFF-TARGET,OFF-TARGET
202,EGFR,imgt:Renal_cell_carcinoma_(RCC),OFF-TARGET,OFF-TARGET,OFF-TARGET
202,EGFR,imgt:Cancers_prostate,OFF-TARGET,OFF-TARGET,OFF-TARGET
203,MS4A1;CD3E,imgt:Cancers_non-small_cell_lung_(NSCLC),PLAUSIBLE,PLAUSIBLE,OFF-TARGET
203,MS4A1;CD3E,imgt:Acute_myeloid_leukemia_(AML),PLAUSIBLE,PLAUSIBLE,OFF-TARGET
203,MS4A1;CD3E,imgt:Multiple_myeloma_(MM),PLAUSIBLE,PLAUSIBLE,OFF-TARGET
203,MS4A1;CD3E,imgt:Chronic_lymphocytic_leukemia_(CLL),PLAUSIBLE,PLAUSIBLE,OFF-TARGET
203,MS4A1;CD3E,imgt:Non-Hodgkins_lymphoma_(NHL),PLAUSIBLE,PLAUSIBLE,OFF-TARGET
203,MS4A1;CD3E,imgt:Cancers_pancreatic,OFF-TARGET,OFF-TARGET,OFF-TARGET
203,MS4A1;CD3E,imgt:Lymphoma_diffuse_large_B_cell_(DLBCL),PLAUSIBLE,PLAUSIBLE,OFF-TARGET
203,MS4A1;CD3E,imgt:Acute_lymphocytic_leukemia_(ALL),PLAUSIBLE,PLAUSIBLE,OFF-TARGET
203,MS4A1;CD3E,imgt:Cancers_breast,PLAUSIBLE,PLAUSIBLE,OFF-TARGET
203,MS4A1;CD3E,imgt:Lymphoma_follicular_(FL),PLAUSIBLE,PLAUSIBLE,OFF-TARGET
203,MS4A1;CD3E,imgt:Cancers_ovarian,PLAUSIBLE,PLAUSIBLE,OFF-TARGET
203,MS4A1;CD3E,imgt:Lymphoma_B_cell,PLAUSIBLE,PLAUSIBLE,OFF-TARGET
203,MS4A1;CD3E,imgt:Cancers_gastric,PLAUSIBLE,PLAUSIBLE,OFF-TARGET
203,MS4A1;CD3E,imgt:Melanoma,PLAUSIBLE,PLAUSIBLE,OFF-TARGET
203,MS4A1;CD3E,imgt:Renal_cell_carcinoma_(RCC),OFF-TARGET,OFF-TARGET,OFF-TARGET
203,MS4A1;CD3E,imgt:Cancers_prostate,OFF-TARGET,OFF-TARGET,OFF-TARGET
203,MS4A1;CD3E,imgt:Cancers_prostate_metastatic,OFF-TARGET,OFF-TARGET,OFF-TARGET
203,MS4A1;CD3E,imgt:Glioblastoma_multiforme_(GBM),OFF-TARGET,OFF-TARGET,OFF-TARGET
204,CD79B,imgt:Cancers_non-small_cell_lung_(NSCLC),PLAUSIBLE,OFF-TARGET,OFF-TARGET
204,CD79B,imgt:Multiple_myeloma_(MM),OFF-TARGET,OFF-TARGET,OFF-TARGET
204,CD79B,imgt:Non-Hodgkins_lymphoma_(NHL),PLAUSIBLE,PLAUSIBLE,OFF-TARGET
204,CD79B,imgt:Cancers_breast,PLAUSIBLE,OFF-TARGET,OFF-TARGET
204,CD79B,imgt:Chronic_lymphocytic_leukemia_(CLL),PLAUSIBLE,PLAUSIBLE,OFF-TARGET
204,CD79B,imgt:Cancers_gastric,PLAUSIBLE,OFF-TARGET,OFF-TARGET
204,CD79B,imgt:Cancers_ovarian,PLAUSIBLE,OFF-TARGET,OFF-TARGET
204,CD79B,imgt:Acute_myeloid_leukemia_(AML),PLAUSIBLE,PLAUSIBLE,OFF-TARGET
204,CD79B,imgt:Lymphoma_diffuse_large_B_cell_(DLBCL),PLAUSIBLE,PLAUSIBLE,OFF-TARGET
204,CD79B,imgt:Cancers_colorectal_(CRC),PLAUSIBLE,OFF-TARGET,OFF-TARGET
204,CD79B,imgt:Cancers_pancreatic,PLAUSIBLE,OFF-TARGET,OFF-TARGET
204,CD79B,imgt:Cancers_head_and_neck,OFF-TARGET,OFF-TARGET,OFF-TARGET
204,CD79B,imgt:Renal_cell_carcinoma_(RCC),PLAUSIBLE,OFF-TARGET,OFF-TARGET
204,CD79B,imgt:Solid_tumors_advanced_or_metastatic,OFF-TARGET,OFF-TARGET,OFF-TARGET
204,CD79B,imgt:Acute_lymphocytic_leukemia_(ALL),PLAUSIBLE,PLAUSIBLE,OFF-TARGET
204,CD79B,imgt:Glioblastoma_multiforme_(GBM),OFF-TARGET,OFF-TARGET,OFF-TARGET
204,CD79B,imgt:Lymphoma_B_cell,PLAUSIBLE,PLAUSIBLE,OFF-TARGET
204,CD79B,imgt:Melanoma,PLAUSIBLE,OFF-TARGET,OFF-TARGET
205,CD274,imgt:Cancers_breast,PLAUSIBLE,PLAUSIBLE,OFF-TARGET
205,CD274,imgt:Cancers_renal,PLAUSIBLE,PLAUSIBLE,OFF-TARGET
205,CD274,imgt:Cancers_non-small_cell_lung_(NSCLC),PLAUSIBLE,PLAUSIBLE,OFF-TARGET
205,CD274,imgt:Non-Hodgkins_lymphoma_(NHL),OFF-TARGET,OFF-TARGET,OFF-TARGET
205,CD274,imgt:Cancers_gastric,PLAUSIBLE,PLAUSIBLE,OFF-TARGET
205,CD274,imgt:Carcinoma_bladder_cancer_advanced_or_metastatic_urothelial_cancers,PLAUSIBLE,PLAUSIBLE,OFF-TARGET
205,CD274,imgt:Cancers_bladder,PLAUSIBLE,PLAUSIBLE,OFF-TARGET
205,CD274,imgt:Lymphoma_diffuse_large_B_cell_(DLBCL),OFF-TARGET,OFF-TARGET,OFF-TARGET
205,CD274,imgt:Cancers_small_cell_lung_(SCLC),PLAUSIBLE,PLAUSIBLE,OFF-TARGET
205,CD274,imgt:Cancers_colorectal_(CRC)_metastatic,PLAUSIBLE,PLAUSIBLE,OFF-TARGET
205,CD274,imgt:Chronic_lymphocytic_leukemia_(CLL),OFF-TARGET,OFF-TARGET,OFF-TARGET
205,CD274,imgt:Cancers_ovarian,PLAUSIBLE,PLAUSIBLE,OFF-TARGET
205,CD274,imgt:Mesothelioma_pleural_malignant,PLAUSIBLE,PLAUSIBLE,OFF-TARGET
205,CD274,imgt:Myasthenia_Gravis_(MG),OFF-TARGET,OFF-TARGET,OFF-TARGET
205,CD274,imgt:Rheumatoid_arthritis_(RA),OFF-TARGET,OFF-TARGET,OFF-TARGET
205,CD274,imgt:Multiple_myeloma_(MM),OFF-TARGET,OFF-TARGET,OFF-TARGET
205,CD274,imgt:Renal_cell_carcinoma_(RCC),PLAUSIBLE,PLAUSIBLE,OFF-TARGET
205,CD274,imgt:Melanoma,PLAUSIBLE,PLAUSIBLE,OFF-TARGET
205,CD274,imgt:Hepatocellular_carcinoma_(HCC),PLAUSIBLE,PLAUSIBLE,OFF-TARGET
206,ENTPD1,imgt:Cancers_non-small_cell_lung_(NSCLC),PLAUSIBLE,OFF-TARGET,OFF-TARGET
206,ENTPD1,imgt:Multiple_myeloma_(MM),OFF-TARGET,OFF-TARGET,OFF-TARGET
206,ENTPD1,imgt:Cancers_ovarian,PLAUSIBLE,OFF-TARGET,OFF-TARGET
206,ENTPD1,imgt:Cancers_breast,PLAUSIBLE,OFF-TARGET,OFF-TARGET
206,ENTPD1,imgt:Non-Hodgkins_lymphoma_(NHL),PLAUSIBLE,OFF-TARGET,OFF-TARGET
206,ENTPD1,imgt:Chronic_lymphocytic_leukemia_(CLL),PLAUSIBLE,OFF-TARGET,OFF-TARGET
206,ENTPD1,imgt:Carcinoma_head_and_neck_squamous_cell_carcinoma_(HNSCC),PLAUSIBLE,OFF-TARGET,OFF-TARGET
206,ENTPD1,imgt:Cancers_gastric,OFF-TARGET,OFF-TARGET,OFF-TARGET
206,ENTPD1,imgt:Lymphoma_diffuse_large_B_cell_(DLBCL),PLAUSIBLE,OFF-TARGET,OFF-TARGET
206,ENTPD1,imgt:Cancers_pancreatic,OFF-TARGET,OFF-TARGET,OFF-TARGET
206,ENTPD1,imgt:Acute_myeloid_leukemia_(AML),PLAUSIBLE,OFF-TARGET,OFF-TARGET
206,ENTPD1,imgt:Cancers_colorectal_(CRC),OFF-TARGET,OFF-TARGET,OFF-TARGET
206,ENTPD1,imgt:Solid_tumors_advanced_or_metastatic,OFF-TARGET,OFF-TARGET,OFF-TARGET
206,ENTPD1,imgt:Glioblastoma_multiforme_(GBM),PLAUSIBLE,OFF-TARGET,OFF-TARGET
206,ENTPD1,imgt:Hepatocellular_carcinoma_(HCC),PLAUSIBLE,OFF-TARGET,OFF-TARGET
206,ENTPD1,imgt:Lymphoma_B_cell,PLAUSIBLE,OFF-TARGET,OFF-TARGET
206,ENTPD1,imgt:Renal_cell_carcinoma_(RCC),PLAUSIBLE,OFF-TARGET,OFF-TARGET
207,ANPEP,imgt:Cancers_non-small_cell_lung_(NSCLC),PLAUSIBLE,PLAUSIBLE,OFF-TARGET
207,ANPEP,imgt:Cancers_pancreatic,OFF-TARGET,OFF-TARGET,OFF-TARGET
207,ANPEP,imgt:Cancers_breast,PLAUSIBLE,OFF-TARGET,OFF-TARGET
207,ANPEP,imgt:Non-Hodgkins_lymphoma_(NHL),OFF-TARGET,OFF-TARGET,OFF-TARGET
207,ANPEP,imgt:Cancers_ovarian,OFF-TARGET,OFF-TARGET,OFF-TARGET
207,ANPEP,imgt:Acute_myeloid_leukemia_(AML),PLAUSIBLE,PLAUSIBLE,OFF-TARGET
207,ANPEP,imgt:Multiple_myeloma_(MM),OFF-TARGET,OFF-TARGET,OFF-TARGET
207,ANPEP,imgt:Glioblastoma_multiforme_(GBM),PLAUSIBLE,OFF-TARGET,OFF-TARGET
207,ANPEP,imgt:Chronic_lymphocytic_leukemia_(CLL),PLAUSIBLE,PLAUSIBLE,OFF-TARGET
207,ANPEP,imgt:Renal_cell_carcinoma_(RCC),OFF-TARGET,OFF-TARGET,OFF-TARGET
207,ANPEP,imgt:Melanoma,PLAUSIBLE,OFF-TARGET,OFF-TARGET
207,ANPEP,imgt:Cancers_colorectal_(CRC),OFF-TARGET,OFF-TARGET,OFF-TARGET
207,ANPEP,imgt:Acute_lymphocytic_leukemia_(ALL),PLAUSIBLE,PLAUSIBLE,OFF-TARGET
207,ANPEP,imgt:Cancers_gastric,PLAUSIBLE,OFF-TARGET,OFF-TARGET
207,ANPEP,imgt:Lymphoma_diffuse_large_B_cell_(DLBCL),OFF-TARGET,OFF-TARGET,OFF-TARGET
207,ANPEP,imgt:Cancers_prostate,OFF-TARGET,OFF-TARGET,OFF-TARGET
207,ANPEP,imgt:Lymphoma_B_cell,OFF-TARGET,OFF-TARGET,OFF-TARGET
207,ANPEP,imgt:Lymphoma,OFF-TARGET,OFF-TARGET,OFF-TARGET
209,FCGR1A,imgt:Cancers_non-small_cell_lung_(NSCLC),OFF-TARGET,OFF-TARGET,OFF-TARGET
209,FCGR1A,imgt:Non-Hodgkins_lymphoma_(NHL),OFF-TARGET,OFF-TARGET,OFF-TARGET
209,FCGR1A,imgt:Multiple_myeloma_(MM),OFF-TARGET,OFF-TARGET,OFF-TARGET
209,FCGR1A,imgt:Acute_myeloid_leukemia_(AML),PLAUSIBLE,OFF-TARGET,OFF-TARGET
209,FCGR1A,imgt:Chronic_lymphocytic_leukemia_(CLL),PLAUSIBLE,OFF-TARGET,OFF-TARGET
209,FCGR1A,imgt:Cancers_breast,OFF-TARGET,OFF-TARGET,OFF-TARGET
209,FCGR1A,imgt:Acute_lymphocytic_leukemia_(ALL),PLAUSIBLE,OFF-TARGET,OFF-TARGET
209,FCGR1A,imgt:Cancers_ovarian,OFF-TARGET,OFF-TARGET,OFF-TARGET
209,FCGR1A,imgt:Lymphoma,OFF-TARGET,OFF-TARGET,OFF-TARGET
209,FCGR1A,imgt:Cancers_prostate_metastatic,OFF-TARGET,OFF-TARGET,OFF-TARGET
209,FCGR1A,imgt:Cancers_prostate,OFF-TARGET,OFF-TARGET,OFF-TARGET
209,FCGR1A,imgt:Cancers_gastric,OFF-TARGET,OFF-TARGET,OFF-TARGET
209,FCGR1A,imgt:Cancers_pancreatic,OFF-TARGET,OFF-TARGET,OFF-TARGET
209,FCGR1A,imgt:Lymphoma_B_cell,OFF-TARGET,OFF-TARGET,OFF-TARGET
209,FCGR1A,imgt:Solid_tumors_advanced_or_metastatic,OFF-TARGET,OFF-TARGET,OFF-TARGET
209,FCGR1A,imgt:Cancers_colorectal_(CRC),PLAUSIBLE,OFF-TARGET,OFF-TARGET
209,FCGR1A,imgt:Renal_cell_carcinoma_(RCC),PLAUSIBLE,OFF-TARGET,OFF-TARGET
210,CEACAM5,imgt:Cancers_ovarian,OFF-TARGET,OFF-TARGET,OFF-TARGET
210,CEACAM5,imgt:Cancers_non-small_cell_lung_(NSCLC),PLAUSIBLE,PLAUSIBLE,OFF-TARGET
210,CEACAM5,imgt:Cancers_colorectal_(CRC),PLAUSIBLE,PLAUSIBLE,OFF-TARGET
210,CEACAM5,imgt:Cancers_gastric,PLAUSIBLE,PLAUSIBLE,OFF-TARGET
210,CEACAM5,imgt:Cancers_breast,PLAUSIBLE,PLAUSIBLE,OFF-TARGET
210,CEACAM5,imgt:Multiple_myeloma_(MM),OFF-TARGET,OFF-TARGET,OFF-TARGET
210,CEACAM5,imgt:Non-Hodgkins_lymphoma_(NHL),OFF-TARGET,OFF-TARGET,OFF-TARGET
210,CEACAM5,imgt:Chronic_lymphocytic_leukemia_(CLL),OFF-TARGET,OFF-TARGET,OFF-TARGET
210,CEACAM5,imgt:Carcinoma_head_and_neck_squamous_cell_carcinoma_(HNSCC),PLAUSIBLE,OFF-TARGET,OFF-TARGET
210,CEACAM5,imgt:Acute_myeloid_leukemia_(AML),OFF-TARGET,OFF-TARGET,OFF-TARGET
210,CEACAM5,imgt:Lymphoma_diffuse_large_B_cell_(DLBCL),OFF-TARGET,OFF-TARGET,OFF-TARGET
210,CEACAM5,imgt:Melanoma,OFF-TARGET,OFF-TARGET,OFF-TARGET
210,CEACAM5,imgt:Cancers_brain_metastatic,OFF-TARGET,OFF-TARGET,OFF-TARGET
210,CEACAM5,imgt:Glioblastoma_multiforme_(GBM),OFF-TARGET,OFF-TARGET,OFF-TARGET
210,CEACAM5,imgt:Cancers_pancreatic,PLAUSIBLE,OFF-TARGET,OFF-TARGET
210,CEACAM5,imgt:Cancers_head_and_neck,PLAUSIBLE,OFF-TARGET,OFF-TARGET
210,CEACAM5,imgt:Hepatocellular_carcinoma_(HCC),PLAUSIBLE,OFF-TARGET,OFF-TARGET
210,CEACAM5,imgt:Lymphoma_B_cell,OFF-TARGET,OFF-TARGET,OFF-TARGET
211,ERBB2,imgt:Cancers_breast,PLAUSIBLE,PLAUSIBLE,OFF-TARGET
211,ERBB2,imgt:Cancers_non-small_cell_lung_(NSCLC),PLAUSIBLE,PLAUSIBLE,PLAUSIBLE
211,ERBB2,imgt:Non-Hodgkins_lymphoma_(NHL),OFF-TARGET,OFF-TARGET,OFF-TARGET
211,ERBB2,imgt:Lymphoma_diffuse_large_B_cell_(DLBCL),OFF-TARGET,OFF-TARGET,OFF-TARGET
211,ERBB2,imgt:Cancers_ovarian,PLAUSIBLE,PLAUSIBLE,PLAUSIBLE
211,ERBB2,imgt:Rheumatoid_arthritis_(RA),OFF-TARGET,OFF-TARGET,OFF-TARGET
211,ERBB2,imgt:Multiple_myeloma_(MM),OFF-TARGET,OFF-TARGET,OFF-TARGET
211,ERBB2,imgt:Cancers_prostate,PLAUSIBLE,PLAUSIBLE,OFF-TARGET
211,ERBB2,imgt:Cancers_gastric,PLAUSIBLE,PLAUSIBLE,PLAUSIBLE
211,ERBB2,imgt:Chronic_lymphocytic_leukemia_(CLL),OFF-TARGET,OFF-TARGET,OFF-TARGET
211,ERBB2,imgt:Neuromyelitis_optica_(NMO),OFF-TARGET,OFF-TARGET,OFF-TARGET
211,ERBB2,imgt:Cancers_head_and_neck,PLAUSIBLE,PLAUSIBLE,OFF-TARGET
211,ERBB2,imgt:Lymphoma_follicular_(FL),OFF-TARGET,OFF-TARGET,OFF-TARGET
211,ERBB2,imgt:Cancers_colorectal_(CRC)_metastatic,PLAUSIBLE,PLAUSIBLE,PLAUSIBLE
211,ERBB2,imgt:Mesothelioma_pleural_malignant,OFF-TARGET,OFF-TARGET,OFF-TARGET
211,ERBB2,imgt:Renal_cell_carcinoma_(RCC),OFF-TARGET,OFF-TARGET,OFF-TARGET
211,ERBB2,imgt:Melanoma_metastatic,PLAUSIBLE,OFF-TARGET,OFF-TARGET
211,ERBB2,imgt:Myasthenia_Gravis_(MG),OFF-TARGET,OFF-TARGET,OFF-TARGET
211,ERBB2,imgt:Melanoma,PLAUSIBLE,OFF-TARGET,OFF-TARGET
212,KDR,imgt:Cancers_colorectal_(CRC)_metastatic,PLAUSIBLE,PLAUSIBLE,OFF-TARGET
212,KDR,imgt:Lymphoma_diffuse_large_B_cell_(DLBCL),OFF-TARGET,OFF-TARGET,OFF-TARGET
212,KDR,imgt:Cancers_non-small_cell_lung_(NSCLC),PLAUSIBLE,PLAUSIBLE,OFF-TARGET
212,KDR,imgt:Chronic_lymphocytic_leukemia_(CLL),PLAUSIBLE,PLAUSIBLE,OFF-TARGET
212,KDR,imgt:Cancers_breast,PLAUSIBLE,PLAUSIBLE,OFF-TARGET
212,KDR,imgt:Cancers_small_cell_lung_(SCLC),PLAUSIBLE,PLAUSIBLE,OFF-TARGET
212,KDR,imgt:Tumor_vasculature,OFF-TARGET,OFF-TARGET,OFF-TARGET
212,KDR,imgt:Multiple_myeloma_(MM),OFF-TARGET,OFF-TARGET,OFF-TARGET
212,KDR,imgt:Cancers_gastric,PLAUSIBLE,PLAUSIBLE,OFF-TARGET
212,KDR,imgt:Mesothelioma_pleural_malignant,OFF-TARGET,OFF-TARGET,OFF-TARGET
212,KDR,imgt:Cancers_breast_overexpressing_ERBB2_metastatic,PLAUSIBLE,PLAUSIBLE,OFF-TARGET
212,KDR,imgt:Lymphoproliferative_disorder_giant_lymph_node_hyperplasia_(Castlemans_disease),OFF-TARGET,OFF-TARGET,OFF-TARGET
212,KDR,imgt:Carcinoma_bladder_cancer_advanced_or_metastatic_urothelial_cancers,PLAUSIBLE,PLAUSIBLE,OFF-TARGET
212,KDR,imgt:Lymphoma_follicular_(FL),OFF-TARGET,OFF-TARGET,OFF-TARGET
212,KDR,imgt:Hepatocellular_carcinoma_(HCC),PLAUSIBLE,PLAUSIBLE,OFF-TARGET
212,KDR,imgt:Melanoma,PLAUSIBLE,PLAUSIBLE,OFF-TARGET
212,KDR,imgt:Non-Hodgkins_lymphoma_(NHL),OFF-TARGET,OFF-TARGET,OFF-TARGET
212,KDR,imgt:Cancers_ovarian,PLAUSIBLE,PLAUSIBLE,OFF-TARGET
212,KDR,imgt:B_cell_acute_lymphoblastic_leukemia_(B_cell_ALL),PLAUSIBLE,PLAUSIBLE,OFF-TARGET
213,TNFRSF8,imgt:Lymphoma_diffuse_large_B_cell_(DLBCL),PLAUSIBLE,PLAUSIBLE,OFF-TARGET
213,TNFRSF8,imgt:Primary_cutaneous_anaplastic_large_cell_lymphoma_(pcALCL),PLAUSIBLE,PLAUSIBLE,OFF-TARGET
213,TNFRSF8,imgt:Chronic_lymphocytic_leukemia_(CLL),PLAUSIBLE,PLAUSIBLE,OFF-TARGET
213,TNFRSF8,imgt:Anaplastic_large_cell_lymphoma_(ALCL),PLAUSIBLE,PLAUSIBLE,OFF-TARGET
213,TNFRSF8,imgt:Lymphoma_cutaneous_T_cell_(CTCL),PLAUSIBLE,PLAUSIBLE,OFF-TARGET
213,TNFRSF8,imgt:Cancers_non-small_cell_lung_(NSCLC),OFF-TARGET,OFF-TARGET,OFF-TARGET
213,TNFRSF8,imgt:Cancers_breast_overexpressing_ERBB2_metastatic,PLAUSIBLE,OFF-TARGET,PLAUSIBLE
213,TNFRSF8,imgt:Cancers_gastric,OFF-TARGET,OFF-TARGET,OFF-TARGET
213,TNFRSF8,imgt:Cancers_colorectal_(CRC)_metastatic,PLAUSIBLE,OFF-TARGET,OFF-TARGET
213,TNFRSF8,imgt:Lymphoproliferative_disorder_giant_lymph_node_hyperplasia_(Castlemans_disease),PLAUSIBLE,PLAUSIBLE,OFF-TARGET
213,TNFRSF8,imgt:Hepatocellular_carcinoma_(HCC),OFF-TARGET,OFF-TARGET,OFF-TARGET
213,TNFRSF8,imgt:Carcinoma_bladder_cancer_advanced_or_metastatic_urothelial_cancers,OFF-TARGET,OFF-TARGET,OFF-TARGET
213,TNFRSF8,imgt:Multiple_myeloma_(MM),OFF-TARGET,OFF-TARGET,OFF-TARGET
213,TNFRSF8,imgt:Cancers_small_cell_lung_(SCLC),OFF-TARGET,OFF-TARGET,OFF-TARGET
213,TNFRSF8,imgt:Lymphoma_follicular_(FL),PLAUSIBLE,PLAUSIBLE,OFF-TARGET
213,TNFRSF8,imgt:Merkel_cell_carcinoma_(MCC)_metastatic,PLAUSIBLE,OFF-TARGET,OFF-TARGET
213,TNFRSF8,imgt:Carcinoma_head_and_neck_squamous_cell_carcinoma_(HNSCC),OFF-TARGET,OFF-TARGET,OFF-TARGET
213,TNFRSF8,imgt:Cancers_cervical,OFF-TARGET,OFF-TARGET,OFF-TARGET
213,TNFRSF8,imgt:Mesothelioma_pleural_malignant,PLAUSIBLE,PLAUSIBLE,OFF-TARGET
214,CD40,imgt:Cancers_non-small_cell_lung_(NSCLC),PLAUSIBLE,PLAUSIBLE,OFF-TARGET
214,CD40,imgt:Cancers_breast,PLAUSIBLE,PLAUSIBLE,OFF-TARGET
214,CD40,imgt:Non-Hodgkins_lymphoma_(NHL),PLAUSIBLE,PLAUSIBLE,PLAUSIBLE
214,CD40,imgt:Multiple_myeloma_(MM),PLAUSIBLE,OFF-TARGET,PLAUSIBLE
214,CD40,imgt:Cancers_gastric,OFF-TARGET,OFF-TARGET,OFF-TARGET
214,CD40,imgt:Acute_myeloid_leukemia_(AML),PLAUSIBLE,PLAUSIBLE,OFF-TARGET
214,CD40,imgt:Chronic_lymphocytic_leukemia_(CLL),PLAUSIBLE,PLAUSIBLE,PLAUSIBLE
214,CD40,imgt:Cancers_ovarian,PLAUSIBLE,PLAUSIBLE,OFF-TARGET
214,CD40,imgt:Cancers_colorectal_(CRC),OFF-TARGET,OFF-TARGET,OFF-TARGET
214,CD40,imgt:Cancers_pancreatic,OFF-TARGET,OFF-TARGET,OFF-TARGET
214,CD40,imgt:Lymphoma_diffuse_large_B_cell_(DLBCL),PLAUSIBLE,PLAUSIBLE,PLAUSIBLE
214,CD40,imgt:Cancers_head_and_neck,OFF-TARGET,OFF-TARGET,OFF-TARGET
214,CD40,imgt:Glioblastoma_multiforme_(GBM),PLAUSIBLE,OFF-TARGET,OFF-TARGET
214,CD40,imgt:Lymphoma,PLAUSIBLE,PLAUSIBLE,PLAUSIBLE
214,CD40,imgt:Melanoma_metastatic,PLAUSIBLE,PLAUSIBLE,OFF-TARGET
214,CD40,imgt:Cancers_prostate,OFF-TARGET,OFF-TARGET,OFF-TARGET
214,CD40,imgt:Cancers_colorectal_(CRC)_metastatic,OFF-TARGET,OFF-TARGET,OFF-TARGET
214,CD40,imgt:Melanoma,PLAUSIBLE,PLAUSIBLE,OFF-TARGET
215,TNFSF13B,imgt:Cancers_non-small_cell_lung_(NSCLC),PLAUSIBLE,PLAUSIBLE,OFF-TARGET
215,TNFSF13B,imgt:Non-Hodgkins_lymphoma_(NHL),PLAUSIBLE,PLAUSIBLE,OFF-TARGET
215,TNFSF13B,imgt:Multiple_myeloma_(MM),PLAUSIBLE,PLAUSIBLE,OFF-TARGET
215,TNFSF13B,imgt:Rheumatoid_arthritis_(RA),PLAUSIBLE,PLAUSIBLE,OFF-TARGET
215,TNFSF13B,imgt:Chronic_lymphocytic_leukemia_(CLL),PLAUSIBLE,PLAUSIBLE,OFF-TARGET
215,TNFSF13B,imgt:Cancers_ovarian,OFF-TARGET,OFF-TARGET,OFF-TARGET
215,TNFSF13B,imgt:Cancers_breast,PLAUSIBLE,OFF-TARGET,OFF-TARGET
215,TNFSF13B,imgt:Systemic_lupus_erythematosus_(SLE),PLAUSIBLE,PLAUSIBLE,OFF-TARGET
215,TNFSF13B,imgt:Connective_tissue_disease,OFF-TARGET,OFF-TARGET,OFF-TARGET
215,TNFSF13B,imgt:Cancers_gastric,OFF-TARGET,OFF-TARGET,OFF-TARGET
215,TNFSF13B,imgt:Cancers_prostate,OFF-TARGET,OFF-TARGET,OFF-TARGET
215,TNFSF13B,imgt:Cancers_head_and_neck,OFF-TARGET,OFF-TARGET,OFF-TARGET
215,TNFSF13B,imgt:Hepatocellular_carcinoma_(HCC),OFF-TARGET,OFF-TARGET,OFF-TARGET
215,TNFSF13B,imgt:Acute_myeloid_leukemia_(AML),PLAUSIBLE,PLAUSIBLE,OFF-TARGET
215,TNFSF13B,imgt:Acute_lymphocytic_leukemia_(ALL),PLAUSIBLE,PLAUSIBLE,OFF-TARGET
215,TNFSF13B,imgt:Lymphoma,PLAUSIBLE,PLAUSIBLE,OFF-TARGET
215,TNFSF13B,imgt:Lymphoma_diffuse_large_B_cell_(DLBCL),PLAUSIBLE,PLAUSIBLE,OFF-TARGET
216,GAS6,imgt:Cancers_non-small_cell_lung_(NSCLC),PLAUSIBLE,OFF-TARGET,OFF-TARGET
216,GAS6,imgt:Non-Hodgkins_lymphoma_(NHL),OFF-TARGET,OFF-TARGET,OFF-TARGET
216,GAS6,imgt:Acute_myeloid_leukemia_(AML),PLAUSIBLE,OFF-TARGET,OFF-TARGET
216,GAS6,imgt:Cancers_breast,PLAUSIBLE,OFF-TARGET,OFF-TARGET
216,GAS6,imgt:Multiple_myeloma_(MM),OFF-TARGET,OFF-TARGET,OFF-TARGET
216,GAS6,imgt:Chronic_lymphocytic_leukemia_(CLL),PLAUSIBLE,OFF-TARGET,OFF-TARGET
216,GAS6,imgt:Cancers_ovarian,PLAUSIBLE,PLAUSIBLE,PLAUSIBLE
216,GAS6,imgt:Cancers_pancreatic,PLAUSIBLE,OFF-TARGET,OFF-TARGET
216,GAS6,imgt:Cancers_prostate_metastatic,OFF-TARGET,OFF-TARGET,OFF-TARGET
216,GAS6,imgt:Cancers_colorectal_(CRC),PLAUSIBLE,OFF-TARGET,OFF-TARGET
216,GAS6,imgt:Cancers_gastric,PLAUSIBLE,OFF-TARGET,OFF-TARGET
216,GAS6,imgt:Cancers_head_and_neck,OFF-TARGET,OFF-TARGET,OFF-TARGET
216,GAS6,imgt:Glioblastoma_multiforme_(GBM),OFF-TARGET,OFF-TARGET,OFF-TARGET
216,GAS6,imgt:Solid_tumors_advanced_or_metastatic,OFF-TARGET,OFF-TARGET,OFF-TARGET
216,GAS6,imgt:Lymphoma_diffuse_large_B_cell_(DLBCL),OFF-TARGET,OFF-TARGET,OFF-TARGET
216,GAS6,imgt:Lymphoma_B_cell,OFF-TARGET,OFF-TARGET,OFF-TARGET
216,GAS6,imgt:Cancers_prostate,OFF-TARGET,OFF-TARGET,OFF-TARGET
217,SIRPA,imgt:Cancers_non-small_cell_lung_(NSCLC),PLAUSIBLE,OFF-TARGET,OFF-TARGET
217,SIRPA,imgt:Multiple_myeloma_(MM),PLAUSIBLE,OFF-TARGET,OFF-TARGET
217,SIRPA,imgt:Chronic_lymphocytic_leukemia_(CLL),PLAUSIBLE,OFF-TARGET,OFF-TARGET
217,SIRPA,imgt:Non-Hodgkins_lymphoma_(NHL),OFF-TARGET,OFF-TARGET,OFF-TARGET
217,SIRPA,imgt:Cancers_breast,PLAUSIBLE,OFF-TARGET,OFF-TARGET
217,SIRPA,imgt:Acute_myeloid_leukemia_(AML),PLAUSIBLE,OFF-TARGET,OFF-TARGET
217,SIRPA,imgt:Cancers_ovarian,OFF-TARGET,OFF-TARGET,OFF-TARGET
217,SIRPA,imgt:Cancers_prostate,PLAUSIBLE,OFF-TARGET,OFF-TARGET
217,SIRPA,imgt:Acute_lymphocytic_leukemia_(ALL),PLAUSIBLE,OFF-TARGET,OFF-TARGET
217,SIRPA,imgt:Cancers_colorectal_(CRC),PLAUSIBLE,OFF-TARGET,OFF-TARGET
217,SIRPA,imgt:Cancers_gastric,PLAUSIBLE,OFF-TARGET,OFF-TARGET
217,SIRPA,imgt:Melanoma,PLAUSIBLE,OFF-TARGET,OFF-TARGET
217,SIRPA,imgt:Cancers_pancreatic,PLAUSIBLE,OFF-TARGET,OFF-TARGET
217,SIRPA,imgt:Melanoma_metastatic,PLAUSIBLE,OFF-TARGET,OFF-TARGET
217,SIRPA,imgt:Renal_cell_carcinoma_(RCC),PLAUSIBLE,OFF-TARGET,OFF-TARGET
217,SIRPA,imgt:Lymphoma_diffuse_large_B_cell_(DLBCL),PLAUSIBLE,OFF-TARGET,OFF-TARGET
217,SIRPA,imgt:Solid_tumors_advanced_or_metastatic,OFF-TARGET,OFF-TARGET,OFF-TARGET
218,ERBB2,imgt:Cancers_breast_overexpressing_ERBB2_metastatic,PLAUSIBLE,PLAUSIBLE,OFF-TARGET
218,ERBB2,imgt:Lymphoma_diffuse_large_B_cell_(DLBCL),OFF-TARGET,OFF-TARGET,OFF-TARGET
218,ERBB2,imgt:Cancers_non-small_cell_lung_(NSCLC),PLAUSIBLE,PLAUSIBLE,PLAUSIBLE
218,ERBB2,imgt:Cancers_colorectal_(CRC)_metastatic,PLAUSIBLE,PLAUSIBLE,PLAUSIBLE
218,ERBB2,imgt:Chronic_lymphocytic_leukemia_(CLL),OFF-TARGET,OFF-TARGET,OFF-TARGET
218,ERBB2,imgt:Cancers_gastric,PLAUSIBLE,PLAUSIBLE,PLAUSIBLE
218,ERBB2,imgt:Hepatocellular_carcinoma_(HCC),OFF-TARGET,OFF-TARGET,OFF-TARGET
218,ERBB2,imgt:Multiple_myeloma_(MM),OFF-TARGET,OFF-TARGET,OFF-TARGET
218,ERBB2,imgt:Cancers_small_cell_lung_(SCLC),PLAUSIBLE,PLAUSIBLE,PLAUSIBLE
218,ERBB2,imgt:Cancers_breast,PLAUSIBLE,PLAUSIBLE,OFF-TARGET
218,ERBB2,imgt:Mesothelioma_pleural_malignant,OFF-TARGET,OFF-TARGET,OFF-TARGET
218,ERBB2,imgt:Carcinoma_bladder_cancer_advanced_or_metastatic_urothelial_cancers,PLAUSIBLE,PLAUSIBLE,OFF-TARGET
218,ERBB2,imgt:Lymphoma_follicular_(FL),OFF-TARGET,OFF-TARGET,OFF-TARGET
218,ERBB2,imgt:Cancers_ovarian,PLAUSIBLE,PLAUSIBLE,PLAUSIBLE
218,ERBB2,imgt:Melanoma_metastatic,PLAUSIBLE,OFF-TARGET,OFF-TARGET
218,ERBB2,imgt:Lymphoproliferative_disorder_giant_lymph_node_hyperplasia_(Castlemans_disease),OFF-TARGET,OFF-TARGET,OFF-TARGET
218,ERBB2,imgt:Non-Hodgkins_lymphoma_(NHL),OFF-TARGET,OFF-TARGET,OFF-TARGET
218,ERBB2,imgt:Non-Hodgkins_lymphoma_(NHL)_follicular_CD20_positive_relapsed_or_refractory_low_grade,OFF-TARGET,OFF-TARGET,OFF-TARGET
218,ERBB2,imgt:Renal_cell_carcinoma_(RCC),OFF-TARGET,OFF-TARGET,OFF-TARGET
219,MS4A1;CD3E,imgt:Cancers_non-small_cell_lung_(NSCLC),PLAUSIBLE,PLAUSIBLE,OFF-TARGET
219,MS4A1;CD3E,imgt:Multiple_myeloma_(MM),PLAUSIBLE,PLAUSIBLE,OFF-TARGET
219,MS4A1;CD3E,imgt:Chronic_lymphocytic_leukemia_(CLL),PLAUSIBLE,PLAUSIBLE,OFF-TARGET
219,MS4A1;CD3E,imgt:Acute_myeloid_leukemia_(AML),PLAUSIBLE,PLAUSIBLE,OFF-TARGET
219,MS4A1;CD3E,imgt:Lymphoma_diffuse_large_B_cell_(DLBCL),PLAUSIBLE,PLAUSIBLE,OFF-TARGET
219,MS4A1;CD3E,imgt:Cancers_gastric,PLAUSIBLE,PLAUSIBLE,OFF-TARGET
219,MS4A1;CD3E,imgt:Cancers_pancreatic,OFF-TARGET,OFF-TARGET,OFF-TARGET
219,MS4A1;CD3E,imgt:Non-Hodgkins_lymphoma_(NHL),PLAUSIBLE,PLAUSIBLE,OFF-TARGET
219,MS4A1;CD3E,imgt:Cancers_breast,PLAUSIBLE,PLAUSIBLE,OFF-TARGET
219,MS4A1;CD3E,imgt:Melanoma,PLAUSIBLE,PLAUSIBLE,OFF-TARGET
219,MS4A1;CD3E,imgt:Acute_lymphocytic_leukemia_(ALL),PLAUSIBLE,PLAUSIBLE,OFF-TARGET
219,MS4A1;CD3E,imgt:Cancers_ovarian,PLAUSIBLE,PLAUSIBLE,OFF-TARGET
219,MS4A1;CD3E,imgt:Cancers_head_and_neck,OFF-TARGET,OFF-TARGET,OFF-TARGET
219,MS4A1;CD3E,imgt:Lymphoma_follicular_(FL),PLAUSIBLE,PLAUSIBLE,OFF-TARGET
219,MS4A1;CD3E,imgt:Cancers_colorectal_(CRC),OFF-TARGET,OFF-TARGET,OFF-TARGET
219,MS4A1;CD3E,imgt:Hepatocellular_carcinoma_(HCC),OFF-TARGET,OFF-TARGET,OFF-TARGET
219,MS4A1;CD3E,imgt:Cancers_prostate,OFF-TARGET,OFF-TARGET,OFF-TARGET
219,MS4A1;CD3E,imgt:Cancers_colorectal_(CRC)_metastatic,OFF-TARGET,OFF-TARGET,OFF-TARGET
220,CD33,imgt:Cancers_non-small_cell_lung_(NSCLC),OFF-TARGET,OFF-TARGET,OFF-TARGET
220,CD33,imgt:Non-Hodgkins_lymphoma_(NHL),OFF-TARGET,OFF-TARGET,OFF-TARGET
220,CD33,imgt:Cancers_ovarian,OFF-TARGET,OFF-TARGET,OFF-TARGET
220,CD33,imgt:Cancers_breast,PLAUSIBLE,OFF-TARGET,OFF-TARGET
220,CD33,imgt:Acute_myeloid_leukemia_(AML),PLAUSIBLE,PLAUSIBLE,OFF-TARGET
220,CD33,imgt:Cancers_gastric,PLAUSIBLE,OFF-TARGET,OFF-TARGET
220,CD33,imgt:Multiple_myeloma_(MM),PLAUSIBLE,PLAUSIBLE,OFF-TARGET
220,CD33,imgt:Cancers_colorectal_(CRC),PLAUSIBLE,OFF-TARGET,OFF-TARGET
220,CD33,imgt:Glioblastoma_multiforme_(GBM),OFF-TARGET,OFF-TARGET,OFF-TARGET
220,CD33,imgt:Cancers_pancreatic,OFF-TARGET,OFF-TARGET,OFF-TARGET
220,CD33,imgt:Lymphoma_diffuse_large_B_cell_(DLBCL),OFF-TARGET,OFF-TARGET,OFF-TARGET
220,CD33,imgt:Chronic_lymphocytic_leukemia_(CLL),PLAUSIBLE,PLAUSIBLE,OFF-TARGET
220,CD33,imgt:Lymphoma_B_cell,OFF-TARGET,OFF-TARGET,OFF-TARGET
220,CD33,imgt:Cancers_prostate,OFF-TARGET,OFF-TARGET,OFF-TARGET
220,CD33,imgt:Hepatocellular_carcinoma_(HCC),PLAUSIBLE,OFF-TARGET,OFF-TARGET
220,CD33,imgt:Lymphoma_follicular_(FL),OFF-TARGET,OFF-TARGET,OFF-TARGET
220,CD33,imgt:Cancers_squamous,OFF-TARGET,OFF-TARGET,OFF-TARGET
220,CD33,imgt:Melanoma,OFF-TARGET,OFF-TARGET,OFF-TARGET
222,MS4A1,imgt:Chronic_focal_encephalitis_(CFE),PLAUSIBLE,PLAUSIBLE,OFF-TARGET
222,MS4A1,imgt:Cancers_non-small_cell_lung_(NSCLC),PLAUSIBLE,PLAUSIBLE,OFF-TARGET
222,MS4A1,imgt:Rheumatoid_arthritis_(RA),PLAUSIBLE,PLAUSIBLE,OFF-TARGET
222,MS4A1,imgt:Cancers_pancreatic,OFF-TARGET,OFF-TARGET,OFF-TARGET
222,MS4A1,imgt:Multiple_myeloma_(MM),PLAUSIBLE,PLAUSIBLE,OFF-TARGET
222,MS4A1,imgt:Cancers_breast,OFF-TARGET,OFF-TARGET,OFF-TARGET
222,MS4A1,imgt:Lymphoma_diffuse_large_B_cell_(DLBCL),PLAUSIBLE,PLAUSIBLE,OFF-TARGET
222,MS4A1,imgt:Acute_myeloid_leukemia_(AML),PLAUSIBLE,PLAUSIBLE,OFF-TARGET
222,MS4A1,imgt:Non-Hodgkins_lymphoma_(NHL),PLAUSIBLE,PLAUSIBLE,OFF-TARGET
222,MS4A1,imgt:Non-Hodgkins_lymphoma_(NHL)_follicular_CD20_positive_relapsed_or_refractory_low_grade,PLAUSIBLE,PLAUSIBLE,OFF-TARGET
222,MS4A1,imgt:Chronic_lymphocytic_leukemia_(CLL),PLAUSIBLE,PLAUSIBLE,OFF-TARGET
222,MS4A1,imgt:Cancers_gastric,OFF-TARGET,OFF-TARGET,OFF-TARGET
222,MS4A1,imgt:Cancers_ovarian,OFF-TARGET,OFF-TARGET,OFF-TARGET
222,MS4A1,imgt:Lymphoma_B_cell,PLAUSIBLE,PLAUSIBLE,OFF-TARGET
222,MS4A1,imgt:Wegeners_Granulomatosis_(WG)_and_Microscopic_Polygamiitis_(MPA)_in_combination_with_glucocorticoides,PLAUSIBLE,PLAUSIBLE,OFF-TARGET
222,MS4A1,imgt:Glioblastoma_multiforme_(GBM),OFF-TARGET,OFF-TARGET,OFF-TARGET
222,MS4A1,imgt:Melanoma,OFF-TARGET,OFF-TARGET,OFF-TARGET
222,MS4A1,imgt:Myasthenia_Gravis_(MG),PLAUSIBLE,PLAUSIBLE,OFF-TARGET
222,MS4A1,imgt:Cancers_colorectal_(CRC)_metastatic,OFF-TARGET,OFF-TARGET,OFF-TARGET
224,LAG3,imgt:Non-Hodgkins_lymphoma_(NHL),PLAUSIBLE,PLAUSIBLE,OFF-TARGET
224,LAG3,imgt:Cancers_non-small_cell_lung_(NSCLC),PLAUSIBLE,PLAUSIBLE,OFF-TARGET
224,LAG3,imgt:Cancers_breast,PLAUSIBLE,PLAUSIBLE,OFF-TARGET
224,LAG3,imgt:Chronic_lymphocytic_leukemia_(CLL),PLAUSIBLE,PLAUSIBLE,OFF-TARGET
224,LAG3,imgt:Multiple_myeloma_(MM),PLAUSIBLE,PLAUSIBLE,OFF-TARGET
224,LAG3,imgt:Cancers_gastric,PLAUSIBLE,PLAUSIBLE,OFF-TARGET
224,LAG3,imgt:Cancers_ovarian,PLAUSIBLE,PLAUSIBLE,OFF-TARGET
224,LAG3,imgt:Lymphoma_diffuse_large_B_cell_(DLBCL),PLAUSIBLE,PLAUSIBLE,OFF-TARGET
224,LAG3,imgt:Acute_myeloid_leukemia_(AML),PLAUSIBLE,PLAUSIBLE,OFF-TARGET
224,LAG3,imgt:Cancers_head_and_neck,PLAUSIBLE,PLAUSIBLE,OFF-TARGET
224,LAG3,imgt:Cancers_colorectal_(CRC)_metastatic,PLAUSIBLE,PLAUSIBLE,OFF-TARGET
224,LAG3,imgt:Cancers_pancreatic,OFF-TARGET,OFF-TARGET,OFF-TARGET
224,LAG3,imgt:Acute_lymphocytic_leukemia_(ALL),PLAUSIBLE,PLAUSIBLE,OFF-TARGET
224,LAG3,imgt:Glioblastoma_multiforme_(GBM),PLAUSIBLE,PLAUSIBLE,OFF-TARGET
224,LAG3,imgt:Renal_cell_carcinoma_(RCC),PLAUSIBLE,PLAUSIBLE,OFF-TARGET
224,LAG3,imgt:Melanoma,PLAUSIBLE,PLAUSIBLE,OFF-TARGET
224,LAG3,imgt:Solid_tumors_advanced_or_metastatic,OFF-TARGET,OFF-TARGET,OFF-TARGET
224,LAG3,imgt:Cancers_colorectal_(CRC),PLAUSIBLE,PLAUSIBLE,OFF-TARGET
225,CD3E;ERBB2,imgt:Cancers_pancreatic,PLAUSIBLE,PLAUSIBLE,OFF-TARGET
225,CD3E;ERBB2,imgt:Acute_myeloid_leukemia_(AML),PLAUSIBLE,PLAUSIBLE,OFF-TARGET
225,CD3E;ERBB2,imgt:Multiple_myeloma_(MM),PLAUSIBLE,PLAUSIBLE,OFF-TARGET
225,CD3E;ERBB2,imgt:Non-Hodgkins_lymphoma_(NHL),PLAUSIBLE,PLAUSIBLE,OFF-TARGET
225,CD3E;ERBB2,imgt:Cancers_colorectal_(CRC),PLAUSIBLE,PLAUSIBLE,PLAUSIBLE
225,CD3E;ERBB2,imgt:Lymphoma_B_cell,PLAUSIBLE,PLAUSIBLE,OFF-TARGET
225,CD3E;ERBB2,imgt:Cancers_non-small_cell_lung_(NSCLC),PLAUSIBLE,PLAUSIBLE,PLAUSIBLE
225,CD3E;ERBB2,imgt:Cancers_ovarian,PLAUSIBLE,PLAUSIBLE,PLAUSIBLE
225,CD3E;ERBB2,imgt:Cancers_breast,PLAUSIBLE,PLAUSIBLE,OFF-TARGET
225,CD3E;ERBB2,imgt:Acute_lymphocytic_leukemia_(ALL),PLAUSIBLE,PLAUSIBLE,OFF-TARGET
225,CD3E;ERBB2,imgt:Glioblastoma_multiforme_(GBM),OFF-TARGET,OFF-TARGET,OFF-TARGET
225,CD3E;ERBB2,imgt:Cancers_prostate,PLAUSIBLE,PLAUSIBLE,OFF-TARGET
225,CD3E;ERBB2,imgt:Lymphoma,PLAUSIBLE,PLAUSIBLE,OFF-TARGET
225,CD3E;ERBB2,imgt:Melanoma,PLAUSIBLE,PLAUSIBLE,OFF-TARGET
225,CD3E;ERBB2,imgt:Cancers_gastric,PLAUSIBLE,PLAUSIBLE,PLAUSIBLE
225,CD3E;ERBB2,imgt:Chronic_lymphocytic_leukemia_(CLL),PLAUSIBLE,PLAUSIBLE,OFF-TARGET
225,CD3E;ERBB2,imgt:Lymphoproliferative_disease,OFF-TARGET,OFF-TARGET,OFF-TARGET
225,CD3E;ERBB2,imgt:Solid_tumors_advanced_or_metastatic,OFF-TARGET,OFF-TARGET,OFF-TARGET
226,PDCD1,imgt:Cancers_gastric,PLAUSIBLE,PLAUSIBLE,OFF-TARGET
226,PDCD1,imgt:Cancers_non-small_cell_lung_(NSCLC),PLAUSIBLE,PLAUSIBLE,OFF-TARGET
226,PDCD1,imgt:Lymphoma_diffuse_large_B_cell_(DLBCL),PLAUSIBLE,PLAUSIBLE,OFF-TARGET
226,PDCD1,imgt:Hodgkin_lymphoma,PLAUSIBLE,PLAUSIBLE,OFF-TARGET
226,PDCD1,imgt:Cancers_ovarian,PLAUSIBLE,PLAUSIBLE,OFF-TARGET
226,PDCD1,imgt:Non-Hodgkins_lymphoma_(NHL),PLAUSIBLE,PLAUSIBLE,OFF-TARGET
226,PDCD1,imgt:Cancers_breast,PLAUSIBLE,PLAUSIBLE,OFF-TARGET
226,PDCD1,imgt:Chronic_lymphocytic_leukemia_(CLL),OFF-TARGET,OFF-TARGET,OFF-TARGET
226,PDCD1,imgt:Cancers_colorectal_(CRC),PLAUSIBLE,PLAUSIBLE,OFF-TARGET
226,PDCD1,imgt:Cancers_colorectal_(CRC)_metastatic,PLAUSIBLE,PLAUSIBLE,OFF-TARGET
226,PDCD1,imgt:Carcinoma_nasopharyngeal_(NC),PLAUSIBLE,PLAUSIBLE,OFF-TARGET
226,PDCD1,imgt:Multiple_myeloma_(MM),PLAUSIBLE,PLAUSIBLE,OFF-TARGET
226,PDCD1,imgt:Hepatocellular_carcinoma_(HCC),PLAUSIBLE,PLAUSIBLE,OFF-TARGET
226,PDCD1,imgt:Melanoma_metastatic,PLAUSIBLE,PLAUSIBLE,OFF-TARGET
226,PDCD1,imgt:Lymphoma_follicular_(FL),PLAUSIBLE,PLAUSIBLE,OFF-TARGET
226,PDCD1,imgt:Cancers_head_and_neck,PLAUSIBLE,PLAUSIBLE,OFF-TARGET
226,PDCD1,imgt:Melanoma,PLAUSIBLE,PLAUSIBLE,OFF-TARGET
226,PDCD1,imgt:Carcinoma_head_and_neck_squamous_cell_carcinoma_(HNSCC),PLAUSIBLE,PLAUSIBLE,OFF-TARGET
226,PDCD1,imgt:Mesothelioma_pleural_malignant,PLAUSIBLE,PLAUSIBLE,OFF-TARGET
227,ERBB2,imgt:Cancers_non-small_cell_lung_(NSCLC),PLAUSIBLE,PLAUSIBLE,PLAUSIBLE
227,ERBB2,imgt:Cancers_ovarian,PLAUSIBLE,PLAUSIBLE,PLAUSIBLE
227,ERBB2,imgt:Cancers_prostate_metastatic,PLAUSIBLE,PLAUSIBLE,OFF-TARGET
227,ERBB2,imgt:Lymphoma_B_cell,OFF-TARGET,OFF-TARGET,OFF-TARGET
227,ERBB2,imgt:Multiple_myeloma_(MM),OFF-TARGET,OFF-TARGET,OFF-TARGET
227,ERBB2,imgt:ERBB2-positive_malignancies,OFF-TARGET,OFF-TARGET,OFF-TARGET
227,ERBB2,imgt:Non-Hodgkins_lymphoma_(NHL),OFF-TARGET,OFF-TARGET,OFF-TARGET
227,ERBB2,imgt:Cancers_breast,PLAUSIBLE,PLAUSIBLE,OFF-TARGET
227,ERBB2,imgt:Cancers_gastric,PLAUSIBLE,PLAUSIBLE,PLAUSIBLE
227,ERBB2,imgt:Cancers_prostate,PLAUSIBLE,PLAUSIBLE,OFF-TARGET
227,ERBB2,imgt:Relapsed_multiple_myeloma,OFF-TARGET,OFF-TARGET,OFF-TARGET
227,ERBB2,imgt:Colitis_ulcerative_(UC),PLAUSIBLE,PLAUSIBLE,OFF-TARGET
227,ERBB2,imgt:B_cell_leukemia,OFF-TARGET,OFF-TARGET,OFF-TARGET
227,ERBB2,imgt:Angiogenesis,OFF-TARGET,OFF-TARGET,OFF-TARGET
227,ERBB2,imgt:Adenocarcinoma,OFF-TARGET,OFF-TARGET,OFF-TARGET
227,ERBB2,imgt:Ewing_sarcoma,OFF-TARGET,OFF-TARGET,OFF-TARGET
227,ERBB2,imgt:Malignant_ascites,OFF-TARGET,OFF-TARGET,OFF-TARGET
228,HAVCR2,imgt:Cancers_non-small_cell_lung_(NSCLC),PLAUSIBLE,PLAUSIBLE,OFF-TARGET
228,HAVCR2,imgt:Non-Hodgkins_lymphoma_(NHL),PLAUSIBLE,OFF-TARGET,PLAUSIBLE
228,HAVCR2,imgt:Multiple_myeloma_(MM),OFF-TARGET,OFF-TARGET,OFF-TARGET
228,HAVCR2,imgt:Chronic_lymphocytic_leukemia_(CLL),PLAUSIBLE,PLAUSIBLE,OFF-TARGET
228,HAVCR2,imgt:Cancers_ovarian,OFF-TARGET,OFF-TARGET,OFF-TARGET
228,HAVCR2,imgt:Cancers_breast,PLAUSIBLE,OFF-TARGET,OFF-TARGET
228,HAVCR2,imgt:Cancers_gastric,PLAUSIBLE,OFF-TARGET,OFF-TARGET
228,HAVCR2,imgt:Acute_myeloid_leukemia_(AML),PLAUSIBLE,PLAUSIBLE,OFF-TARGET
228,HAVCR2,imgt:Cancers_pancreatic,PLAUSIBLE,OFF-TARGET,OFF-TARGET
228,HAVCR2,imgt:Solid_tumors_advanced_or_metastatic,OFF-TARGET,OFF-TARGET,OFF-TARGET
228,HAVCR2,imgt:Cancers_endometrial_(EC),OFF-TARGET,OFF-TARGET,OFF-TARGET
228,HAVCR2,imgt:Cancers_prostate,OFF-TARGET,OFF-TARGET,OFF-TARGET
228,HAVCR2,imgt:Lymphoma_diffuse_large_B_cell_(DLBCL),PLAUSIBLE,OFF-TARGET,PLAUSIBLE
228,HAVCR2,imgt:Cancers_head_and_neck,PLAUSIBLE,OFF-TARGET,OFF-TARGET
228,HAVCR2,imgt:Cancers_colorectal_(CRC),PLAUSIBLE,OFF-TARGET,OFF-TARGET
228,HAVCR2,imgt:Acute_lymphocytic_leukemia_(ALL),PLAUSIBLE,PLAUSIBLE,OFF-TARGET
228,HAVCR2,imgt:Hodgkin_lymphoma,PLAUSIBLE,OFF-TARGET,PLAUSIBLE
229,VEGFA,imgt:Cancers_non-small_cell_lung_(NSCLC),PLAUSIBLE,PLAUSIBLE,OFF-TARGET
229,VEGFA,imgt:Cancers_breast_ERB2_negative_metastatic,PLAUSIBLE,PLAUSIBLE,PLAUSIBLE
229,VEGFA,imgt:Lymphoma_diffuse_large_B_cell_(DLBCL),OFF-TARGET,OFF-TARGET,OFF-TARGET
229,VEGFA,imgt:Chronic_lymphocytic_leukemia_(CLL),OFF-TARGET,OFF-TARGET,OFF-TARGET
229,VEGFA,imgt:Multiple_myeloma_(MM),OFF-TARGET,OFF-TARGET,OFF-TARGET
229,VEGFA,imgt:Cancers_gastric,PLAUSIBLE,PLAUSIBLE,OFF-TARGET
229,VEGFA,imgt:Non-Hodgkins_lymphoma_(NHL),OFF-TARGET,OFF-TARGET,OFF-TARGET
229,VEGFA,imgt:Cancers_breast,PLAUSIBLE,PLAUSIBLE,PLAUSIBLE
229,VEGFA,imgt:Acute_myeloid_leukemia_(AML),OFF-TARGET,OFF-TARGET,OFF-TARGET
229,VEGFA,imgt:Cancers_breast_overexpressing_ERBB2_metastatic,PLAUSIBLE,PLAUSIBLE,PLAUSIBLE
229,VEGFA,imgt:Cancers_ovarian,PLAUSIBLE,PLAUSIBLE,OFF-TARGET
229,VEGFA,imgt:Carcinoma_head_and_neck_squamous_cell_carcinoma_(HNSCC),OFF-TARGET,OFF-TARGET,OFF-TARGET
229,VEGFA,imgt:Cancers_non-small_cell_lung_(NSCLC)_metastatic,PLAUSIBLE,PLAUSIBLE,OFF-TARGET
229,VEGFA,imgt:Cancers_colorectal_(CRC)_metastatic,PLAUSIBLE,PLAUSIBLE,OFF-TARGET
229,VEGFA,imgt:Cancers_head_and_neck,OFF-TARGET,OFF-TARGET,OFF-TARGET
229,VEGFA,imgt:Hepatocellular_carcinoma_(HCC),PLAUSIBLE,PLAUSIBLE,OFF-TARGET
229,VEGFA,imgt:Glioblastoma,PLAUSIBLE,PLAUSIBLE,OFF-TARGET
229,VEGFA,imgt:Melanoma,OFF-TARGET,OFF-TARGET,OFF-TARGET
229,VEGFA,imgt:Carcinoma_bladder_cancer_advanced_or_metastatic_urothelial_cancers,OFF-TARGET,OFF-TARGET,OFF-TARGET
230,CD40,imgt:Hepatocellular_carcinoma_(HCC)_metastatic,OFF-TARGET,OFF-TARGET,OFF-TARGET
230,CD40,imgt:Carcinoma_head_and_neck_squamous_cell_(HNSCC)_recurrent_or_metastatic,OFF-TARGET,OFF-TARGET,OFF-TARGET
230,CD40,imgt:Cancers_esophageal_metastatic,OFF-TARGET,OFF-TARGET,OFF-TARGET
230,CD40,imgt:Cancers_non-small_cell_lung_(NSCLC),PLAUSIBLE,PLAUSIBLE,OFF-TARGET
230,CD40,imgt:Cancers_gastric,OFF-TARGET,OFF-TARGET,OFF-TARGET
230,CD40,imgt:Chronic_lymphocytic_leukemia_(CLL),PLAUSIBLE,PLAUSIBLE,PLAUSIBLE
230,CD40,imgt:Non-Hodgkins_lymphoma_(NHL),PLAUSIBLE,PLAUSIBLE,PLAUSIBLE
230,CD40,imgt:Multiple_myeloma_(MM),PLAUSIBLE,OFF-TARGET,PLAUSIBLE
230,CD40,imgt:Cancers_breast,PLAUSIBLE,PLAUSIBLE,OFF-TARGET
230,CD40,imgt:Acute_myeloid_leukemia_(AML),PLAUSIBLE,PLAUSIBLE,OFF-TARGET
230,CD40,imgt:Cancers_ovarian,PLAUSIBLE,PLAUSIBLE,OFF-TARGET
230,CD40,imgt:Acute_lymphocytic_leukemia_(ALL),PLAUSIBLE,PLAUSIBLE,OFF-TARGET
230,CD40,imgt:Lymphoma,PLAUSIBLE,PLAUSIBLE,PLAUSIBLE
230,CD40,imgt:Cancers_head_and_neck,OFF-TARGET,OFF-TARGET,OFF-TARGET
230,CD40,imgt:Solid_tumors_advanced_or_metastatic,OFF-TARGET,OFF-TARGET,OFF-TARGET
230,CD40,imgt:Cancers_pancreatic,OFF-TARGET,OFF-TARGET,OFF-TARGET
230,CD40,imgt:Cancers_prostate,OFF-TARGET,OFF-TARGET,OFF-TARGET
231,CD3E;MS4A1,imgt:Lymphoma_follicular_(FL),PLAUSIBLE,PLAUSIBLE,OFF-TARGET
231,CD3E;MS4A1,imgt:Cancers_non-small_cell_lung_(NSCLC),PLAUSIBLE,PLAUSIBLE,OFF-TARGET
231,CD3E;MS4A1,imgt:Non-Hodgkins_lymphoma_(NHL),PLAUSIBLE,PLAUSIBLE,OFF-TARGET
231,CD3E;MS4A1,imgt:Chronic_lymphocytic_leukemia_(CLL),PLAUSIBLE,PLAUSIBLE,OFF-TARGET
231,CD3E;MS4A1,imgt:Multiple_myeloma_(MM),PLAUSIBLE,PLAUSIBLE,OFF-TARGET
231,CD3E;MS4A1,imgt:Acute_lymphocytic_leukemia_(ALL),PLAUSIBLE,PLAUSIBLE,OFF-TARGET
231,CD3E;MS4A1,imgt:Acute_myeloid_leukemia_(AML),PLAUSIBLE,PLAUSIBLE,OFF-TARGET
231,CD3E;MS4A1,imgt:Lymphoma_diffuse_large_B_cell_(DLBCL),PLAUSIBLE,PLAUSIBLE,OFF-TARGET
231,CD3E;MS4A1,imgt:Cancers_ovarian,PLAUSIBLE,PLAUSIBLE,OFF-TARGET
231,CD3E;MS4A1,imgt:Cancers_gastric,PLAUSIBLE,PLAUSIBLE,OFF-TARGET
231,CD3E;MS4A1,imgt:Cancers_breast,PLAUSIBLE,PLAUSIBLE,OFF-TARGET
231,CD3E;MS4A1,imgt:Melanoma,PLAUSIBLE,PLAUSIBLE,OFF-TARGET
231,CD3E;MS4A1,imgt:Cancers_pancreatic,OFF-TARGET,OFF-TARGET,OFF-TARGET
231,CD3E;MS4A1,imgt:Lymphoma_B_cell,PLAUSIBLE,PLAUSIBLE,OFF-TARGET
231,CD3E;MS4A1,imgt:B_cell_acute_lymphoblastic_leukemia_(B_cell_ALL),PLAUSIBLE,PLAUSIBLE,OFF-TARGET
231,CD3E;MS4A1,imgt:Lymphoma,PLAUSIBLE,PLAUSIBLE,OFF-TARGET
231,CD3E;MS4A1,imgt:Cancers_head_and_neck,OFF-TARGET,OFF-TARGET,OFF-TARGET
231,CD3E;MS4A1,imgt:Cancers_prostate,OFF-TARGET,OFF-TARGET,OFF-TARGET
233,KIR3DL2,imgt:Multiple_myeloma_(MM),OFF-TARGET,OFF-TARGET,OFF-TARGET
233,KIR3DL2,imgt:Cancers_non-small_cell_lung_(NSCLC),PLAUSIBLE,OFF-TARGET,OFF-TARGET
233,KIR3DL2,imgt:Acute_myeloid_leukemia_(AML),PLAUSIBLE,PLAUSIBLE,PLAUSIBLE
233,KIR3DL2,imgt:Chronic_lymphocytic_leukemia_(CLL),PLAUSIBLE,PLAUSIBLE,OFF-TARGET
233,KIR3DL2,imgt:Non-Hodgkins_lymphoma_(NHL),PLAUSIBLE,PLAUSIBLE,OFF-TARGET
233,KIR3DL2,imgt:Cancers_pancreatic,OFF-TARGET,OFF-TARGET,OFF-TARGET
233,KIR3DL2,imgt:Cancers_ovarian,OFF-TARGET,OFF-TARGET,OFF-TARGET
233,KIR3DL2,imgt:Lymphoma_diffuse_large_B_cell_(DLBCL),PLAUSIBLE,PLAUSIBLE,OFF-TARGET
233,KIR3DL2,imgt:Cancers_gastric,OFF-TARGET,OFF-TARGET,OFF-TARGET
233,KIR3DL2,imgt:Cancers_breast,OFF-TARGET,OFF-TARGET,OFF-TARGET
233,KIR3DL2,imgt:Acute_lymphocytic_leukemia_(ALL),PLAUSIBLE,PLAUSIBLE,PLAUSIBLE
233,KIR3DL2,imgt:Cancers_colorectal_(CRC),PLAUSIBLE,OFF-TARGET,OFF-TARGET
233,KIR3DL2,imgt:Rheumatoid_arthritis_(RA),PLAUSIBLE,OFF-TARGET,OFF-TARGET
233,KIR3DL2,imgt:Renal_cell_carcinoma_(RCC),OFF-TARGET,OFF-TARGET,OFF-TARGET
233,KIR3DL2,imgt:Cancers_head_and_neck,OFF-TARGET,OFF-TARGET,OFF-TARGET
233,KIR3DL2,imgt:Lymphoma_B_cell,PLAUSIBLE,PLAUSIBLE,OFF-TARGET
233,KIR3DL2,imgt:Melanoma,OFF-TARGET,OFF-TARGET,OFF-TARGET
233,KIR3DL2,imgt:Lymphoma_follicular_(FL),PLAUSIBLE,PLAUSIBLE,OFF-TARGET
234,CD52,imgt:Cancers_non-small_cell_lung_(NSCLC),PLAUSIBLE,OFF-TARGET,OFF-TARGET
234,CD52,imgt:Chronic_lymphocytic_leukemia_(CLL),PLAUSIBLE,PLAUSIBLE,OFF-TARGET
234,CD52,imgt:Non-Hodgkins_lymphoma_(NHL),PLAUSIBLE,PLAUSIBLE,OFF-TARGET
234,CD52,imgt:Multiple_myeloma_(MM),PLAUSIBLE,PLAUSIBLE,OFF-TARGET
234,CD52,imgt:Lymphoma_diffuse_large_B_cell_(DLBCL),PLAUSIBLE,PLAUSIBLE,OFF-TARGET
234,CD52,imgt:Cancers_gastric,OFF-TARGET,OFF-TARGET,OFF-TARGET
234,CD52,imgt:Cancers_breast,PLAUSIBLE,PLAUSIBLE,OFF-TARGET
234,CD52,imgt:Acute_myeloid_leukemia_(AML),PLAUSIBLE,PLAUSIBLE,OFF-TARGET
234,CD52,imgt:Cancers_head_and_neck,OFF-TARGET,OFF-TARGET,OFF-TARGET
234,CD52,imgt:Cancers_ovarian,OFF-TARGET,OFF-TARGET,OFF-TARGET
234,CD52,imgt:Melanoma,PLAUSIBLE,PLAUSIBLE,OFF-TARGET
234,CD52,imgt:Glioblastoma_multiforme_(GBM),OFF-TARGET,OFF-TARGET,OFF-TARGET
234,CD52,imgt:Cancers_colorectal_(CRC)_metastatic,OFF-TARGET,OFF-TARGET,OFF-TARGET
234,CD52,imgt:Glioblastoma,OFF-TARGET,OFF-TARGET,OFF-TARGET
234,CD52,imgt:Carcinoma_head_and_neck_squamous_cell_carcinoma_(HNSCC),OFF-TARGET,OFF-TARGET,OFF-TARGET
234,CD52,imgt:B_cell_acute_lymphoblastic_leukemia_(B_cell_ALL),PLAUSIBLE,PLAUSIBLE,OFF-TARGET
234,CD52,imgt:Cancers_colorectal_(CRC),OFF-TARGET,OFF-TARGET,OFF-TARGET
234,CD52,imgt:Carcinoma_bladder_cancer_advanced_or_metastatic_urothelial_cancers,OFF-TARGET,OFF-TARGET,OFF-TARGET
236,CD19,imgt:Acute_lymphocytic_leukemia_(ALL),PLAUSIBLE,PLAUSIBLE,OFF-TARGET
236,CD19,imgt:Cancers_non-small_cell_lung_(NSCLC),OFF-TARGET,OFF-TARGET,OFF-TARGET
236,CD19,imgt:Non-Hodgkins_lymphoma_(NHL),PLAUSIBLE,PLAUSIBLE,OFF-TARGET
236,CD19,imgt:Chronic_lymphocytic_leukemia_(CLL),PLAUSIBLE,PLAUSIBLE,OFF-TARGET
236,CD19,imgt:Multiple_myeloma_(MM),PLAUSIBLE,PLAUSIBLE,OFF-TARGET
236,CD19,imgt:Cancers_breast,OFF-TARGET,OFF-TARGET,OFF-TARGET
236,CD19,imgt:Acute_myeloid_leukemia_(AML),PLAUSIBLE,PLAUSIBLE,OFF-TARGET
236,CD19,imgt:Cancers_gastric,OFF-TARGET,OFF-TARGET,OFF-TARGET
236,CD19,imgt:Cancers_ovarian,OFF-TARGET,OFF-TARGET,OFF-TARGET
236,CD19,imgt:Cancers_head_and_neck,OFF-TARGET,OFF-TARGET,OFF-TARGET
236,CD19,imgt:Lymphoma_diffuse_large_B_cell_(DLBCL),PLAUSIBLE,PLAUSIBLE,OFF-TARGET
236,CD19,imgt:Glioblastoma_multiforme_(GBM),OFF-TARGET,OFF-TARGET,OFF-TARGET
236,CD19,imgt:Lymphoma,PLAUSIBLE,PLAUSIBLE,OFF-TARGET
236,CD19,imgt:Solid_tumors_advanced_or_metastatic,OFF-TARGET,OFF-TARGET,OFF-TARGET
236,CD19,imgt:Cancers_pancreatic,OFF-TARGET,OFF-TARGET,OFF-TARGET
236,CD19,imgt:Cancers_colorectal_(CRC),OFF-TARGET,OFF-TARGET,OFF-TARGET
236,CD19,imgt:Melanoma,OFF-TARGET,OFF-TARGET,OFF-TARGET
237,TNF,imgt:Cancers_non-small_cell_lung_(NSCLC),PLAUSIBLE,PLAUSIBLE,OFF-TARGET
237,TNF,imgt:Multiple_myeloma_(MM),OFF-TARGET,OFF-TARGET,OFF-TARGET
237,TNF,imgt:Non-Hodgkins_lymphoma_(NHL),OFF-TARGET,OFF-TARGET,OFF-TARGET
237,TNF,imgt:Carcinoma_head_and_neck_squamous_cell_carcinoma_(HNSCC),OFF-TARGET,OFF-TARGET,OFF-TARGET
237,TNF,imgt:Cancers_breast,OFF-TARGET,OFF-TARGET,OFF-TARGET
237,TNF,imgt:Cancers_ovarian,OFF-TARGET,OFF-TARGET,OFF-TARGET
237,TNF,imgt:Chronic_lymphocytic_leukemia_(CLL),PLAUSIBLE,PLAUSIBLE,OFF-TARGET
237,TNF,imgt:Acute_myeloid_leukemia_(AML),PLAUSIBLE,PLAUSIBLE,OFF-TARGET
237,TNF,imgt:Cancers_gastric,OFF-TARGET,OFF-TARGET,OFF-TARGET
237,TNF,imgt:Cancers_pancreatic,OFF-TARGET,OFF-TARGET,OFF-TARGET
237,TNF,imgt:Lymphoma_diffuse_large_B_cell_(DLBCL),OFF-TARGET,OFF-TARGET,OFF-TARGET
237,TNF,imgt:Glioblastoma_multiforme_(GBM),OFF-TARGET,OFF-TARGET,OFF-TARGET
237,TNF,imgt:Cancers_colorectal_(CRC),OFF-TARGET,OFF-TARGET,OFF-TARGET
237,TNF,imgt:Solid_tumors_advanced_or_metastatic,OFF-TARGET,OFF-TARGET,OFF-TARGET
237,TNF,imgt:Cancers_head_and_neck,OFF-TARGET,OFF-TARGET,OFF-TARGET
237,TNF,imgt:Renal_cell_carcinoma_(RCC),OFF-TARGET,OFF-TARGET,OFF-TARGET
237,TNF,imgt:Melanoma_metastatic,OFF-TARGET,OFF-TARGET,OFF-TARGET
237,TNF,imgt:Cancers_prostate,OFF-TARGET,OFF-TARGET,OFF-TARGET
239,MS4A1,imgt:Cancers_colon,OFF-TARGET,OFF-TARGET,OFF-TARGET
239,MS4A1,imgt:Cancers_small_cell_lung_(SCLC),PLAUSIBLE,PLAUSIBLE,OFF-TARGET
239,MS4A1,imgt:Malignant_ascites,OFF-TARGET,OFF-TARGET,OFF-TARGET
239,MS4A1,imgt:Cancers_rectal,OFF-TARGET,OFF-TARGET,OFF-TARGET
239,MS4A1,imgt:Cancers_ovarian,OFF-TARGET,OFF-TARGET,OFF-TARGET
239,MS4A1,imgt:Cancers_colorectal_(CRC),OFF-TARGET,OFF-TARGET,OFF-TARGET
239,MS4A1,imgt:Cutaneous_melanoma_lesions,OFF-TARGET,OFF-TARGET,OFF-TARGET
239,MS4A1,imgt:Non-Hodgkins_lymphoma_(NHL),PLAUSIBLE,PLAUSIBLE,OFF-TARGET
239,MS4A1,imgt:Acute_myeloid_leukemia_(AML),PLAUSIBLE,PLAUSIBLE,OFF-TARGET
239,MS4A1,imgt:Lymphoma_B_cell,PLAUSIBLE,PLAUSIBLE,OFF-TARGET
239,MS4A1,imgt:Cancers_breast,OFF-TARGET,OFF-TARGET,OFF-TARGET
239,MS4A1,imgt:Multiple_myeloma_(MM),PLAUSIBLE,PLAUSIBLE,OFF-TARGET
239,MS4A1,imgt:Cancers_pancreatic,OFF-TARGET,OFF-TARGET,OFF-TARGET
239,MS4A1,imgt:Melanoma,OFF-TARGET,OFF-TARGET,OFF-TARGET
239,MS4A1,imgt:B_cell_leukemia,PLAUSIBLE,PLAUSIBLE,OFF-TARGET
239,MS4A1,imgt:Lymphoma_diffuse_large_B_cell_(DLBCL),PLAUSIBLE,PLAUSIBLE,OFF-TARGET
239,MS4A1,imgt:Cancers_non-small_cell_lung_(NSCLC),PLAUSIBLE,PLAUSIBLE,OFF-TARGET
239,MS4A1,imgt:Melanoma_with_nodal_involvement_after_surgical_resection,OFF-TARGET,OFF-TARGET,OFF-TARGET
240,TNFRSF17,imgt:Cancers_non-small_cell_lung_(NSCLC),PLAUSIBLE,OFF-TARGET,OFF-TARGET
240,TNFRSF17,imgt:Non-Hodgkins_lymphoma_(NHL),PLAUSIBLE,OFF-TARGET,OFF-TARGET
240,TNFRSF17,imgt:Cancers_pancreatic,PLAUSIBLE,OFF-TARGET,OFF-TARGET
240,TNFRSF17,imgt:Acute_myeloid_leukemia_(AML),PLAUSIBLE,OFF-TARGET,OFF-TARGET
240,TNFRSF17,imgt:Cancers_ovarian,OFF-TARGET,OFF-TARGET,OFF-TARGET
240,TNFRSF17,imgt:Cancers_colorectal_(CRC),PLAUSIBLE,OFF-TARGET,OFF-TARGET
240,TNFRSF17,imgt:Multiple_myeloma_(MM),PLAUSIBLE,PLAUSIBLE,OFF-TARGET
240,TNFRSF17,imgt:Acute_lymphocytic_leukemia_(ALL),PLAUSIBLE,OFF-TARGET,OFF-TARGET
240,TNFRSF17,imgt:Chronic_lymphocytic_leukemia_(CLL),PLAUSIBLE,OFF-TARGET,OFF-TARGET
240,TNFRSF17,imgt:Cancers_breast,PLAUSIBLE,OFF-TARGET,OFF-TARGET
240,TNFRSF17,imgt:Lymphoma_B_cell,PLAUSIBLE,OFF-TARGET,OFF-TARGET
240,TNFRSF17,imgt:Cancers_gastric,PLAUSIBLE,OFF-TARGET,PLAUSIBLE
240,TNFRSF17,imgt:Cancers_head_and_neck,OFF-TARGET,OFF-TARGET,OFF-TARGET
240,TNFRSF17,imgt:Myelodysplastic_syndromes_(MDS),OFF-TARGET,OFF-TARGET,OFF-TARGET
240,TNFRSF17,imgt:Renal_cell_carcinoma_(RCC),OFF-TARGET,OFF-TARGET,OFF-TARGET
240,TNFRSF17,imgt:Solid_tumors_advanced_or_metastatic,OFF-TARGET,OFF-TARGET,OFF-TARGET
240,TNFRSF17,imgt:Lymphoma,PLAUSIBLE,OFF-TARGET,OFF-TARGET
240,TNFRSF17,imgt:Lymphoma_diffuse_large_B_cell_(DLBCL),PLAUSIBLE,OFF-TARGET,OFF-TARGET
241,SIRPA,imgt:Cancers_non-small_cell_lung_(NSCLC),PLAUSIBLE,OFF-TARGET,OFF-TARGET
241,SIRPA,imgt:Non-Hodgkins_lymphoma_(NHL),OFF-TARGET,OFF-TARGET,OFF-TARGET
241,SIRPA,imgt:Multiple_myeloma_(MM),PLAUSIBLE,OFF-TARGET,OFF-TARGET
241,SIRPA,imgt:Chronic_lymphocytic_leukemia_(CLL),PLAUSIBLE,OFF-TARGET,OFF-TARGET
241,SIRPA,imgt:Cancers_breast,PLAUSIBLE,OFF-TARGET,OFF-TARGET
241,SIRPA,imgt:Cancers_ovarian,OFF-TARGET,OFF-TARGET,OFF-TARGET
241,SIRPA,imgt:Acute_myeloid_leukemia_(AML),PLAUSIBLE,OFF-TARGET,OFF-TARGET
241,SIRPA,imgt:Cancers_prostate_metastatic,PLAUSIBLE,OFF-TARGET,OFF-TARGET
241,SIRPA,imgt:Cancers_gastric,PLAUSIBLE,OFF-TARGET,OFF-TARGET
241,SIRPA,imgt:Solid_tumors_advanced_or_metastatic,OFF-TARGET,OFF-TARGET,OFF-TARGET
241,SIRPA,imgt:Cancers_colorectal_(CRC),PLAUSIBLE,OFF-TARGET,OFF-TARGET
241,SIRPA,imgt:Acute_lymphocytic_leukemia_(ALL),PLAUSIBLE,OFF-TARGET,OFF-TARGET
241,SIRPA,imgt:Cancers_pancreatic,PLAUSIBLE,OFF-TARGET,OFF-TARGET
241,SIRPA,imgt:Cancers_prostate,PLAUSIBLE,OFF-TARGET,OFF-TARGET
241,SIRPA,imgt:Lymphoma_diffuse_large_B_cell_(DLBCL),PLAUSIBLE,OFF-TARGET,OFF-TARGET
241,SIRPA,imgt:Cancers_head_and_neck,PLAUSIBLE,OFF-TARGET,OFF-TARGET
241,SIRPA,imgt:Renal_cell_carcinoma_(RCC),PLAUSIBLE,OFF-TARGET,OFF-TARGET
242,PDGFRA,imgt:Cancers_non-small_cell_lung_(NSCLC),PLAUSIBLE,PLAUSIBLE,OFF-TARGET
242,PDGFRA,imgt:Non-Hodgkins_lymphoma_(NHL),OFF-TARGET,OFF-TARGET,OFF-TARGET
242,PDGFRA,imgt:Cancers_breast,PLAUSIBLE,PLAUSIBLE,OFF-TARGET
242,PDGFRA,imgt:Cancers_pancreatic,OFF-TARGET,OFF-TARGET,OFF-TARGET
242,PDGFRA,imgt:Lymphoma_B_cell,OFF-TARGET,OFF-TARGET,OFF-TARGET
242,PDGFRA,imgt:Cancers_head_and_neck,OFF-TARGET,OFF-TARGET,OFF-TARGET
242,PDGFRA,imgt:Multiple_myeloma_(MM),PLAUSIBLE,PLAUSIBLE,OFF-TARGET
242,PDGFRA,imgt:Acute_myeloid_leukemia_(AML),PLAUSIBLE,PLAUSIBLE,OFF-TARGET
242,PDGFRA,imgt:Cancers_ovarian,PLAUSIBLE,PLAUSIBLE,PLAUSIBLE
242,PDGFRA,imgt:Cancers_colorectal_(CRC),PLAUSIBLE,PLAUSIBLE,OFF-TARGET
242,PDGFRA,imgt:Chronic_lymphocytic_leukemia_(CLL),PLAUSIBLE,PLAUSIBLE,OFF-TARGET
242,PDGFRA,imgt:Glioblastoma_multiforme_(GBM),PLAUSIBLE,PLAUSIBLE,OFF-TARGET
242,PDGFRA,imgt:Acute_lymphocytic_leukemia_(ALL),PLAUSIBLE,PLAUSIBLE,OFF-TARGET
242,PDGFRA,imgt:Solid_tumors_advanced_or_metastatic,OFF-TARGET,OFF-TARGET,OFF-TARGET
242,PDGFRA,imgt:Cancers_gastric,OFF-TARGET,OFF-TARGET,OFF-TARGET
242,PDGFRA,imgt:Hodgkin_lymphoma,OFF-TARGET,OFF-TARGET,OFF-TARGET
242,PDGFRA,imgt:Lymphoma_diffuse_large_B_cell_(DLBCL),OFF-TARGET,OFF-TARGET,OFF-TARGET
242,PDGFRA,imgt:Renal_cell_carcinoma_(RCC),PLAUSIBLE,PLAUSIBLE,OFF-TARGET
243,CD38,imgt:Lymphoma_diffuse_large_B_cell_(DLBCL),PLAUSIBLE,PLAUSIBLE,OFF-TARGET
243,CD38,imgt:Cancers_non-small_cell_lung_(NSCLC),PLAUSIBLE,PLAUSIBLE,OFF-TARGET
243,CD38,imgt:Cancers_colorectal_(CRC)_metastatic,PLAUSIBLE,OFF-TARGET,OFF-TARGET
243,CD38,imgt:Chronic_lymphocytic_leukemia_(CLL),PLAUSIBLE,PLAUSIBLE,OFF-TARGET
243,CD38,imgt:Cancers_small_cell_lung_(SCLC),PLAUSIBLE,PLAUSIBLE,OFF-TARGET
243,CD38,imgt:Multiple_myeloma_(MM),PLAUSIBLE,PLAUSIBLE,PLAUSIBLE
243,CD38,imgt:Cancers_breast_overexpressing_ERBB2_metastatic,PLAUSIBLE,PLAUSIBLE,OFF-TARGET
243,CD38,imgt:Cancers_gastric,OFF-TARGET,OFF-TARGET,OFF-TARGET
243,CD38,imgt:Melanoma,PLAUSIBLE,OFF-TARGET,OFF-TARGET
243,CD38,imgt:Merkel_cell_carcinoma_(MCC)_metastatic,OFF-TARGET,OFF-TARGET,OFF-TARGET
243,CD38,imgt:Carcinoma_bladder_cancer_advanced_or_metastatic_urothelial_cancers,OFF-TARGET,OFF-TARGET,OFF-TARGET
243,CD38,imgt:Lymphoma_follicular_(FL),PLAUSIBLE,PLAUSIBLE,OFF-TARGET
243,CD38,imgt:Non-Hodgkins_lymphoma_(NHL),PLAUSIBLE,PLAUSIBLE,OFF-TARGET
243,CD38,imgt:Lymphoproliferative_disorder_giant_lymph_node_hyperplasia_(Castlemans_disease),OFF-TARGET,OFF-TARGET,OFF-TARGET
243,CD38,imgt:Hepatocellular_carcinoma_(HCC),PLAUSIBLE,PLAUSIBLE,OFF-TARGET
243,CD38,imgt:Carcinoma_head_and_neck_squamous_cell_carcinoma_(HNSCC),OFF-TARGET,OFF-TARGET,OFF-TARGET
243,CD38,imgt:B_cell_acute_lymphoblastic_leukemia_(B_cell_ALL),PLAUSIBLE,PLAUSIBLE,OFF-TARGET
243,CD38,imgt:Cancers_breast,PLAUSIBLE,PLAUSIBLE,OFF-TARGET
243,CD38,imgt:Non-Hodgkins_lymphoma_(NHL)_follicular_CD20_positive_relapsed_or_refractory_low_grade,PLAUSIBLE,PLAUSIBLE,OFF-TARGET
244,PDCD1,imgt:Cancers_non-small_cell_lung_(NSCLC),PLAUSIBLE,PLAUSIBLE,OFF-TARGET
244,PDCD1,imgt:Non-Hodgkins_lymphoma_(NHL),PLAUSIBLE,PLAUSIBLE,OFF-TARGET
244,PDCD1,imgt:Multiple_myeloma_(MM),PLAUSIBLE,PLAUSIBLE,OFF-TARGET
244,PDCD1,imgt:Chronic_lymphocytic_leukemia_(CLL),OFF-TARGET,OFF-TARGET,OFF-TARGET
244,PDCD1,imgt:Lymphoma_follicular_(FL),PLAUSIBLE,PLAUSIBLE,OFF-TARGET
244,PDCD1,imgt:Cancers_gastric,PLAUSIBLE,PLAUSIBLE,OFF-TARGET
244,PDCD1,imgt:Cancers_ovarian,PLAUSIBLE,PLAUSIBLE,OFF-TARGET
244,PDCD1,imgt:Acute_myeloid_leukemia_(AML),OFF-TARGET,OFF-TARGET,OFF-TARGET
244,PDCD1,imgt:Cancers_breast,PLAUSIBLE,PLAUSIBLE,OFF-TARGET
244,PDCD1,imgt:Cancers_colorectal_(CRC),PLAUSIBLE,PLAUSIBLE,OFF-TARGET
244,PDCD1,imgt:Acute_lymphocytic_leukemia_(ALL),OFF-TARGET,OFF-TARGET,OFF-TARGET
244,PDCD1,imgt:Solid_tumors_advanced_or_metastatic,OFF-TARGET,OFF-TARGET,OFF-TARGET
244,PDCD1,imgt:Lymphoma_diffuse_large_B_cell_(DLBCL),PLAUSIBLE,PLAUSIBLE,OFF-TARGET
244,PDCD1,imgt:Cancers_pancreatic,OFF-TARGET,OFF-TARGET,OFF-TARGET
244,PDCD1,imgt:Hodgkin_lymphoma,PLAUSIBLE,PLAUSIBLE,OFF-TARGET
244,PDCD1,imgt:Lymphoma,PLAUSIBLE,PLAUSIBLE,OFF-TARGET
244,PDCD1,imgt:Cancers_prostate_metastatic,PLAUSIBLE,PLAUSIBLE,OFF-TARGET
245,TNFRSF8,imgt:Lymphoma_diffuse_large_B_cell_(DLBCL),PLAUSIBLE,PLAUSIBLE,OFF-TARGET
245,TNFRSF8,imgt:Cancers_non-small_cell_lung_(NSCLC),OFF-TARGET,OFF-TARGET,OFF-TARGET
245,TNFRSF8,imgt:Chronic_lymphocytic_leukemia_(CLL),PLAUSIBLE,PLAUSIBLE,OFF-TARGET
245,TNFRSF8,imgt:Anaplastic_large_cell_lymphoma_(ALCL),PLAUSIBLE,PLAUSIBLE,OFF-TARGET
245,TNFRSF8,imgt:Multiple_myeloma_(MM),OFF-TARGET,OFF-TARGET,OFF-TARGET
245,TNFRSF8,imgt:Cancers_gastric,OFF-TARGET,OFF-TARGET,OFF-TARGET
245,TNFRSF8,imgt:Primary_cutaneous_anaplastic_large_cell_lymphoma_(pcALCL),PLAUSIBLE,PLAUSIBLE,OFF-TARGET
245,TNFRSF8,imgt:Non-Hodgkins_lymphoma_(NHL),PLAUSIBLE,PLAUSIBLE,OFF-TARGET
245,TNFRSF8,imgt:Lymphoma_cutaneous_T_cell_(CTCL),PLAUSIBLE,PLAUSIBLE,OFF-TARGET
245,TNFRSF8,imgt:Cancers_breast,PLAUSIBLE,OFF-TARGET,PLAUSIBLE
245,TNFRSF8,imgt:Hepatocellular_carcinoma_(HCC),OFF-TARGET,OFF-TARGET,OFF-TARGET
245,TNFRSF8,imgt:Acute_myeloid_leukemia_(AML),PLAUSIBLE,PLAUSIBLE,OFF-TARGET
245,TNFRSF8,imgt:Cancers_pancreatic,OFF-TARGET,OFF-TARGET,OFF-TARGET
245,TNFRSF8,imgt:Cancers_colorectal_(CRC)_metastatic,PLAUSIBLE,OFF-TARGET,OFF-TARGET
245,TNFRSF8,imgt:Cancers_ovarian,OFF-TARGET,OFF-TARGET,OFF-TARGET
245,TNFRSF8,imgt:Lymphoma_follicular_(FL),PLAUSIBLE,PLAUSIBLE,OFF-TARGET
245,TNFRSF8,imgt:Melanoma_metastatic,OFF-TARGET,OFF-TARGET,OFF-TARGET
245,TNFRSF8,imgt:Carcinoma_bladder_cancer_advanced_or_metastatic_urothelial_cancers,OFF-TARGET,OFF-TARGET,OFF-TARGET
245,TNFRSF8,imgt:Carcinoma_head_and_neck_squamous_cell_carcinoma_(HNSCC),OFF-TARGET,OFF-TARGET,OFF-TARGET
246,CD274,imgt:Carcinoma_bladder_cancer_advanced_or_metastatic_urothelial_cancers,PLAUSIBLE,PLAUSIBLE,OFF-TARGET
246,CD274,imgt:Lymphoma_diffuse_large_B_cell_(DLBCL),OFF-TARGET,OFF-TARGET,OFF-TARGET
246,CD274,imgt:Cancers_small_cell_lung_(SCLC),PLAUSIBLE,PLAUSIBLE,OFF-TARGET
246,CD274,imgt:Cancers_renal,PLAUSIBLE,PLAUSIBLE,OFF-TARGET
246,CD274,imgt:Cancers_colorectal_(CRC)_metastatic,PLAUSIBLE,PLAUSIBLE,OFF-TARGET
246,CD274,imgt:Cancers_non-small_cell_lung_(NSCLC),PLAUSIBLE,PLAUSIBLE,OFF-TARGET
246,CD274,imgt:Cancers_breast,PLAUSIBLE,PLAUSIBLE,OFF-TARGET
246,CD274,imgt:Chronic_lymphocytic_leukemia_(CLL),OFF-TARGET,OFF-TARGET,OFF-TARGET
246,CD274,imgt:Cancers_gastric,PLAUSIBLE,PLAUSIBLE,OFF-TARGET
246,CD274,imgt:Multiple_myeloma_(MM),OFF-TARGET,OFF-TARGET,OFF-TARGET
246,CD274,imgt:Cancers_breast_triple_negative_(TNBC),PLAUSIBLE,PLAUSIBLE,OFF-TARGET
246,CD274,imgt:Cancers_breast_overexpressing_ERBB2_metastatic,PLAUSIBLE,PLAUSIBLE,OFF-TARGET
246,CD274,imgt:Lymphoproliferative_disorder_giant_lymph_node_hyperplasia_(Castlemans_disease),OFF-TARGET,OFF-TARGET,OFF-TARGET
246,CD274,imgt:Melanoma,PLAUSIBLE,PLAUSIBLE,OFF-TARGET
246,CD274,imgt:Lymphoma_follicular_(FL),OFF-TARGET,OFF-TARGET,OFF-TARGET
246,CD274,imgt:Mesothelioma_pleural_malignant,PLAUSIBLE,PLAUSIBLE,OFF-TARGET
246,CD274,imgt:B_cell_acute_lymphoblastic_leukemia_(B_cell_ALL),OFF-TARGET,OFF-TARGET,OFF-TARGET
246,CD274,imgt:Non-Hodgkins_lymphoma_(NHL),OFF-TARGET,OFF-TARGET,OFF-TARGET
246,CD274,imgt:Cancers_bladder,PLAUSIBLE,PLAUSIBLE,OFF-TARGET
246,CD274,imgt:Merkel_cell_carcinoma_(MCC)_metastatic,PLAUSIBLE,PLAUSIBLE,OFF-TARGET
248,MSLN,imgt:Cancers_non-small_cell_lung_(NSCLC),PLAUSIBLE,PLAUSIBLE,OFF-TARGET
248,MSLN,imgt:Non-Hodgkins_lymphoma_(NHL),OFF-TARGET,OFF-TARGET,OFF-TARGET
248,MSLN,imgt:Multiple_myeloma_(MM),OFF-TARGET,OFF-TARGET,OFF-TARGET
248,MSLN,imgt:Cancers_ovarian,PLAUSIBLE,PLAUSIBLE,PLAUSIBLE
248,MSLN,imgt:Cancers_prostate_metastatic,OFF-TARGET,OFF-TARGET,OFF-TARGET
248,MSLN,imgt:Cancers_breast,PLAUSIBLE,PLAUSIBLE,OFF-TARGET
248,MSLN,imgt:Cancers_colorectal_(CRC),PLAUSIBLE,OFF-TARGET,OFF-TARGET
248,MSLN,imgt:Cancers_gastric,PLAUSIBLE,OFF-TARGET,OFF-TARGET
248,MSLN,imgt:Chronic_lymphocytic_leukemia_(CLL),PLAUSIBLE,OFF-TARGET,OFF-TARGET
248,MSLN,imgt:Cancers_prostate,OFF-TARGET,OFF-TARGET,OFF-TARGET
248,MSLN,imgt:Acute_myeloid_leukemia_(AML),PLAUSIBLE,OFF-TARGET,OFF-TARGET
248,MSLN,imgt:Cholangiocarcinoma,PLAUSIBLE,PLAUSIBLE,OFF-TARGET
248,MSLN,imgt:Solid_tumors_advanced_or_metastatic,OFF-TARGET,OFF-TARGET,OFF-TARGET
248,MSLN,imgt:Acute_lymphocytic_leukemia_(ALL),PLAUSIBLE,OFF-TARGET,OFF-TARGET
248,MSLN,imgt:Cancers_non-small_cell_lung_(NSCLC)_metastatic,PLAUSIBLE,PLAUSIBLE,OFF-TARGET
248,MSLN,imgt:Lymphoma_diffuse_large_B_cell_(DLBCL),OFF-TARGET,OFF-TARGET,OFF-TARGET
248,MSLN,imgt:Renal_cell_carcinoma_(RCC),OFF-TARGET,OFF-TARGET,OFF-TARGET
249,CD276,imgt:Cancers_non-small_cell_lung_(NSCLC),PLAUSIBLE,PLAUSIBLE,OFF-TARGET
249,CD276,imgt:Multiple_myeloma_(MM),OFF-TARGET,OFF-TARGET,OFF-TARGET
249,CD276,imgt:Non-Hodgkins_lymphoma_(NHL),OFF-TARGET,OFF-TARGET,OFF-TARGET
249,CD276,imgt:Chronic_lymphocytic_leukemia_(CLL),PLAUSIBLE,OFF-TARGET,OFF-TARGET
249,CD276,imgt:Acute_myeloid_leukemia_(AML),PLAUSIBLE,OFF-TARGET,OFF-TARGET
249,CD276,imgt:Cancers_ovarian,PLAUSIBLE,PLAUSIBLE,OFF-TARGET
249,CD276,imgt:Cancers_breast,PLAUSIBLE,OFF-TARGET,PLAUSIBLE
249,CD276,imgt:Cancers_colorectal_(CRC),PLAUSIBLE,OFF-TARGET,OFF-TARGET
249,CD276,imgt:Cancers_pancreatic,PLAUSIBLE,OFF-TARGET,OFF-TARGET
249,CD276,imgt:Cancers_gastric,PLAUSIBLE,OFF-TARGET,OFF-TARGET
249,CD276,imgt:Lymphoma_diffuse_large_B_cell_(DLBCL),OFF-TARGET,OFF-TARGET,OFF-TARGET
249,CD276,imgt:Renal_cell_carcinoma_(RCC),PLAUSIBLE,OFF-TARGET,OFF-TARGET
249,CD276,imgt:Solid_tumors_advanced_or_metastatic,OFF-TARGET,OFF-TARGET,OFF-TARGET
249,CD276,imgt:Cancers_head_and_neck,PLAUSIBLE,PLAUSIBLE,OFF-TARGET
249,CD276,imgt:Glioblastoma_multiforme_(GBM),PLAUSIBLE,OFF-TARGET,OFF-TARGET
249,CD276,imgt:Lymphoma_B_cell,OFF-TARGET,OFF-TARGET,OFF-TARGET
249,CD276,imgt:Acute_lymphocytic_leukemia_(ALL),PLAUSIBLE,OFF-TARGET,OFF-TARGET
251,DLL3,imgt:Cancers_non-small_cell_lung_(NSCLC),PLAUSIBLE,PLAUSIBLE,OFF-TARGET
251,DLL3,imgt:Non-Hodgkins_lymphoma_(NHL),OFF-TARGET,OFF-TARGET,OFF-TARGET
251,DLL3,imgt:Multiple_myeloma_(MM),OFF-TARGET,OFF-TARGET,OFF-TARGET
251,DLL3,imgt:Chronic_lymphocytic_leukemia_(CLL),OFF-TARGET,OFF-TARGET,OFF-TARGET
251,DLL3,imgt:Cancers_breast,OFF-TARGET,OFF-TARGET,OFF-TARGET
251,DLL3,imgt:Lymphoma_diffuse_large_B_cell_(DLBCL),OFF-TARGET,OFF-TARGET,OFF-TARGET
251,DLL3,imgt:Cancers_gastric,PLAUSIBLE,OFF-TARGET,OFF-TARGET
251,DLL3,imgt:Cancers_ovarian,OFF-TARGET,OFF-TARGET,OFF-TARGET
251,DLL3,imgt:Acute_myeloid_leukemia_(AML),OFF-TARGET,OFF-TARGET,OFF-TARGET
251,DLL3,imgt:Cancers_head_and_neck,OFF-TARGET,OFF-TARGET,OFF-TARGET
251,DLL3,imgt:Cancers_non-small_cell_lung_(NSCLC)_metastatic,PLAUSIBLE,PLAUSIBLE,OFF-TARGET
251,DLL3,imgt:Cancers_prostate_metastatic,PLAUSIBLE,PLAUSIBLE,OFF-TARGET
251,DLL3,imgt:Carcinoma_head_and_neck_squamous_cell_carcinoma_(HNSCC),OFF-TARGET,OFF-TARGET,OFF-TARGET
251,DLL3,imgt:Cancers_pancreatic,OFF-TARGET,OFF-TARGET,OFF-TARGET
251,DLL3,imgt:Solid_tumors_advanced_or_metastatic,OFF-TARGET,OFF-TARGET,OFF-TARGET
251,DLL3,imgt:Cancers_colorectal_(CRC),OFF-TARGET,OFF-TARGET,OFF-TARGET
251,DLL3,imgt:Glioblastoma_multiforme_(GBM),PLAUSIBLE,PLAUSIBLE,OFF-TARGET
252,TIGIT,imgt:Cancers_non-small_cell_lung_(NSCLC),PLAUSIBLE,PLAUSIBLE,OFF-TARGET
252,TIGIT,imgt:Multiple_myeloma_(MM),OFF-TARGET,OFF-TARGET,OFF-TARGET
252,TIGIT,imgt:Non-Hodgkins_lymphoma_(NHL),PLAUSIBLE,PLAUSIBLE,OFF-TARGET
252,TIGIT,imgt:Chronic_lymphocytic_leukemia_(CLL),PLAUSIBLE,OFF-TARGET,PLAUSIBLE
252,TIGIT,imgt:Cancers_breast,PLAUSIBLE,PLAUSIBLE,OFF-TARGET
252,TIGIT,imgt:Cancers_gastric,PLAUSIBLE,PLAUSIBLE,PLAUSIBLE
252,TIGIT,imgt:Cancers_ovarian,PLAUSIBLE,PLAUSIBLE,OFF-TARGET
252,TIGIT,imgt:Lymphoma_diffuse_large_B_cell_(DLBCL),PLAUSIBLE,PLAUSIBLE,OFF-TARGET
252,TIGIT,imgt:Acute_myeloid_leukemia_(AML),PLAUSIBLE,OFF-TARGET,OFF-TARGET
252,TIGIT,imgt:Solid_tumors_advanced_or_metastatic,OFF-TARGET,OFF-TARGET,OFF-TARGET
252,TIGIT,imgt:Cancers_prostate_metastatic,OFF-TARGET,OFF-TARGET,OFF-TARGET
252,TIGIT,imgt:Cancers_pancreatic,OFF-TARGET,OFF-TARGET,OFF-TARGET
252,TIGIT,imgt:Cancers_head_and_neck,PLAUSIBLE,PLAUSIBLE,OFF-TARGET
252,TIGIT,imgt:Cancers_colorectal_(CRC),PLAUSIBLE,PLAUSIBLE,OFF-TARGET
252,TIGIT,imgt:Carcinoma_head_and_neck_squamous_cell_carcinoma_(HNSCC),PLAUSIBLE,PLAUSIBLE,OFF-TARGET
252,TIGIT,imgt:Melanoma_metastatic,PLAUSIBLE,PLAUSIBLE,OFF-TARGET
252,TIGIT,imgt:Cancers_non-small_cell_lung_(NSCLC)_metastatic,PLAUSIBLE,PLAUSIBLE,OFF-TARGET
253,ERBB3,imgt:Cancers_non-small_cell_lung_(NSCLC),PLAUSIBLE,PLAUSIBLE,OFF-TARGET
253,ERBB3,imgt:Non-Hodgkins_lymphoma_(NHL),OFF-TARGET,OFF-TARGET,OFF-TARGET
253,ERBB3,imgt:Chronic_lymphocytic_leukemia_(CLL),OFF-TARGET,OFF-TARGET,OFF-TARGET
253,ERBB3,imgt:Multiple_myeloma_(MM),OFF-TARGET,OFF-TARGET,OFF-TARGET
253,ERBB3,imgt:Cancers_breast,PLAUSIBLE,PLAUSIBLE,OFF-TARGET
253,ERBB3,imgt:Cancers_ovarian,OFF-TARGET,OFF-TARGET,OFF-TARGET
253,ERBB3,imgt:Cancers_gastric,PLAUSIBLE,PLAUSIBLE,OFF-TARGET
253,ERBB3,imgt:Acute_myeloid_leukemia_(AML),OFF-TARGET,OFF-TARGET,OFF-TARGET
253,ERBB3,imgt:Cancers_head_and_neck,PLAUSIBLE,PLAUSIBLE,OFF-TARGET
253,ERBB3,imgt:Lymphoma_diffuse_large_B_cell_(DLBCL),OFF-TARGET,OFF-TARGET,OFF-TARGET
253,ERBB3,imgt:Acute_lymphocytic_leukemia_(ALL),OFF-TARGET,OFF-TARGET,OFF-TARGET
253,ERBB3,imgt:Cancers_prostate_metastatic,PLAUSIBLE,OFF-TARGET,OFF-TARGET
253,ERBB3,imgt:Solid_tumors_advanced_or_metastatic,OFF-TARGET,OFF-TARGET,OFF-TARGET
253,ERBB3,imgt:Cancers_prostate,PLAUSIBLE,OFF-TARGET,OFF-TARGET
253,ERBB3,imgt:Cancers_pancreatic,PLAUSIBLE,PLAUSIBLE,OFF-TARGET
253,ERBB3,imgt:Cancers_colorectal_(CRC),PLAUSIBLE,PLAUSIBLE,OFF-TARGET
253,ERBB3,imgt:Renal_cell_carcinoma_(RCC),OFF-TARGET,OFF-TARGET,OFF-TARGET
253,ERBB3,imgt:Lymphoma_follicular_(FL),OFF-TARGET,OFF-TARGET,OFF-TARGET
254,TACSTD2,imgt:Cancers_non-small_cell_lung_(NSCLC),PLAUSIBLE,PLAUSIBLE,OFF-TARGET
254,TACSTD2,imgt:Cancers_pancreatic,OFF-TARGET,OFF-TARGET,OFF-TARGET
254,TACSTD2,imgt:Non-Hodgkins_lymphoma_(NHL),OFF-TARGET,OFF-TARGET,OFF-TARGET
254,TACSTD2,imgt:Cancers_ovarian,PLAUSIBLE,PLAUSIBLE,OFF-TARGET
254,TACSTD2,imgt:Lymphoma_B_cell,OFF-TARGET,OFF-TARGET,OFF-TARGET
254,TACSTD2,imgt:Chronic_lymphocytic_leukemia_(CLL),PLAUSIBLE,OFF-TARGET,OFF-TARGET
254,TACSTD2,imgt:Cancers_breast,PLAUSIBLE,PLAUSIBLE,OFF-TARGET
254,TACSTD2,imgt:Acute_myeloid_leukemia_(AML),OFF-TARGET,OFF-TARGET,OFF-TARGET
254,TACSTD2,imgt:Cancers_colorectal_(CRC),PLAUSIBLE,PLAUSIBLE,OFF-TARGET
254,TACSTD2,imgt:Cancers_gastric,PLAUSIBLE,PLAUSIBLE,OFF-TARGET
254,TACSTD2,imgt:Multiple_myeloma_(MM),OFF-TARGET,OFF-TARGET,OFF-TARGET
254,TACSTD2,imgt:Lymphoma_diffuse_large_B_cell_(DLBCL),OFF-TARGET,OFF-TARGET,OFF-TARGET
254,TACSTD2,imgt:Cancers_colorectal_(CRC)_metastatic,PLAUSIBLE,PLAUSIBLE,OFF-TARGET
254,TACSTD2,imgt:Cancers_urothelial_(UC),PLAUSIBLE,PLAUSIBLE,OFF-TARGET
254,TACSTD2,imgt:Soft-tissue_sarcoma_(STS),OFF-TARGET,OFF-TARGET,OFF-TARGET
254,TACSTD2,imgt:Cancers_small_cell_lung_(SCLC),PLAUSIBLE,PLAUSIBLE,OFF-TARGET
254,TACSTD2,imgt:Renal_cell_carcinoma_(RCC),PLAUSIBLE,PLAUSIBLE,OFF-TARGET
254,TACSTD2,imgt:Acute_lymphocytic_leukemia_(ALL),OFF-TARGET,OFF-TARGET,OFF-TARGET
255,KDR,imgt:Cancers_gastric,PLAUSIBLE,PLAUSIBLE,OFF-TARGET
255,KDR,imgt:Cancers_non-small_cell_lung_(NSCLC),PLAUSIBLE,PLAUSIBLE,OFF-TARGET
255,KDR,imgt:Cancers_breast,PLAUSIBLE,PLAUSIBLE,OFF-TARGET
255,KDR,imgt:Cancers_colorectal_(CRC)_metastatic,PLAUSIBLE,PLAUSIBLE,OFF-TARGET
255,KDR,imgt:Hepatocellular_carcinoma_(HCC),PLAUSIBLE,PLAUSIBLE,OFF-TARGET
255,KDR,imgt:Lymphoma_diffuse_large_B_cell_(DLBCL),OFF-TARGET,OFF-TARGET,OFF-TARGET
255,KDR,imgt:Non-Hodgkins_lymphoma_(NHL),OFF-TARGET,OFF-TARGET,OFF-TARGET
255,KDR,imgt:Chronic_lymphocytic_leukemia_(CLL),PLAUSIBLE,PLAUSIBLE,OFF-TARGET
255,KDR,imgt:Cancers_ovarian,PLAUSIBLE,PLAUSIBLE,OFF-TARGET
255,KDR,imgt:Rheumatoid_arthritis_(RA),OFF-TARGET,OFF-TARGET,OFF-TARGET
255,KDR,imgt:Cancers_head_and_neck,PLAUSIBLE,PLAUSIBLE,OFF-TARGET
255,KDR,imgt:Multiple_myeloma_(MM),OFF-TARGET,OFF-TARGET,OFF-TARGET
255,KDR,imgt:Mesothelioma_pleural_malignant,OFF-TARGET,OFF-TARGET,OFF-TARGET
255,KDR,imgt:Melanoma,PLAUSIBLE,PLAUSIBLE,OFF-TARGET
255,KDR,imgt:Melanoma_metastatic,PLAUSIBLE,PLAUSIBLE,OFF-TARGET
255,KDR,imgt:Large-vessel_vasculitis,OFF-TARGET,OFF-TARGET,OFF-TARGET
255,KDR,imgt:Myasthenia_Gravis_(MG),OFF-TARGET,OFF-TARGET,OFF-TARGET
255,KDR,imgt:Renal_cell_carcinoma_(RCC),PLAUSIBLE,PLAUSIBLE,OFF-TARGET
255,KDR,imgt:Cancers_non-small_cell_lung_(NSCLC)_metastatic,PLAUSIBLE,PLAUSIBLE,OFF-TARGET
256,CD37,imgt:Cancers_non-small_cell_lung_(NSCLC),PLAUSIBLE,OFF-TARGET,OFF-TARGET
256,CD37,imgt:Non-Hodgkins_lymphoma_(NHL),PLAUSIBLE,PLAUSIBLE,OFF-TARGET
256,CD37,imgt:Lymphoma_diffuse_large_B_cell_(DLBCL),PLAUSIBLE,PLAUSIBLE,OFF-TARGET
256,CD37,imgt:Multiple_myeloma_(MM),PLAUSIBLE,OFF-TARGET,PLAUSIBLE
256,CD37,imgt:Cancers_pancreatic,OFF-TARGET,OFF-TARGET,OFF-TARGET
256,CD37,imgt:Cancers_breast,PLAUSIBLE,OFF-TARGET,OFF-TARGET
256,CD37,imgt:Cancers_gastric,OFF-TARGET,OFF-TARGET,OFF-TARGET
256,CD37,imgt:Chronic_lymphocytic_leukemia_(CLL),PLAUSIBLE,PLAUSIBLE,OFF-TARGET
256,CD37,imgt:Cancers_colorectal_(CRC)_metastatic,OFF-TARGET,OFF-TARGET,OFF-TARGET
256,CD37,imgt:Cancers_ovarian,OFF-TARGET,OFF-TARGET,OFF-TARGET
256,CD37,imgt:Acute_myeloid_leukemia_(AML),PLAUSIBLE,PLAUSIBLE,OFF-TARGET
256,CD37,imgt:Cancers_colorectal_(CRC),OFF-TARGET,OFF-TARGET,OFF-TARGET
256,CD37,imgt:Hepatocellular_carcinoma_(HCC),OFF-TARGET,OFF-TARGET,OFF-TARGET
256,CD37,imgt:Carcinoma_head_and_neck_squamous_cell_carcinoma_(HNSCC),PLAUSIBLE,OFF-TARGET,OFF-TARGET
256,CD37,imgt:Lymphoma_B_cell,PLAUSIBLE,PLAUSIBLE,OFF-TARGET
256,CD37,imgt:Hodgkin_lymphoma,PLAUSIBLE,PLAUSIBLE,OFF-TARGET
256,CD37,imgt:Glioblastoma_multiforme_(GBM),PLAUSIBLE,OFF-TARGET,OFF-TARGET
256,CD37,imgt:Cancers_head_and_neck,OFF-TARGET,OFF-TARGET,OFF-TARGET
257,CDH6,imgt:Cancers_non-small_cell_lung_(NSCLC),OFF-TARGET,OFF-TARGET,OFF-TARGET
257,CDH6,imgt:Renal_cell_carcinoma_(RCC),OFF-TARGET,OFF-TARGET,OFF-TARGET
257,CDH6,imgt:Multiple_myeloma_(MM),OFF-TARGET,OFF-TARGET,OFF-TARGET
257,CDH6,imgt:Non-Hodgkins_lymphoma_(NHL),OFF-TARGET,OFF-TARGET,OFF-TARGET
257,CDH6,imgt:Chronic_lymphocytic_leukemia_(CLL),OFF-TARGET,OFF-TARGET,OFF-TARGET
257,CDH6,imgt:Cancers_breast,OFF-TARGET,OFF-TARGET,OFF-TARGET
257,CDH6,imgt:Cancers_gastric,PLAUSIBLE,OFF-TARGET,OFF-TARGET
257,CDH6,imgt:Cancers_ovarian,PLAUSIBLE,OFF-TARGET,PLAUSIBLE
257,CDH6,imgt:Acute_myeloid_leukemia_(AML),OFF-TARGET,OFF-TARGET,OFF-TARGET
257,CDH6,imgt:Acute_lymphocytic_leukemia_(ALL),OFF-TARGET,OFF-TARGET,OFF-TARGET
257,CDH6,imgt:Cancers_prostate_metastatic,OFF-TARGET,OFF-TARGET,OFF-TARGET
257,CDH6,imgt:Cancers_prostate,OFF-TARGET,OFF-TARGET,OFF-TARGET
257,CDH6,imgt:Lymphoma_diffuse_large_B_cell_(DLBCL),OFF-TARGET,OFF-TARGET,OFF-TARGET
257,CDH6,imgt:Cancers_head_and_neck,OFF-TARGET,OFF-TARGET,OFF-TARGET
257,CDH6,imgt:Cancers_colorectal_(CRC),OFF-TARGET,OFF-TARGET,OFF-TARGET
257,CDH6,imgt:Solid_tumors_advanced_or_metastatic,OFF-TARGET,OFF-TARGET,OFF-TARGET
257,CDH6,imgt:Melanoma_metastatic,OFF-TARGET,OFF-TARGET,OFF-TARGET
258,CD38,imgt:Multiple_myeloma_(MM),PLAUSIBLE,PLAUSIBLE,PLAUSIBLE
258,CD38,imgt:Cancers_non-small_cell_lung_(NSCLC),PLAUSIBLE,PLAUSIBLE,OFF-TARGET
258,CD38,imgt:Chronic_lymphocytic_leukemia_(CLL),PLAUSIBLE,PLAUSIBLE,OFF-TARGET
258,CD38,imgt:Non-Hodgkins_lymphoma_(NHL),PLAUSIBLE,PLAUSIBLE,OFF-TARGET
258,CD38,imgt:Cancers_pancreatic,OFF-TARGET,OFF-TARGET,OFF-TARGET
258,CD38,imgt:Acute_myeloid_leukemia_(AML),PLAUSIBLE,PLAUSIBLE,OFF-TARGET
258,CD38,imgt:Cancers_ovarian,OFF-TARGET,OFF-TARGET,OFF-TARGET
258,CD38,imgt:Lymphoma_diffuse_large_B_cell_(DLBCL),PLAUSIBLE,PLAUSIBLE,OFF-TARGET
258,CD38,imgt:Cancers_breast,PLAUSIBLE,PLAUSIBLE,OFF-TARGET
258,CD38,imgt:Cancers_colorectal_(CRC),PLAUSIBLE,OFF-TARGET,OFF-TARGET
258,CD38,imgt:Lymphoma_B_cell,PLAUSIBLE,PLAUSIBLE,OFF-TARGET
258,CD38,imgt:Renal_cell_carcinoma_(RCC),OFF-TARGET,OFF-TARGET,OFF-TARGET
258,CD38,imgt:Cancers_gastric,OFF-TARGET,OFF-TARGET,OFF-TARGET
258,CD38,imgt:Glioblastoma_multiforme_(GBM),OFF-TARGET,OFF-TARGET,OFF-TARGET
258,CD38,imgt:Acute_lymphocytic_leukemia_(ALL),PLAUSIBLE,PLAUSIBLE,OFF-TARGET
258,CD38,imgt:Melanoma,PLAUSIBLE,OFF-TARGET,OFF-TARGET
258,CD38,imgt:Solid_tumors_advanced_or_metastatic,OFF-TARGET,OFF-TARGET,OFF-TARGET
258,CD38,imgt:Soft-tissue_sarcoma_(STS),OFF-TARGET,OFF-TARGET,OFF-TARGET
259,ENG,imgt:Cancers_non-small_cell_lung_(NSCLC),OFF-TARGET,OFF-TARGET,OFF-TARGET
259,ENG,imgt:Non-Hodgkins_lymphoma_(NHL),OFF-TARGET,OFF-TARGET,OFF-TARGET
259,ENG,imgt:Cancers_bladder,OFF-TARGET,OFF-TARGET,OFF-TARGET
259,ENG,imgt:Cancers_ovarian,OFF-TARGET,OFF-TARGET,OFF-TARGET
259,ENG,imgt:Cancers_breast,OFF-TARGET,OFF-TARGET,OFF-TARGET
259,ENG,imgt:Kidney_tumours,OFF-TARGET,OFF-TARGET,OFF-TARGET
259,ENG,imgt:Acute_myeloid_leukemia_(AML),OFF-TARGET,OFF-TARGET,OFF-TARGET
259,ENG,imgt:Chronic_lymphocytic_leukemia_(CLL),OFF-TARGET,OFF-TARGET,OFF-TARGET
259,ENG,imgt:Cancers_head_and_neck,OFF-TARGET,OFF-TARGET,OFF-TARGET
259,ENG,imgt:Cancers_gastric,OFF-TARGET,OFF-TARGET,OFF-TARGET
259,ENG,imgt:Glioblastoma_multiforme_(GBM),PLAUSIBLE,PLAUSIBLE,OFF-TARGET
259,ENG,imgt:Multiple_myeloma_(MM),OFF-TARGET,OFF-TARGET,OFF-TARGET
259,ENG,imgt:Cancers_pancreatic,OFF-TARGET,OFF-TARGET,OFF-TARGET
259,ENG,imgt:Cancers_colorectal_(CRC),OFF-TARGET,OFF-TARGET,OFF-TARGET
259,ENG,imgt:Acute_lymphocytic_leukemia_(ALL),OFF-TARGET,OFF-TARGET,OFF-TARGET
259,ENG,imgt:Hodgkin_lymphoma,OFF-TARGET,OFF-TARGET,OFF-TARGET
259,ENG,imgt:Myelodysplastic_syndromes_(MDS),OFF-TARGET,OFF-TARGET,OFF-TARGET
259,ENG,imgt:Cancers_prostate_metastatic,OFF-TARGET,OFF-TARGET,OFF-TARGET
260,CD274,imgt:Cancers_non-small_cell_lung_(NSCLC),PLAUSIBLE,PLAUSIBLE,OFF-TARGET
260,CD274,imgt:Non-Hodgkins_lymphoma_(NHL),OFF-TARGET,OFF-TARGET,OFF-TARGET
260,CD274,imgt:Cancers_ovarian,PLAUSIBLE,PLAUSIBLE,OFF-TARGET
260,CD274,imgt:Cancers_gastric,PLAUSIBLE,PLAUSIBLE,OFF-TARGET
260,CD274,imgt:Chronic_lymphocytic_leukemia_(CLL),OFF-TARGET,OFF-TARGET,OFF-TARGET
260,CD274,imgt:Lymphoma_diffuse_large_B_cell_(DLBCL),OFF-TARGET,OFF-TARGET,OFF-TARGET
260,CD274,imgt:Cancers_breast,PLAUSIBLE,PLAUSIBLE,OFF-TARGET
260,CD274,imgt:Renal_Cell_Carcinoma_(RCC)_advanced,PLAUSIBLE,PLAUSIBLE,OFF-TARGET
260,CD274,imgt:Multiple_myeloma_(MM),OFF-TARGET,OFF-TARGET,OFF-TARGET
260,CD274,imgt:Cancers_head_and_neck,PLAUSIBLE,PLAUSIBLE,OFF-TARGET
260,CD274,imgt:Cancers_colorectal_(CRC)_metastatic,PLAUSIBLE,PLAUSIBLE,OFF-TARGET
260,CD274,imgt:Hepatocellular_carcinoma_(HCC),PLAUSIBLE,PLAUSIBLE,OFF-TARGET
260,CD274,imgt:Carcinoma_urothelial,PLAUSIBLE,PLAUSIBLE,OFF-TARGET
260,CD274,imgt:Cancers_colorectal_(CRC),PLAUSIBLE,PLAUSIBLE,OFF-TARGET
260,CD274,imgt:Acute_myeloid_leukemia_(AML),OFF-TARGET,OFF-TARGET,OFF-TARGET
260,CD274,imgt:Renal_cell_carcinoma_(RCC),PLAUSIBLE,PLAUSIBLE,OFF-TARGET
260,CD274,imgt:Melanoma,PLAUSIBLE,PLAUSIBLE,OFF-TARGET
260,CD274,imgt:Glioblastoma_multiforme_(GBM),OFF-TARGET,OFF-TARGET,OFF-TARGET
261,CTLA4,imgt:Lymphoma_diffuse_large_B_cell_(DLBCL),OFF-TARGET,OFF-TARGET,OFF-TARGET
261,CTLA4,imgt:Cancers_small_cell_lung_(SCLC),PLAUSIBLE,PLAUSIBLE,OFF-TARGET
261,CTLA4,imgt:Chronic_lymphocytic_leukemia_(CLL),OFF-TARGET,OFF-TARGET,OFF-TARGET
261,CTLA4,imgt:Cancers_colorectal_(CRC)_metastatic,PLAUSIBLE,PLAUSIBLE,OFF-TARGET
261,CTLA4,imgt:Melanoma_metastatic,PLAUSIBLE,PLAUSIBLE,PLAUSIBLE
261,CTLA4,imgt:Cancers_non-small_cell_lung_(NSCLC),PLAUSIBLE,PLAUSIBLE,OFF-TARGET
261,CTLA4,imgt:Cancers_gastric,PLAUSIBLE,PLAUSIBLE,OFF-TARGET
261,CTLA4,imgt:Cancers_breast_overexpressing_ERBB2_metastatic,OFF-TARGET,OFF-TARGET,OFF-TARGET
261,CTLA4,imgt:Lymphoproliferative_disorder_giant_lymph_node_hyperplasia_(Castlemans_disease),PLAUSIBLE,OFF-TARGET,PLAUSIBLE
261,CTLA4,imgt:Hepatocellular_carcinoma_(HCC),PLAUSIBLE,PLAUSIBLE,OFF-TARGET
261,CTLA4,imgt:Lymphoma_follicular_(FL),OFF-TARGET,OFF-TARGET,OFF-TARGET
261,CTLA4,imgt:Cancers_breast,OFF-TARGET,OFF-TARGET,OFF-TARGET
261,CTLA4,imgt:Melanoma,PLAUSIBLE,PLAUSIBLE,PLAUSIBLE
261,CTLA4,imgt:Multiple_myeloma_(MM),OFF-TARGET,OFF-TARGET,OFF-TARGET
261,CTLA4,imgt:Non-Hodgkins_lymphoma_(NHL)_follicular_CD20_positive_relapsed_or_refractory_low_grade,OFF-TARGET,OFF-TARGET,OFF-TARGET
261,CTLA4,imgt:Mesothelioma_pleural_malignant,PLAUSIBLE,PLAUSIBLE,OFF-TARGET
261,CTLA4,imgt:Carcinoma_bladder_cancer_advanced_or_metastatic_urothelial_cancers,OFF-TARGET,OFF-TARGET,OFF-TARGET
261,CTLA4,imgt:Cancers_ovarian,OFF-TARGET,OFF-TARGET,OFF-TARGET
261,CTLA4,imgt:B_cell_acute_lymphoblastic_leukemia_(B_cell_ALL),OFF-TARGET,OFF-TARGET,OFF-TARGET
261,CTLA4,imgt:Non-Hodgkins_lymphoma_(NHL),OFF-TARGET,OFF-TARGET,OFF-TARGET
262,ENG,imgt:Cancers_non-small_cell_lung_(NSCLC),OFF-TARGET,OFF-TARGET,OFF-TARGET
262,ENG,imgt:Non-Hodgkins_lymphoma_(NHL),OFF-TARGET,OFF-TARGET,OFF-TARGET
262,ENG,imgt:Cancers_ovarian,OFF-TARGET,OFF-TARGET,OFF-TARGET
262,ENG,imgt:Cancers_breast,OFF-TARGET,OFF-TARGET,OFF-TARGET
262,ENG,imgt:Cancers_bladder,OFF-TARGET,OFF-TARGET,OFF-TARGET
262,ENG,imgt:Kidney_tumours,OFF-TARGET,OFF-TARGET,OFF-TARGET
262,ENG,imgt:Acute_myeloid_leukemia_(AML),OFF-TARGET,OFF-TARGET,OFF-TARGET
262,ENG,imgt:Cancers_head_and_neck,OFF-TARGET,OFF-TARGET,OFF-TARGET
262,ENG,imgt:Chronic_lymphocytic_leukemia_(CLL),OFF-TARGET,OFF-TARGET,OFF-TARGET
262,ENG,imgt:Cancers_gastric,OFF-TARGET,OFF-TARGET,OFF-TARGET
262,ENG,imgt:Cancers_colorectal_(CRC),OFF-TARGET,OFF-TARGET,OFF-TARGET
262,ENG,imgt:Cancers_pancreatic,OFF-TARGET,OFF-TARGET,OFF-TARGET
262,ENG,imgt:Multiple_myeloma_(MM),OFF-TARGET,OFF-TARGET,OFF-TARGET
262,ENG,imgt:Glioblastoma_multiforme_(GBM),PLAUSIBLE,PLAUSIBLE,OFF-TARGET
262,ENG,imgt:Acute_lymphocytic_leukemia_(ALL),OFF-TARGET,OFF-TARGET,OFF-TARGET
262,ENG,imgt:Hodgkin_lymphoma,OFF-TARGET,OFF-TARGET,OFF-TARGET
262,ENG,imgt:Myelodysplastic_syndromes_(MDS),OFF-TARGET,OFF-TARGET,OFF-TARGET
262,ENG,imgt:Lymphoma_B_cell,OFF-TARGET,OFF-TARGET,OFF-TARGET
263,TNFRSF17,imgt:Cancers_non-small_cell_lung_(NSCLC),PLAUSIBLE,OFF-TARGET,OFF-TARGET
263,TNFRSF17,imgt:Non-Hodgkins_lymphoma_(NHL),PLAUSIBLE,OFF-TARGET,OFF-TARGET
263,TNFRSF17,imgt:Acute_myeloid_leukemia_(AML),PLAUSIBLE,OFF-TARGET,OFF-TARGET
263,TNFRSF17,imgt:Cancers_pancreatic,PLAUSIBLE,OFF-TARGET,OFF-TARGET
263,TNFRSF17,imgt:Lymphoma_B_cell,PLAUSIBLE,OFF-TARGET,OFF-TARGET
263,TNFRSF17,imgt:Cancers_ovarian,OFF-TARGET,OFF-TARGET,OFF-TARGET
263,TNFRSF17,imgt:Acute_lymphocytic_leukemia_(ALL),PLAUSIBLE,OFF-TARGET,OFF-TARGET
263,TNFRSF17,imgt:Chronic_lymphocytic_leukemia_(CLL),PLAUSIBLE,OFF-TARGET,OFF-TARGET
263,TNFRSF17,imgt:Multiple_myeloma_(MM),PLAUSIBLE,PLAUSIBLE,OFF-TARGET
263,TNFRSF17,imgt:Cancers_colorectal_(CRC),PLAUSIBLE,OFF-TARGET,OFF-TARGET
263,TNFRSF17,imgt:Cancers_breast,PLAUSIBLE,OFF-TARGET,OFF-TARGET
263,TNFRSF17,imgt:Cancers_prostate_metastatic,PLAUSIBLE,OFF-TARGET,OFF-TARGET
263,TNFRSF17,imgt:Cancers_gastric,PLAUSIBLE,OFF-TARGET,PLAUSIBLE
263,TNFRSF17,imgt:Lymphoma_diffuse_large_B_cell_(DLBCL),PLAUSIBLE,OFF-TARGET,OFF-TARGET
263,TNFRSF17,imgt:Lymphoma,PLAUSIBLE,OFF-TARGET,OFF-TARGET
263,TNFRSF17,imgt:Hodgkin_lymphoma,PLAUSIBLE,OFF-TARGET,OFF-TARGET
263,TNFRSF17,imgt:Soft-tissue_sarcoma_(STS),PLAUSIBLE,OFF-TARGET,OFF-TARGET
263,TNFRSF17,imgt:Cancers_prostate,PLAUSIBLE,OFF-TARGET,OFF-TARGET
264,PDCD1,imgt:Lymphoma_diffuse_large_B_cell_(DLBCL),PLAUSIBLE,PLAUSIBLE,OFF-TARGET
264,PDCD1,imgt:Cancers_non-small_cell_lung_(NSCLC),PLAUSIBLE,PLAUSIBLE,OFF-TARGET
264,PDCD1,imgt:Cancers_anal,OFF-TARGET,OFF-TARGET,OFF-TARGET
264,PDCD1,imgt:Cancers_gastric,PLAUSIBLE,PLAUSIBLE,OFF-TARGET
264,PDCD1,imgt:Melanoma,PLAUSIBLE,PLAUSIBLE,OFF-TARGET
264,PDCD1,imgt:Cancers_non-small_cell_lung_(NSCLC)_metastatic,PLAUSIBLE,PLAUSIBLE,OFF-TARGET
264,PDCD1,imgt:Cancers_ovarian,PLAUSIBLE,PLAUSIBLE,OFF-TARGET
264,PDCD1,imgt:Cancers_colorectal_(CRC)_metastatic,PLAUSIBLE,PLAUSIBLE,OFF-TARGET
264,PDCD1,imgt:Non-Hodgkins_lymphoma_(NHL),PLAUSIBLE,PLAUSIBLE,OFF-TARGET
264,PDCD1,imgt:Chronic_lymphocytic_leukemia_(CLL),OFF-TARGET,OFF-TARGET,OFF-TARGET
264,PDCD1,imgt:Lymphoma_follicular_(FL),PLAUSIBLE,PLAUSIBLE,OFF-TARGET
264,PDCD1,imgt:Multiple_myeloma_(MM),PLAUSIBLE,PLAUSIBLE,OFF-TARGET
264,PDCD1,imgt:Renal_cell_carcinoma_(RCC),PLAUSIBLE,PLAUSIBLE,OFF-TARGET
264,PDCD1,imgt:Hepatocellular_carcinoma_(HCC),PLAUSIBLE,PLAUSIBLE,OFF-TARGET
264,PDCD1,imgt:Neuromyelitis_optica_(NMO),OFF-TARGET,OFF-TARGET,OFF-TARGET
264,PDCD1,imgt:Carcinoma_head_and_neck_squamous_cell_(HNSCC)_recurrent_or_metastatic,PLAUSIBLE,PLAUSIBLE,OFF-TARGET
264,PDCD1,imgt:Melanoma_metastatic,PLAUSIBLE,PLAUSIBLE,OFF-TARGET
264,PDCD1,imgt:Cancers_breast,PLAUSIBLE,PLAUSIBLE,OFF-TARGET
264,PDCD1,imgt:Rheumatoid_arthritis_(RA),OFF-TARGET,OFF-TARGET,OFF-TARGET
265,TNFRSF4,imgt:Cancers_non-small_cell_lung_(NSCLC),PLAUSIBLE,PLAUSIBLE,OFF-TARGET
265,TNFRSF4,imgt:Lymphoma_B_cell,PLAUSIBLE,PLAUSIBLE,OFF-TARGET
265,TNFRSF4,imgt:Non-Hodgkins_lymphoma_(NHL),PLAUSIBLE,PLAUSIBLE,OFF-TARGET
265,TNFRSF4,imgt:Multiple_myeloma_(MM),PLAUSIBLE,PLAUSIBLE,OFF-TARGET
265,TNFRSF4,imgt:Acute_myeloid_leukemia_(AML),PLAUSIBLE,PLAUSIBLE,OFF-TARGET
265,TNFRSF4,imgt:Chronic_lymphocytic_leukemia_(CLL),PLAUSIBLE,PLAUSIBLE,OFF-TARGET
265,TNFRSF4,imgt:Cancers_breast,PLAUSIBLE,PLAUSIBLE,OFF-TARGET
265,TNFRSF4,imgt:Cancers_ovarian,PLAUSIBLE,PLAUSIBLE,OFF-TARGET
265,TNFRSF4,imgt:Acute_lymphocytic_leukemia_(ALL),PLAUSIBLE,PLAUSIBLE,OFF-TARGET
265,TNFRSF4,imgt:Lymphoma,PLAUSIBLE,PLAUSIBLE,OFF-TARGET
265,TNFRSF4,imgt:Cancers_gastric,PLAUSIBLE,PLAUSIBLE,OFF-TARGET
265,TNFRSF4,imgt:Cancers_colorectal_(CRC),PLAUSIBLE,PLAUSIBLE,OFF-TARGET
265,TNFRSF4,imgt:Cancers_pancreatic,PLAUSIBLE,OFF-TARGET,OFF-TARGET
265,TNFRSF4,imgt:Cancers_prostate,OFF-TARGET,OFF-TARGET,OFF-TARGET
265,TNFRSF4,imgt:Solid_tumors_advanced_or_metastatic,OFF-TARGET,OFF-TARGET,OFF-TARGET
265,TNFRSF4,imgt:Cancers_head_and_neck,PLAUSIBLE,PLAUSIBLE,OFF-TARGET
265,TNFRSF4,imgt:Lymphoma_diffuse_large_B_cell_(DLBCL),PLAUSIBLE,PLAUSIBLE,OFF-TARGET
265,TNFRSF4,imgt:Glioblastoma_multiforme_(GBM),OFF-TARGET,OFF-TARGET,OFF-TARGET
266,CD70,imgt:Cancers_non-small_cell_lung_(NSCLC),PLAUSIBLE,OFF-TARGET,OFF-TARGET
266,CD70,imgt:Acute_myeloid_leukemia_(AML),PLAUSIBLE,PLAUSIBLE,OFF-TARGET
266,CD70,imgt:Chronic_lymphocytic_leukemia_(CLL),PLAUSIBLE,PLAUSIBLE,OFF-TARGET
266,CD70,imgt:Non-Hodgkins_lymphoma_(NHL),PLAUSIBLE,PLAUSIBLE,PLAUSIBLE
266,CD70,imgt:Multiple_myeloma_(MM),PLAUSIBLE,OFF-TARGET,OFF-TARGET
266,CD70,imgt:Lymphoma_diffuse_large_B_cell_(DLBCL),PLAUSIBLE,PLAUSIBLE,PLAUSIBLE
266,CD70,imgt:Cancers_pancreatic,OFF-TARGET,OFF-TARGET,OFF-TARGET
266,CD70,imgt:Cancers_ovarian,PLAUSIBLE,OFF-TARGET,OFF-TARGET
266,CD70,imgt:Cancers_gastric,PLAUSIBLE,OFF-TARGET,OFF-TARGET
266,CD70,imgt:Cancers_breast,PLAUSIBLE,OFF-TARGET,OFF-TARGET
266,CD70,imgt:Cancers_colorectal_(CRC),PLAUSIBLE,OFF-TARGET,OFF-TARGET
266,CD70,imgt:Acute_lymphocytic_leukemia_(ALL),PLAUSIBLE,PLAUSIBLE,OFF-TARGET
266,CD70,imgt:Melanoma,PLAUSIBLE,OFF-TARGET,OFF-TARGET
266,CD70,imgt:Lymphoma_follicular_(FL),PLAUSIBLE,PLAUSIBLE,PLAUSIBLE
266,CD70,imgt:Cancers_head_and_neck,OFF-TARGET,OFF-TARGET,OFF-TARGET
266,CD70,imgt:Lymphoma_B_cell,PLAUSIBLE,PLAUSIBLE,PLAUSIBLE
266,CD70,imgt:Cancers_prostate,OFF-TARGET,OFF-TARGET,OFF-TARGET
266,CD70,imgt:Glioblastoma_multiforme_(GBM),PLAUSIBLE,OFF-TARGET,OFF-TARGET
267,FCER2,imgt:Cancers_non-small_cell_lung_(NSCLC),OFF-TARGET,OFF-TARGET,OFF-TARGET
267,FCER2,imgt:Non-Hodgkins_lymphoma_(NHL),PLAUSIBLE,OFF-TARGET,OFF-TARGET
267,FCER2,imgt:Chronic_lymphocytic_leukemia_(CLL),PLAUSIBLE,PLAUSIBLE,OFF-TARGET
267,FCER2,imgt:Multiple_myeloma_(MM),OFF-TARGET,OFF-TARGET,OFF-TARGET
267,FCER2,imgt:Acute_myeloid_leukemia_(AML),PLAUSIBLE,PLAUSIBLE,OFF-TARGET
267,FCER2,imgt:Cancers_breast,OFF-TARGET,OFF-TARGET,OFF-TARGET
267,FCER2,imgt:Cancers_gastric,OFF-TARGET,OFF-TARGET,OFF-TARGET
267,FCER2,imgt:Acute_lymphocytic_leukemia_(ALL),PLAUSIBLE,PLAUSIBLE,OFF-TARGET
267,FCER2,imgt:Cancers_ovarian,OFF-TARGET,OFF-TARGET,OFF-TARGET
267,FCER2,imgt:Cancers_head_and_neck,OFF-TARGET,OFF-TARGET,OFF-TARGET
267,FCER2,imgt:Lymphoma,PLAUSIBLE,OFF-TARGET,OFF-TARGET
267,FCER2,imgt:Solid_tumors_advanced_or_metastatic,OFF-TARGET,OFF-TARGET,OFF-TARGET
267,FCER2,imgt:Cancers_colorectal_(CRC),PLAUSIBLE,OFF-TARGET,OFF-TARGET
267,FCER2,imgt:Lymphoma_diffuse_large_B_cell_(DLBCL),PLAUSIBLE,PLAUSIBLE,OFF-TARGET
267,FCER2,imgt:Cancers_prostate,OFF-TARGET,OFF-TARGET,OFF-TARGET
267,FCER2,imgt:Cancers_pancreatic,OFF-TARGET,OFF-TARGET,OFF-TARGET
267,FCER2,imgt:Glioblastoma_multiforme_(GBM),OFF-TARGET,OFF-TARGET,OFF-TARGET
268,CD38,imgt:Lymphoma_diffuse_large_B_cell_(DLBCL),PLAUSIBLE,PLAUSIBLE,OFF-TARGET
268,CD38,imgt:Cancers_colorectal_(CRC)_metastatic,PLAUSIBLE,OFF-TARGET,OFF-TARGET
268,CD38,imgt:Cancers_pancreatic,OFF-TARGET,OFF-TARGET,OFF-TARGET
268,CD38,imgt:Cancers_small_cell_lung_(SCLC),PLAUSIBLE,PLAUSIBLE,OFF-TARGET
268,CD38,imgt:Merkel_cell_carcinoma_(MCC)_metastatic,OFF-TARGET,OFF-TARGET,OFF-TARGET
268,CD38,imgt:Chronic_lymphocytic_leukemia_(CLL),PLAUSIBLE,PLAUSIBLE,OFF-TARGET
268,CD38,imgt:Multiple_myeloma_(MM),PLAUSIBLE,PLAUSIBLE,PLAUSIBLE
268,CD38,imgt:Cancers_non-small_cell_lung_(NSCLC),PLAUSIBLE,PLAUSIBLE,OFF-TARGET
268,CD38,imgt:Cancers_breast_overexpressing_ERBB2_metastatic,PLAUSIBLE,PLAUSIBLE,OFF-TARGET
268,CD38,imgt:Lymphoma_follicular_(FL),PLAUSIBLE,PLAUSIBLE,OFF-TARGET
268,CD38,imgt:Melanoma,PLAUSIBLE,OFF-TARGET,OFF-TARGET
268,CD38,imgt:Neuroblastoma,OFF-TARGET,OFF-TARGET,OFF-TARGET
268,CD38,imgt:Carcinoma_head_and_neck_squamous_cell_carcinoma_(HNSCC),OFF-TARGET,OFF-TARGET,OFF-TARGET
268,CD38,imgt:Lymphoproliferative_disorder_giant_lymph_node_hyperplasia_(Castlemans_disease),OFF-TARGET,OFF-TARGET,OFF-TARGET
268,CD38,imgt:Non-Hodgkins_lymphoma_(NHL)_follicular_CD20_positive_relapsed_or_refractory_low_grade,PLAUSIBLE,PLAUSIBLE,OFF-TARGET
268,CD38,imgt:Lymphoma_cutaneous_T_cell_(CTCL),PLAUSIBLE,PLAUSIBLE,OFF-TARGET
268,CD38,imgt:Primary_cutaneous_anaplastic_large_cell_lymphoma_(pcALCL),PLAUSIBLE,PLAUSIBLE,OFF-TARGET
268,CD38,imgt:Mesothelioma_malignant,OFF-TARGET,OFF-TARGET,OFF-TARGET
268,CD38,imgt:Carcinoma_bladder_cancer_advanced_or_metastatic_urothelial_cancers,OFF-TARGET,OFF-TARGET,OFF-TARGET
268,CD38,imgt:Wegeners_Granulomatosis_(WG)_and_Microscopic_Polygamiitis_(MPA)_in_combination_with_glucocorticoides,OFF-TARGET,OFF-TARGET,OFF-TARGET
269,HAVCR1,imgt:Cancers_ovarian,OFF-TARGET,OFF-TARGET,OFF-TARGET
269,HAVCR1,imgt:Melanoma,OFF-TARGET,OFF-TARGET,OFF-TARGET
269,HAVCR1,imgt:Cancers_breast,PLAUSIBLE,OFF-TARGET,OFF-TARGET
269,HAVCR1,imgt:Angiogenesis,OFF-TARGET,OFF-TARGET,OFF-TARGET
269,HAVCR1,imgt:Influenza,OFF-TARGET,OFF-TARGET,OFF-TARGET
269,HAVCR1,imgt:Non-Hodgkins_lymphoma_(NHL),PLAUSIBLE,OFF-TARGET,OFF-TARGET
269,HAVCR1,imgt:Autoimmune_disorders,PLAUSIBLE,OFF-TARGET,OFF-TARGET
269,HAVCR1,imgt:Cancers_non-small_cell_lung_(NSCLC),PLAUSIBLE,OFF-TARGET,OFF-TARGET
269,HAVCR1,imgt:Cancers_blood,OFF-TARGET,OFF-TARGET,OFF-TARGET
269,HAVCR1,imgt:Transplant_rejection,OFF-TARGET,OFF-TARGET,OFF-TARGET
269,HAVCR1,imgt:Cancers_pancreatic,PLAUSIBLE,OFF-TARGET,OFF-TARGET
269,HAVCR1,imgt:Acute_myeloid_leukemia_(AML),PLAUSIBLE,OFF-TARGET,OFF-TARGET
269,HAVCR1,imgt:Cancers_colorectal_(CRC),OFF-TARGET,OFF-TARGET,OFF-TARGET
269,HAVCR1,imgt:Melanoma_metastatic,OFF-TARGET,OFF-TARGET,OFF-TARGET
269,HAVCR1,imgt:Multiple_myeloma_(MM),OFF-TARGET,OFF-TARGET,OFF-TARGET
269,HAVCR1,imgt:Lymphoma_B_cell,PLAUSIBLE,OFF-TARGET,OFF-TARGET
269,HAVCR1,imgt:Lymphoma,PLAUSIBLE,OFF-TARGET,OFF-TARGET
269,HAVCR1,imgt:Chronic_lymphocytic_leukemia_(CLL),PLAUSIBLE,OFF-TARGET,OFF-TARGET
270,TNFRSF17,imgt:Lymphoma_diffuse_large_B_cell_(DLBCL),PLAUSIBLE,OFF-TARGET,OFF-TARGET
270,TNFRSF17,imgt:Cancers_non-small_cell_lung_(NSCLC),PLAUSIBLE,OFF-TARGET,OFF-TARGET
270,TNFRSF17,imgt:Chronic_lymphocytic_leukemia_(CLL),PLAUSIBLE,OFF-TARGET,OFF-TARGET
270,TNFRSF17,imgt:Multiple_myeloma_(MM),PLAUSIBLE,PLAUSIBLE,OFF-TARGET
270,TNFRSF17,imgt:Carcinoma_bladder_cancer_advanced_or_metastatic_urothelial_cancers,PLAUSIBLE,OFF-TARGET,OFF-TARGET
270,TNFRSF17,imgt:Cancers_pancreatic,PLAUSIBLE,OFF-TARGET,OFF-TARGET
270,TNFRSF17,imgt:Cancers_breast_overexpressing_ERBB2_metastatic,PLAUSIBLE,OFF-TARGET,OFF-TARGET
270,TNFRSF17,imgt:Cancers_colorectal_(CRC)_metastatic,PLAUSIBLE,OFF-TARGET,OFF-TARGET
270,TNFRSF17,imgt:Cancers_small_cell_lung_(SCLC),PLAUSIBLE,OFF-TARGET,OFF-TARGET
270,TNFRSF17,imgt:B_cell_acute_lymphoblastic_leukemia_(B_cell_ALL),PLAUSIBLE,OFF-TARGET,OFF-TARGET
270,TNFRSF17,imgt:Cancers_gastric,PLAUSIBLE,OFF-TARGET,PLAUSIBLE
270,TNFRSF17,imgt:Lymphoma_follicular_(FL),PLAUSIBLE,OFF-TARGET,OFF-TARGET
270,TNFRSF17,imgt:Carcinoma_head_and_neck_squamous_cell_carcinoma_(HNSCC),PLAUSIBLE,OFF-TARGET,OFF-TARGET
270,TNFRSF17,imgt:Hepatocellular_carcinoma_(HCC),OFF-TARGET,OFF-TARGET,OFF-TARGET
270,TNFRSF17,imgt:Non-Hodgkins_lymphoma_(NHL),PLAUSIBLE,OFF-TARGET,OFF-TARGET
270,TNFRSF17,imgt:Melanoma,PLAUSIBLE,OFF-TARGET,OFF-TARGET
270,TNFRSF17,imgt:Lymphoma_mantle_cell_(MCL),PLAUSIBLE,OFF-TARGET,OFF-TARGET
270,TNFRSF17,imgt:Merkel_cell_carcinoma_(MCC)_metastatic,OFF-TARGET,OFF-TARGET,OFF-TARGET
270,TNFRSF17,imgt:Cancers_breast,PLAUSIBLE,OFF-TARGET,OFF-TARGET
271,TNFRSF18,imgt:Cancers_non-small_cell_lung_(NSCLC),PLAUSIBLE,OFF-TARGET,OFF-TARGET
271,TNFRSF18,imgt:Non-Hodgkins_lymphoma_(NHL),OFF-TARGET,OFF-TARGET,OFF-TARGET
271,TNFRSF18,imgt:Multiple_myeloma_(MM),OFF-TARGET,OFF-TARGET,OFF-TARGET
271,TNFRSF18,imgt:Cancers_breast,PLAUSIBLE,OFF-TARGET,OFF-TARGET
271,TNFRSF18,imgt:Chronic_lymphocytic_leukemia_(CLL),PLAUSIBLE,OFF-TARGET,OFF-TARGET
271,TNFRSF18,imgt:Acute_myeloid_leukemia_(AML),PLAUSIBLE,OFF-TARGET,OFF-TARGET
271,TNFRSF18,imgt:Cancers_head_and_neck,PLAUSIBLE,PLAUSIBLE,OFF-TARGET
271,TNFRSF18,imgt:Cancers_ovarian,PLAUSIBLE,OFF-TARGET,OFF-TARGET
271,TNFRSF18,imgt:Glioblastoma_multiforme_(GBM),PLAUSIBLE,PLAUSIBLE,OFF-TARGET
271,TNFRSF18,imgt:Solid_tumors_advanced_or_metastatic,OFF-TARGET,OFF-TARGET,OFF-TARGET
271,TNFRSF18,imgt:Cancers_gastric,PLAUSIBLE,OFF-TARGET,OFF-TARGET
271,TNFRSF18,imgt:Lymphoma_diffuse_large_B_cell_(DLBCL),PLAUSIBLE,OFF-TARGET,OFF-TARGET
271,TNFRSF18,imgt:Acute_lymphocytic_leukemia_(ALL),PLAUSIBLE,OFF-TARGET,OFF-TARGET
271,TNFRSF18,imgt:Lymphoma,OFF-TARGET,OFF-TARGET,OFF-TARGET
271,TNFRSF18,imgt:Cancers_colorectal_(CRC),PLAUSIBLE,OFF-TARGET,OFF-TARGET
271,TNFRSF18,imgt:Cancers_prostate,PLAUSIBLE,OFF-TARGET,OFF-TARGET
271,TNFRSF18,imgt:Melanoma,PLAUSIBLE,PLAUSIBLE,OFF-TARGET
271,TNFRSF18,imgt:Cancers_pancreatic,OFF-TARGET,OFF-TARGET,OFF-TARGET
272,VEGFA,imgt:Angiogenesis,OFF-TARGET,OFF-TARGET,OFF-TARGET
272,VEGFA,imgt:B_cell_leukemia,OFF-TARGET,OFF-TARGET,OFF-TARGET
272,VEGFA,imgt:Cancers_ovarian,PLAUSIBLE,PLAUSIBLE,OFF-TARGET
272,VEGFA,imgt:Lymphoma_B_cell,OFF-TARGET,OFF-TARGET,OFF-TARGET
272,VEGFA,imgt:Non-Hodgkins_lymphoma_(NHL),OFF-TARGET,OFF-TARGET,OFF-TARGET
272,VEGFA,imgt:Cancers_prostate,OFF-TARGET,OFF-TARGET,OFF-TARGET
272,VEGFA,imgt:Diabetic_macular_edema,PLAUSIBLE,PLAUSIBLE,PLAUSIBLE
272,VEGFA,imgt:Malignant_ascites,OFF-TARGET,OFF-TARGET,OFF-TARGET
272,VEGFA,imgt:Cancers_non-small_cell_lung_(NSCLC),PLAUSIBLE,PLAUSIBLE,OFF-TARGET
272,VEGFA,imgt:Cancers_prostate_metastatic,OFF-TARGET,OFF-TARGET,OFF-TARGET
272,VEGFA,imgt:Multiple_myeloma_(MM),OFF-TARGET,OFF-TARGET,OFF-TARGET
272,VEGFA,imgt:Age-related_macular_degeneration_(AMD)_neovascular_(wet),PLAUSIBLE,PLAUSIBLE,PLAUSIBLE
272,VEGFA,imgt:Ex_vivo_treatment_of_autologous_bone_marrow_and_subsequent_reinfusion,OFF-TARGET,OFF-TARGET,OFF-TARGET
272,VEGFA,imgt:Acute_lymphocytic_leukemia_(ALL),OFF-TARGET,OFF-TARGET,OFF-TARGET
272,VEGFA,imgt:Glioblastoma,PLAUSIBLE,PLAUSIBLE,OFF-TARGET
272,VEGFA,imgt:Cancers_breast,PLAUSIBLE,PLAUSIBLE,PLAUSIBLE
272,VEGFA,imgt:Acute_myeloid_leukemia_(AML),OFF-TARGET,OFF-TARGET,OFF-TARGET
272,VEGFA,imgt:Hairy_cell_leukemia_(HCL),OFF-TARGET,OFF-TARGET,OFF-TARGET
273,TNFSF13B,imgt:Connective_tissue_disease,OFF-TARGET,OFF-TARGET,OFF-TARGET
273,TNFSF13B,imgt:Rheumatoid_arthritis_(RA),PLAUSIBLE,PLAUSIBLE,OFF-TARGET
273,TNFSF13B,imgt:Cancers_non-small_cell_lung_(NSCLC),PLAUSIBLE,PLAUSIBLE,OFF-TARGET
273,TNFSF13B,imgt:Non-Hodgkins_lymphoma_(NHL),PLAUSIBLE,PLAUSIBLE,OFF-TARGET
273,TNFSF13B,imgt:Systemic_lupus_erythematosus_(SLE),PLAUSIBLE,PLAUSIBLE,OFF-TARGET
273,TNFSF13B,imgt:Cancers_ovarian,OFF-TARGET,OFF-TARGET,OFF-TARGET
273,TNFSF13B,imgt:Cancers_gastric,OFF-TARGET,OFF-TARGET,OFF-TARGET
273,TNFSF13B,imgt:Chronic_lymphocytic_leukemia_(CLL),PLAUSIBLE,PLAUSIBLE,OFF-TARGET
273,TNFSF13B,imgt:Multiple_myeloma_(MM),PLAUSIBLE,PLAUSIBLE,OFF-TARGET
273,TNFSF13B,imgt:Cancers_breast,PLAUSIBLE,OFF-TARGET,OFF-TARGET
273,TNFSF13B,imgt:Myasthenia_Gravis_(MG),PLAUSIBLE,PLAUSIBLE,OFF-TARGET
273,TNFSF13B,imgt:Lymphoma_diffuse_large_B_cell_(DLBCL),PLAUSIBLE,PLAUSIBLE,OFF-TARGET
273,TNFSF13B,imgt:Neuromyelitis_optica_(NMO),PLAUSIBLE,PLAUSIBLE,OFF-TARGET
273,TNFSF13B,imgt:Hepatocellular_carcinoma_(HCC),OFF-TARGET,OFF-TARGET,OFF-TARGET
273,TNFSF13B,imgt:Cancers_head_and_neck,OFF-TARGET,OFF-TARGET,OFF-TARGET
273,TNFSF13B,imgt:Large-vessel_vasculitis,PLAUSIBLE,PLAUSIBLE,OFF-TARGET
273,TNFSF13B,imgt:Renal_cell_carcinoma_(RCC),OFF-TARGET,OFF-TARGET,OFF-TARGET
273,TNFSF13B,imgt:Mesothelioma_pleural_malignant,OFF-TARGET,OFF-TARGET,OFF-TARGET
274,CD3E,imgt:Cancers_non-small_cell_lung_(NSCLC),PLAUSIBLE,PLAUSIBLE,OFF-TARGET
274,CD3E,imgt:Non-Hodgkins_lymphoma_(NHL),PLAUSIBLE,PLAUSIBLE,OFF-TARGET
274,CD3E,imgt:Multiple_myeloma_(MM),PLAUSIBLE,PLAUSIBLE,OFF-TARGET
274,CD3E,imgt:Acute_myeloid_leukemia_(AML),PLAUSIBLE,PLAUSIBLE,OFF-TARGET
274,CD3E,imgt:Cancers_ovarian,PLAUSIBLE,PLAUSIBLE,OFF-TARGET
274,CD3E,imgt:Chronic_lymphocytic_leukemia_(CLL),PLAUSIBLE,PLAUSIBLE,OFF-TARGET
274,CD3E,imgt:Cancers_breast,PLAUSIBLE,PLAUSIBLE,OFF-TARGET
274,CD3E,imgt:Cancers_colorectal_(CRC),OFF-TARGET,OFF-TARGET,OFF-TARGET
274,CD3E,imgt:Cancers_pancreatic,OFF-TARGET,OFF-TARGET,OFF-TARGET
274,CD3E,imgt:Glioblastoma_multiforme_(GBM),OFF-TARGET,OFF-TARGET,OFF-TARGET
274,CD3E,imgt:Cancers_gastric,PLAUSIBLE,PLAUSIBLE,OFF-TARGET
274,CD3E,imgt:Solid_tumors_advanced_or_metastatic,OFF-TARGET,OFF-TARGET,OFF-TARGET
274,CD3E,imgt:Lymphoma_diffuse_large_B_cell_(DLBCL),PLAUSIBLE,PLAUSIBLE,OFF-TARGET
274,CD3E,imgt:Cancers_head_and_neck,OFF-TARGET,OFF-TARGET,OFF-TARGET
274,CD3E,imgt:Melanoma,PLAUSIBLE,PLAUSIBLE,OFF-TARGET
274,CD3E,imgt:Cancers_prostate_metastatic,OFF-TARGET,OFF-TARGET,OFF-TARGET
274,CD3E,imgt:Acute_lymphocytic_leukemia_(ALL),PLAUSIBLE,PLAUSIBLE,OFF-TARGET
274,CD3E,imgt:Cancers_brain_metastatic,OFF-TARGET,OFF-TARGET,OFF-TARGET
275,MUC1,imgt:Multiple_myeloma_(MM),PLAUSIBLE,PLAUSIBLE,OFF-TARGET
275,MUC1,imgt:Cancers_non-small_cell_lung_(NSCLC),PLAUSIBLE,PLAUSIBLE,OFF-TARGET
275,MUC1,imgt:Non-Hodgkins_lymphoma_(NHL),OFF-TARGET,OFF-TARGET,OFF-TARGET
275,MUC1,imgt:Cancers_breast,PLAUSIBLE,PLAUSIBLE,PLAUSIBLE
275,MUC1,imgt:Chronic_lymphocytic_leukemia_(CLL),OFF-TARGET,OFF-TARGET,OFF-TARGET
275,MUC1,imgt:Acute_myeloid_leukemia_(AML),OFF-TARGET,OFF-TARGET,OFF-TARGET
275,MUC1,imgt:Cancers_ovarian,PLAUSIBLE,OFF-TARGET,OFF-TARGET
275,MUC1,imgt:Cancers_gastric,PLAUSIBLE,OFF-TARGET,PLAUSIBLE
275,MUC1,imgt:Cancers_head_and_neck,PLAUSIBLE,OFF-TARGET,OFF-TARGET
275,MUC1,imgt:Cancers_colorectal_(CRC),PLAUSIBLE,OFF-TARGET,OFF-TARGET
275,MUC1,imgt:Lymphoma,OFF-TARGET,OFF-TARGET,OFF-TARGET
275,MUC1,imgt:Solid_tumors_advanced_or_metastatic,OFF-TARGET,OFF-TARGET,OFF-TARGET
275,MUC1,imgt:Glioblastoma_multiforme_(GBM),PLAUSIBLE,OFF-TARGET,OFF-TARGET
275,MUC1,imgt:Acute_lymphocytic_leukemia_(ALL),OFF-TARGET,OFF-TARGET,OFF-TARGET
275,MUC1,imgt:Cancers_prostate,PLAUSIBLE,OFF-TARGET,PLAUSIBLE
275,MUC1,imgt:Cancers_pancreatic,PLAUSIBLE,OFF-TARGET,OFF-TARGET
275,MUC1,imgt:Renal_cell_carcinoma_(RCC),PLAUSIBLE,OFF-TARGET,OFF-TARGET
276,MS4A1,imgt:Cancers_small_cell_lung_(SCLC),PLAUSIBLE,PLAUSIBLE,OFF-TARGET
276,MS4A1,imgt:Cancers_colon,OFF-TARGET,OFF-TARGET,OFF-TARGET
276,MS4A1,imgt:Malignant_ascites,OFF-TARGET,OFF-TARGET,OFF-TARGET
276,MS4A1,imgt:Cutaneous_melanoma_lesions,OFF-TARGET,OFF-TARGET,OFF-TARGET
276,MS4A1,imgt:Cancers_rectal,OFF-TARGET,OFF-TARGET,OFF-TARGET
276,MS4A1,imgt:Cancers_ovarian,OFF-TARGET,OFF-TARGET,OFF-TARGET
276,MS4A1,imgt:Cancers_colorectal_(CRC),OFF-TARGET,OFF-TARGET,OFF-TARGET
276,MS4A1,imgt:Lymphoma_diffuse_large_B_cell_(DLBCL),PLAUSIBLE,PLAUSIBLE,OFF-TARGET
276,MS4A1,imgt:Acute_myeloid_leukemia_(AML),PLAUSIBLE,PLAUSIBLE,OFF-TARGET
276,MS4A1,imgt:Cancers_pancreatic,OFF-TARGET,OFF-TARGET,OFF-TARGET
276,MS4A1,imgt:Lymphoma_B_cell,PLAUSIBLE,PLAUSIBLE,OFF-TARGET
276,MS4A1,imgt:Melanoma_with_nodal_involvement_after_surgical_resection,OFF-TARGET,OFF-TARGET,OFF-TARGET
276,MS4A1,imgt:Multiple_myeloma_(MM),PLAUSIBLE,PLAUSIBLE,OFF-TARGET
276,MS4A1,imgt:Non-Hodgkins_lymphoma_(NHL),PLAUSIBLE,PLAUSIBLE,OFF-TARGET
276,MS4A1,imgt:Melanoma,OFF-TARGET,OFF-TARGET,OFF-TARGET
276,MS4A1,imgt:Cancers_breast,OFF-TARGET,OFF-TARGET,OFF-TARGET
276,MS4A1,imgt:Hairy_cell_leukemia_(HCL),PLAUSIBLE,PLAUSIBLE,OFF-TARGET
276,MS4A1,imgt:B_cell_leukemia,PLAUSIBLE,PLAUSIBLE,OFF-TARGET
276,MS4A1,imgt:Cancers_non-small_cell_lung_(NSCLC),PLAUSIBLE,PLAUSIBLE,OFF-TARGET
277,EPCAM;CD3E,imgt:Cancers_colon,PLAUSIBLE,PLAUSIBLE,PLAUSIBLE
277,EPCAM;CD3E,imgt:Cutaneous_melanoma_lesions,PLAUSIBLE,PLAUSIBLE,OFF-TARGET
277,EPCAM;CD3E,imgt:Malignant_ascites,PLAUSIBLE,PLAUSIBLE,OFF-TARGET
277,EPCAM;CD3E,imgt:Cancers_rectal,PLAUSIBLE,PLAUSIBLE,OFF-TARGET
277,EPCAM;CD3E,imgt:Cancers_small_cell_lung_(SCLC),PLAUSIBLE,PLAUSIBLE,OFF-TARGET
277,EPCAM;CD3E,imgt:Cancers_ovarian,PLAUSIBLE,PLAUSIBLE,PLAUSIBLE
277,EPCAM;CD3E,imgt:Lymphoma_diffuse_large_B_cell_(DLBCL),PLAUSIBLE,PLAUSIBLE,OFF-TARGET
277,EPCAM;CD3E,imgt:Cancers_colorectal_(CRC),PLAUSIBLE,PLAUSIBLE,PLAUSIBLE
277,EPCAM;CD3E,imgt:Non-Hodgkins_lymphoma_(NHL),PLAUSIBLE,PLAUSIBLE,OFF-TARGET
277,EPCAM;CD3E,imgt:Acute_myeloid_leukemia_(AML),PLAUSIBLE,PLAUSIBLE,PLAUSIBLE
277,EPCAM;CD3E,imgt:Cancers_pancreatic,PLAUSIBLE,OFF-TARGET,OFF-TARGET
277,EPCAM;CD3E,imgt:Cancers_non-small_cell_lung_(NSCLC),PLAUSIBLE,PLAUSIBLE,OFF-TARGET
277,EPCAM;CD3E,imgt:Mesothelioma_pleural_malignant,OFF-TARGET,OFF-TARGET,OFF-TARGET
277,EPCAM;CD3E,imgt:Multiple_myeloma_(MM),PLAUSIBLE,PLAUSIBLE,OFF-TARGET
277,EPCAM;CD3E,imgt:Non-Hodgkins_lymphoma_(NHL)_follicular_CD20_positive_relapsed_or_refractory_low_grade,PLAUSIBLE,PLAUSIBLE,OFF-TARGET
277,EPCAM;CD3E,imgt:Cancers_gastric,PLAUSIBLE,PLAUSIBLE,PLAUSIBLE
277,EPCAM;CD3E,imgt:Neuroblastoma,OFF-TARGET,OFF-TARGET,OFF-TARGET
277,EPCAM;CD3E,imgt:Melanoma_with_nodal_involvement_after_surgical_resection,PLAUSIBLE,PLAUSIBLE,OFF-TARGET
277,EPCAM;CD3E,imgt:Hairy_cell_leukemia_(HCL),PLAUSIBLE,PLAUSIBLE,PLAUSIBLE
277,EPCAM;CD3E,imgt:Melanoma,PLAUSIBLE,PLAUSIBLE,OFF-TARGET
278,IL15,imgt:Lymphoma_diffuse_large_B_cell_(DLBCL),PLAUSIBLE,OFF-TARGET,OFF-TARGET
278,IL15,imgt:Cancers_non-small_cell_lung_(NSCLC),OFF-TARGET,OFF-TARGET,OFF-TARGET
278,IL15,imgt:Cancers_small_cell_lung_(SCLC),OFF-TARGET,OFF-TARGET,OFF-TARGET
278,IL15,imgt:Chronic_lymphocytic_leukemia_(CLL),PLAUSIBLE,OFF-TARGET,OFF-TARGET
278,IL15,imgt:Cancers_colorectal_(CRC)_metastatic,PLAUSIBLE,OFF-TARGET,OFF-TARGET
278,IL15,imgt:Cancers_gastric,OFF-TARGET,OFF-TARGET,OFF-TARGET
278,IL15,imgt:Hepatocellular_carcinoma_(HCC),PLAUSIBLE,OFF-TARGET,OFF-TARGET
278,IL15,imgt:Cancers_breast_overexpressing_ERBB2_metastatic,OFF-TARGET,OFF-TARGET,OFF-TARGET
278,IL15,imgt:Multiple_myeloma_(MM),OFF-TARGET,OFF-TARGET,OFF-TARGET
278,IL15,imgt:Melanoma,PLAUSIBLE,OFF-TARGET,OFF-TARGET
278,IL15,imgt:Mesothelioma_pleural_malignant,OFF-TARGET,OFF-TARGET,OFF-TARGET
278,IL15,imgt:B_cell_acute_lymphoblastic_leukemia_(B_cell_ALL),PLAUSIBLE,OFF-TARGET,OFF-TARGET
278,IL15,imgt:Lymphoproliferative_disorder_giant_lymph_node_hyperplasia_(Castlemans_disease),OFF-TARGET,OFF-TARGET,OFF-TARGET
278,IL15,imgt:Non-Hodgkins_lymphoma_(NHL)_follicular_CD20_positive_relapsed_or_refractory_low_grade,PLAUSIBLE,OFF-TARGET,OFF-TARGET
278,IL15,imgt:Severe_acute_respiratory_syndrome_coronavirus_2_(SARS-CoV-2)_infection_(COVID-19),PLAUSIBLE,OFF-TARGET,OFF-TARGET
278,IL15,imgt:Cancers_breast,OFF-TARGET,OFF-TARGET,OFF-TARGET
278,IL15,imgt:Merkel_cell_carcinoma_(MCC)_metastatic,OFF-TARGET,OFF-TARGET,OFF-TARGET
278,IL15,imgt:Carcinoma_bladder_cancer_advanced_or_metastatic_urothelial_cancers,OFF-TARGET,OFF-TARGET,OFF-TARGET
278,IL15,imgt:Cancers_head_and_neck,OFF-TARGET,OFF-TARGET,OFF-TARGET
279,PMEL;CD3E,imgt:Melanoma_malignant,PLAUSIBLE,PLAUSIBLE,OFF-TARGET
279,PMEL;CD3E,imgt:Cancers_non-small_cell_lung_(NSCLC),PLAUSIBLE,PLAUSIBLE,OFF-TARGET
279,PMEL;CD3E,imgt:Lymphoma_diffuse_large_B_cell_(DLBCL),PLAUSIBLE,PLAUSIBLE,OFF-TARGET
279,PMEL;CD3E,imgt:Cancers_colorectal_(CRC)_metastatic,OFF-TARGET,OFF-TARGET,OFF-TARGET
279,PMEL;CD3E,imgt:Chronic_lymphocytic_leukemia_(CLL),PLAUSIBLE,PLAUSIBLE,OFF-TARGET
279,PMEL;CD3E,imgt:Multiple_myeloma_(MM),PLAUSIBLE,PLAUSIBLE,OFF-TARGET
279,PMEL;CD3E,imgt:Cancers_gastric,PLAUSIBLE,PLAUSIBLE,OFF-TARGET
279,PMEL;CD3E,imgt:Carcinoma_bladder_cancer_advanced_or_metastatic_urothelial_cancers,OFF-TARGET,OFF-TARGET,OFF-TARGET
279,PMEL;CD3E,imgt:Cancers_breast_overexpressing_ERBB2_metastatic,PLAUSIBLE,PLAUSIBLE,OFF-TARGET
279,PMEL;CD3E,imgt:Cancers_small_cell_lung_(SCLC),PLAUSIBLE,PLAUSIBLE,OFF-TARGET
279,PMEL;CD3E,imgt:Carcinoma_head_and_neck_squamous_cell_carcinoma_(HNSCC),OFF-TARGET,OFF-TARGET,OFF-TARGET
279,PMEL;CD3E,imgt:Cancers_ovarian,PLAUSIBLE,PLAUSIBLE,OFF-TARGET
279,PMEL;CD3E,imgt:Cancers_breast,PLAUSIBLE,PLAUSIBLE,OFF-TARGET
279,PMEL;CD3E,imgt:Non-Hodgkins_lymphoma_(NHL),PLAUSIBLE,PLAUSIBLE,OFF-TARGET
279,PMEL;CD3E,imgt:Lymphoproliferative_disorder_giant_lymph_node_hyperplasia_(Castlemans_disease),OFF-TARGET,OFF-TARGET,OFF-TARGET
279,PMEL;CD3E,imgt:B_cell_acute_lymphoblastic_leukemia_(B_cell_ALL),PLAUSIBLE,PLAUSIBLE,OFF-TARGET
279,PMEL;CD3E,imgt:Cancers_cervical,OFF-TARGET,OFF-TARGET,OFF-TARGET
279,PMEL;CD3E,imgt:Cancers_head_and_neck,OFF-TARGET,OFF-TARGET,OFF-TARGET
279,PMEL;CD3E,imgt:Melanoma_metastatic,PLAUSIBLE,PLAUSIBLE,OFF-TARGET
280,TNFRSF4,imgt:Cancers_non-small_cell_lung_(NSCLC),PLAUSIBLE,PLAUSIBLE,OFF-TARGET
280,TNFRSF4,imgt:Multiple_myeloma_(MM),PLAUSIBLE,PLAUSIBLE,OFF-TARGET
280,TNFRSF4,imgt:Cancers_breast,PLAUSIBLE,PLAUSIBLE,OFF-TARGET
280,TNFRSF4,imgt:Cancers_gastric,PLAUSIBLE,PLAUSIBLE,OFF-TARGET
280,TNFRSF4,imgt:Non-Hodgkins_lymphoma_(NHL),PLAUSIBLE,PLAUSIBLE,OFF-TARGET
280,TNFRSF4,imgt:Cancers_ovarian,PLAUSIBLE,PLAUSIBLE,OFF-TARGET
280,TNFRSF4,imgt:Chronic_lymphocytic_leukemia_(CLL),PLAUSIBLE,PLAUSIBLE,OFF-TARGET
280,TNFRSF4,imgt:Acute_myeloid_leukemia_(AML),PLAUSIBLE,PLAUSIBLE,OFF-TARGET
280,TNFRSF4,imgt:Cancers_pancreatic,PLAUSIBLE,OFF-TARGET,OFF-TARGET
280,TNFRSF4,imgt:Renal_cell_carcinoma_(RCC),PLAUSIBLE,PLAUSIBLE,OFF-TARGET
280,TNFRSF4,imgt:Lymphoma_diffuse_large_B_cell_(DLBCL),PLAUSIBLE,PLAUSIBLE,OFF-TARGET
280,TNFRSF4,imgt:Cancers_prostate,OFF-TARGET,OFF-TARGET,OFF-TARGET
280,TNFRSF4,imgt:Acute_lymphocytic_leukemia_(ALL),PLAUSIBLE,PLAUSIBLE,OFF-TARGET
280,TNFRSF4,imgt:Lymphoma,PLAUSIBLE,PLAUSIBLE,OFF-TARGET
280,TNFRSF4,imgt:Cancers_colorectal_(CRC),PLAUSIBLE,PLAUSIBLE,OFF-TARGET
280,TNFRSF4,imgt:Melanoma,PLAUSIBLE,PLAUSIBLE,OFF-TARGET
280,TNFRSF4,imgt:Lymphoma_B_cell,PLAUSIBLE,PLAUSIBLE,OFF-TARGET
281,VEGFA,imgt:Non-Hodgkins_lymphoma_(NHL),OFF-TARGET,OFF-TARGET,OFF-TARGET
281,VEGFA,imgt:Cancers_non-small_cell_lung_(NSCLC),PLAUSIBLE,PLAUSIBLE,OFF-TARGET
281,VEGFA,imgt:Cancers_ovarian,PLAUSIBLE,PLAUSIBLE,OFF-TARGET
281,VEGFA,imgt:Cancers_breast,PLAUSIBLE,PLAUSIBLE,PLAUSIBLE
281,VEGFA,imgt:Multiple_myeloma_(MM),OFF-TARGET,OFF-TARGET,OFF-TARGET
281,VEGFA,imgt:Chronic_lymphocytic_leukemia_(CLL),OFF-TARGET,OFF-TARGET,OFF-TARGET
281,VEGFA,imgt:Cancers_gastric,PLAUSIBLE,PLAUSIBLE,OFF-TARGET
281,VEGFA,imgt:Lymphoma_diffuse_large_B_cell_(DLBCL),OFF-TARGET,OFF-TARGET,OFF-TARGET
281,VEGFA,imgt:Cancers_head_and_neck,OFF-TARGET,OFF-TARGET,OFF-TARGET
281,VEGFA,imgt:Acute_myeloid_leukemia_(AML),OFF-TARGET,OFF-TARGET,OFF-TARGET
281,VEGFA,imgt:Glioblastoma_multiforme_(GBM),PLAUSIBLE,PLAUSIBLE,OFF-TARGET
281,VEGFA,imgt:Melanoma,OFF-TARGET,OFF-TARGET,OFF-TARGET
281,VEGFA,imgt:Cancers_colorectal_(CRC),PLAUSIBLE,PLAUSIBLE,OFF-TARGET
281,VEGFA,imgt:Rheumatoid_arthritis_(RA),OFF-TARGET,OFF-TARGET,OFF-TARGET
281,VEGFA,imgt:Cancers_prostate,OFF-TARGET,OFF-TARGET,OFF-TARGET
281,VEGFA,imgt:Hepatocellular_carcinoma_(HCC),PLAUSIBLE,PLAUSIBLE,OFF-TARGET
281,VEGFA,imgt:Renal_cell_carcinoma_(RCC),PLAUSIBLE,PLAUSIBLE,OFF-TARGET
281,VEGFA,imgt:Acute_lymphocytic_leukemia_(ALL),OFF-TARGET,OFF-TARGET,OFF-TARGET
282,EGFR,imgt:Carcinoma_head_and_neck_squamous_cell_carcinoma_(HNSCC),PLAUSIBLE,PLAUSIBLE,PLAUSIBLE
282,EGFR,imgt:Cancers_non-small_cell_lung_(NSCLC),PLAUSIBLE,PLAUSIBLE,PLAUSIBLE
282,EGFR,imgt:Cancers_colorectal_(CRC)_metastatic,PLAUSIBLE,PLAUSIBLE,OFF-TARGET
282,EGFR,imgt:Non-Hodgkins_lymphoma_(NHL),OFF-TARGET,OFF-TARGET,OFF-TARGET
282,EGFR,imgt:Cancers_gastric,PLAUSIBLE,PLAUSIBLE,OFF-TARGET
282,EGFR,imgt:Multiple_myeloma_(MM),OFF-TARGET,OFF-TARGET,OFF-TARGET
282,EGFR,imgt:Cancers_ovarian,PLAUSIBLE,PLAUSIBLE,PLAUSIBLE
282,EGFR,imgt:Chronic_lymphocytic_leukemia_(CLL),OFF-TARGET,OFF-TARGET,OFF-TARGET
282,EGFR,imgt:Lymphoma_diffuse_large_B_cell_(DLBCL),OFF-TARGET,OFF-TARGET,OFF-TARGET
282,EGFR,imgt:Cancers_breast,PLAUSIBLE,PLAUSIBLE,PLAUSIBLE
282,EGFR,imgt:Lymphoma_follicular_(FL),OFF-TARGET,OFF-TARGET,OFF-TARGET
282,EGFR,imgt:Melanoma,OFF-TARGET,OFF-TARGET,OFF-TARGET
282,EGFR,imgt:Cancers_head_and_neck,PLAUSIBLE,PLAUSIBLE,PLAUSIBLE
282,EGFR,imgt:Rheumatoid_arthritis_(RA),OFF-TARGET,OFF-TARGET,OFF-TARGET
282,EGFR,imgt:Neuromyelitis_optica_(NMO),OFF-TARGET,OFF-TARGET,OFF-TARGET
282,EGFR,imgt:Cancers_non-small_cell_lung_(NSCLC)_metastatic,PLAUSIBLE,PLAUSIBLE,PLAUSIBLE
282,EGFR,imgt:Renal_cell_carcinoma_(RCC),OFF-TARGET,OFF-TARGET,OFF-TARGET
282,EGFR,imgt:Cancers_breast_overexpressing_ERBB2_metastatic,PLAUSIBLE,PLAUSIBLE,PLAUSIBLE
282,EGFR,imgt:Hepatocellular_carcinoma_(HCC),OFF-TARGET,OFF-TARGET,OFF-TARGET
283,PDCD1,imgt:Lymphoma_diffuse_large_B_cell_(DLBCL),PLAUSIBLE,PLAUSIBLE,OFF-TARGET
283,PDCD1,imgt:Cancers_non-small_cell_lung_(NSCLC),PLAUSIBLE,PLAUSIBLE,OFF-TARGET
283,PDCD1,imgt:Cancers_gastric,PLAUSIBLE,PLAUSIBLE,OFF-TARGET
283,PDCD1,imgt:Chronic_lymphocytic_leukemia_(CLL),OFF-TARGET,OFF-TARGET,OFF-TARGET
283,PDCD1,imgt:Cancers_colorectal_(CRC)_metastatic,PLAUSIBLE,PLAUSIBLE,OFF-TARGET
283,PDCD1,imgt:Multiple_myeloma_(MM),PLAUSIBLE,PLAUSIBLE,OFF-TARGET
283,PDCD1,imgt:Mesothelioma_pleural_malignant,PLAUSIBLE,PLAUSIBLE,OFF-TARGET
283,PDCD1,imgt:Cancers_small_cell_lung_(SCLC),PLAUSIBLE,PLAUSIBLE,OFF-TARGET
283,PDCD1,imgt:Melanoma,PLAUSIBLE,PLAUSIBLE,OFF-TARGET
283,PDCD1,imgt:Hepatocellular_carcinoma_(HCC),PLAUSIBLE,PLAUSIBLE,OFF-TARGET
283,PDCD1,imgt:Merkel_cell_carcinoma_(MCC)_metastatic,PLAUSIBLE,PLAUSIBLE,OFF-TARGET
283,PDCD1,imgt:Carcinoma_bladder_cancer_advanced_or_metastatic_urothelial_cancers,PLAUSIBLE,PLAUSIBLE,OFF-TARGET
283,PDCD1,imgt:Non-Hodgkins_lymphoma_(NHL),PLAUSIBLE,PLAUSIBLE,OFF-TARGET
283,PDCD1,imgt:Cancers_breast_overexpressing_ERBB2_metastatic,PLAUSIBLE,PLAUSIBLE,OFF-TARGET
283,PDCD1,imgt:Lymphoproliferative_disorder_giant_lymph_node_hyperplasia_(Castlemans_disease),OFF-TARGET,OFF-TARGET,OFF-TARGET
283,PDCD1,imgt:Cancers_ovarian,PLAUSIBLE,PLAUSIBLE,OFF-TARGET
283,PDCD1,imgt:Cancers_breast,PLAUSIBLE,PLAUSIBLE,OFF-TARGET
283,PDCD1,imgt:Non-Hodgkins_lymphoma_(NHL)_follicular_CD20_positive_relapsed_or_refractory_low_grade,PLAUSIBLE,PLAUSIBLE,OFF-TARGET
283,PDCD1,imgt:Lymphoma_mantle_cell_(MCL),PLAUSIBLE,PLAUSIBLE,OFF-TARGET
284,IGF1R,imgt:Multiple_myeloma_(MM),OFF-TARGET,OFF-TARGET,OFF-TARGET
284,IGF1R,imgt:Cancers_non-small_cell_lung_(NSCLC),PLAUSIBLE,PLAUSIBLE,OFF-TARGET
284,IGF1R,imgt:Chronic_lymphocytic_leukemia_(CLL),OFF-TARGET,OFF-TARGET,OFF-TARGET
284,IGF1R,imgt:Acute_myeloid_leukemia_(AML),OFF-TARGET,OFF-TARGET,OFF-TARGET
284,IGF1R,imgt:Non-Hodgkins_lymphoma_(NHL),OFF-TARGET,OFF-TARGET,OFF-TARGET
284,IGF1R,imgt:Cancers_breast,OFF-TARGET,OFF-TARGET,OFF-TARGET
284,IGF1R,imgt:Ewing_sarcoma,PLAUSIBLE,PLAUSIBLE,OFF-TARGET
284,IGF1R,imgt:Cancers_ovarian,OFF-TARGET,OFF-TARGET,OFF-TARGET
284,IGF1R,imgt:Cancers_gastric,OFF-TARGET,OFF-TARGET,OFF-TARGET
284,IGF1R,imgt:Acute_lymphocytic_leukemia_(ALL),OFF-TARGET,OFF-TARGET,OFF-TARGET
284,IGF1R,imgt:Solid_tumors_advanced_or_metastatic,OFF-TARGET,OFF-TARGET,OFF-TARGET
284,IGF1R,imgt:Lymphoma_diffuse_large_B_cell_(DLBCL),OFF-TARGET,OFF-TARGET,OFF-TARGET
284,IGF1R,imgt:Cancers_pancreatic,PLAUSIBLE,PLAUSIBLE,OFF-TARGET
284,IGF1R,imgt:Renal_cell_carcinoma_(RCC),OFF-TARGET,OFF-TARGET,OFF-TARGET
284,IGF1R,imgt:Cancers_prostate,PLAUSIBLE,PLAUSIBLE,PLAUSIBLE
284,IGF1R,imgt:Cancers_colorectal_(CRC),OFF-TARGET,OFF-TARGET,OFF-TARGET
284,IGF1R,imgt:Lymphoma,OFF-TARGET,OFF-TARGET,OFF-TARGET
284,IGF1R,imgt:Glioblastoma_multiforme_(GBM),OFF-TARGET,OFF-TARGET,OFF-TARGET
285,ERBB2,imgt:Cancers_breast,PLAUSIBLE,PLAUSIBLE,OFF-TARGET
285,ERBB2,imgt:Cancers_ovarian,PLAUSIBLE,PLAUSIBLE,PLAUSIBLE
285,ERBB2,imgt:Multiple_myeloma_(MM),OFF-TARGET,OFF-TARGET,OFF-TARGET
285,ERBB2,imgt:Cancers_non-small_cell_lung_(NSCLC),PLAUSIBLE,PLAUSIBLE,PLAUSIBLE
285,ERBB2,imgt:Acute_myeloid_leukemia_(AML),OFF-TARGET,OFF-TARGET,OFF-TARGET
285,ERBB2,imgt:Cancers_colorectal_(CRC),PLAUSIBLE,PLAUSIBLE,PLAUSIBLE
285,ERBB2,imgt:Cancers_gastric,PLAUSIBLE,PLAUSIBLE,PLAUSIBLE
285,ERBB2,imgt:Glioblastoma_multiforme_(GBM),OFF-TARGET,OFF-TARGET,OFF-TARGET
285,ERBB2,imgt:Non-Hodgkins_lymphoma_(NHL),OFF-TARGET,OFF-TARGET,OFF-TARGET
285,ERBB2,imgt:Chronic_lymphocytic_leukemia_(CLL),OFF-TARGET,OFF-TARGET,OFF-TARGET
285,ERBB2,imgt:Lymphoma_diffuse_large_B_cell_(DLBCL),OFF-TARGET,OFF-TARGET,OFF-TARGET
285,ERBB2,imgt:Cancers_head_and_neck,PLAUSIBLE,PLAUSIBLE,OFF-TARGET
285,ERBB2,imgt:Melanoma_metastatic,PLAUSIBLE,OFF-TARGET,OFF-TARGET
285,ERBB2,imgt:Cancers_colorectal_(CRC)_metastatic,PLAUSIBLE,PLAUSIBLE,PLAUSIBLE
285,ERBB2,imgt:Lymphoma_B_cell,OFF-TARGET,OFF-TARGET,OFF-TARGET
285,ERBB2,imgt:Cancers_non-small_cell_lung_(NSCLC)_metastatic,PLAUSIBLE,PLAUSIBLE,PLAUSIBLE
285,ERBB2,imgt:Cancers_pancreatic,PLAUSIBLE,PLAUSIBLE,OFF-TARGET
285,ERBB2,imgt:Melanoma,PLAUSIBLE,OFF-TARGET,OFF-TARGET
286,CD6,imgt:Ex_vivo_treatment_of_autologous_bone_marrow_and_subsequent_reinfusion,OFF-TARGET,OFF-TARGET,OFF-TARGET
286,CD6,imgt:B_cell_leukemia,PLAUSIBLE,OFF-TARGET,OFF-TARGET
286,CD6,imgt:Lymphoma_B_cell,OFF-TARGET,OFF-TARGET,OFF-TARGET
286,CD6,imgt:T_cell_malignancies,OFF-TARGET,OFF-TARGET,OFF-TARGET
286,CD6,imgt:Non-Hodgkins_lymphoma_(NHL),OFF-TARGET,OFF-TARGET,OFF-TARGET
286,CD6,imgt:Cancers_colorectal_(CRC),PLAUSIBLE,OFF-TARGET,OFF-TARGET
286,CD6,imgt:Cancers_non-small_cell_lung_(NSCLC),PLAUSIBLE,OFF-TARGET,OFF-TARGET
286,CD6,imgt:Cancers_colon,OFF-TARGET,OFF-TARGET,OFF-TARGET
286,CD6,imgt:Cancers_ovarian,OFF-TARGET,OFF-TARGET,OFF-TARGET
286,CD6,imgt:Myeloid_leukemia,PLAUSIBLE,OFF-TARGET,OFF-TARGET
286,CD6,imgt:Graft-versus-host_disease_(GvHD),PLAUSIBLE,PLAUSIBLE,OFF-TARGET
286,CD6,imgt:Cancers_squamous,OFF-TARGET,OFF-TARGET,OFF-TARGET
286,CD6,imgt:Systemic_lupus_erythematosus_(SLE),PLAUSIBLE,PLAUSIBLE,OFF-TARGET
286,CD6,imgt:Cancers_breast,OFF-TARGET,OFF-TARGET,OFF-TARGET
286,CD6,imgt:Multiple_myeloma_(MM),PLAUSIBLE,OFF-TARGET,PLAUSIBLE
286,CD6,imgt:Acute_myeloid_leukemia_(AML),PLAUSIBLE,PLAUSIBLE,OFF-TARGET
286,CD6,imgt:Malignant_ascites,OFF-TARGET,OFF-TARGET,OFF-TARGET
286,CD6,imgt:Cancers_small_cell_lung_(SCLC),PLAUSIBLE,OFF-TARGET,OFF-TARGET
287,CD19,imgt:Cancers_non-small_cell_lung_(NSCLC),OFF-TARGET,OFF-TARGET,OFF-TARGET
287,CD19,imgt:Non-Hodgkins_lymphoma_(NHL),PLAUSIBLE,PLAUSIBLE,OFF-TARGET
287,CD19,imgt:Cancers_breast,OFF-TARGET,OFF-TARGET,OFF-TARGET
287,CD19,imgt:Cancers_ovarian,OFF-TARGET,OFF-TARGET,OFF-TARGET
287,CD19,imgt:Chronic_lymphocytic_leukemia_(CLL),PLAUSIBLE,PLAUSIBLE,OFF-TARGET
287,CD19,imgt:Multiple_myeloma_(MM),PLAUSIBLE,PLAUSIBLE,OFF-TARGET
287,CD19,imgt:Cancers_gastric,OFF-TARGET,OFF-TARGET,OFF-TARGET
287,CD19,imgt:Acute_myeloid_leukemia_(AML),PLAUSIBLE,PLAUSIBLE,OFF-TARGET
287,CD19,imgt:Cancers_colorectal_(CRC),OFF-TARGET,OFF-TARGET,OFF-TARGET
287,CD19,imgt:Glioblastoma_multiforme_(GBM),OFF-TARGET,OFF-TARGET,OFF-TARGET
287,CD19,imgt:Cancers_head_and_neck,OFF-TARGET,OFF-TARGET,OFF-TARGET
287,CD19,imgt:Lymphoma_diffuse_large_B_cell_(DLBCL),PLAUSIBLE,PLAUSIBLE,OFF-TARGET
287,CD19,imgt:Hepatocellular_carcinoma_(HCC),OFF-TARGET,OFF-TARGET,OFF-TARGET
287,CD19,imgt:Cancers_pancreatic,OFF-TARGET,OFF-TARGET,OFF-TARGET
287,CD19,imgt:Hodgkin_lymphoma,PLAUSIBLE,PLAUSIBLE,OFF-TARGET
287,CD19,imgt:Renal_cell_carcinoma_(RCC),OFF-TARGET,OFF-TARGET,OFF-TARGET
287,CD19,imgt:Melanoma,OFF-TARGET,OFF-TARGET,OFF-TARGET
287,CD19,imgt:Rheumatoid_arthritis_(RA),PLAUSIBLE,PLAUSIBLE,OFF-TARGET
288,VEGFA,imgt:Macular_edema_following_Central_Retinal_Vein_Occlusion_(CRVO),PLAUSIBLE,PLAUSIBLE,PLAUSIBLE
288,VEGFA,imgt:Macular_edema_following_Retinal_Vein_Occlusion_(RVO),PLAUSIBLE,PLAUSIBLE,PLAUSIBLE
288,VEGFA,imgt:Age-related_macular_degeneration_(AMD)_neovascular_(wet),PLAUSIBLE,PLAUSIBLE,PLAUSIBLE
288,VEGFA,imgt:Lymphoma_diffuse_large_B_cell_(DLBCL),OFF-TARGET,OFF-TARGET,OFF-TARGET
288,VEGFA,imgt:Cancers_colorectal_(CRC)_metastatic,PLAUSIBLE,PLAUSIBLE,OFF-TARGET
288,VEGFA,imgt:Cancers_non-small_cell_lung_(NSCLC),PLAUSIBLE,PLAUSIBLE,OFF-TARGET
288,VEGFA,imgt:Chronic_lymphocytic_leukemia_(CLL),OFF-TARGET,OFF-TARGET,OFF-TARGET
288,VEGFA,imgt:Cancers_breast_overexpressing_ERBB2_metastatic,PLAUSIBLE,PLAUSIBLE,PLAUSIBLE
288,VEGFA,imgt:Lymphoma_follicular_(FL),OFF-TARGET,OFF-TARGET,OFF-TARGET
288,VEGFA,imgt:Multiple_myeloma_(MM),OFF-TARGET,OFF-TARGET,OFF-TARGET
288,VEGFA,imgt:Cancers_gastric,PLAUSIBLE,PLAUSIBLE,OFF-TARGET
288,VEGFA,imgt:Cancers_small_cell_lung_(SCLC),PLAUSIBLE,PLAUSIBLE,OFF-TARGET
288,VEGFA,imgt:Hepatocellular_carcinoma_(HCC),PLAUSIBLE,PLAUSIBLE,OFF-TARGET
288,VEGFA,imgt:Diabetic_macular_edema,PLAUSIBLE,PLAUSIBLE,PLAUSIBLE
288,VEGFA,imgt:B_cell_acute_lymphoblastic_leukemia_(B_cell_ALL),OFF-TARGET,OFF-TARGET,OFF-TARGET
288,VEGFA,imgt:Melanoma,OFF-TARGET,OFF-TARGET,OFF-TARGET
288,VEGFA,imgt:Carcinoma_bladder_cancer_advanced_or_metastatic_urothelial_cancers,OFF-TARGET,OFF-TARGET,OFF-TARGET
288,VEGFA,imgt:Lymphoma_mantle_cell_(MCL),OFF-TARGET,OFF-TARGET,OFF-TARGET
288,VEGFA,imgt:Mesothelioma_pleural_malignant,OFF-TARGET,OFF-TARGET,OFF-TARGET
288,VEGFA,imgt:Non-Hodgkins_lymphoma_(NHL)_follicular_CD20_positive_relapsed_or_refractory_low_grade,OFF-TARGET,OFF-TARGET,OFF-TARGET
289,TNFRSF9,imgt:Hepatocellular_carcinoma_(HCC)_metastatic,PLAUSIBLE,PLAUSIBLE,OFF-TARGET
289,TNFRSF9,imgt:Cancers_non-small_cell_lung_(NSCLC),PLAUSIBLE,PLAUSIBLE,OFF-TARGET
289,TNFRSF9,imgt:Multiple_myeloma_(MM),OFF-TARGET,OFF-TARGET,OFF-TARGET
289,TNFRSF9,imgt:Non-Hodgkins_lymphoma_(NHL),PLAUSIBLE,PLAUSIBLE,OFF-TARGET
289,TNFRSF9,imgt:Carcinoma_head_and_neck_squamous_cell_(HNSCC)_recurrent_or_metastatic,PLAUSIBLE,PLAUSIBLE,OFF-TARGET
289,TNFRSF9,imgt:Chronic_lymphocytic_leukemia_(CLL),PLAUSIBLE,PLAUSIBLE,PLAUSIBLE
289,TNFRSF9,imgt:Cancers_breast,PLAUSIBLE,PLAUSIBLE,OFF-TARGET
289,TNFRSF9,imgt:Cancers_gastric,PLAUSIBLE,PLAUSIBLE,OFF-TARGET
289,TNFRSF9,imgt:Acute_myeloid_leukemia_(AML),PLAUSIBLE,PLAUSIBLE,OFF-TARGET
289,TNFRSF9,imgt:Soft-tissue_sarcoma_(STS),PLAUSIBLE,OFF-TARGET,OFF-TARGET
289,TNFRSF9,imgt:Lymphoma,PLAUSIBLE,PLAUSIBLE,OFF-TARGET
289,TNFRSF9,imgt:Solid_tumors_advanced_or_metastatic,OFF-TARGET,OFF-TARGET,OFF-TARGET
289,TNFRSF9,imgt:Cancers_esophageal_metastatic,OFF-TARGET,OFF-TARGET,OFF-TARGET
289,TNFRSF9,imgt:Acute_lymphocytic_leukemia_(ALL),PLAUSIBLE,PLAUSIBLE,OFF-TARGET
289,TNFRSF9,imgt:Cancers_ovarian,PLAUSIBLE,PLAUSIBLE,OFF-TARGET
289,TNFRSF9,imgt:Cancers_prostate,OFF-TARGET,OFF-TARGET,OFF-TARGET
289,TNFRSF9,imgt:Cancers_pancreatic,PLAUSIBLE,PLAUSIBLE,OFF-TARGET
290,CD22,imgt:Cancers_non-small_cell_lung_(NSCLC),OFF-TARGET,OFF-TARGET,OFF-TARGET
290,CD22,imgt:Multiple_myeloma_(MM),OFF-TARGET,OFF-TARGET,OFF-TARGET
290,CD22,imgt:Acute_myeloid_leukemia_(AML),PLAUSIBLE,PLAUSIBLE,OFF-TARGET
290,CD22,imgt:Chronic_lymphocytic_leukemia_(CLL),PLAUSIBLE,PLAUSIBLE,OFF-TARGET
290,CD22,imgt:Non-Hodgkins_lymphoma_(NHL),PLAUSIBLE,PLAUSIBLE,OFF-TARGET
290,CD22,imgt:Cancers_pancreatic,OFF-TARGET,OFF-TARGET,OFF-TARGET
290,CD22,imgt:Lymphoma_diffuse_large_B_cell_(DLBCL),PLAUSIBLE,PLAUSIBLE,OFF-TARGET
290,CD22,imgt:Cancers_gastric,OFF-TARGET,OFF-TARGET,OFF-TARGET
290,CD22,imgt:Cancers_breast,PLAUSIBLE,OFF-TARGET,OFF-TARGET
290,CD22,imgt:Acute_lymphocytic_leukemia_(ALL),PLAUSIBLE,PLAUSIBLE,OFF-TARGET
290,CD22,imgt:Cancers_ovarian,OFF-TARGET,OFF-TARGET,OFF-TARGET
290,CD22,imgt:Melanoma,PLAUSIBLE,OFF-TARGET,OFF-TARGET
290,CD22,imgt:Cancers_head_and_neck,OFF-TARGET,OFF-TARGET,OFF-TARGET
290,CD22,imgt:Lymphoma_follicular_(FL),PLAUSIBLE,PLAUSIBLE,OFF-TARGET
290,CD22,imgt:Glioblastoma_multiforme_(GBM),OFF-TARGET,OFF-TARGET,OFF-TARGET
290,CD22,imgt:Lymphoma_B_cell,PLAUSIBLE,PLAUSIBLE,OFF-TARGET
290,CD22,imgt:Lymphoma,PLAUSIBLE,PLAUSIBLE,OFF-TARGET
290,CD22,imgt:Cancers_colorectal_(CRC),OFF-TARGET,OFF-TARGET,OFF-TARGET
292,MSLN,imgt:Cancers_non-small_cell_lung_(NSCLC),PLAUSIBLE,PLAUSIBLE,OFF-TARGET
292,MSLN,imgt:Non-Hodgkins_lymphoma_(NHL),OFF-TARGET,OFF-TARGET,OFF-TARGET
292,MSLN,imgt:Lymphoma_diffuse_large_B_cell_(DLBCL),OFF-TARGET,OFF-TARGET,OFF-TARGET
292,MSLN,imgt:Cancers_ovarian,PLAUSIBLE,PLAUSIBLE,PLAUSIBLE
292,MSLN,imgt:Cancers_breast,PLAUSIBLE,PLAUSIBLE,OFF-TARGET
292,MSLN,imgt:Chronic_lymphocytic_leukemia_(CLL),PLAUSIBLE,OFF-TARGET,OFF-TARGET
292,MSLN,imgt:Cancers_pancreatic,PLAUSIBLE,PLAUSIBLE,OFF-TARGET
292,MSLN,imgt:Cancers_gastric,PLAUSIBLE,OFF-TARGET,OFF-TARGET
292,MSLN,imgt:Multiple_myeloma_(MM),OFF-TARGET,OFF-TARGET,OFF-TARGET
292,MSLN,imgt:Acute_myeloid_leukemia_(AML),PLAUSIBLE,OFF-TARGET,OFF-TARGET
292,MSLN,imgt:Mesothelioma_pleural_malignant,PLAUSIBLE,PLAUSIBLE,OFF-TARGET
292,MSLN,imgt:Lymphoma_B_cell,OFF-TARGET,OFF-TARGET,OFF-TARGET
292,MSLN,imgt:Cancers_colorectal_(CRC)_metastatic,PLAUSIBLE,OFF-TARGET,OFF-TARGET
292,MSLN,imgt:Hepatocellular_carcinoma_(HCC),OFF-TARGET,OFF-TARGET,OFF-TARGET
292,MSLN,imgt:Renal_cell_carcinoma_(RCC),OFF-TARGET,OFF-TARGET,OFF-TARGET
292,MSLN,imgt:Glioblastoma_multiforme_(GBM),PLAUSIBLE,OFF-TARGET,OFF-TARGET
292,MSLN,imgt:Melanoma,OFF-TARGET,OFF-TARGET,OFF-TARGET
292,MSLN,imgt:Cancers_head_and_neck,OFF-TARGET,OFF-TARGET,OFF-TARGET
292,MSLN,imgt:Cancers_colorectal_(CRC),PLAUSIBLE,OFF-TARGET,OFF-TARGET
293,ERBB2,imgt:Cancers_breast,PLAUSIBLE,PLAUSIBLE,OFF-TARGET
293,ERBB2,imgt:Cancers_non-small_cell_lung_(NSCLC),PLAUSIBLE,PLAUSIBLE,PLAUSIBLE
293,ERBB2,imgt:Non-Hodgkins_lymphoma_(NHL),OFF-TARGET,OFF-TARGET,OFF-TARGET
293,ERBB2,imgt:Multiple_myeloma_(MM),OFF-TARGET,OFF-TARGET,OFF-TARGET
293,ERBB2,imgt:Chronic_lymphocytic_leukemia_(CLL),OFF-TARGET,OFF-TARGET,OFF-TARGET
293,ERBB2,imgt:Acute_myeloid_leukemia_(AML),OFF-TARGET,OFF-TARGET,OFF-TARGET
293,ERBB2,imgt:Cancers_ovarian,PLAUSIBLE,PLAUSIBLE,PLAUSIBLE
293,ERBB2,imgt:Lymphoma,OFF-TARGET,OFF-TARGET,OFF-TARGET
293,ERBB2,imgt:Cancers_gastric,PLAUSIBLE,PLAUSIBLE,PLAUSIBLE
293,ERBB2,imgt:Acute_lymphocytic_leukemia_(ALL),OFF-TARGET,OFF-TARGET,OFF-TARGET
293,ERBB2,imgt:Cancers_prostate,PLAUSIBLE,PLAUSIBLE,OFF-TARGET
293,ERBB2,imgt:Glioblastoma_multiforme_(GBM),OFF-TARGET,OFF-TARGET,OFF-TARGET
293,ERBB2,imgt:Cancers_pancreatic,PLAUSIBLE,PLAUSIBLE,OFF-TARGET
293,ERBB2,imgt:Solid_tumors_advanced_or_metastatic,OFF-TARGET,OFF-TARGET,OFF-TARGET
293,ERBB2,imgt:Cancers_colorectal_(CRC),PLAUSIBLE,PLAUSIBLE,PLAUSIBLE
293,ERBB2,imgt:Cancers_head_and_neck,PLAUSIBLE,PLAUSIBLE,OFF-TARGET
293,ERBB2,imgt:Melanoma,PLAUSIBLE,OFF-TARGET,OFF-TARGET
293,ERBB2,imgt:Lymphoma_diffuse_large_B_cell_(DLBCL),OFF-TARGET,OFF-TARGET,OFF-TARGET
294,IL6,imgt:Cancers_non-small_cell_lung_(NSCLC),PLAUSIBLE,PLAUSIBLE,OFF-TARGET
294,IL6,imgt:Cancers_breast,PLAUSIBLE,OFF-TARGET,OFF-TARGET
294,IL6,imgt:Cancers_ovarian,OFF-TARGET,OFF-TARGET,OFF-TARGET
294,IL6,imgt:Non-Hodgkins_lymphoma_(NHL),OFF-TARGET,OFF-TARGET,OFF-TARGET
294,IL6,imgt:Multiple_myeloma_(MM),PLAUSIBLE,PLAUSIBLE,OFF-TARGET
294,IL6,imgt:Cancers_gastric,OFF-TARGET,OFF-TARGET,OFF-TARGET
294,IL6,imgt:Chronic_lymphocytic_leukemia_(CLL),PLAUSIBLE,PLAUSIBLE,OFF-TARGET
294,IL6,imgt:Acute_myeloid_leukemia_(AML),PLAUSIBLE,PLAUSIBLE,OFF-TARGET
294,IL6,imgt:Cancers_colorectal_(CRC),OFF-TARGET,OFF-TARGET,OFF-TARGET
294,IL6,imgt:Glioblastoma_multiforme_(GBM),OFF-TARGET,OFF-TARGET,OFF-TARGET
294,IL6,imgt:Cancers_pancreatic,OFF-TARGET,OFF-TARGET,OFF-TARGET
294,IL6,imgt:Hodgkin_lymphoma,OFF-TARGET,OFF-TARGET,OFF-TARGET
294,IL6,imgt:Lymphoma,OFF-TARGET,OFF-TARGET,OFF-TARGET
294,IL6,imgt:Lymphoma_diffuse_large_B_cell_(DLBCL),OFF-TARGET,OFF-TARGET,OFF-TARGET
294,IL6,imgt:Cancers_head_and_neck,OFF-TARGET,OFF-TARGET,OFF-TARGET
294,IL6,imgt:Cancers_prostate,PLAUSIBLE,PLAUSIBLE,OFF-TARGET
294,IL6,imgt:Hepatocellular_carcinoma_(HCC),OFF-TARGET,OFF-TARGET,OFF-TARGET
295,MS4A1,imgt:Lymphoma_diffuse_large_B_cell_(DLBCL),PLAUSIBLE,PLAUSIBLE,OFF-TARGET
295,MS4A1,imgt:Non-Hodgkins_lymphoma_(NHL),PLAUSIBLE,PLAUSIBLE,OFF-TARGET
295,MS4A1,imgt:Chronic_lymphocytic_leukemia_(CLL),PLAUSIBLE,PLAUSIBLE,OFF-TARGET
295,MS4A1,imgt:Cancers_non-small_cell_lung_(NSCLC),PLAUSIBLE,PLAUSIBLE,OFF-TARGET
295,MS4A1,imgt:Cancers_colorectal_(CRC)_metastatic,OFF-TARGET,OFF-TARGET,OFF-TARGET
295,MS4A1,imgt:Cancers_breast_overexpressing_ERBB2_metastatic,OFF-TARGET,OFF-TARGET,OFF-TARGET
295,MS4A1,imgt:Multiple_myeloma_(MM),PLAUSIBLE,PLAUSIBLE,OFF-TARGET
295,MS4A1,imgt:Neuroblastoma,OFF-TARGET,OFF-TARGET,OFF-TARGET
295,MS4A1,imgt:Cancers_small_cell_lung_(SCLC),PLAUSIBLE,PLAUSIBLE,OFF-TARGET
295,MS4A1,imgt:Lymphoma_follicular_(FL),PLAUSIBLE,PLAUSIBLE,OFF-TARGET
295,MS4A1,imgt:Cancers_ovarian,OFF-TARGET,OFF-TARGET,OFF-TARGET
295,MS4A1,imgt:Melanoma,OFF-TARGET,OFF-TARGET,OFF-TARGET
295,MS4A1,imgt:Cancers_pancreatic,OFF-TARGET,OFF-TARGET,OFF-TARGET
295,MS4A1,imgt:Cancers_gastric,OFF-TARGET,OFF-TARGET,OFF-TARGET
295,MS4A1,imgt:Merkel_cell_carcinoma_(MCC)_metastatic,OFF-TARGET,OFF-TARGET,OFF-TARGET
295,MS4A1,imgt:Lymphoproliferative_disorder_giant_lymph_node_hyperplasia_(Castlemans_disease),OFF-TARGET,OFF-TARGET,OFF-TARGET
295,MS4A1,imgt:Lymphoma_B_cell,PLAUSIBLE,PLAUSIBLE,OFF-TARGET
295,MS4A1,imgt:Acute_myeloid_leukemia_(AML),PLAUSIBLE,PLAUSIBLE,OFF-TARGET
295,MS4A1,imgt:Carcinoma_bladder_cancer_advanced_or_metastatic_urothelial_cancers,OFF-TARGET,OFF-TARGET,OFF-TARGET
296,PDCD1,imgt:Cancers_non-small_cell_lung_(NSCLC),PLAUSIBLE,PLAUSIBLE,OFF-TARGET
296,PDCD1,imgt:Cancers_nasopharyngeal,PLAUSIBLE,PLAUSIBLE,OFF-TARGET
296,PDCD1,imgt:Cancers_gastric,PLAUSIBLE,PLAUSIBLE,OFF-TARGET
296,PDCD1,imgt:Non-Hodgkins_lymphoma_(NHL),PLAUSIBLE,PLAUSIBLE,OFF-TARGET
296,PDCD1,imgt:Cancers_non-small_cell_lung_(NSCLC)_metastatic,PLAUSIBLE,PLAUSIBLE,OFF-TARGET
296,PDCD1,imgt:Hodgkin_lymphoma,PLAUSIBLE,PLAUSIBLE,OFF-TARGET
296,PDCD1,imgt:Cancers_ovarian,PLAUSIBLE,PLAUSIBLE,OFF-TARGET
296,PDCD1,imgt:Cancers_breast,PLAUSIBLE,PLAUSIBLE,OFF-TARGET
296,PDCD1,imgt:Chronic_lymphocytic_leukemia_(CLL),OFF-TARGET,OFF-TARGET,OFF-TARGET
296,PDCD1,imgt:Lymphoma_diffuse_large_B_cell_(DLBCL),PLAUSIBLE,PLAUSIBLE,OFF-TARGET
296,PDCD1,imgt:Rheumatoid_arthritis_(RA),OFF-TARGET,OFF-TARGET,OFF-TARGET
296,PDCD1,imgt:Multiple_myeloma_(MM),PLAUSIBLE,PLAUSIBLE,OFF-TARGET
296,PDCD1,imgt:Hepatocellular_carcinoma_(HCC),PLAUSIBLE,PLAUSIBLE,OFF-TARGET
296,PDCD1,imgt:Cancers_head_and_neck,PLAUSIBLE,PLAUSIBLE,OFF-TARGET
296,PDCD1,imgt:Renal_cell_carcinoma_(RCC),PLAUSIBLE,PLAUSIBLE,OFF-TARGET
296,PDCD1,imgt:Neuromyelitis_optica_(NMO),OFF-TARGET,OFF-TARGET,OFF-TARGET
296,PDCD1,imgt:Cancers_colorectal_(CRC)_metastatic,PLAUSIBLE,PLAUSIBLE,OFF-TARGET
296,PDCD1,imgt:Melanoma_metastatic,PLAUSIBLE,PLAUSIBLE,OFF-TARGET
296,PDCD1,imgt:Cancers_colorectal_(CRC),PLAUSIBLE,PLAUSIBLE,OFF-TARGET
