model,trial,seed,lr,batch,neg,gamma,reg,regularizer,init_size,max_epochs,double_neg,valid_tail_mr,test_tail_mr,test_tail_mrr,test_h1,test_h3,test_h10
AttE,trial_000,6042,0.001,2048,64,12.0,0.0,F2,0.001,200,False,42.15614700317383,48.33333206176758,0.2769775986671448,0.17845118045806885,0.2794612646102905,0.5016834735870361
AttE,trial_001,6043,0.001,1024,32,12.0,0.0,F2,0.005,200,False,176.6411895751953,199.35353088378906,0.2899426519870758,0.17845118045806885,0.3097642958164215,0.5185185074806213
AttE,trial_002,6044,0.001,512,64,0.0,1e-06,N3,0.005,200,False,30.720930099487305,26.053871154785156,0.26538071036338806,0.15488214790821075,0.28282827138900757,0.5151515007019043
AttE,trial_003,6045,0.0003,1024,128,6.0,1e-05,F2,0.005,200,False,29.475082397460938,25.494949340820312,0.28205063939094543,0.17171716690063477,0.30639731884002686,0.48821547627449036
AttE,trial_004,6046,0.003,512,64,0.0,0.0,F2,0.001,200,True,32.69435119628906,27.774410247802734,0.27844420075416565,0.16498316824436188,0.3097642958164215,0.5084174871444702
AttE,trial_005,6047,0.0003,256,32,12.0,1e-05,F2,0.001,200,True,32.069766998291016,27.19528579711914,0.28662559390068054,0.18518517911434174,0.2861952781677246,0.5488215684890747
AttE,trial_006,6048,0.003,1024,128,0.0,1e-06,F2,0.001,200,False,33.38206100463867,38.835018157958984,0.29731816053390503,0.18855218589305878,0.3164983093738556,0.5353535413742065
AttE,trial_007,6049,0.001,512,128,0.0,0.0,N3,0.005,200,True,27.598007202148438,26.58922576904297,0.2835807800292969,0.1750841736793518,0.30639731884002686,0.5151515007019043
AttE,trial_008,6050,0.003,256,64,6.0,1e-05,F2,0.005,200,False,34.23255920410156,28.080808639526367,0.28249406814575195,0.17845118045806885,0.28956228494644165,0.5185185074806213
AttE,trial_009,6051,0.001,1024,64,0.0,1e-06,N3,0.001,200,True,32.28239059448242,28.56902313232422,0.26849475502967834,0.15488214790821075,0.25589224696159363,0.5521885752677917
AttE,trial_010,6052,0.0003,512,128,6.0,1e-06,F2,0.005,200,True,2437.55810546875,2245.6162109375,0.1421852707862854,0.1111111119389534,0.16835017502307892,0.18518517911434174
AttE,trial_011,6053,0.003,1024,64,12.0,1e-05,N3,0.001,200,False,295.28570556640625,276.90234375,0.2879904806613922,0.17845118045806885,0.30639731884002686,0.5084174871444702
AttE,trial_012,6054,0.003,256,32,0.0,1e-06,N3,0.005,200,False,32.043190002441406,29.622896194458008,0.29653114080429077,0.17845118045806885,0.31313130259513855,0.558922529220581
AttE,trial_013,6055,0.0003,512,32,12.0,0.0,F2,0.001,200,True,3919.279052734375,3754.6162109375,0.0014792769216001034,0.0,0.0,0.0
AttE,trial_014,6056,0.001,1024,64,6.0,1e-06,N3,0.001,200,True,26.465116500854492,23.414140701293945,0.3027832806110382,0.18518517911434174,0.3265993297100067,0.558922529220581
AttE,trial_015,6057,0.001,1024,32,12.0,1e-05,N3,0.005,200,True,33.946842193603516,32.11784362792969,0.28433823585510254,0.17845118045806885,0.29629629850387573,0.49494948983192444
AttE,trial_016,6058,0.001,1024,32,6.0,1e-06,F2,0.005,200,True,168.04983520507812,183.46127319335938,0.2784450948238373,0.16161616146564484,0.29629629850387573,0.5353535413742065
AttE,trial_017,6059,0.0003,256,64,0.0,1e-05,F2,0.005,200,True,446.8737487792969,347.1515197753906,0.2849581837654114,0.17845118045806885,0.30639731884002686,0.5117844939231873
AttE,trial_018,6060,0.0003,1024,128,6.0,0.0,N3,0.005,200,True,933.3687744140625,746.5117797851562,0.2745060920715332,0.17845118045806885,0.3030303120613098,0.4983164966106415
AttE,trial_019,6061,0.003,1024,128,6.0,1e-06,N3,0.001,200,False,315.4783935546875,278.81817626953125,0.285724937915802,0.17845118045806885,0.3030303120613098,0.5117844939231873
AttE,trial_020,6062,0.001,1024,64,6.0,1e-06,F2,0.005,200,True,27.697673797607422,24.114479064941406,0.3032393157482147,0.18518517911434174,0.3164983093738556,0.5521885752677917
AttE,trial_021,6063,0.001,256,64,0.0,1e-05,N3,0.001,200,False,32.40199279785156,27.414140701293945,0.2591128647327423,0.14814814925193787,0.2626262605190277,0.5151515007019043
AttE,trial_022,6064,0.0003,1024,128,0.0,1e-05,N3,0.005,200,False,4010.451904296875,4189.19189453125,0.0004204761644359678,0.0,0.0,0.0
AttE,trial_023,6065,0.0003,1024,128,0.0,1e-06,F2,0.001,200,False,3836.159423828125,4017.8955078125,0.00048368054558523,0.0,0.0,0.0
AttE,trial_024,6066,0.003,1024,64,12.0,1e-05,N3,0.005,200,True,33.38206100463867,27.3468017578125,0.26499801874160767,0.16835017502307892,0.2390572428703308,0.5151515007019043
AttE,trial_025,6067,0.0003,1024,128,12.0,1e-05,N3,0.001,200,False,1413.8770751953125,1270.1986083984375,0.006803400814533234,0.0,0.003367003286257386,0.010101010091602802
AttE,trial_026,6068,0.0003,1024,128,6.0,0.0,N3,0.005,200,True,4735.74072265625,4699.37060546875,0.0007593711488880217,0.0,0.0,0.0
AttE,trial_027,6069,0.0003,512,64,6.0,1e-05,N3,0.005,200,True,32.14617919921875,29.127946853637695,0.27275633811950684,0.16161616146564484,0.2861952781677246,0.5488215684890747
AttE,trial_028,6070,0.0003,1024,64,6.0,1e-06,F2,0.001,200,True,5194.08642578125,5167.962890625,0.00030753406463190913,0.0,0.0,0.0
AttE,trial_029,6071,0.0003,1024,32,12.0,1e-05,N3,0.005,200,False,41.212623596191406,59.15824890136719,0.2865753769874573,0.18518517911434174,0.28956228494644165,0.4983164966106415
AttE,trial_030,6072,0.001,512,32,0.0,1e-05,F2,0.001,200,True,32.59468460083008,27.343435287475586,0.2647813856601715,0.14478114247322083,0.2760942876338959,0.5185185074806213
AttE,trial_031,6073,0.0003,256,32,6.0,1e-05,N3,0.001,200,False,28.478404998779297,26.336700439453125,0.28923657536506653,0.1818181872367859,0.2861952781677246,0.5319865345954895
AttE,trial_032,6074,0.003,256,64,12.0,0.0,N3,0.005,200,False,31.717607498168945,26.841751098632812,0.25793805718421936,0.13131313025951385,0.28956228494644165,0.5454545617103577
AttE,trial_033,6075,0.001,256,64,12.0,1e-06,N3,0.005,200,False,30.624584197998047,26.787878036499023,0.26844263076782227,0.16498316824436188,0.26599326729774475,0.4781144857406616
AttE,trial_034,6076,0.003,512,128,12.0,1e-05,N3,0.005,200,True,32.28903579711914,28.717172622680664,0.28209441900253296,0.16498316824436188,0.31313130259513855,0.5420875549316406
AttE,trial_035,6077,0.001,1024,64,0.0,1e-06,N3,0.001,200,True,32.31893539428711,26.90235710144043,0.26917681097984314,0.15488214790821075,0.28956228494644165,0.5319865345954895
AttE,trial_036,6078,0.0003,512,32,12.0,0.0,F2,0.001,200,True,33.166114807128906,28.952861785888672,0.2924360930919647,0.17845118045806885,0.3232323229312897,0.5319865345954895
AttE,trial_037,6079,0.001,512,32,12.0,1e-06,N3,0.001,200,True,139.9700927734375,162.65992736816406,0.3035297095775604,0.20202019810676575,0.31313130259513855,0.5218855142593384
AttE,trial_038,6080,0.0003,1024,32,6.0,1e-05,F2,0.005,200,False,33.02325439453125,27.824914932250977,0.25478413701057434,0.14478114247322083,0.26599326729774475,0.5151515007019043
AttE,trial_039,6081,0.003,256,32,0.0,0.0,F2,0.001,200,True,32.245845794677734,27.592592239379883,0.2859194576740265,0.1750841736793518,0.28956228494644165,0.558922529220581
AttE,trial_040,6082,0.0003,256,128,6.0,1e-06,F2,0.005,200,True,28.448505401611328,25.713804244995117,0.3014536201953888,0.20202019810676575,0.3030303120613098,0.5218855142593384
AttE,trial_041,6083,0.0003,256,32,0.0,1e-06,F2,0.001,200,True,297.0631103515625,289.9764404296875,0.2863035500049591,0.17845118045806885,0.29629629850387573,0.5151515007019043
AttE,trial_042,6084,0.001,512,32,12.0,0.0,F2,0.005,200,False,544.7674560546875,401.92254638671875,0.28478047251701355,0.17845118045806885,0.28956228494644165,0.5185185074806213
AttE,trial_043,6085,0.003,1024,32,0.0,0.0,N3,0.005,200,False,32.31893539428711,28.21548843383789,0.24984663724899292,0.14478114247322083,0.2289562225341797,0.5252525210380554
AttE,trial_044,6086,0.0003,256,128,6.0,0.0,F2,0.005,200,True,26.079734802246094,24.303030014038086,0.300460547208786,0.18855218589305878,0.3030303120613098,0.5286195278167725
AttE,trial_045,6087,0.001,256,32,12.0,1e-05,N3,0.001,200,False,41.00996780395508,44.050506591796875,0.27239516377449036,0.1818181872367859,0.26599326729774475,0.4781144857406616
AttE,trial_046,6088,0.003,256,64,0.0,1e-06,N3,0.005,200,True,32.13288879394531,27.397306442260742,0.2818939983844757,0.1750841736793518,0.2861952781677246,0.5420875549316406
AttE,trial_047,6089,0.0003,256,32,12.0,0.0,N3,0.005,200,True,31.219268798828125,28.89562225341797,0.2799763083457947,0.17845118045806885,0.3097642958164215,0.4915824830532074
AttE,trial_048,6090,0.003,512,128,6.0,0.0,N3,0.005,200,True,195.13621520996094,175.40740966796875,0.2881452739238739,0.17845118045806885,0.31313130259513855,0.5151515007019043
AttE,trial_049,6091,0.003,1024,128,12.0,1e-05,N3,0.005,200,True,389.6312255859375,355.306396484375,0.27754461765289307,0.17845118045806885,0.2693602740764618,0.5016834735870361
AttE,trial_050,6092,0.001,512,64,6.0,1e-06,N3,0.001,200,False,31.88039779663086,26.043771743774414,0.2538641095161438,0.14478114247322083,0.25925925374031067,0.5185185074806213
AttE,trial_051,6093,0.001,512,32,6.0,1e-06,N3,0.005,200,True,32.98670959472656,27.188552856445312,0.27503854036331177,0.1582491546869278,0.31986531615257263,0.5319865345954895
AttE,trial_052,6094,0.001,1024,32,6.0,0.0,N3,0.001,200,True,27.88039779663086,25.003366470336914,0.3135795593261719,0.1986531913280487,0.31986531615257263,0.5555555820465088
AttE,trial_053,6095,0.001,256,128,0.0,1e-05,N3,0.005,200,False,29.35548210144043,26.037036895751953,0.2824060022830963,0.1750841736793518,0.28282827138900757,0.5555555820465088
AttE,trial_054,6096,0.003,512,64,0.0,1e-05,N3,0.001,200,False,33.0166130065918,30.885520935058594,0.23673050105571747,0.13131313025951385,0.24915824830532074,0.4545454680919647
AttE,trial_055,6097,0.003,1024,32,0.0,1e-06,N3,0.001,200,True,32.85714340209961,28.710437774658203,0.26618242263793945,0.14814814925193787,0.2760942876338959,0.5488215684890747
AttE,trial_056,6098,0.001,512,32,6.0,1e-05,N3,0.001,200,True,328.8604736328125,271.5218811035156,0.2804211378097534,0.17845118045806885,0.2861952781677246,0.5353535413742065
AttE,trial_057,6099,0.003,1024,128,12.0,0.0,F2,0.001,200,False,33.212623596191406,36.02020263671875,0.30800220370292664,0.1986531913280487,0.32996633648872375,0.5420875549316406
AttE,trial_058,6100,0.0003,256,32,12.0,1e-06,F2,0.001,200,True,32.458473205566406,29.76430892944336,0.29163360595703125,0.17845118045806885,0.3164983093738556,0.5319865345954895
AttE,trial_059,6101,0.0003,1024,128,12.0,1e-05,N3,0.001,200,True,31.740863800048828,26.646465301513672,0.2809046804904938,0.17845118045806885,0.2861952781677246,0.5319865345954895
AttE,trial_060,6102,0.001,1024,32,6.0,0.0,N3,0.001,200,False,30.53156089782715,28.925926208496094,0.2784728407859802,0.1750841736793518,0.29629629850387573,0.48821547627449036
AttE,trial_061,6103,0.003,1024,64,12.0,1e-06,F2,0.001,200,False,331.0465087890625,257.5252380371094,0.2847004532814026,0.17845118045806885,0.3097642958164215,0.5185185074806213
AttE,trial_062,6104,0.001,512,64,6.0,1e-05,F2,0.005,200,False,30.20265769958496,28.026935577392578,0.2579289674758911,0.1515151560306549,0.2760942876338959,0.4680134654045105
AttE,trial_063,6105,0.0003,256,64,12.0,0.0,N3,0.001,200,False,34.368770599365234,48.094276428222656,0.27973634004592896,0.19528619945049286,0.2929292917251587,0.4680134654045105
AttE,trial_064,6106,0.0003,512,32,0.0,0.0,N3,0.001,200,True,453.3687744140625,344.8888854980469,0.28864261507987976,0.17845118045806885,0.33670035004615784,0.5319865345954895
AttE,trial_065,6107,0.003,512,64,12.0,1e-05,N3,0.005,200,False,32.0,26.885520935058594,0.23384849727153778,0.10774410516023636,0.2390572428703308,0.5622895359992981
AttE,trial_066,6108,0.0003,256,128,0.0,1e-06,N3,0.005,200,True,31.916942596435547,26.878787994384766,0.2792397439479828,0.16835017502307892,0.2760942876338959,0.5555555820465088
AttE,trial_067,6109,0.001,1024,64,12.0,0.0,N3,0.005,200,True,831.7608032226562,609.885498046875,0.27496135234832764,0.17845118045806885,0.29629629850387573,0.5151515007019043
AttE,trial_068,6110,0.0003,1024,128,12.0,1e-05,F2,0.001,200,False,3852.166015625,4017.602783203125,0.0004145141283515841,0.0,0.0,0.0
AttE,trial_069,6111,0.0003,512,128,12.0,0.0,N3,0.005,200,False,29.784053802490234,26.885520935058594,0.277053564786911,0.17171716690063477,0.2996633052825928,0.5016834735870361
AttE,trial_070,6112,0.0003,512,64,0.0,1e-05,F2,0.005,200,False,30.6777400970459,26.531986236572266,0.2626679539680481,0.1515151560306549,0.28282827138900757,0.5218855142593384
AttE,trial_071,6113,0.001,1024,128,12.0,1e-06,F2,0.005,200,False,29.096345901489258,25.296297073364258,0.28731194138526917,0.17171716690063477,0.30639731884002686,0.5286195278167725
AttE,trial_072,6114,0.003,256,128,0.0,1e-06,N3,0.005,200,False,33.166114807128906,33.60606002807617,0.22100286185741425,0.1111111119389534,0.2525252401828766,0.4511784613132477
AttE,trial_073,6115,0.001,256,64,6.0,1e-05,F2,0.001,200,False,32.58803939819336,36.34006881713867,0.2798352837562561,0.18855218589305878,0.2693602740764618,0.48821547627449036
AttE,trial_074,6116,0.0003,256,32,0.0,1e-06,F2,0.001,200,False,301.3853759765625,264.1111145019531,0.2880743145942688,0.17845118045806885,0.30639731884002686,0.5353535413742065
AttE,trial_075,6117,0.0003,1024,128,12.0,1e-06,F2,0.001,200,False,29.8006649017334,26.010101318359375,0.28107139468193054,0.1818181872367859,0.2929292917251587,0.5185185074806213
AttE,trial_076,6118,0.001,512,64,12.0,1e-06,N3,0.005,200,True,167.84718322753906,178.1212158203125,0.28250232338905334,0.1750841736793518,0.2996633052825928,0.5218855142593384
AttE,trial_077,6119,0.0003,512,32,0.0,1e-05,F2,0.001,200,False,386.87042236328125,341.016845703125,0.2861655354499817,0.17845118045806885,0.29629629850387573,0.5185185074806213
AttE,trial_078,6120,0.003,512,32,0.0,0.0,N3,0.005,200,False,34.01329040527344,28.289562225341797,0.2446616291999817,0.1346801370382309,0.25589224696159363,0.4781144857406616
AttE,trial_079,6121,0.0003,512,64,6.0,1e-06,N3,0.005,200,True,590.4219360351562,526.5892333984375,0.283372700214386,0.17845118045806885,0.2996633052825928,0.5117844939231873
AttE,trial_080,6122,0.003,512,128,6.0,1e-06,F2,0.001,200,True,28.803987503051758,27.13131332397461,0.2525296211242676,0.13804714381694794,0.2760942876338959,0.4680134654045105
AttE,trial_081,6123,0.0003,256,64,6.0,0.0,N3,0.005,200,True,988.5315551757812,1005.1549072265625,0.2538095712661743,0.17845118045806885,0.2760942876338959,0.3804713785648346
AttE,trial_082,6124,0.003,256,128,6.0,1e-06,F2,0.001,200,True,27.219268798828125,25.81818199157715,0.2761158347129822,0.1515151560306549,0.31986531615257263,0.5252525210380554
AttE,trial_083,6125,0.001,256,128,6.0,1e-05,N3,0.001,200,True,417.5415344238281,361.07745361328125,0.28390711545944214,0.17845118045806885,0.29629629850387573,0.5218855142593384
AttE,trial_084,6126,0.003,256,32,12.0,1e-06,F2,0.001,200,True,39.488372802734375,32.441078186035156,0.18929369747638702,0.09090909361839294,0.18518517911434174,0.38383838534355164
AttE,trial_085,6127,0.001,512,64,6.0,1e-06,N3,0.001,200,True,424.2757568359375,357.03704833984375,0.28440606594085693,0.17845118045806885,0.28956228494644165,0.5117844939231873
AttE,trial_086,6128,0.003,1024,32,0.0,0.0,F2,0.001,200,True,32.073089599609375,36.08754348754883,0.2642875015735626,0.1515151560306549,0.26599326729774475,0.5454545617103577
AttE,trial_087,6129,0.0003,256,64,6.0,0.0,F2,0.005,200,True,485.05316162109375,337.26263427734375,0.28889936208724976,0.17845118045806885,0.31986531615257263,0.5218855142593384
AttE,trial_088,6130,0.001,512,128,12.0,0.0,F2,0.001,200,True,796.0797119140625,544.9966430664062,0.27228742837905884,0.17845118045806885,0.2794612646102905,0.48821547627449036
AttE,trial_089,6131,0.003,1024,64,0.0,0.0,N3,0.005,200,True,32.222591400146484,31.225589752197266,0.2963564097881317,0.19191919267177582,0.28956228494644165,0.5555555820465088
AttE,trial_090,6132,0.0003,256,32,12.0,1e-06,N3,0.001,200,False,30.079734802246094,33.360267639160156,0.29835355281829834,0.20202019810676575,0.2996633052825928,0.5084174871444702
AttE,trial_091,6133,0.0003,256,32,6.0,0.0,N3,0.005,200,True,872.6677856445312,671.80810546875,0.2764413356781006,0.17845118045806885,0.3164983093738556,0.49494948983192444
AttE,trial_092,6134,0.003,256,32,6.0,1e-06,N3,0.001,200,True,32.55481719970703,27.602693557739258,0.2986462712287903,0.18855218589305878,0.3164983093738556,0.5555555820465088
AttE,trial_093,6135,0.001,512,64,6.0,1e-06,F2,0.001,200,False,33.933555603027344,27.4915828704834,0.3034271001815796,0.20202019810676575,0.30639731884002686,0.5387205481529236
AttE,trial_094,6136,0.001,256,32,6.0,1e-06,N3,0.005,200,False,44.634552001953125,41.693603515625,0.29249730706214905,0.17845118045806885,0.3097642958164215,0.5151515007019043
AttE,trial_095,6137,0.003,256,32,12.0,1e-06,F2,0.001,200,True,33.25249099731445,36.558921813964844,0.26735368371009827,0.17845118045806885,0.27272728085517883,0.4545454680919647
AttE,trial_096,6138,0.001,256,128,0.0,0.0,N3,0.005,200,False,30.727575302124023,25.417509078979492,0.280195951461792,0.18518517911434174,0.2794612646102905,0.5050504803657532
AttE,trial_097,6139,0.0003,256,64,0.0,1e-05,F2,0.001,200,False,29.657806396484375,26.053871154785156,0.27318456768989563,0.1582491546869278,0.30639731884002686,0.5218855142593384
AttE,trial_098,6140,0.0003,512,128,6.0,0.0,F2,0.001,200,True,674.8206176757812,573.340087890625,0.28131839632987976,0.17845118045806885,0.29629629850387573,0.5185185074806213
AttE,trial_099,6141,0.001,512,128,6.0,0.0,F2,0.001,200,True,25.538206100463867,23.373737335205078,0.2939515709877014,0.18855218589305878,0.29629629850387573,0.5521885752677917
AttE,trial_100,6142,0.001,1024,128,6.0,1e-06,N3,0.001,200,True,31.568105697631836,27.148147583007812,0.27192777395248413,0.16498316824436188,0.2626262605190277,0.5555555820465088
AttE,trial_101,6143,0.001,1024,32,0.0,1e-05,F2,0.001,200,True,32.687705993652344,26.81818199157715,0.27289140224456787,0.15488214790821075,0.29629629850387573,0.5521885752677917
AttE,trial_102,6144,0.003,1024,128,0.0,1e-06,N3,0.001,200,False,34.14950180053711,34.66666793823242,0.2892073690891266,0.1818181872367859,0.2996633052825928,0.5387205481529236
AttE,trial_103,6145,0.001,1024,128,12.0,1e-05,F2,0.005,200,False,2753.62451171875,2622.798095703125,0.0005391748272813857,0.0,0.0,0.0
AttE,trial_104,6146,0.003,512,32,0.0,0.0,F2,0.001,200,False,33.23588180541992,28.030303955078125,0.2278839498758316,0.12121212482452393,0.22558923065662384,0.48148149251937866
AttE,trial_105,6147,0.0003,256,128,12.0,1e-06,N3,0.005,200,False,29.222591400146484,24.861953735351562,0.29773780703544617,0.1818181872367859,0.2996633052825928,0.5791245698928833
AttE,trial_106,6148,0.003,512,64,6.0,0.0,N3,0.005,200,True,165.68106079101562,171.78451538085938,0.28804484009742737,0.17845118045806885,0.31313130259513855,0.5117844939231873
AttE,trial_107,6149,0.0003,256,32,0.0,1e-06,N3,0.001,200,False,318.74749755859375,260.0875549316406,0.2860254943370819,0.17845118045806885,0.28956228494644165,0.5286195278167725
AttE,trial_108,6150,0.003,1024,128,12.0,1e-05,F2,0.001,200,True,31.747509002685547,45.181819915771484,0.2716815173625946,0.1818181872367859,0.27272728085517883,0.48148149251937866
AttE,trial_109,6151,0.0003,1024,128,6.0,1e-06,F2,0.001,200,False,29.20265769958496,25.239057540893555,0.2908661365509033,0.17845118045806885,0.31986531615257263,0.5454545617103577
AttE,trial_110,6152,0.001,1024,128,6.0,1e-05,F2,0.005,200,False,324.39202880859375,304.8686828613281,0.28684762120246887,0.17845118045806885,0.3097642958164215,0.5286195278167725
AttE,trial_111,6153,0.001,256,64,0.0,1e-05,F2,0.001,200,False,173.14285278320312,185.7979736328125,0.28879982233047485,0.17845118045806885,0.3097642958164215,0.5084174871444702
AttE,trial_112,6154,0.003,256,128,12.0,0.0,F2,0.005,200,True,28.14617919921875,26.905723571777344,0.2737600803375244,0.17171716690063477,0.2929292917251587,0.4848484992980957
AttE,trial_113,6155,0.0003,1024,32,12.0,1e-06,N3,0.005,200,True,31.986711502075195,27.07744026184082,0.2738566994667053,0.1582491546869278,0.2794612646102905,0.5690235495567322
AttE,trial_114,6156,0.003,256,32,12.0,1e-05,F2,0.001,200,False,160.18605041503906,157.56565856933594,0.28772205114364624,0.17845118045806885,0.30639731884002686,0.5151515007019043
AttE,trial_115,6157,0.003,256,32,0.0,0.0,N3,0.001,200,False,33.222591400146484,28.1447811126709,0.26352909207344055,0.14141413569450378,0.25925925374031067,0.5488215684890747
AttE,trial_116,6158,0.0003,512,32,0.0,0.0,F2,0.005,200,False,305.0199279785156,264.2390441894531,0.2876068353652954,0.17845118045806885,0.30639731884002686,0.5151515007019043
AttE,trial_117,6159,0.001,512,64,0.0,1e-05,N3,0.005,200,True,32.10963439941406,32.181819915771484,0.2606266140937805,0.13804714381694794,0.27272728085517883,0.5454545617103577
AttE,trial_118,6160,0.0003,1024,64,0.0,1e-05,N3,0.001,200,False,694.4285888671875,535.5623168945312,0.22112731635570526,0.12121212482452393,0.2289562225341797,0.43097642064094543
AttE,trial_119,6161,0.003,256,128,6.0,0.0,F2,0.001,200,False,32.0166130065918,27.41077423095703,0.2875854969024658,0.17171716690063477,0.3164983093738556,0.5286195278167725
AttE,trial_120,6162,0.0003,256,32,0.0,0.0,N3,0.005,200,True,245.9634552001953,271.47137451171875,0.28630688786506653,0.17845118045806885,0.3030303120613098,0.5252525210380554
AttE,trial_121,6163,0.003,1024,64,6.0,1e-06,N3,0.001,200,True,201.53488159179688,196.90235900878906,0.286501944065094,0.17845118045806885,0.29629629850387573,0.5185185074806213
AttE,trial_122,6164,0.001,256,128,0.0,1e-06,N3,0.005,200,True,183.18272399902344,208.29629516601562,0.28581055998802185,0.1750841736793518,0.2996633052825928,0.5252525210380554
AttE,trial_123,6165,0.001,512,64,0.0,0.0,N3,0.005,200,False,189.3853759765625,195.9326629638672,0.2881462574005127,0.17845118045806885,0.30639731884002686,0.5185185074806213
AttE,trial_124,6166,0.0003,512,128,12.0,0.0,N3,0.005,200,False,34.43189239501953,39.030303955078125,0.2995244264602661,0.1818181872367859,0.3400673270225525,0.5286195278167725
AttE,trial_125,6167,0.0003,256,128,6.0,1e-06,F2,0.005,200,True,526.4949951171875,388.2390441894531,0.2840797007083893,0.17845118045806885,0.30639731884002686,0.5252525210380554
AttE,trial_126,6168,0.0003,256,128,0.0,1e-05,F2,0.005,200,False,795.787353515625,596.0606079101562,0.2786186635494232,0.17845118045806885,0.2794612646102905,0.5319865345954895
AttE,trial_127,6169,0.0003,256,64,6.0,1e-05,F2,0.005,200,True,32.15282440185547,27.010101318359375,0.26606717705726624,0.1582491546869278,0.2693602740764618,0.5387205481529236
AttE,trial_128,6170,0.001,512,128,12.0,0.0,N3,0.001,200,True,27.76744270324707,26.595958709716797,0.28074005246162415,0.1750841736793518,0.2929292917251587,0.5050504803657532
AttE,trial_129,6171,0.003,1024,64,0.0,1e-06,F2,0.005,200,True,32.358802795410156,28.19528579711914,0.2941604256629944,0.17845118045806885,0.31313130259513855,0.5420875549316406
AttE,trial_130,6172,0.003,256,32,12.0,1e-05,N3,0.001,200,False,38.25913619995117,31.329965591430664,0.2446908950805664,0.1582491546869278,0.2457912415266037,0.40740740299224854
AttE,trial_131,6173,0.0003,512,32,0.0,1e-05,F2,0.005,200,False,32.41860580444336,27.0,0.26235726475715637,0.14141413569450378,0.28956228494644165,0.5387205481529236
AttE,trial_132,6174,0.001,512,128,0.0,0.0,F2,0.005,200,False,243.3289031982422,230.6094207763672,0.2871288061141968,0.17845118045806885,0.30639731884002686,0.5117844939231873
AttE,trial_133,6175,0.0003,256,64,12.0,1e-05,F2,0.001,200,True,453.5979919433594,417.9764404296875,0.2866399884223938,0.17845118045806885,0.2996633052825928,0.5185185074806213
AttE,trial_134,6176,0.001,256,64,6.0,1e-06,N3,0.001,200,True,324.29901123046875,317.9090881347656,0.28573012351989746,0.17845118045806885,0.28956228494644165,0.5185185074806213
AttE,trial_135,6177,0.003,512,64,12.0,1e-05,N3,0.001,200,False,31.727575302124023,27.52861976623535,0.28267017006874084,0.17845118045806885,0.2760942876338959,0.5353535413742065
AttE,trial_136,6178,0.001,1024,128,6.0,1e-06,N3,0.001,200,False,30.1993350982666,26.606060028076172,0.2833053171634674,0.17171716690063477,0.30639731884002686,0.5151515007019043
AttE,trial_137,6179,0.003,256,32,6.0,1e-06,F2,0.005,200,True,32.069766998291016,27.4915828704834,0.28153082728385925,0.17845118045806885,0.27272728085517883,0.5521885752677917
AttE,trial_138,6180,0.0003,512,64,6.0,1e-05,F2,0.001,200,False,31.20265769958496,25.474746704101562,0.28006574511528015,0.1750841736793518,0.2996633052825928,0.5319865345954895
AttE,trial_139,6181,0.003,1024,32,6.0,1e-05,N3,0.001,200,False,32.79069900512695,27.861953735351562,0.27218228578567505,0.16161616146564484,0.28282827138900757,0.5218855142593384
AttE,trial_140,6182,0.0003,1024,64,12.0,1e-05,F2,0.005,200,False,42.53156280517578,42.52525329589844,0.29765328764915466,0.19528619945049286,0.3164983093738556,0.5151515007019043
AttE,trial_141,6183,0.003,512,64,6.0,1e-05,F2,0.001,200,True,32.32890319824219,27.31313133239746,0.2923475503921509,0.1750841736793518,0.3164983093738556,0.5555555820465088
AttE,trial_142,6184,0.003,256,32,6.0,1e-06,F2,0.005,200,True,37.053157806396484,31.606060028076172,0.2032398283481598,0.09427609294652939,0.21548821032047272,0.43097642064094543
AttE,trial_143,6185,0.001,256,64,12.0,1e-05,N3,0.001,200,True,33.654483795166016,27.286195755004883,0.2627320885658264,0.14141413569450378,0.28956228494644165,0.5488215684890747
AttE,trial_144,6186,0.0003,512,64,12.0,0.0,F2,0.001,200,True,3319.59130859375,3359.272705078125,0.001407072995789349,0.0,0.0,0.0
AttE,trial_145,6187,0.0003,512,64,6.0,1e-06,F2,0.001,200,True,32.08638000488281,26.86868667602539,0.2823644280433655,0.1750841736793518,0.27272728085517883,0.5622895359992981
AttE,trial_146,6188,0.003,1024,32,12.0,0.0,N3,0.005,200,False,32.44850540161133,27.434343338012695,0.28450635075569153,0.17171716690063477,0.30639731884002686,0.5218855142593384
AttE,trial_147,6189,0.001,256,64,12.0,1e-06,N3,0.005,200,True,33.79402160644531,27.22895622253418,0.2547129690647125,0.1515151560306549,0.24242424964904785,0.5488215684890747
AttE,trial_148,6190,0.001,1024,64,12.0,0.0,F2,0.005,200,False,234.737548828125,232.4646453857422,0.2887311279773712,0.17845118045806885,0.3097642958164215,0.5252525210380554
AttE,trial_149,6191,0.003,512,32,0.0,0.0,F2,0.001,200,True,32.651161193847656,27.407407760620117,0.2663494944572449,0.16161616146564484,0.26599326729774475,0.5117844939231873
AttE,trial_150,6192,0.001,1024,128,0.0,0.0,N3,0.001,200,False,370.9202575683594,315.7407531738281,0.2892388701438904,0.17845118045806885,0.30639731884002686,0.5353535413742065
AttE,trial_151,6193,0.001,1024,128,12.0,1e-06,N3,0.001,200,False,29.461793899536133,25.878787994384766,0.272525429725647,0.16498316824436188,0.28282827138900757,0.5117844939231873
AttE,trial_152,6194,0.0003,256,64,12.0,1e-05,N3,0.005,200,True,33.52491760253906,28.003366470336914,0.2814229726791382,0.18518517911434174,0.26599326729774475,0.49494948983192444
AttE,trial_153,6195,0.001,1024,64,6.0,1e-06,N3,0.001,200,False,31.252490997314453,27.272727966308594,0.28566062450408936,0.18518517911434174,0.28956228494644165,0.5151515007019043
AttE,trial_154,6196,0.0003,256,128,6.0,1e-05,N3,0.005,200,True,25.14617919921875,24.175085067749023,0.29230475425720215,0.1818181872367859,0.2996633052825928,0.558922529220581
AttE,trial_155,6197,0.001,1024,64,6.0,1e-06,N3,0.005,200,True,463.1329040527344,413.4949645996094,0.28468650579452515,0.17845118045806885,0.3097642958164215,0.4983164966106415
AttE,trial_156,6198,0.0003,256,128,12.0,0.0,F2,0.001,200,True,30.697673797607422,30.067340850830078,0.2862817347049713,0.18855218589305878,0.2861952781677246,0.5151515007019043
AttE,trial_157,6199,0.001,256,64,6.0,0.0,F2,0.001,200,True,32.491695404052734,27.43097686767578,0.2673138976097107,0.1582491546869278,0.2760942876338959,0.5050504803657532
AttE,trial_158,6200,0.001,512,32,6.0,1e-05,N3,0.005,200,False,312.5116271972656,317.3164978027344,0.2886573076248169,0.17845118045806885,0.31313130259513855,0.5185185074806213
AttE,trial_159,6201,0.001,1024,32,6.0,1e-05,F2,0.001,200,True,170.30564880371094,188.18182373046875,0.2787090539932251,0.1582491546869278,0.31986531615257263,0.5117844939231873
AttE,trial_160,6202,0.003,512,32,12.0,1e-06,F2,0.001,200,False,34.833885192871094,28.518518447875977,0.23087361454963684,0.12457912415266037,0.21885521709918976,0.5016834735870361
AttE,trial_161,6203,0.0003,1024,128,6.0,1e-05,N3,0.005,200,False,32.099666595458984,28.22222137451172,0.2885989248752594,0.18518517911434174,0.2996633052825928,0.5185185074806213
AttE,trial_162,6204,0.003,512,64,12.0,0.0,F2,0.005,200,False,45.627906799316406,56.95286178588867,0.2899036407470703,0.2053872048854828,0.2996633052825928,0.4444444477558136
AttE,trial_163,6205,0.0003,512,64,0.0,0.0,N3,0.005,200,True,543.9866943359375,450.8013610839844,0.2850527763366699,0.17845118045806885,0.29629629850387573,0.5151515007019043
AttE,trial_164,6206,0.0003,1024,64,12.0,0.0,N3,0.005,200,True,41.94352340698242,47.34006881713867,0.2857419550418854,0.17845118045806885,0.30639731884002686,0.5387205481529236
AttE,trial_165,6207,0.0003,512,128,6.0,0.0,N3,0.005,200,False,4732.65771484375,5156.0302734375,0.00026451481971889734,0.0,0.0,0.0
AttE,trial_166,6208,0.0003,1024,64,0.0,1e-06,F2,0.005,200,True,731.3754272460938,622.8046875,0.2839796841144562,0.17845118045806885,0.3030303120613098,0.5319865345954895
AttE,trial_167,6209,0.0003,1024,128,0.0,0.0,N3,0.005,200,False,30.039867401123047,25.148147583007812,0.2820216119289398,0.17845118045806885,0.3030303120613098,0.5016834735870361
AttE,trial_168,6210,0.003,512,32,6.0,1e-06,F2,0.005,200,False,135.58804321289062,135.7340087890625,0.2864724397659302,0.17845118045806885,0.2996633052825928,0.5151515007019043
AttE,trial_169,6211,0.0003,1024,32,0.0,1e-06,N3,0.005,200,True,32.362125396728516,28.154882431030273,0.27052414417266846,0.16161616146564484,0.2693602740764618,0.5319865345954895
AttE,trial_170,6212,0.003,256,32,6.0,1e-06,N3,0.005,200,False,36.1860466003418,33.37036895751953,0.2857619822025299,0.20202019810676575,0.2996633052825928,0.4511784613132477
AttE,trial_171,6213,0.0003,512,32,12.0,1e-05,N3,0.001,200,True,469.6910400390625,353.531982421875,0.2869298756122589,0.17845118045806885,0.30639731884002686,0.5218855142593384
AttE,trial_172,6214,0.003,1024,128,0.0,1e-05,F2,0.001,200,False,31.013288497924805,27.720539093017578,0.2633197605609894,0.15488214790821075,0.2794612646102905,0.4680134654045105
AttE,trial_173,6215,0.0003,1024,128,12.0,1e-05,N3,0.001,200,True,4527.189453125,4731.35693359375,0.00186313281301409,0.0,0.0,0.003367003286257386
AttE,trial_174,6216,0.003,256,128,0.0,0.0,N3,0.001,200,False,31.897010803222656,27.303030014038086,0.2536194920539856,0.14478114247322083,0.2457912415266037,0.5319865345954895
AttE,trial_175,6217,0.003,512,128,12.0,0.0,N3,0.005,200,False,29.740863800048828,27.030303955078125,0.2662602961063385,0.16835017502307892,0.2760942876338959,0.4848484992980957
AttE,trial_176,6218,0.001,1024,64,12.0,1e-06,F2,0.005,200,True,677.7807006835938,651.1818237304688,0.27818021178245544,0.17845118045806885,0.2996633052825928,0.5218855142593384
AttE,trial_177,6219,0.003,256,128,12.0,0.0,F2,0.001,200,False,31.94352149963379,27.63973045349121,0.2702620327472687,0.14814814925193787,0.30639731884002686,0.5488215684890747
AttE,trial_178,6220,0.001,1024,64,6.0,1e-05,N3,0.001,200,True,622.0631103515625,419.34344482421875,0.2799362242221832,0.17845118045806885,0.2929292917251587,0.5050504803657532
AttE,trial_179,6221,0.001,256,64,12.0,1e-05,N3,0.001,200,True,156.29568481445312,171.5993194580078,0.2920070290565491,0.1818181872367859,0.3232323229312897,0.4983164966106415
AttE,trial_180,6222,0.001,256,64,0.0,0.0,F2,0.005,200,True,32.99667739868164,26.898990631103516,0.27386918663978577,0.16835017502307892,0.27272728085517883,0.5151515007019043
AttE,trial_181,6223,0.0003,1024,32,12.0,1e-06,N3,0.005,200,True,33.76411819458008,33.754207611083984,0.28460434079170227,0.17845118045806885,0.31313130259513855,0.5218855142593384
AttE,trial_182,6224,0.003,256,128,12.0,0.0,F2,0.001,200,True,234.60464477539062,237.6161651611328,0.28058621287345886,0.17845118045806885,0.28282827138900757,0.4848484992980957
AttE,trial_183,6225,0.003,512,128,12.0,0.0,F2,0.005,200,False,45.71096420288086,61.48484802246094,0.2724548280239105,0.18518517911434174,0.2861952781677246,0.4612794518470764
AttE,trial_184,6226,0.001,512,64,0.0,0.0,N3,0.001,200,True,158.0863800048828,190.00672912597656,0.2837117910385132,0.17171716690063477,0.29629629850387573,0.5185185074806213
AttE,trial_185,6227,0.001,256,128,6.0,1e-05,F2,0.005,200,False,29.684385299682617,24.622896194458008,0.28566184639930725,0.1818181872367859,0.28282827138900757,0.5387205481529236
AttE,trial_186,6228,0.001,1024,64,6.0,0.0,F2,0.005,200,False,32.99335479736328,27.81818199157715,0.28447622060775757,0.1750841736793518,0.3097642958164215,0.5050504803657532
AttE,trial_187,6229,0.0003,512,32,0.0,1e-05,N3,0.001,200,False,385.2325439453125,379.8888854980469,0.28579962253570557,0.17845118045806885,0.2929292917251587,0.5151515007019043
AttE,trial_188,6230,0.001,1024,128,12.0,1e-06,F2,0.005,200,True,28.272424697875977,26.1616153717041,0.2985134422779083,0.1986531913280487,0.3164983093738556,0.5050504803657532
AttE,trial_189,6231,0.003,1024,128,6.0,1e-06,F2,0.001,200,False,33.50165939331055,29.552188873291016,0.2927836775779724,0.18518517911434174,0.2996633052825928,0.5185185074806213
AttE,trial_190,6232,0.001,512,32,0.0,0.0,F2,0.001,200,False,32.897010803222656,27.96632957458496,0.24814151227474213,0.14814814925193787,0.25589224696159363,0.4612794518470764
AttE,trial_191,6233,0.001,1024,32,12.0,1e-06,N3,0.001,200,True,563.7774047851562,438.4208679199219,0.28051260113716125,0.17845118045806885,0.29629629850387573,0.5151515007019043
AttE,trial_192,6234,0.0003,256,128,6.0,1e-05,F2,0.001,200,False,29.08970069885254,25.97979736328125,0.2934403717517853,0.18855218589305878,0.2996633052825928,0.5185185074806213
AttE,trial_193,6235,0.0003,256,64,0.0,1e-06,N3,0.001,200,True,474.5116271972656,415.3939514160156,0.287231981754303,0.17845118045806885,0.3030303120613098,0.5286195278167725
AttE,trial_194,6236,0.001,256,64,12.0,1e-05,N3,0.005,200,True,33.27242660522461,37.43434524536133,0.2808680534362793,0.1750841736793518,0.2861952781677246,0.5454545617103577
AttE,trial_195,6237,0.003,512,64,6.0,1e-05,F2,0.005,200,False,35.14950180053711,33.45454406738281,0.285518079996109,0.18855218589305878,0.29629629850387573,0.4983164966106415
AttE,trial_196,6238,0.003,512,128,6.0,1e-05,F2,0.005,200,False,37.8936882019043,44.22895812988281,0.28187862038612366,0.18518517911434174,0.27272728085517883,0.5050504803657532
AttE,trial_197,6239,0.001,512,128,6.0,1e-05,F2,0.005,200,False,32.15282440185547,30.75084114074707,0.29424184560775757,0.19528619945049286,0.3097642958164215,0.5050504803657532
AttE,trial_198,6240,0.001,1024,32,0.0,0.0,F2,0.005,200,False,32.215946197509766,27.141414642333984,0.2500055134296417,0.14141413569450378,0.24915824830532074,0.5151515007019043
AttE,trial_199,6241,0.003,1024,64,12.0,1e-06,F2,0.005,200,True,35.29900360107422,45.56229019165039,0.2765437066555023,0.17845118045806885,0.2794612646102905,0.5016834735870361
AttE,trial_200,6242,0.001,512,64,12.0,1e-06,N3,0.005,200,False,35.043190002441406,45.9427604675293,0.2894480228424072,0.18518517911434174,0.31313130259513855,0.48148149251937866
AttE,trial_201,6243,0.0003,256,64,12.0,1e-06,N3,0.001,200,False,30.55813980102539,25.306396484375,0.28358134627342224,0.18855218589305878,0.2760942876338959,0.5050504803657532
AttE,trial_202,6244,0.001,1024,128,6.0,1e-06,F2,0.001,200,False,353.8936767578125,320.8249206542969,0.28481626510620117,0.17845118045806885,0.30639731884002686,0.4848484992980957
AttE,trial_203,6245,0.003,512,32,12.0,1e-05,F2,0.005,200,False,38.348838806152344,55.26262664794922,0.27192220091819763,0.19191919267177582,0.26599326729774475,0.4444444477558136
AttE,trial_204,6246,0.001,256,32,6.0,0.0,F2,0.001,200,True,33.05979919433594,27.599327087402344,0.2698627710342407,0.1515151560306549,0.2693602740764618,0.5420875549316406
AttE,trial_205,6247,0.001,256,64,0.0,1e-05,N3,0.001,200,False,30.88372039794922,27.602693557739258,0.24153746664524078,0.1346801370382309,0.24242424964904785,0.49494948983192444
AttE,trial_206,6248,0.001,512,64,6.0,1e-05,F2,0.001,200,True,436.6278991699219,265.90234375,0.28737518191337585,0.17845118045806885,0.3030303120613098,0.5185185074806213
AttE,trial_207,6249,0.003,1024,64,0.0,1e-06,N3,0.001,200,True,32.664451599121094,29.861953735351562,0.26892974972724915,0.1582491546869278,0.25925925374031067,0.5521885752677917
AttE,trial_208,6250,0.001,512,32,12.0,1e-06,N3,0.005,200,True,32.25581359863281,27.13131332397461,0.2848837375640869,0.1818181872367859,0.2794612646102905,0.5420875549316406
AttE,trial_209,6251,0.003,512,64,12.0,0.0,N3,0.005,200,True,173.9136199951172,204.52862548828125,0.28840211033821106,0.17845118045806885,0.3097642958164215,0.5151515007019043
AttE,trial_210,6252,0.0003,512,32,12.0,0.0,F2,0.005,200,False,35.16279220581055,60.114479064941406,0.29148828983306885,0.18855218589305878,0.3097642958164215,0.5016834735870361
AttE,trial_211,6253,0.0003,1024,128,6.0,1e-06,N3,0.001,200,True,31.06312370300293,41.60942840576172,0.295676052570343,0.17845118045806885,0.34343433380126953,0.5387205481529236
AttE,trial_212,6254,0.0003,256,32,0.0,1e-05,N3,0.005,200,False,33.15282440185547,34.26262664794922,0.2983090579509735,0.18518517911434174,0.3265993297100067,0.5319865345954895
AttE,trial_213,6255,0.0003,256,64,0.0,1e-05,N3,0.001,200,False,30.458471298217773,25.56902313232422,0.2903554439544678,0.18518517911434174,0.31313130259513855,0.5016834735870361
AttE,trial_214,6256,0.0003,512,64,12.0,0.0,F2,0.001,200,True,32.08970260620117,28.383838653564453,0.2941111624240875,0.1750841736793518,0.30639731884002686,0.5454545617103577
AttE,trial_215,6257,0.001,512,128,12.0,0.0,N3,0.005,200,False,31.019933700561523,25.154882431030273,0.266173392534256,0.16498316824436188,0.25925925374031067,0.4983164966106415
AttE,trial_216,6258,0.003,1024,64,0.0,1e-06,F2,0.001,200,False,30.79069709777832,24.91582489013672,0.26636600494384766,0.1582491546869278,0.25589224696159363,0.5319865345954895
AttE,trial_217,6259,0.0003,256,128,0.0,0.0,N3,0.001,200,True,582.906982421875,423.12457275390625,0.28495410084724426,0.17845118045806885,0.30639731884002686,0.5252525210380554
AttE,trial_218,6260,0.003,512,32,6.0,0.0,N3,0.005,200,True,34.2923583984375,28.414140701293945,0.25515562295913696,0.1582491546869278,0.2457912415266037,0.4781144857406616
AttE,trial_219,6261,0.003,1024,32,0.0,1e-05,N3,0.001,200,True,32.362125396728516,27.299663543701172,0.27662453055381775,0.16835017502307892,0.28282827138900757,0.558922529220581
AttE,trial_220,6262,0.0003,1024,128,12.0,1e-06,F2,0.005,200,True,37.41196060180664,62.60269546508789,0.27754294872283936,0.17845118045806885,0.2794612646102905,0.5117844939231873
AttE,trial_221,6263,0.001,512,32,0.0,1e-06,N3,0.005,200,True,127.5415267944336,159.144775390625,0.29206201434135437,0.1818181872367859,0.3164983093738556,0.5319865345954895
AttE,trial_222,6264,0.001,256,32,12.0,1e-05,N3,0.005,200,False,294.3587951660156,268.2727355957031,0.28461307287216187,0.17845118045806885,0.30639731884002686,0.5185185074806213
AttE,trial_223,6265,0.001,1024,128,12.0,0.0,F2,0.001,200,False,1914.2923583984375,1732.3131103515625,0.0013028735993430018,0.0,0.0,0.0
AttE,trial_224,6266,0.003,1024,128,0.0,1e-05,N3,0.005,200,False,33.79069900512695,31.696969985961914,0.29128554463386536,0.17845118045806885,0.3232323229312897,0.5151515007019043
AttE,trial_225,6267,0.003,1024,64,6.0,0.0,F2,0.005,200,True,32.44850540161133,27.43770980834961,0.25308534502983093,0.1346801370382309,0.2693602740764618,0.5117844939231873
AttE,trial_226,6268,0.0003,1024,128,0.0,0.0,F2,0.005,200,False,28.983388900756836,24.824914932250977,0.28608888387680054,0.17845118045806885,0.28956228494644165,0.5454545617103577
AttE,trial_227,6269,0.003,256,128,0.0,0.0,N3,0.005,200,False,33.17275619506836,28.02020263671875,0.2727344036102295,0.17845118045806885,0.27272728085517883,0.46464645862579346
AttE,trial_228,6270,0.0003,256,128,6.0,1e-05,F2,0.005,200,False,32.61461639404297,27.83501625061035,0.28219732642173767,0.18855218589305878,0.2861952781677246,0.5117844939231873
AttE,trial_229,6271,0.0003,256,128,0.0,1e-05,N3,0.001,200,False,29.91362190246582,24.878787994384766,0.294261634349823,0.18518517911434174,0.3097642958164215,0.5420875549316406
AttE,trial_230,6272,0.001,256,128,0.0,1e-06,F2,0.001,200,True,27.275747299194336,26.154882431030273,0.28574129939079285,0.17845118045806885,0.28282827138900757,0.5319865345954895
AttE,trial_231,6273,0.003,512,128,12.0,1e-05,N3,0.005,200,True,306.0465087890625,245.92929077148438,0.27844634652137756,0.17845118045806885,0.2929292917251587,0.5151515007019043
AttE,trial_232,6274,0.0003,256,32,0.0,1e-05,N3,0.001,200,True,32.196014404296875,27.030303955078125,0.27971020340919495,0.16161616146564484,0.28956228494644165,0.5555555820465088
AttE,trial_233,6275,0.003,1024,128,12.0,1e-05,N3,0.001,200,False,573.6843872070312,456.8484802246094,0.2856811583042145,0.17845118045806885,0.3097642958164215,0.4983164966106415
AttE,trial_234,6276,0.001,1024,32,6.0,1e-05,F2,0.001,200,False,171.86045837402344,198.19528198242188,0.28980228304862976,0.17845118045806885,0.2996633052825928,0.5185185074806213
AttE,trial_235,6277,0.001,256,128,0.0,1e-05,F2,0.005,200,True,27.674419403076172,26.11784553527832,0.28056490421295166,0.16835017502307892,0.2929292917251587,0.5218855142593384
AttE,trial_236,6278,0.003,256,128,12.0,1e-06,N3,0.005,200,True,193.54153442382812,232.2659912109375,0.27923059463500977,0.17845118045806885,0.28956228494644165,0.5117844939231873
AttE,trial_237,6279,0.001,1024,64,6.0,1e-06,F2,0.001,200,False,31.777408599853516,29.19528579711914,0.2917202413082123,0.19191919267177582,0.3030303120613098,0.5151515007019043
AttE,trial_238,6280,0.001,1024,32,0.0,1e-06,F2,0.005,200,True,32.62458419799805,27.565656661987305,0.2707695960998535,0.1582491546869278,0.27272728085517883,0.5521885752677917
AttE,trial_239,6281,0.001,512,32,0.0,0.0,F2,0.001,200,False,33.82059860229492,27.558921813964844,0.2366601675748825,0.12121212482452393,0.24242424964904785,0.5050504803657532
AttE,trial_240,6282,0.001,512,32,12.0,1e-05,N3,0.001,200,False,144.7906951904297,152.09426879882812,0.2876516878604889,0.17845118045806885,0.31313130259513855,0.5117844939231873
AttE,trial_241,6283,0.003,1024,32,0.0,1e-06,F2,0.001,200,True,32.26578140258789,27.373737335205078,0.2600431442260742,0.14141413569450378,0.27272728085517883,0.5622895359992981
AttE,trial_242,6284,0.003,1024,128,12.0,0.0,F2,0.005,200,True,39.79402160644531,54.48147964477539,0.28013676404953003,0.1515151560306549,0.3333333432674408,0.5319865345954895
AttE,trial_243,6285,0.0003,1024,128,12.0,0.0,F2,0.005,200,True,947.9036254882812,832.6027221679688,0.2711781859397888,0.17845118045806885,0.30639731884002686,0.49494948983192444
AttE,trial_244,6286,0.0003,1024,64,6.0,1e-05,F2,0.005,200,True,31.714284896850586,26.942760467529297,0.29646989703178406,0.17845118045806885,0.3232323229312897,0.5353535413742065
AttE,trial_245,6287,0.003,512,128,0.0,0.0,N3,0.005,200,True,32.491695404052734,47.15488052368164,0.2857808470726013,0.1750841736793518,0.2929292917251587,0.5252525210380554
AttE,trial_246,6288,0.001,256,32,12.0,1e-05,F2,0.001,200,False,86.83056640625,88.02020263671875,0.29230910539627075,0.17845118045806885,0.3164983093738556,0.5151515007019043
AttE,trial_247,6289,0.001,1024,64,0.0,1e-06,F2,0.001,200,False,261.9568176269531,238.41078186035156,0.2884237766265869,0.17845118045806885,0.30639731884002686,0.5353535413742065
AttE,trial_248,6290,0.003,256,64,6.0,1e-05,F2,0.005,200,True,32.215946197509766,27.255891799926758,0.27782970666885376,0.16835017502307892,0.26599326729774475,0.5488215684890747
AttE,trial_249,6291,0.0003,1024,32,6.0,1e-06,N3,0.005,200,False,518.5282592773438,392.3400573730469,0.27902770042419434,0.17845118045806885,0.28956228494644165,0.48821547627449036
AttE,trial_250,6292,0.001,1024,128,0.0,0.0,F2,0.005,200,False,28.65448570251465,25.43770980834961,0.27768900990486145,0.17845118045806885,0.2794612646102905,0.49494948983192444
AttE,trial_251,6293,0.001,256,32,6.0,1e-06,N3,0.005,200,True,107.89036560058594,117.82828521728516,0.2823239862918854,0.16498316824436188,0.31986531615257263,0.5319865345954895
AttE,trial_252,6294,0.001,1024,128,6.0,0.0,F2,0.005,200,False,369.7109680175781,321.3771057128906,0.28762659430503845,0.17845118045806885,0.2996633052825928,0.5084174871444702
AttE,trial_253,6295,0.003,1024,64,12.0,1e-05,N3,0.001,200,False,36.99335479736328,43.43434524536133,0.27868884801864624,0.17171716690063477,0.3097642958164215,0.48821547627449036
AttE,trial_254,6296,0.0003,256,64,0.0,0.0,N3,0.005,200,False,453.262451171875,397.90234375,0.28711360692977905,0.17845118045806885,0.2861952781677246,0.5353535413742065
AttE,trial_255,6297,0.003,512,64,0.0,1e-05,F2,0.001,200,True,32.30232620239258,27.276094436645508,0.274252325296402,0.15488214790821075,0.2861952781677246,0.5656565427780151
AttH,trial_000,9042,0.001,2048,64,12.0,0.0,F2,0.001,150,False,60.23588180541992,99.55892181396484,0.29806673526763916,0.2053872048854828,0.2861952781677246,0.5353535413742065
BoxE,trial_000,7042,0.001,2048,64,12.0,0.0,F2,0.001,80,False,150.95681762695312,153.61952209472656,0.279761403799057,0.17845118045806885,0.28956228494644165,0.5151515007019043
BoxE,trial_001,7043,0.001,1024,32,12.0,0.0,F2,0.005,80,False,218.60133361816406,225.8518524169922,0.288068562746048,0.17845118045806885,0.30639731884002686,0.5185185074806213
BoxE,trial_002,7044,0.001,512,64,0.0,1e-06,N3,0.005,80,False,32.61793899536133,27.969696044921875,0.2853108048439026,0.17845118045806885,0.30639731884002686,0.5151515007019043
BoxE,trial_003,7045,0.0003,1024,128,6.0,1e-05,F2,0.005,80,False,50.73421859741211,55.41077423095703,0.28537699580192566,0.17845118045806885,0.28956228494644165,0.5151515007019043
BoxE,trial_004,7046,0.003,512,64,0.0,0.0,F2,0.001,80,True,32.933555603027344,28.46464729309082,0.2804707884788513,0.17845118045806885,0.28956228494644165,0.5185185074806213
BoxE,trial_005,7047,0.0003,256,32,12.0,1e-05,F2,0.001,80,True,32.199337005615234,27.070707321166992,0.287002295255661,0.17845118045806885,0.30639731884002686,0.4983164966106415
BoxE,trial_006,7048,0.003,1024,128,0.0,1e-06,F2,0.001,80,False,188.0664520263672,224.01010131835938,0.28781118988990784,0.17845118045806885,0.30639731884002686,0.5353535413742065
BoxE,trial_007,7049,0.001,512,128,0.0,0.0,N3,0.005,80,True,33.00332260131836,28.21548843383789,0.27990734577178955,0.17845118045806885,0.2693602740764618,0.4983164966106415
BoxE,trial_008,7050,0.003,256,64,6.0,1e-05,F2,0.005,80,False,33.372093200683594,28.205387115478516,0.20748037099838257,0.07407407462596893,0.30639731884002686,0.4612794518470764
BoxE,trial_009,7051,0.001,1024,64,0.0,1e-06,N3,0.001,80,True,32.6445198059082,27.77777862548828,0.28464165329933167,0.17845118045806885,0.30639731884002686,0.5050504803657532
BoxE,trial_010,7052,0.0003,512,128,6.0,1e-06,F2,0.005,80,True,5185.67431640625,5345.86865234375,0.0016771366354078054,0.0,0.003367003286257386,0.003367003286257386
BoxE,trial_011,7053,0.003,1024,64,12.0,1e-05,N3,0.001,80,False,208.91029357910156,182.5084228515625,0.2870243191719055,0.17845118045806885,0.30639731884002686,0.5016834735870361
BoxE,trial_012,7054,0.003,256,32,0.0,1e-06,N3,0.005,80,False,34.44850540161133,29.76430892944336,0.2835618555545807,0.17845118045806885,0.30639731884002686,0.5016834735870361
BoxE,trial_013,7055,0.0003,512,32,12.0,0.0,F2,0.001,80,True,4628.35205078125,4844.427734375,0.00039649175596423447,0.0,0.0,0.0
BoxE,trial_014,7056,0.001,1024,64,6.0,1e-06,N3,0.001,80,True,35.11295700073242,29.494949340820312,0.16829127073287964,0.006734006572514772,0.20875421166419983,0.48148149251937866
BoxE,trial_015,7057,0.001,1024,32,12.0,1e-05,N3,0.005,80,True,37.03322219848633,38.25925827026367,0.2856491506099701,0.17845118045806885,0.28956228494644165,0.5286195278167725
CP,trial_000,2042,0.001,2048,64,0.0,0.0,F2,0.001,200,False,98.02658081054688,102.87205505371094,0.23241084814071655,0.14478114247322083,0.2289562225341797,0.4141414165496826
CP,trial_001,2043,0.001,512,32,12.0,1e-05,F2,0.001,200,False,143.59136962890625,166.22222900390625,0.20857131481170654,0.08080808073282242,0.24242424964904785,0.47138047218322754
CP,trial_002,2044,0.001,1024,128,0.0,1e-06,N3,0.005,200,True,79.19268798828125,69.88215637207031,0.20572611689567566,0.10101009905338287,0.21548821032047272,0.44781145453453064
CP,trial_003,2045,0.001,512,32,6.0,0.0,F2,0.005,200,True,950.2723999023438,765.8956298828125,0.023120548576116562,0.0,0.0,0.0
CP,trial_004,2046,0.003,256,32,0.0,1e-05,F2,0.005,200,False,399.1993408203125,339.2727355957031,0.27014127373695374,0.17845118045806885,0.2861952781677246,0.4276094138622284
CP,trial_005,2047,0.003,1024,32,0.0,1e-06,F2,0.001,200,False,58.096343994140625,59.22895812988281,0.2058848738670349,0.10774410516023636,0.21548821032047272,0.3905723989009857
CP,trial_006,2048,0.0003,256,32,0.0,1e-06,N3,0.005,200,False,474.52490234375,476.2996520996094,0.004598535597324371,0.0,0.0,0.0
CP,trial_007,2049,0.003,512,32,6.0,0.0,N3,0.001,200,True,571.5714111328125,476.919189453125,0.07033347338438034,0.013468013145029545,0.05050504952669144,0.17171716690063477
CP,trial_008,2050,0.0003,1024,64,0.0,1e-06,N3,0.005,200,True,1684.989990234375,1504.7305908203125,0.01082062628120184,0.0,0.0,0.0
CP,trial_009,2051,0.001,256,32,6.0,1e-06,F2,0.005,200,False,79.14949798583984,78.67676544189453,0.20445451140403748,0.10101009905338287,0.21212121844291687,0.40740740299224854
CP,trial_010,2052,0.003,1024,64,6.0,1e-06,F2,0.005,200,False,485.8106384277344,435.1750793457031,0.006740835029631853,0.0,0.0,0.0
CP,trial_011,2053,0.0003,512,128,12.0,0.0,F2,0.005,200,False,409.9700927734375,382.2390441894531,0.007604526821523905,0.0,0.0,0.0
CP,trial_012,2054,0.003,512,128,0.0,1e-05,N3,0.001,200,True,60.30232620239258,60.26935958862305,0.2018505036830902,0.1111111119389534,0.21885521709918976,0.3905723989009857
CP,trial_013,2055,0.003,256,32,12.0,1e-06,F2,0.001,200,True,440.5415344238281,391.1784362792969,0.18340566754341125,0.12121212482452393,0.17845118045806885,0.28956228494644165
CP,trial_014,2056,0.003,512,32,12.0,0.0,F2,0.001,200,False,505.8870544433594,457.36700439453125,0.0082157664000988,0.0,0.0,0.0
CP,trial_015,2057,0.0003,1024,64,6.0,1e-06,F2,0.001,200,False,503.3388671875,465.2491455078125,0.004961604718118906,0.0,0.0,0.0
CP,trial_016,2058,0.0003,256,128,0.0,1e-05,F2,0.005,200,False,62.30564880371094,53.5959587097168,0.22101932764053345,0.12794612348079681,0.20202019810676575,0.44107744097709656
CP,trial_017,2059,0.003,256,64,6.0,1e-06,F2,0.001,200,False,693.245849609375,566.885498046875,0.013787318021059036,0.0,0.0,0.0
CP,trial_018,2060,0.003,256,64,0.0,0.0,F2,0.005,200,False,696.1959838867188,565.80810546875,0.03646109625697136,0.0,0.0,0.16498316824436188
CP,trial_019,2061,0.0003,256,64,12.0,0.0,N3,0.005,200,True,105.50830841064453,146.8013458251953,0.15236274898052216,0.07407407462596893,0.1582491546869278,0.3164983093738556
CP,trial_020,2062,0.001,256,128,6.0,0.0,N3,0.001,200,False,4850.09619140625,5162.4443359375,0.0003652255400083959,0.0,0.0,0.0
CP,trial_021,2063,0.003,256,128,6.0,0.0,F2,0.005,200,False,159.9335479736328,215.01683044433594,0.08574603497982025,0.003367003286257386,0.09090909361839294,0.2222222238779068
CP,trial_022,2064,0.0003,256,128,0.0,0.0,F2,0.001,200,False,949.2225952148438,946.468017578125,0.0028886504005640745,0.0,0.0,0.0
CP,trial_023,2065,0.003,512,32,6.0,0.0,N3,0.005,200,True,93.84385681152344,105.97979736328125,0.20701250433921814,0.10774410516023636,0.23569023609161377,0.3905723989009857
CP,trial_024,2066,0.001,512,64,0.0,1e-06,F2,0.005,200,False,69.34219360351562,66.59596252441406,0.2031504064798355,0.11784511804580688,0.20202019810676575,0.3636363744735718
CP,trial_025,2067,0.003,512,32,12.0,1e-05,N3,0.001,200,False,898.7308959960938,707.3097534179688,0.016861142590641975,0.0,0.0,0.0
CP,trial_026,2068,0.001,256,128,0.0,0.0,F2,0.005,200,True,88.27574920654297,72.83501434326172,0.2344212681055069,0.13131313025951385,0.24915824830532074,0.4579124450683594
CP,trial_027,2069,0.003,256,32,12.0,0.0,N3,0.001,200,False,80.80731201171875,60.18855285644531,0.194879412651062,0.09427609294652939,0.1986531913280487,0.3905723989009857
CP,trial_028,2070,0.0003,1024,128,6.0,1e-06,F2,0.005,200,False,69.17940521240234,70.83838653564453,0.15132667124271393,0.05050504952669144,0.16161616146564484,0.33670035004615784
CP,trial_029,2071,0.001,512,32,0.0,0.0,N3,0.001,200,True,913.534912109375,753.144775390625,0.022626761347055435,0.0,0.0,0.0
CP,trial_030,2072,0.003,1024,128,0.0,0.0,F2,0.005,200,False,529.5880126953125,508.3299560546875,0.005222487263381481,0.0,0.0,0.0
CP,trial_031,2073,0.001,512,32,12.0,1e-05,N3,0.005,200,True,912.2591552734375,753.6902465820312,0.022505203261971474,0.0,0.0,0.0
CP,trial_032,2074,0.001,1024,128,12.0,1e-05,F2,0.005,200,True,54.67441940307617,60.818180084228516,0.2753775715827942,0.17845118045806885,0.2760942876338959,0.4915824830532074
CP,trial_033,2075,0.0003,512,64,0.0,0.0,N3,0.005,200,True,1385.421875,1158.4578857421875,0.012802609242498875,0.0,0.0,0.0
CP,trial_034,2076,0.0003,512,64,6.0,1e-06,F2,0.005,200,False,87.27574920654297,95.55218505859375,0.2138202041387558,0.10101009905338287,0.24915824830532074,0.4141414165496826
CP,trial_035,2077,0.001,512,128,12.0,0.0,F2,0.001,200,False,4192.66455078125,4692.5859375,0.0004989884328097105,0.0,0.0,0.0
CP,trial_036,2078,0.003,1024,64,12.0,0.0,F2,0.001,200,False,128.3754119873047,136.8013458251953,0.20570248365402222,0.09764309972524643,0.2457912415266037,0.3737373650074005
CP,trial_037,2079,0.001,256,128,0.0,1e-06,F2,0.001,200,False,3114.033203125,3379.471435546875,0.001199007616378367,0.0,0.0,0.0
CP,trial_038,2080,0.0003,512,64,6.0,1e-06,N3,0.001,200,True,201.3488311767578,184.82827758789062,0.1679019033908844,0.10437710583209991,0.1582491546869278,0.2861952781677246
CP,trial_039,2081,0.003,1024,128,12.0,1e-06,F2,0.005,200,False,129.7441864013672,169.83837890625,0.1491214483976364,0.08417508751153946,0.13804714381694794,0.3164983093738556
CP,trial_040,2082,0.003,512,128,12.0,1e-06,N3,0.001,200,True,83.09967041015625,84.49494934082031,0.2315133810043335,0.14814814925193787,0.22558923065662384,0.4276094138622284
CP,trial_041,2083,0.003,512,64,12.0,0.0,N3,0.001,200,False,206.10299682617188,192.6397247314453,0.14204765856266022,0.047138046473264694,0.16835017502307892,0.3030303120613098
CP,trial_042,2084,0.001,1024,64,6.0,1e-05,F2,0.001,200,False,525.8571166992188,457.95623779296875,0.004876499064266682,0.0,0.0,0.0
CP,trial_043,2085,0.0003,512,64,6.0,0.0,F2,0.005,200,False,86.82059478759766,80.2323226928711,0.27046748995780945,0.16498316824436188,0.28282827138900757,0.5050504803657532
CP,trial_044,2086,0.001,512,64,12.0,1e-06,N3,0.005,200,False,150.17276000976562,162.33670043945312,0.15741963684558868,0.047138046473264694,0.1750841736793518,0.3737373650074005
CP,trial_045,2087,0.001,512,32,0.0,1e-05,N3,0.001,200,False,560.35546875,491.22894287109375,0.00780964782461524,0.0,0.0,0.0
CP,trial_046,2088,0.0003,512,64,12.0,1e-06,F2,0.005,200,False,62.15282440185547,62.34006881713867,0.20309141278266907,0.1111111119389534,0.1986531913280487,0.4208754301071167
CP,trial_047,2089,0.0003,512,64,12.0,1e-05,N3,0.005,200,False,359.906982421875,356.8047180175781,0.007913476787507534,0.0,0.0,0.0
CP,trial_048,2090,0.001,512,32,6.0,1e-06,F2,0.005,200,True,137.4219207763672,126.1548843383789,0.16810357570648193,0.0875420868396759,0.18518517911434174,0.31986531615257263
CP,trial_049,2091,0.001,1024,32,12.0,1e-05,N3,0.005,200,False,125.55481719970703,149.43434143066406,0.20270952582359314,0.08080808073282242,0.2457912415266037,0.44107744097709656
CP,trial_050,2092,0.003,512,64,6.0,1e-06,F2,0.005,200,True,643.2258911132812,532.1649780273438,0.07818316668272018,0.023569023236632347,0.05723905563354492,0.1750841736793518
CP,trial_051,2093,0.003,1024,32,0.0,1e-06,F2,0.001,200,True,659.7076416015625,530.0067138671875,0.03500446304678917,0.0,0.0,0.08417508751153946
CP,trial_052,2094,0.0003,1024,64,0.0,0.0,F2,0.001,200,False,79.9966812133789,78.01346588134766,0.15215018391609192,0.06060606241226196,0.1515151560306549,0.3501683473587036
CP,trial_053,2095,0.001,1024,128,0.0,0.0,F2,0.001,200,True,67.34219360351562,72.93602752685547,0.2371513545513153,0.14478114247322083,0.2390572428703308,0.44781145453453064
CP,trial_054,2096,0.0003,512,128,12.0,0.0,F2,0.001,200,True,96.03654479980469,87.24916076660156,0.23916864395141602,0.14141413569450378,0.2390572428703308,0.4612794518470764
CP,trial_055,2097,0.003,256,64,6.0,1e-05,F2,0.001,200,True,597.0897216796875,485.9528503417969,0.10603661835193634,0.03703703731298447,0.10101009905338287,0.23232322931289673
CP,trial_056,2098,0.003,256,128,6.0,1e-05,F2,0.005,200,True,57.42192840576172,57.734004974365234,0.24641361832618713,0.16161616146564484,0.2390572428703308,0.43097642064094543
CP,trial_057,2099,0.0003,512,64,6.0,0.0,N3,0.005,200,False,328.4186096191406,334.4781188964844,0.010710520669817924,0.0,0.0,0.0
CP,trial_058,2100,0.003,1024,128,0.0,0.0,N3,0.005,200,True,99.91361999511719,91.31649780273438,0.23448780179023743,0.14141413569450378,0.2222222238779068,0.4545454680919647
CP,trial_059,2101,0.001,1024,32,0.0,1e-05,N3,0.001,200,True,977.322265625,795.61279296875,0.02156771533191204,0.0,0.0,0.0
CP,trial_060,2102,0.0003,1024,128,6.0,1e-05,F2,0.001,200,True,1850.9866943359375,1630.1246337890625,0.012560466304421425,0.0,0.0,0.0
CP,trial_061,2103,0.0003,512,64,6.0,1e-05,N3,0.005,200,True,1442.26904296875,1124.2794189453125,0.013596933335065842,0.0,0.0,0.0
CP,trial_062,2104,0.001,512,128,0.0,0.0,F2,0.001,200,False,124.99003601074219,112.1548843383789,0.12841659784317017,0.033670034259557724,0.12121212482452393,0.34343433380126953
CP,trial_063,2105,0.0003,512,64,12.0,0.0,N3,0.001,200,False,624.4019775390625,601.7508544921875,0.003361137118190527,0.0,0.0,0.0
CP,trial_064,2106,0.001,1024,32,12.0,1e-06,N3,0.005,200,False,144.64451599121094,155.39730834960938,0.19680389761924744,0.08080808073282242,0.2222222238779068,0.42424243688583374
CP,trial_065,2107,0.001,1024,64,0.0,0.0,F2,0.001,200,True,87.22258758544922,103.28282928466797,0.21211984753608704,0.12794612348079681,0.2222222238779068,0.37710437178611755
CP,trial_066,2108,0.001,1024,64,12.0,1e-06,F2,0.005,200,True,68.26577758789062,68.59932708740234,0.25123822689056396,0.1582491546869278,0.25589224696159363,0.4377104341983795
CP,trial_067,2109,0.001,512,32,6.0,1e-05,F2,0.005,200,True,934.3255615234375,755.0875244140625,0.023120779544115067,0.0,0.0,0.0
CP,trial_068,2110,0.001,256,64,12.0,1e-06,N3,0.001,200,False,144.27574157714844,140.5993194580078,0.11475413292646408,0.02693602629005909,0.12121212482452393,0.3030303120613098
CP,trial_069,2111,0.0003,512,64,12.0,1e-05,F2,0.001,200,False,81.48504638671875,76.3400650024414,0.15311144292354584,0.05050504952669144,0.16498316824436188,0.3636363744735718
CP,trial_070,2112,0.0003,512,128,0.0,0.0,N3,0.005,200,False,398.1195983886719,363.35015869140625,0.00796448066830635,0.0,0.0,0.0
CP,trial_071,2113,0.001,512,64,12.0,0.0,N3,0.001,200,False,174.80731201171875,185.78451538085938,0.13982200622558594,0.04377104341983795,0.1346801370382309,0.32996633648872375
CP,trial_072,2114,0.001,512,64,6.0,0.0,F2,0.005,200,False,525.6279296875,483.4949645996094,0.005784288048744202,0.0,0.0,0.0
CP,trial_073,2115,0.003,512,64,6.0,1e-06,N3,0.005,200,False,82.77741241455078,110.6464614868164,0.17471015453338623,0.07070706784725189,0.16835017502307892,0.43097642064094543
CP,trial_074,2116,0.0003,1024,128,0.0,0.0,N3,0.005,200,False,333.1661071777344,331.5723876953125,0.011024348437786102,0.0,0.0,0.0
CP,trial_075,2117,0.0003,1024,32,6.0,0.0,N3,0.005,200,True,167.55482482910156,139.36700439453125,0.21083296835422516,0.12121212482452393,0.2222222238779068,0.3737373650074005
CP,trial_076,2118,0.0003,1024,128,6.0,1e-06,F2,0.005,200,True,65.5382080078125,65.36026763916016,0.273018479347229,0.17171716690063477,0.2929292917251587,0.48148149251937866
CP,trial_077,2119,0.0003,256,32,0.0,0.0,F2,0.001,200,True,1223.0531005859375,1018.0504760742188,0.01928182691335678,0.0,0.0,0.0
CP,trial_078,2120,0.0003,256,64,12.0,1e-06,F2,0.001,200,False,1074.9036865234375,1136.535400390625,0.0019910947885364294,0.0,0.0,0.0
CP,trial_079,2121,0.0003,256,128,0.0,1e-05,N3,0.005,200,False,475.4119567871094,464.404052734375,0.005781958810985088,0.0,0.0,0.0
CP,trial_080,2122,0.001,512,32,6.0,1e-05,F2,0.001,200,False,79.29568481445312,75.48148345947266,0.18555574119091034,0.07744107395410538,0.20202019810676575,0.4208754301071167
CP,trial_081,2123,0.0003,1024,128,0.0,1e-06,N3,0.001,200,False,100.51162719726562,90.71717071533203,0.13903099298477173,0.04377104341983795,0.14478114247322083,0.35353535413742065
CP,trial_082,2124,0.001,1024,128,0.0,0.0,F2,0.005,200,True,960.9866943359375,795.9899291992188,0.021372374147176743,0.0,0.0,0.0
CP,trial_083,2125,0.001,256,128,6.0,0.0,N3,0.005,200,False,1443.2259521484375,1622.74072265625,0.0027982720639556646,0.0,0.0,0.0
CP,trial_084,2126,0.003,512,32,6.0,1e-05,F2,0.005,200,False,738.9833984375,597.3838500976562,0.026175182312726974,0.0,0.0,0.0
CP,trial_085,2127,0.003,256,32,0.0,0.0,N3,0.001,200,True,138.923583984375,129.94949340820312,0.22323711216449738,0.1346801370382309,0.23569023609161377,0.3973063826560974
CP,trial_086,2128,0.001,1024,32,6.0,1e-06,F2,0.001,200,False,484.9036560058594,456.1346740722656,0.004737811628729105,0.0,0.0,0.0
CP,trial_087,2129,0.003,512,128,6.0,0.0,N3,0.005,200,False,106.35880279541016,98.55892181396484,0.23293045163154602,0.12457912415266037,0.2525252401828766,0.48148149251937866
CP,trial_088,2130,0.0003,1024,128,12.0,1e-06,N3,0.001,200,False,101.5382080078125,88.03030395507812,0.16311787068843842,0.06734006851911545,0.1582491546869278,0.35353535413742065
CP,trial_089,2131,0.001,512,32,12.0,1e-05,F2,0.001,200,False,72.40199279785156,70.87541961669922,0.17371466755867004,0.0875420868396759,0.16835017502307892,0.33670035004615784
CP,trial_090,2132,0.0003,256,128,6.0,0.0,F2,0.005,200,True,4571.009765625,4478.7978515625,0.00044965502456761897,0.0,0.0,0.0
CP,trial_091,2133,0.0003,512,128,12.0,1e-06,N3,0.005,200,True,4638.80078125,4603.572265625,0.0006368984468281269,0.0,0.0,0.0
CP,trial_092,2134,0.0003,512,128,0.0,1e-05,N3,0.001,200,False,76.64119720458984,70.8047103881836,0.16896797716617584,0.05050504952669144,0.19191919267177582,0.38383838534355164
CP,trial_093,2135,0.0003,1024,128,6.0,1e-05,N3,0.005,200,False,346.17608642578125,347.4781188964844,0.009047439321875572,0.0,0.0,0.0
CP,trial_094,2136,0.0003,512,32,0.0,1e-06,N3,0.005,200,False,70.52159118652344,73.86195373535156,0.21854770183563232,0.09764309972524643,0.22558923065662384,0.46464645862579346
CP,trial_095,2137,0.003,1024,64,6.0,0.0,F2,0.005,200,True,101.85050201416016,116.31649780273438,0.2102552354335785,0.1346801370382309,0.21212121844291687,0.34343433380126953
CP,trial_096,2138,0.001,256,32,0.0,1e-05,N3,0.005,200,False,417.9667663574219,374.4107666015625,0.015190226957201958,0.0,0.0,0.0
CP,trial_097,2139,0.001,1024,64,0.0,1e-05,N3,0.005,200,True,979.0797119140625,808.0538940429688,0.021222516894340515,0.0,0.0,0.0
CP,trial_098,2140,0.0003,512,128,12.0,1e-06,N3,0.001,200,False,104.85382080078125,93.46800994873047,0.12908326089382172,0.04377104341983795,0.12121212482452393,0.3097642958164215
CP,trial_099,2141,0.0003,1024,32,12.0,0.0,F2,0.005,200,False,50.98670959472656,53.60942840576172,0.228202223777771,0.12794612348079681,0.21885521709918976,0.4444444477558136
CP,trial_100,2142,0.003,1024,64,12.0,1e-05,N3,0.001,200,True,64.15614318847656,55.380470275878906,0.2513473629951477,0.15488214790821075,0.2626262605190277,0.4612794518470764
CP,trial_101,2143,0.0003,256,32,12.0,1e-05,N3,0.001,200,False,1369.9169921875,1549.080810546875,0.0016402078326791525,0.0,0.0,0.0
CP,trial_102,2144,0.001,256,64,12.0,1e-06,F2,0.005,200,True,888.0830688476562,738.7340087890625,0.023111650720238686,0.0,0.0,0.0
CP,trial_103,2145,0.001,1024,64,0.0,1e-06,F2,0.001,200,True,962.8372192382812,804.2357177734375,0.021336600184440613,0.0,0.0,0.0
CP,trial_104,2146,0.0003,1024,64,12.0,1e-06,N3,0.001,200,True,240.2159423828125,176.12794494628906,0.1702769696712494,0.10437710583209991,0.17171716690063477,0.3097642958164215
CP,trial_105,2147,0.001,256,64,0.0,0.0,N3,0.001,200,False,107.61461639404297,98.60269165039062,0.16203592717647552,0.07070706784725189,0.14141413569450378,0.3636363744735718
CP,trial_106,2148,0.0003,1024,32,12.0,1e-05,F2,0.001,200,True,79.1661148071289,79.1548843383789,0.23837052285671234,0.14814814925193787,0.2457912415266037,0.4208754301071167
CP,trial_107,2149,0.0003,1024,128,12.0,0.0,F2,0.005,200,True,3835.71435546875,3642.61962890625,0.001135257538408041,0.0,0.0,0.0
CP,trial_108,2150,0.001,256,64,0.0,1e-05,N3,0.005,200,True,889.3787231445312,740.3232421875,0.02298862487077713,0.0,0.0,0.0
CP,trial_109,2151,0.001,1024,128,12.0,1e-06,N3,0.005,200,False,65.79069519042969,63.693603515625,0.24921712279319763,0.14141413569450378,0.26599326729774475,0.48148149251937866
CP,trial_110,2152,0.003,512,128,6.0,1e-05,F2,0.001,200,False,183.40863037109375,170.1582489013672,0.18256619572639465,0.07070706784725189,0.20875421166419983,0.38383838534355164
CP,trial_111,2153,0.0003,512,128,0.0,1e-06,N3,0.001,200,False,99.85713958740234,90.8484878540039,0.1522284746170044,0.05387205258011818,0.16835017502307892,0.32996633648872375
CP,trial_112,2154,0.003,1024,128,12.0,1e-06,F2,0.001,200,False,140.67442321777344,146.60606384277344,0.27621203660964966,0.17845118045806885,0.2760942876338959,0.4545454680919647
CP,trial_113,2155,0.0003,256,128,12.0,1e-05,F2,0.001,200,False,77.59136199951172,74.22222137451172,0.20559273660182953,0.09764309972524643,0.2053872048854828,0.43097642064094543
CP,trial_114,2156,0.0003,256,64,6.0,0.0,N3,0.001,200,True,4647.5947265625,4534.669921875,0.0006294192862696946,0.0,0.0,0.0
CP,trial_115,2157,0.0003,1024,32,0.0,1e-05,N3,0.005,200,False,306.5548095703125,314.53533935546875,0.015066289342939854,0.0,0.0,0.0
CP,trial_116,2158,0.0003,256,32,0.0,1e-06,N3,0.005,200,True,115.30564880371094,117.00336456298828,0.2502287030220032,0.16835017502307892,0.2457912415266037,0.42424243688583374
CP,trial_117,2159,0.003,512,32,0.0,1e-05,F2,0.005,200,False,75.05979919433594,88.24916076660156,0.13732637465000153,0.04377104341983795,0.13131313025951385,0.36026936769485474
CP,trial_118,2160,0.0003,1024,64,0.0,0.0,F2,0.001,200,True,72.56478118896484,70.37374114990234,0.22104331851005554,0.11447811126708984,0.23569023609161377,0.4444444477558136
CP,trial_119,2161,0.003,512,64,0.0,1e-06,N3,0.005,200,True,87.27242279052734,104.8451156616211,0.20799994468688965,0.12794612348079681,0.21212121844291687,0.3804713785648346
CP,trial_120,2162,0.003,1024,128,0.0,0.0,N3,0.001,200,True,717.8239135742188,570.1010131835938,0.048526640981435776,0.0,0.0,0.1515151560306549
CP,trial_121,2163,0.001,256,128,0.0,1e-05,F2,0.001,200,False,76.19268798828125,68.28956604003906,0.17713020741939545,0.05723905563354492,0.19528619945049286,0.38383838534355164
CP,trial_122,2164,0.003,512,32,12.0,1e-05,F2,0.005,200,True,127.46843719482422,148.3501739501953,0.19926048815250397,0.10774410516023636,0.2053872048854828,0.4107744097709656
CP,trial_123,2165,0.001,512,64,0.0,1e-05,F2,0.005,200,True,927.043212890625,766.3770751953125,0.021993596106767654,0.0,0.0,0.0
CP,trial_124,2166,0.0003,1024,64,6.0,1e-05,F2,0.001,200,False,468.2491760253906,427.73065185546875,0.0057415044866502285,0.0,0.0,0.0
CP,trial_125,2167,0.003,256,64,12.0,1e-06,N3,0.001,200,True,519.9302368164062,637.0,0.1124541386961937,0.05387205258011818,0.12794612348079681,0.23569023609161377
CP,trial_126,2168,0.0003,512,128,0.0,0.0,F2,0.005,200,True,79.33222961425781,75.9259262084961,0.23088297247886658,0.1346801370382309,0.22558923065662384,0.4511784613132477
CP,trial_127,2169,0.001,1024,128,6.0,0.0,F2,0.005,200,True,959.5481567382812,793.306396484375,0.0211152546107769,0.0,0.0,0.0
CP,trial_128,2170,0.0003,1024,32,12.0,1e-06,F2,0.005,200,True,124.3355484008789,119.4276123046875,0.23182955384254456,0.14814814925193787,0.22558923065662384,0.4208754301071167
CP,trial_129,2171,0.0003,256,32,12.0,1e-06,F2,0.001,200,True,99.69103240966797,94.08753967285156,0.2599124610424042,0.1750841736793518,0.2693602740764618,0.4444444477558136
CP,trial_130,2172,0.001,1024,64,12.0,1e-06,N3,0.005,200,True,82.21926879882812,89.78787994384766,0.22677062451839447,0.14478114247322083,0.21212121844291687,0.3905723989009857
CP,trial_131,2173,0.001,1024,32,0.0,1e-05,F2,0.001,200,False,376.2890319824219,360.81817626953125,0.00861307606101036,0.0,0.0,0.0
CP,trial_132,2174,0.003,256,64,12.0,0.0,F2,0.001,200,True,110.4584732055664,112.8080825805664,0.2319323569536209,0.1515151560306549,0.23232322931289673,0.4107744097709656
CP,trial_133,2175,0.003,256,128,12.0,0.0,F2,0.005,200,False,813.2192993164062,683.4545288085938,0.011164972558617592,0.0,0.0,0.0
CP,trial_134,2176,0.003,512,32,6.0,1e-06,N3,0.001,200,False,416.79400634765625,349.1683349609375,0.24661985039710999,0.17845118045806885,0.2457912415266037,0.3872053921222687
CP,trial_135,2177,0.0003,1024,64,6.0,1e-06,F2,0.001,200,True,4419.13623046875,4304.4208984375,0.0005247529479674995,0.0,0.0,0.0
CP,trial_136,2178,0.003,512,128,12.0,1e-05,N3,0.005,200,True,680.0232543945312,576.3737182617188,0.0704776868224144,0.0,0.09090909361839294,0.16498316824436188
CP,trial_137,2179,0.0003,256,64,12.0,1e-05,F2,0.005,200,True,72.5049819946289,80.7003402709961,0.28631436824798584,0.18518517911434174,0.29629629850387573,0.5185185074806213
CP,trial_138,2180,0.0003,1024,32,12.0,1e-05,N3,0.005,200,False,329.50830078125,337.1043701171875,0.01027734950184822,0.0,0.0,0.0
CP,trial_139,2181,0.003,1024,128,0.0,0.0,N3,0.001,200,False,998.4385375976562,818.9629516601562,0.006508545950055122,0.0,0.0,0.0
CP,trial_140,2182,0.001,1024,32,6.0,1e-06,F2,0.001,200,False,405.63787841796875,402.5218811035156,0.007003654260188341,0.0,0.0,0.0
CP,trial_141,2183,0.001,1024,64,6.0,1e-05,N3,0.001,200,True,4405.8505859375,4550.38720703125,0.00041221690480597317,0.0,0.0,0.0
CP,trial_142,2184,0.001,256,64,12.0,1e-05,N3,0.005,200,False,128.3289031982422,146.7306365966797,0.17548006772994995,0.06060606241226196,0.18518517911434174,0.4343434274196625
CP,trial_143,2185,0.001,1024,64,6.0,1e-06,F2,0.005,200,True,4043.42529296875,3657.92919921875,0.0015114955604076385,0.0,0.0,0.0
CP,trial_144,2186,0.0003,512,32,6.0,1e-05,F2,0.001,200,True,1307.0830078125,1098.6397705078125,0.01409292034804821,0.0,0.0,0.0
CP,trial_145,2187,0.003,256,128,6.0,1e-06,F2,0.001,200,True,687.3920288085938,561.9427490234375,0.06232738122344017,0.016835017129778862,0.047138046473264694,0.13804714381694794
CP,trial_146,2188,0.003,512,128,0.0,1e-05,N3,0.001,200,False,965.4518432617188,792.06396484375,0.007139242719858885,0.0,0.0,0.0
CP,trial_147,2189,0.003,1024,64,12.0,0.0,N3,0.001,200,False,616.4219360351562,493.7272644042969,0.04205312952399254,0.0,0.0,0.17845118045806885
CP,trial_148,2190,0.003,256,128,0.0,1e-05,N3,0.001,200,False,115.7873764038086,118.43771362304688,0.21145163476467133,0.1346801370382309,0.2053872048854828,0.3905723989009857
CP,trial_149,2191,0.003,256,64,12.0,0.0,F2,0.001,200,False,110.9966812133789,128.08416748046875,0.17636796832084656,0.07070706784725189,0.20202019810676575,0.40067338943481445
CP,trial_150,2192,0.001,512,32,6.0,1e-06,N3,0.001,200,False,518.79736328125,501.6599426269531,0.004609344992786646,0.0,0.0,0.0
CP,trial_151,2193,0.001,256,64,12.0,1e-05,N3,0.001,200,False,75.9534912109375,77.7272720336914,0.16284915804862976,0.06397306174039841,0.16161616146564484,0.3804713785648346
CP,trial_152,2194,0.003,1024,128,12.0,0.0,N3,0.001,200,True,785.6478271484375,665.41748046875,0.02632177248597145,0.0,0.0,0.013468013145029545
CP,trial_153,2195,0.003,1024,128,6.0,1e-06,N3,0.001,200,False,79.98006439208984,70.56228637695312,0.19565951824188232,0.07407407462596893,0.2053872048854828,0.4377104341983795
CP,trial_154,2196,0.001,256,128,6.0,1e-06,F2,0.005,200,True,897.0398559570312,736.9899291992188,0.022373594343662262,0.0,0.0,0.0
CP,trial_155,2197,0.003,512,32,0.0,0.0,N3,0.005,200,False,65.21595001220703,48.84511947631836,0.22025451064109802,0.12794612348079681,0.23232322931289673,0.3905723989009857
CP,trial_156,2198,0.0003,1024,32,0.0,1e-05,N3,0.001,200,False,65.31561279296875,66.37374114990234,0.22338813543319702,0.12121212482452393,0.2289562225341797,0.43097642064094543
CP,trial_157,2199,0.0003,512,128,0.0,1e-05,N3,0.001,200,False,85.77076721191406,76.72053527832031,0.1703648567199707,0.07407407462596893,0.17845118045806885,0.3636363744735718
CP,trial_158,2200,0.0003,512,128,0.0,1e-05,F2,0.001,200,False,661.5548095703125,569.8720703125,0.004360540304332972,0.0,0.0,0.0
CP,trial_159,2201,0.001,512,32,0.0,0.0,F2,0.005,200,False,78.71760559082031,78.06397247314453,0.19338691234588623,0.08080808073282242,0.21212121844291687,0.4208754301071167
CP,trial_160,2202,0.001,1024,64,0.0,0.0,N3,0.001,200,True,67.76079559326172,62.265995025634766,0.24126699566841125,0.14478114247322083,0.25589224696159363,0.44107744097709656
CP,trial_161,2203,0.001,512,128,12.0,1e-06,N3,0.005,200,False,469.56146240234375,460.88214111328125,0.005349579267203808,0.0,0.0,0.0
CP,trial_162,2204,0.001,512,32,6.0,1e-06,F2,0.005,200,True,92.49833679199219,83.31986236572266,0.2033006101846695,0.1111111119389534,0.20202019810676575,0.4208754301071167
CP,trial_163,2205,0.0003,512,32,0.0,0.0,N3,0.005,200,False,347.754150390625,349.1851806640625,0.008946525864303112,0.0,0.0,0.0
CP,trial_164,2206,0.003,1024,64,12.0,1e-05,F2,0.005,200,True,925.9866943359375,787.8485107421875,0.022037643939256668,0.0,0.0,0.0
CP,trial_165,2207,0.001,256,128,6.0,1e-05,F2,0.001,200,True,894.49169921875,735.2289428710938,0.022301558405160904,0.0,0.0,0.0
CP,trial_166,2208,0.003,512,128,6.0,1e-05,N3,0.001,200,True,733.20263671875,610.8619384765625,0.08409421890974045,0.013468013145029545,0.10774410516023636,0.1750841736793518
CP,trial_167,2209,0.001,256,128,6.0,1e-05,F2,0.005,200,True,58.76411819458008,58.82154846191406,0.2770465016365051,0.17845118045806885,0.29629629850387573,0.4781144857406616
CP,trial_168,2210,0.0003,1024,64,12.0,0.0,F2,0.005,200,False,353.49835205078125,352.47137451171875,0.008774091489613056,0.0,0.0,0.0
CP,trial_169,2211,0.0003,256,64,6.0,1e-05,N3,0.005,200,True,4351.45849609375,4342.4580078125,0.000549192656762898,0.0,0.0,0.0
CP,trial_170,2212,0.0003,1024,128,0.0,0.0,N3,0.001,200,False,89.30896759033203,82.77104187011719,0.15309733152389526,0.04040404036641121,0.17171716690063477,0.37710437178611755
CP,trial_171,2213,0.0003,512,128,12.0,1e-05,N3,0.005,200,False,78.76079559326172,74.92256164550781,0.19169723987579346,0.07744107395410538,0.2053872048854828,0.3973063826560974
CP,trial_172,2214,0.003,512,64,12.0,1e-05,N3,0.001,200,False,177.0830535888672,192.79461669921875,0.14489376544952393,0.047138046473264694,0.16161616146564484,0.34343433380126953
CP,trial_173,2215,0.0003,256,64,12.0,1e-06,F2,0.001,200,False,95.52823638916016,99.57575988769531,0.09810538589954376,0.02693602629005909,0.07070706784725189,0.2626262605190277
CP,trial_174,2216,0.0003,256,32,12.0,0.0,F2,0.001,200,True,85.75747680664062,94.10774230957031,0.23740045726299286,0.14478114247322083,0.22558923065662384,0.4680134654045105
CP,trial_175,2217,0.003,1024,128,12.0,0.0,F2,0.005,200,False,557.1029663085938,468.4343566894531,0.010742411017417908,0.0,0.0,0.0
CP,trial_176,2218,0.003,256,32,6.0,1e-06,F2,0.001,200,True,743.043212890625,610.4444580078125,0.05535370483994484,0.003367003286257386,0.023569023236632347,0.1582491546869278
CP,trial_177,2219,0.003,512,32,0.0,1e-05,N3,0.001,200,True,596.677734375,495.3939514160156,0.08880637586116791,0.03030303120613098,0.06397306174039841,0.1986531913280487
CP,trial_178,2220,0.001,512,128,12.0,1e-05,F2,0.005,200,False,411.0465087890625,391.00335693359375,0.007317899260669947,0.0,0.0,0.0
CP,trial_179,2221,0.003,512,128,12.0,1e-06,F2,0.005,200,True,365.32891845703125,342.15826416015625,0.1528349667787552,0.09764309972524643,0.13804714381694794,0.27272728085517883
CP,trial_180,2222,0.0003,1024,32,6.0,0.0,F2,0.001,200,False,434.7209167480469,422.84173583984375,0.005728344898670912,0.0,0.0,0.0
CP,trial_181,2223,0.0003,256,64,0.0,1e-05,F2,0.001,200,True,1259.78076171875,998.723876953125,0.017323696985840797,0.0,0.0,0.0
CP,trial_182,2224,0.001,1024,32,0.0,0.0,F2,0.005,200,True,100.03654479980469,89.9259262084961,0.23836453258991241,0.15488214790821075,0.2390572428703308,0.42424243688583374
CP,trial_183,2225,0.001,256,64,6.0,0.0,F2,0.005,200,True,892.1661376953125,739.2929077148438,0.02313474379479885,0.0,0.0,0.0
CP,trial_184,2226,0.003,256,64,0.0,0.0,F2,0.005,200,True,100.44186401367188,86.21212005615234,0.2221839725971222,0.1346801370382309,0.2222222238779068,0.4107744097709656
CP,trial_185,2227,0.003,512,64,0.0,0.0,F2,0.005,200,False,109.2923583984375,104.59596252441406,0.17644068598747253,0.06060606241226196,0.2053872048854828,0.4040403962135315
CP,trial_186,2228,0.001,1024,128,12.0,0.0,N3,0.001,200,True,963.0166015625,791.8350219726562,0.02123943530023098,0.0,0.0,0.0
CP,trial_187,2229,0.001,1024,128,6.0,1e-05,N3,0.005,200,False,374.322265625,354.6195373535156,0.008073659613728523,0.0,0.0,0.0
CP,trial_188,2230,0.003,1024,32,6.0,1e-06,N3,0.005,200,True,585.7474975585938,494.7407531738281,0.06945515424013138,0.003367003286257386,0.05387205258011818,0.18518517911434174
CP,trial_189,2231,0.0003,256,128,6.0,1e-06,F2,0.005,200,False,490.6146240234375,455.32659912109375,0.006083417218178511,0.0,0.0,0.0
CP,trial_190,2232,0.0003,256,64,6.0,0.0,N3,0.005,200,True,83.56810760498047,84.87205505371094,0.2251700460910797,0.12794612348079681,0.23232322931289673,0.4511784613132477
CP,trial_191,2233,0.003,256,128,0.0,0.0,N3,0.001,200,False,109.74418640136719,110.85185241699219,0.13214999437332153,0.033670034259557724,0.13804714381694794,0.3501683473587036
CP,trial_192,2234,0.001,1024,32,12.0,1e-06,N3,0.005,200,False,331.37542724609375,339.73736572265625,0.0097891204059124,0.0,0.0,0.0
CP,trial_193,2235,0.001,256,64,12.0,0.0,F2,0.005,200,True,348.96343994140625,384.60943603515625,0.17518509924411774,0.09427609294652939,0.18855218589305878,0.35353535413742065
CP,trial_194,2236,0.001,512,128,12.0,1e-05,N3,0.005,200,False,513.4617919921875,484.2659912109375,0.005130759906023741,0.0,0.0,0.0
CP,trial_195,2237,0.003,1024,32,6.0,0.0,N3,0.005,200,False,396.0265808105469,378.9764404296875,0.007749043870717287,0.0,0.0,0.0
CP,trial_196,2238,0.0003,1024,128,0.0,1e-06,N3,0.005,200,False,361.0797424316406,351.5218811035156,0.008728799410164356,0.0,0.0,0.0
CP,trial_197,2239,0.001,512,32,6.0,1e-06,N3,0.001,200,False,74.6644515991211,81.21548461914062,0.18937936425209045,0.08417508751153946,0.20875421166419983,0.3905723989009857
CP,trial_198,2240,0.003,256,64,12.0,1e-05,F2,0.005,200,False,5499.3291015625,5820.06396484375,0.0002858321531675756,0.0,0.0,0.0
CP,trial_199,2241,0.0003,512,128,6.0,1e-06,N3,0.005,200,True,3806.614501953125,3390.32666015625,0.0009840999264270067,0.0,0.0,0.0
CP,trial_200,2242,0.001,1024,128,12.0,0.0,F2,0.005,200,True,95.7076416015625,79.24916076660156,0.13889366388320923,0.020202020183205605,0.14478114247322083,0.38383838534355164
CP,trial_201,2243,0.003,1024,64,0.0,0.0,F2,0.005,200,True,94.6744155883789,95.85858917236328,0.16892950236797333,0.08417508751153946,0.1515151560306549,0.36026936769485474
CP,trial_202,2244,0.003,512,128,0.0,1e-06,F2,0.005,200,True,61.797340393066406,46.22222137451172,0.26912084221839905,0.16498316824436188,0.2794612646102905,0.5050504803657532
CP,trial_203,2245,0.001,512,64,12.0,1e-06,F2,0.005,200,True,917.0133056640625,758.548828125,0.02258378267288208,0.0,0.0,0.0
CP,trial_204,2246,0.003,1024,32,6.0,0.0,F2,0.001,200,False,639.5614624023438,565.7171630859375,0.004031861200928688,0.0,0.0,0.0
CP,trial_205,2247,0.001,512,64,12.0,1e-06,N3,0.001,200,False,1673.2989501953125,1840.646484375,0.0022515575401484966,0.0,0.0,0.0
CP,trial_206,2248,0.0003,512,128,0.0,1e-05,F2,0.005,200,True,67.84053039550781,61.68687057495117,0.2932495176792145,0.18855218589305878,0.3232323229312897,0.5050504803657532
CP,trial_207,2249,0.0003,256,64,0.0,1e-05,N3,0.001,200,False,1535.6146240234375,1721.855224609375,0.0020511734765022993,0.0,0.0,0.0
CP,trial_208,2250,0.003,512,64,12.0,1e-05,F2,0.001,200,True,670.229248046875,546.6329956054688,0.03666338697075844,0.0,0.0,0.11784511804580688
CP,trial_209,2251,0.001,256,64,6.0,1e-06,F2,0.005,200,False,708.3322143554688,604.952880859375,0.004258288070559502,0.0,0.0,0.0
CP,trial_210,2252,0.001,512,32,12.0,1e-05,F2,0.005,200,True,913.0897216796875,755.9562377929688,0.023017866536974907,0.0,0.0,0.0
CP,trial_211,2253,0.003,256,32,12.0,1e-05,N3,0.005,200,True,369.677734375,323.7407531738281,0.23467333614826202,0.1582491546869278,0.24242424964904785,0.37037035822868347
CP,trial_212,2254,0.001,1024,64,12.0,0.0,F2,0.001,200,True,71.43521881103516,81.18518829345703,0.25291144847869873,0.18518517911434174,0.23569023609161377,0.4107744097709656
CP,trial_213,2255,0.003,256,128,12.0,1e-06,N3,0.001,200,True,462.0199279785156,565.3232421875,0.15871289372444153,0.10437710583209991,0.16161616146564484,0.25589224696159363
CP,trial_214,2256,0.0003,512,64,12.0,1e-06,F2,0.001,200,False,588.4119873046875,544.9562377929688,0.004344756714999676,0.0,0.0,0.0
CP,trial_215,2257,0.003,1024,32,0.0,1e-05,N3,0.005,200,True,660.1827392578125,543.2491455078125,0.0413966104388237,0.0,0.006734006572514772,0.14478114247322083
CP,trial_216,2258,0.0003,256,32,6.0,0.0,N3,0.005,200,True,130.50498962402344,116.1952896118164,0.19721709191799164,0.1111111119389534,0.19528619945049286,0.38383838534355164
CP,trial_217,2259,0.0003,512,32,12.0,0.0,F2,0.001,200,True,58.69435119628906,52.20201873779297,0.2806216776371002,0.17845118045806885,0.28956228494644165,0.5084174871444702
CP,trial_218,2260,0.001,1024,64,12.0,0.0,N3,0.001,200,True,668.9136352539062,569.2861938476562,0.05344599857926369,0.003367003286257386,0.02693602629005909,0.17845118045806885
CP,trial_219,2261,0.0003,512,64,6.0,1e-06,N3,0.001,200,False,111.25581359863281,110.24578857421875,0.21516554057598114,0.10101009905338287,0.24915824830532074,0.4107744097709656
CP,trial_220,2262,0.0003,256,32,0.0,1e-06,F2,0.005,200,True,125.6279067993164,104.35016632080078,0.24921637773513794,0.14814814925193787,0.28282827138900757,0.4680134654045105
CP,trial_221,2263,0.003,256,64,6.0,1e-06,F2,0.005,200,False,98.7973403930664,90.83838653564453,0.18516722321510315,0.07744107395410538,0.2053872048854828,0.38383838534355164
CP,trial_222,2264,0.0003,256,128,0.0,1e-05,F2,0.005,200,True,75.40531921386719,78.44781494140625,0.2961638271808624,0.18518517911434174,0.31313130259513855,0.5151515007019043
CP,trial_223,2265,0.001,512,64,6.0,0.0,F2,0.005,200,False,362.322265625,347.0471496582031,0.011070463806390762,0.0,0.0,0.0
CP,trial_224,2266,0.003,1024,32,12.0,0.0,F2,0.001,200,False,60.495018005371094,68.14141082763672,0.13939063251018524,0.06060606241226196,0.11784511804580688,0.2794612646102905
CP,trial_225,2267,0.001,1024,64,12.0,1e-05,F2,0.001,200,True,68.48837280273438,50.754207611083984,0.28157442808151245,0.17845118045806885,0.2861952781677246,0.5016834735870361
CP,trial_226,2268,0.003,512,64,12.0,1e-06,F2,0.001,200,True,636.9933471679688,560.8720703125,0.04461731016635895,0.0,0.013468013145029545,0.14478114247322083
CP,trial_227,2269,0.0003,512,64,12.0,1e-05,N3,0.001,200,True,106.77408599853516,116.7676773071289,0.2529033422470093,0.17171716690063477,0.25589224696159363,0.44781145453453064
CP,trial_228,2270,0.003,512,64,6.0,1e-06,N3,0.001,200,True,677.6378784179688,570.9865112304688,0.063648521900177,0.003367003286257386,0.05387205258011818,0.16835017502307892
CP,trial_229,2271,0.003,1024,32,12.0,1e-05,F2,0.005,200,False,378.1329040527344,360.451171875,0.013171550817787647,0.0,0.0,0.0
CP,trial_230,2272,0.003,512,128,12.0,0.0,N3,0.001,200,True,143.16610717773438,102.59259033203125,0.22862081229686737,0.12457912415266037,0.24915824830532074,0.43097642064094543
CP,trial_231,2273,0.0003,1024,64,6.0,0.0,N3,0.001,200,False,493.46844482421875,453.3400573730469,0.005269638262689114,0.0,0.0,0.0
CP,trial_232,2274,0.0003,512,128,12.0,0.0,N3,0.001,200,True,1494.481689453125,1083.336669921875,0.01346130482852459,0.0,0.0,0.0
CP,trial_233,2275,0.001,256,64,6.0,1e-05,N3,0.001,200,False,2887.717529296875,3164.29296875,0.0010689860209822655,0.0,0.0,0.0
CP,trial_234,2276,0.0003,512,128,0.0,1e-06,F2,0.001,200,False,763.1627807617188,642.4815063476562,0.003414561040699482,0.0,0.0,0.0
CP,trial_235,2277,0.0003,256,128,12.0,1e-05,N3,0.001,200,True,1226.890380859375,1059.697021484375,0.01743541657924652,0.0,0.0,0.0
CP,trial_236,2278,0.0003,1024,32,6.0,0.0,F2,0.005,200,True,3938.225830078125,3676.9326171875,0.0006503730546683073,0.0,0.0,0.0
CP,trial_237,2279,0.0003,512,64,0.0,1e-06,N3,0.001,200,True,70.81727600097656,90.48821258544922,0.24906256794929504,0.1515151560306549,0.2693602740764618,0.4511784613132477
CP,trial_238,2280,0.0003,256,32,0.0,1e-06,F2,0.005,200,False,367.245849609375,369.0875549316406,0.008959720842540264,0.0,0.0,0.0
CP,trial_239,2281,0.001,256,32,12.0,0.0,F2,0.001,200,False,3830.362060546875,4219.72705078125,0.0006395988748408854,0.0,0.0,0.0
CP,trial_240,2282,0.0003,256,128,0.0,1e-06,N3,0.001,200,False,1475.42529296875,1598.5589599609375,0.0023684927728027105,0.0,0.0,0.0
CP,trial_241,2283,0.0003,512,32,0.0,1e-05,N3,0.001,200,True,89.32225799560547,91.21212005615234,0.24736762046813965,0.15488214790821075,0.24242424964904785,0.4343434274196625
CP,trial_242,2284,0.001,512,64,12.0,1e-06,N3,0.001,200,True,55.05979919433594,52.488216400146484,0.25860393047332764,0.1582491546869278,0.26599326729774475,0.4579124450683594
CP,trial_243,2285,0.0003,1024,64,0.0,0.0,F2,0.001,200,True,1761.3089599609375,1529.2322998046875,0.010967953130602837,0.0,0.0,0.0
CP,trial_244,2286,0.0003,256,32,0.0,0.0,N3,0.001,200,True,110.53488159179688,94.01010131835938,0.281914085149765,0.19191919267177582,0.2929292917251587,0.48821547627449036
CP,trial_245,2287,0.003,1024,128,6.0,0.0,F2,0.001,200,False,2884.614501953125,2989.407470703125,0.0010045724920928478,0.0,0.0,0.0
CP,trial_246,2288,0.001,1024,128,12.0,1e-05,N3,0.001,200,False,609.0232543945312,567.4780883789062,0.0041808877140283585,0.0,0.0,0.0
CP,trial_247,2289,0.0003,1024,64,6.0,0.0,N3,0.005,200,True,84.43189239501953,73.7340087890625,0.2635667026042938,0.17171716690063477,0.2861952781677246,0.4343434274196625
CP,trial_248,2290,0.001,512,128,0.0,1e-06,N3,0.005,200,False,493.7840576171875,460.8047180175781,0.005134198814630508,0.0,0.0,0.0
CP,trial_249,2291,0.003,256,32,6.0,1e-06,F2,0.001,200,True,100.68438720703125,102.11784362792969,0.23343200981616974,0.12794612348079681,0.2626262605190277,0.43097642064094543
CP,trial_250,2292,0.0003,256,64,0.0,0.0,N3,0.001,200,True,91.58804321289062,87.4208755493164,0.27898621559143066,0.17171716690063477,0.29629629850387573,0.5218855142593384
CP,trial_251,2293,0.0003,256,64,6.0,1e-05,F2,0.005,200,False,58.8139533996582,50.0,0.17849555611610413,0.05723905563354492,0.1986531913280487,0.4444444477558136
CP,trial_252,2294,0.003,1024,32,0.0,1e-05,F2,0.005,200,True,88.10631561279297,69.90908813476562,0.27100980281829834,0.17171716690063477,0.28956228494644165,0.5050504803657532
CP,trial_253,2295,0.0003,1024,32,6.0,1e-05,F2,0.001,200,False,394.51495361328125,391.0572509765625,0.0067029534839093685,0.0,0.0,0.0
CP,trial_254,2296,0.001,256,32,12.0,0.0,N3,0.005,200,False,778.5016479492188,636.2559204101562,0.0031783650629222393,0.0,0.0,0.0
CP,trial_255,2297,0.001,1024,128,12.0,1e-05,F2,0.001,200,False,675.18603515625,623.06396484375,0.003421843284741044,0.0,0.0,0.0
MurE,trial_000,3042,0.001,2048,64,12.0,0.0,F2,0.001,200,False,65.9103012084961,60.134681701660156,0.28239113092422485,0.17845118045806885,0.30639731884002686,0.5117844939231873
MurE,trial_001,3043,0.003,1024,128,12.0,0.0,N3,0.001,200,True,31.186046600341797,26.33333396911621,0.27200478315353394,0.16161616146564484,0.28282827138900757,0.5218855142593384
MurE,trial_002,3044,0.001,1024,64,6.0,1e-06,F2,0.001,200,True,29.05980110168457,35.97979736328125,0.29408296942710876,0.18855218589305878,0.30639731884002686,0.5387205481529236
MurE,trial_003,3045,0.001,1024,32,0.0,1e-05,N3,0.001,200,True,32.249168395996094,27.047138214111328,0.28297165036201477,0.1750841736793518,0.2760942876338959,0.5420875549316406
MurE,trial_004,3046,0.003,256,32,6.0,1e-06,F2,0.005,200,True,142.22923278808594,157.7373809814453,0.2890172302722931,0.17845118045806885,0.3164983093738556,0.5151515007019043
MurE,trial_005,3047,0.003,1024,64,0.0,1e-06,F2,0.001,200,True,32.13288879394531,26.760942459106445,0.2840370535850525,0.17171716690063477,0.28956228494644165,0.558922529220581
MurE,trial_006,3048,0.003,512,64,0.0,1e-05,F2,0.005,200,False,32.372093200683594,27.383838653564453,0.2590479552745819,0.1346801370382309,0.29629629850387573,0.5218855142593384
MurE,trial_007,3049,0.0003,256,64,6.0,0.0,F2,0.005,200,True,1213.9434814453125,867.5454711914062,0.24807390570640564,0.17845118045806885,0.2861952781677246,0.3670033812522888
MurE,trial_008,3050,0.0003,1024,64,6.0,1e-06,N3,0.005,200,False,2433.83056640625,2545.2861328125,0.0012084250338375568,0.0,0.0,0.0
MurE,trial_009,3051,0.003,1024,32,12.0,1e-06,N3,0.005,200,False,167.14617919921875,204.03030395507812,0.2881709039211273,0.17845118045806885,0.30639731884002686,0.5151515007019043
MurE,trial_010,3052,0.003,1024,64,12.0,1e-05,N3,0.001,200,False,252.24252319335938,210.5858612060547,0.2881379723548889,0.17845118045806885,0.3097642958164215,0.5286195278167725
MurE,trial_011,3053,0.001,512,32,6.0,0.0,N3,0.001,200,False,31.312292098999023,26.417509078979492,0.24339595437049866,0.12794612348079681,0.2525252401828766,0.5084174871444702
MurE,trial_012,3054,0.003,1024,64,0.0,1e-06,F2,0.001,200,False,32.27906799316406,26.905723571777344,0.27574482560157776,0.15488214790821075,0.3097642958164215,0.5286195278167725
MurE,trial_013,3055,0.0003,256,128,0.0,1e-06,N3,0.001,200,True,503.82391357421875,479.3939514160156,0.28418079018592834,0.17845118045806885,0.30639731884002686,0.5016834735870361
MurE,trial_014,3056,0.001,256,128,12.0,1e-06,N3,0.001,200,False,781.6312255859375,649.0100708007812,0.2790866792201996,0.17845118045806885,0.3097642958164215,0.5151515007019043
MurE,trial_015,3057,0.001,512,32,12.0,1e-05,F2,0.005,200,False,32.66777420043945,27.175085067749023,0.2348274439573288,0.12121212482452393,0.22558923065662384,0.5252525210380554
MurE,trial_016,3058,0.001,512,128,6.0,1e-06,F2,0.001,200,False,33.342193603515625,41.11111068725586,0.29750192165374756,0.18855218589305878,0.32996633648872375,0.5420875549316406
MurE,trial_017,3059,0.001,512,64,0.0,1e-05,F2,0.005,200,True,32.56810760498047,31.956228256225586,0.28657782077789307,0.16161616146564484,0.3164983093738556,0.5454545617103577
MurE,trial_018,3060,0.003,1024,128,0.0,0.0,N3,0.001,200,True,35.97674560546875,50.93939208984375,0.2819901406764984,0.17171716690063477,0.30639731884002686,0.5185185074806213
MurE,trial_019,3061,0.003,1024,64,6.0,1e-06,N3,0.001,200,False,32.777408599853516,27.47138023376465,0.24239704012870789,0.12121212482452393,0.2457912415266037,0.5420875549316406
MurE,trial_020,3062,0.003,512,128,0.0,1e-06,N3,0.005,200,True,32.52491760253906,36.53535461425781,0.29607120156288147,0.1818181872367859,0.3232323229312897,0.5353535413742065
MurE,trial_021,3063,0.003,1024,64,12.0,1e-05,N3,0.001,200,False,32.42525100708008,27.42424201965332,0.26897576451301575,0.1515151560306549,0.3030303120613098,0.5387205481529236
MurE,trial_022,3064,0.001,512,32,6.0,1e-06,N3,0.001,200,False,153.85382080078125,143.2794647216797,0.2899256646633148,0.17845118045806885,0.30639731884002686,0.5286195278167725
MurE,trial_023,3065,0.003,256,64,12.0,0.0,N3,0.001,200,False,34.810630798339844,27.057239532470703,0.2629486620426178,0.15488214790821075,0.2794612646102905,0.4781144857406616
MurE,trial_024,3066,0.003,1024,64,6.0,1e-05,F2,0.001,200,False,33.08638000488281,39.28282928466797,0.28003937005996704,0.16835017502307892,0.2996633052825928,0.4983164966106415
MurE,trial_025,3067,0.001,1024,32,12.0,1e-05,F2,0.005,200,True,180.31561279296875,201.32659912109375,0.28073030710220337,0.1582491546869278,0.3265993297100067,0.5286195278167725
MurE,trial_026,3068,0.0003,256,128,6.0,0.0,F2,0.005,200,True,28.634552001953125,26.680133819580078,0.2981424331665039,0.18855218589305878,0.3232323229312897,0.5387205481529236
MurE,trial_027,3069,0.0003,256,32,6.0,0.0,N3,0.005,200,True,262.1262512207031,240.9629669189453,0.288665771484375,0.17845118045806885,0.30639731884002686,0.5286195278167725
MurE,trial_028,3070,0.003,1024,32,0.0,0.0,N3,0.001,200,False,32.392024993896484,26.996633529663086,0.25400927662849426,0.12457912415266037,0.2794612646102905,0.5488215684890747
MurE,trial_029,3071,0.003,1024,32,12.0,1e-05,N3,0.001,200,False,32.368770599365234,26.037036895751953,0.2797536253929138,0.17171716690063477,0.28956228494644165,0.49494948983192444
MurE,trial_030,3072,0.0003,1024,128,0.0,1e-05,F2,0.005,200,True,29.784053802490234,24.80471420288086,0.311526894569397,0.21212121844291687,0.3265993297100067,0.5218855142593384
MurE,trial_031,3073,0.003,1024,128,0.0,1e-06,F2,0.001,200,False,31.328903198242188,25.794612884521484,0.2771034836769104,0.16498316824436188,0.29629629850387573,0.5420875549316406
MurE,trial_032,3074,0.0003,512,128,0.0,1e-06,F2,0.005,200,False,30.667774200439453,25.501684188842773,0.28074803948402405,0.16161616146564484,0.30639731884002686,0.5286195278167725
MurE,trial_033,3075,0.001,1024,64,0.0,0.0,N3,0.005,200,True,32.651161193847656,27.22895622253418,0.27218395471572876,0.1582491546869278,0.2794612646102905,0.5824915766716003
MurE,trial_034,3076,0.001,256,64,12.0,0.0,F2,0.005,200,False,43.64784240722656,64.18855285644531,0.28823885321617126,0.18518517911434174,0.3097642958164215,0.5016834735870361
MurE,trial_035,3077,0.003,1024,32,12.0,1e-06,F2,0.001,200,True,206.56478881835938,202.0269317626953,0.28212103247642517,0.17845118045806885,0.28956228494644165,0.5218855142593384
MurE,trial_036,3078,0.003,512,32,12.0,1e-05,N3,0.001,200,True,32.631229400634766,27.43097686767578,0.25690582394599915,0.14141413569450378,0.2693602740764618,0.5151515007019043
MurE,trial_037,3079,0.001,1024,128,6.0,1e-06,N3,0.001,200,False,354.51495361328125,337.6228942871094,0.2876526415348053,0.17845118045806885,0.30639731884002686,0.5151515007019043
MurE,trial_038,3080,0.001,1024,128,12.0,1e-05,F2,0.001,200,False,48.3554801940918,103.9595947265625,0.25969940423965454,0.16161616146564484,0.27272728085517883,0.44781145453453064
MurE,trial_039,3081,0.003,512,32,12.0,1e-06,N3,0.001,200,True,32.797340393066406,28.599327087402344,0.25160643458366394,0.13804714381694794,0.2626262605190277,0.5050504803657532
MurE,trial_040,3082,0.003,512,32,0.0,1e-06,F2,0.001,200,False,33.30232620239258,27.794612884521484,0.23851023614406586,0.12794612348079681,0.2390572428703308,0.5050504803657532
MurE,trial_041,3083,0.0003,512,64,12.0,0.0,F2,0.005,200,True,33.508304595947266,31.232322692871094,0.2839139401912689,0.1818181872367859,0.3097642958164215,0.49494948983192444
MurE,trial_042,3084,0.003,1024,64,12.0,0.0,F2,0.005,200,False,31.41196060180664,25.43097686767578,0.2750048339366913,0.16161616146564484,0.29629629850387573,0.5151515007019043
MurE,trial_043,3085,0.003,512,128,0.0,0.0,F2,0.005,200,False,32.69435119628906,28.040403366088867,0.2940770983695984,0.17845118045806885,0.30639731884002686,0.5454545617103577
MurE,trial_044,3086,0.001,256,32,0.0,1e-05,F2,0.005,200,True,104.2126235961914,114.24578857421875,0.28531256318092346,0.16835017502307892,0.3265993297100067,0.5151515007019043
MurE,trial_045,3087,0.0003,1024,64,6.0,1e-05,N3,0.005,200,True,595.0963745117188,451.77105712890625,0.2808647155761719,0.17845118045806885,0.30639731884002686,0.5319865345954895
MurE,trial_046,3088,0.001,1024,32,6.0,1e-06,F2,0.001,200,False,31.475082397460938,27.356903076171875,0.2913055717945099,0.1818181872367859,0.3164983093738556,0.5353535413742065
MurE,trial_047,3089,0.003,1024,128,0.0,1e-06,F2,0.005,200,False,35.1063117980957,34.0168342590332,0.2841984033584595,0.16498316824436188,0.3164983093738556,0.5353535413742065
MurE,trial_048,3090,0.003,1024,32,12.0,1e-05,F2,0.001,200,False,32.5215950012207,28.114479064941406,0.2613857388496399,0.1582491546869278,0.24915824830532074,0.5319865345954895
MurE,trial_049,3091,0.003,1024,64,0.0,1e-06,N3,0.005,200,False,31.548171997070312,26.447811126708984,0.25655022263526917,0.15488214790821075,0.25925925374031067,0.47138047218322754
MurE,trial_050,3092,0.0003,512,64,6.0,0.0,N3,0.001,200,True,32.02657699584961,27.420875549316406,0.2796631455421448,0.16835017502307892,0.2929292917251587,0.5454545617103577
MurE,trial_051,3093,0.001,512,128,12.0,0.0,F2,0.001,200,True,746.2658081054688,478.3535461425781,0.2725484073162079,0.17845118045806885,0.27272728085517883,0.5185185074806213
MurE,trial_052,3094,0.001,256,128,0.0,1e-05,F2,0.001,200,False,232.48837280273438,228.28619384765625,0.2883961498737335,0.17845118045806885,0.30639731884002686,0.5286195278167725
MurE,trial_053,3095,0.001,1024,128,6.0,1e-05,F2,0.005,200,True,683.906982421875,523.888916015625,0.2730907201766968,0.17845118045806885,0.28282827138900757,0.5016834735870361
MurE,trial_054,3096,0.0003,256,128,0.0,1e-06,F2,0.005,200,True,30.21262550354004,25.683502197265625,0.2934292256832123,0.18518517911434174,0.3030303120613098,0.5454545617103577
MurE,trial_055,3097,0.003,256,32,0.0,1e-05,N3,0.005,200,False,33.13288879394531,28.66666603088379,0.21062743663787842,0.0875420868396759,0.1986531913280487,0.5488215684890747
MurE,trial_056,3098,0.0003,512,128,0.0,1e-05,F2,0.001,200,False,30.720930099487305,25.932659149169922,0.28926214575767517,0.1750841736793518,0.3164983093738556,0.5252525210380554
MurE,trial_057,3099,0.0003,1024,64,12.0,1e-06,N3,0.001,200,False,4359.43505859375,4577.18505859375,0.0003931773826479912,0.0,0.0,0.0
MurE,trial_058,3100,0.003,256,32,6.0,1e-06,N3,0.001,200,True,119.73089599609375,184.88888549804688,0.2877100110054016,0.17845118045806885,0.31986531615257263,0.5016834735870361
MurE,trial_059,3101,0.0003,512,64,12.0,1e-05,F2,0.005,200,True,36.53156280517578,44.15151596069336,0.2798430621623993,0.17845118045806885,0.29629629850387573,0.5016834735870361
MurE,trial_060,3102,0.0003,1024,128,0.0,0.0,N3,0.005,200,False,30.109634399414062,25.814815521240234,0.2758873701095581,0.16835017502307892,0.2760942876338959,0.5218855142593384
MurE,trial_061,3103,0.003,512,32,12.0,1e-05,N3,0.001,200,True,35.87042999267578,52.508419036865234,0.2727011740207672,0.18518517911434174,0.27272728085517883,0.4545454680919647
MurE,trial_062,3104,0.003,256,64,6.0,0.0,N3,0.005,200,True,175.9601287841797,164.42086791992188,0.29157716035842896,0.17845118045806885,0.31313130259513855,0.5387205481529236
MurE,trial_063,3105,0.003,512,64,12.0,0.0,N3,0.005,200,True,33.02657699584961,26.52861976623535,0.2544722855091095,0.12794612348079681,0.2626262605190277,0.5555555820465088
MurE,trial_064,3106,0.003,512,64,0.0,1e-05,F2,0.001,200,False,31.94684410095215,27.57575798034668,0.275981605052948,0.15488214790821075,0.31313130259513855,0.5252525210380554
MurE,trial_065,3107,0.0003,512,128,12.0,0.0,F2,0.005,200,False,2561.35888671875,2701.74072265625,0.001655511325225234,0.0,0.0,0.0
MurE,trial_066,3108,0.0003,512,32,6.0,0.0,F2,0.001,200,False,4850.10302734375,4877.58935546875,0.0002875144127756357,0.0,0.0,0.0
MurE,trial_067,3109,0.003,1024,32,6.0,1e-05,F2,0.005,200,False,31.744186401367188,26.905723571777344,0.26881781220436096,0.1750841736793518,0.24915824830532074,0.5084174871444702
MurE,trial_068,3110,0.003,256,128,0.0,0.0,N3,0.005,200,False,32.14285659790039,27.387205123901367,0.2430732548236847,0.1346801370382309,0.24242424964904785,0.5084174871444702
MurE,trial_069,3111,0.0003,512,32,6.0,1e-05,N3,0.001,200,True,28.621261596679688,29.397306442260742,0.3008066713809967,0.1818181872367859,0.31313130259513855,0.5488215684890747
MurE,trial_070,3112,0.001,512,128,0.0,0.0,N3,0.005,200,True,262.5182800292969,273.7676696777344,0.2802813649177551,0.16498316824436188,0.29629629850387573,0.5084174871444702
MurE,trial_071,3113,0.001,512,32,12.0,1e-05,F2,0.001,200,True,35.88039779663086,48.572391510009766,0.2845752239227295,0.17845118045806885,0.29629629850387573,0.5218855142593384
MurE,trial_072,3114,0.001,1024,64,12.0,1e-06,N3,0.005,200,False,256.3355407714844,249.16835021972656,0.2875458598136902,0.17845118045806885,0.3030303120613098,0.5218855142593384
MurE,trial_073,3115,0.001,512,32,12.0,1e-06,F2,0.001,200,False,127.57475280761719,152.5454559326172,0.28855645656585693,0.17845118045806885,0.3097642958164215,0.5218855142593384
MurE,trial_074,3116,0.0003,512,32,6.0,1e-06,F2,0.005,200,False,32.00332260131836,26.5488224029541,0.27254608273506165,0.1582491546869278,0.2996633052825928,0.4848484992980957
MurE,trial_075,3117,0.001,1024,128,12.0,1e-05,F2,0.005,200,False,30.82392120361328,25.56229019165039,0.29178357124328613,0.18855218589305878,0.2929292917251587,0.5286195278167725
MurE,trial_076,3118,0.003,256,128,12.0,1e-06,N3,0.005,200,True,38.249168395996094,72.99663543701172,0.2747780382633209,0.17845118045806885,0.2693602740764618,0.5151515007019043
MurE,trial_077,3119,0.0003,256,32,12.0,1e-06,F2,0.001,200,True,32.15282440185547,30.02020263671875,0.2855360805988312,0.1750841736793518,0.29629629850387573,0.5521885752677917
MurE,trial_078,3120,0.001,1024,64,6.0,1e-05,N3,0.001,200,True,29.458471298217773,28.494949340820312,0.30297669768333435,0.18855218589305878,0.3097642958164215,0.5521885752677917
MurE,trial_079,3121,0.001,512,128,12.0,1e-05,N3,0.001,200,True,792.534912109375,553.16162109375,0.2678448259830475,0.1750841736793518,0.26599326729774475,0.5050504803657532
MurE,trial_080,3122,0.001,256,64,12.0,1e-05,F2,0.005,200,True,32.76411819458008,26.962963104248047,0.2820124924182892,0.16498316824436188,0.30639731884002686,0.5353535413742065
MurE,trial_081,3123,0.003,1024,32,12.0,1e-05,F2,0.001,200,True,32.14950180053711,27.22222137451172,0.2813628613948822,0.16498316824436188,0.3030303120613098,0.5454545617103577
MurE,trial_082,3124,0.0003,256,128,12.0,0.0,N3,0.005,200,True,2659.402099609375,2397.28955078125,0.11314592510461807,0.07407407462596893,0.16161616146564484,0.17845118045806885
MurE,trial_083,3125,0.001,256,64,12.0,1e-06,F2,0.001,200,False,580.398681640625,463.3535461425781,0.2874141335487366,0.17845118045806885,0.30639731884002686,0.5252525210380554
MurE,trial_084,3126,0.001,1024,32,0.0,1e-05,F2,0.005,200,False,31.71096420288086,26.76430892944336,0.26007434725761414,0.1515151560306549,0.2794612646102905,0.4781144857406616
MurE,trial_085,3127,0.001,1024,32,12.0,1e-05,N3,0.005,200,False,31.681062698364258,25.713804244995117,0.24342109262943268,0.13131313025951385,0.24915824830532074,0.48821547627449036
MurE,trial_086,3128,0.003,512,64,12.0,1e-06,F2,0.005,200,True,32.31561279296875,29.232322692871094,0.2891068458557129,0.17171716690063477,0.3097642958164215,0.5555555820465088
MurE,trial_087,3129,0.003,512,128,6.0,1e-06,N3,0.001,200,True,208.56146240234375,219.44444274902344,0.28517231345176697,0.17845118045806885,0.28956228494644165,0.5218855142593384
MurE,trial_088,3130,0.001,1024,64,6.0,1e-06,F2,0.001,200,False,32.14285659790039,28.441078186035156,0.2895652651786804,0.18518517911434174,0.29629629850387573,0.5252525210380554
MurE,trial_089,3131,0.003,1024,32,0.0,1e-06,N3,0.001,200,True,32.38538360595703,27.043771743774414,0.27555447816848755,0.16835017502307892,0.2693602740764618,0.5622895359992981
MurE,trial_090,3132,0.003,512,64,12.0,1e-06,F2,0.001,200,False,31.20598030090332,26.86868667602539,0.27089744806289673,0.1582491546869278,0.28282827138900757,0.5218855142593384
MurE,trial_091,3133,0.001,512,128,12.0,0.0,N3,0.005,200,False,51.415283203125,61.15824890136719,0.2814050316810608,0.19528619945049286,0.28956228494644165,0.4511784613132477
MurE,trial_092,3134,0.003,512,32,6.0,1e-06,F2,0.001,200,False,31.91362190246582,26.632997512817383,0.24372878670692444,0.13131313025951385,0.24915824830532074,0.5353535413742065
MurE,trial_093,3135,0.001,256,64,6.0,1e-06,N3,0.005,200,True,32.395347595214844,27.33333396911621,0.28571197390556335,0.1750841736793518,0.3030303120613098,0.5252525210380554
MurE,trial_094,3136,0.001,256,128,6.0,1e-05,F2,0.005,200,True,195.2923583984375,208.86195373535156,0.2819124460220337,0.17845118045806885,0.29629629850387573,0.5016834735870361
MurE,trial_095,3137,0.001,512,32,12.0,0.0,N3,0.005,200,False,42.64784240722656,97.52525329589844,0.3003876805305481,0.1986531913280487,0.31986531615257263,0.5117844939231873
MurE,trial_096,3138,0.001,1024,32,0.0,1e-05,N3,0.005,200,False,149.6976776123047,179.79461669921875,0.2906703054904938,0.17845118045806885,0.31313130259513855,0.5218855142593384
MurE,trial_097,3139,0.003,256,128,0.0,0.0,F2,0.001,200,True,32.219268798828125,26.898990631103516,0.2833308279514313,0.17171716690063477,0.3030303120613098,0.4915824830532074
MurE,trial_098,3140,0.001,1024,64,6.0,1e-05,N3,0.005,200,False,30.1993350982666,25.6531982421875,0.2632565498352051,0.16498316824436188,0.26599326729774475,0.4680134654045105
MurE,trial_099,3141,0.001,1024,128,6.0,1e-05,F2,0.005,200,True,30.684385299682617,26.8552188873291,0.28751543164253235,0.1818181872367859,0.3030303120613098,0.5016834735870361
MurE,trial_100,3142,0.003,256,32,12.0,1e-06,N3,0.005,200,True,35.3986701965332,31.286195755004883,0.259454607963562,0.16835017502307892,0.2693602740764618,0.44107744097709656
MurE,trial_101,3143,0.003,256,128,0.0,1e-06,F2,0.001,200,True,30.196012496948242,26.518518447875977,0.2756304144859314,0.1750841736793518,0.27272728085517883,0.5050504803657532
MurE,trial_102,3144,0.0003,512,128,0.0,0.0,N3,0.001,200,True,29.85049819946289,25.501684188842773,0.29876449704170227,0.18855218589305878,0.30639731884002686,0.5488215684890747
MurE,trial_103,3145,0.0003,1024,64,6.0,1e-05,N3,0.001,200,False,30.046510696411133,25.831649780273438,0.2571544051170349,0.14478114247322083,0.2525252401828766,0.5286195278167725
MurE,trial_104,3146,0.001,1024,32,12.0,1e-05,F2,0.005,200,False,32.13621139526367,26.1447811126709,0.26051244139671326,0.1515151560306549,0.2693602740764618,0.5084174871444702
MurE,trial_105,3147,0.0003,1024,32,6.0,1e-05,F2,0.005,200,False,31.85714340209961,26.461278915405273,0.269206702709198,0.16498316824436188,0.26599326729774475,0.5252525210380554
MurE,trial_106,3148,0.003,256,32,0.0,1e-05,F2,0.005,200,False,33.94020080566406,29.0,0.2559865117073059,0.1515151560306549,0.2794612646102905,0.44781145453453064
MurE,trial_107,3149,0.003,256,32,6.0,1e-05,N3,0.001,200,True,36.68438720703125,28.959596633911133,0.266241192817688,0.16161616146564484,0.28956228494644165,0.4747474789619446
MurE,trial_108,3150,0.0003,256,32,12.0,1e-06,F2,0.005,200,False,31.830564498901367,25.99326515197754,0.2703375816345215,0.16835017502307892,0.2693602740764618,0.5050504803657532
MurE,trial_109,3151,0.001,1024,64,0.0,0.0,F2,0.001,200,True,241.29568481445312,265.2020263671875,0.2735949456691742,0.1582491546869278,0.2996633052825928,0.5050504803657532
MurE,trial_110,3152,0.0003,512,32,12.0,0.0,N3,0.005,200,False,3456.8603515625,3878.00341796875,0.000996809802018106,0.0,0.0,0.0
MurE,trial_111,3153,0.001,1024,32,6.0,1e-05,N3,0.001,200,True,32.372093200683594,29.400672912597656,0.27947837114334106,0.16835017502307892,0.2996633052825928,0.5454545617103577
MurE,trial_112,3154,0.0003,256,64,0.0,1e-05,F2,0.001,200,False,31.099668502807617,25.255891799926758,0.28153741359710693,0.16161616146564484,0.3164983093738556,0.5353535413742065
MurE,trial_113,3155,0.0003,256,128,0.0,0.0,N3,0.005,200,False,31.23587989807129,25.8383846282959,0.30037569999694824,0.18855218589305878,0.3265993297100067,0.5185185074806213
MurE,trial_114,3156,0.003,256,128,0.0,0.0,F2,0.001,200,True,32.222591400146484,28.801347732543945,0.2924634516239166,0.17171716690063477,0.3232323229312897,0.5319865345954895
MurE,trial_115,3157,0.001,512,128,12.0,0.0,F2,0.005,200,True,272.8804016113281,270.61279296875,0.28046315908432007,0.17845118045806885,0.2794612646102905,0.5218855142593384
MurE,trial_116,3158,0.003,512,32,6.0,0.0,N3,0.001,200,True,33.56810760498047,27.962963104248047,0.24457965791225433,0.12121212482452393,0.26599326729774475,0.4915824830532074
MurE,trial_117,3159,0.003,512,32,6.0,1e-06,F2,0.005,200,True,145.81063842773438,171.89898681640625,0.28879594802856445,0.17845118045806885,0.31313130259513855,0.5117844939231873
MurE,trial_118,3160,0.001,256,64,12.0,1e-05,F2,0.005,200,False,48.47175979614258,66.04713439941406,0.2843315899372101,0.1818181872367859,0.3030303120613098,0.4747474789619446
MurE,trial_119,3161,0.0003,512,128,0.0,1e-06,N3,0.005,200,False,31.252490997314453,26.279460906982422,0.28530335426330566,0.1750841736793518,0.2929292917251587,0.5454545617103577
MurE,trial_120,3162,0.003,512,64,12.0,1e-05,F2,0.005,200,False,211.5448455810547,215.18182373046875,0.2869579792022705,0.17845118045806885,0.2996633052825928,0.5117844939231873
MurE,trial_121,3163,0.003,512,128,12.0,0.0,F2,0.001,200,True,32.47175979614258,32.232322692871094,0.292808473110199,0.1818181872367859,0.3164983093738556,0.5286195278167725
MurE,trial_122,3164,0.0003,512,32,6.0,1e-05,N3,0.005,200,True,29.71096420288086,24.727272033691406,0.29267627000808716,0.1750841736793518,0.31986531615257263,0.5488215684890747
MurE,trial_123,3165,0.001,256,32,0.0,0.0,F2,0.001,200,True,32.32890319824219,32.727272033691406,0.2848148047924042,0.17171716690063477,0.28956228494644165,0.558922529220581
MurE,trial_124,3166,0.001,1024,128,0.0,1e-06,N3,0.005,200,True,30.803987503051758,26.272727966308594,0.2896507680416107,0.18518517911434174,0.2929292917251587,0.5084174871444702
MurE,trial_125,3167,0.001,256,128,0.0,0.0,N3,0.005,200,False,30.455148696899414,25.670034408569336,0.2856633961200714,0.17845118045806885,0.29629629850387573,0.5252525210380554
MurE,trial_126,3168,0.001,512,32,0.0,0.0,N3,0.001,200,False,145.90032958984375,151.14141845703125,0.29153579473495483,0.17845118045806885,0.30639731884002686,0.5252525210380554
MurE,trial_127,3169,0.003,256,128,0.0,1e-05,F2,0.001,200,True,30.697673797607422,25.505050659179688,0.28087276220321655,0.1818181872367859,0.2861952781677246,0.5151515007019043
MurE,trial_128,3170,0.003,1024,64,6.0,0.0,N3,0.001,200,False,30.34551429748535,25.754209518432617,0.256113737821579,0.14814814925193787,0.2525252401828766,0.4915824830532074
MurE,trial_129,3171,0.001,512,128,0.0,1e-05,N3,0.001,200,True,248.1229248046875,252.6666717529297,0.28654909133911133,0.17845118045806885,0.3030303120613098,0.5084174871444702
MurE,trial_130,3172,0.003,512,64,6.0,1e-06,N3,0.001,200,True,167.9169464111328,199.3602752685547,0.29026058316230774,0.17845118045806885,0.31986531615257263,0.5117844939231873
MurE,trial_131,3173,0.0003,512,128,12.0,1e-05,N3,0.001,200,True,630.11962890625,511.75421142578125,0.2818773686885834,0.17845118045806885,0.29629629850387573,0.5084174871444702
MurE,trial_132,3174,0.001,512,32,0.0,1e-05,N3,0.005,200,True,32.03654479980469,28.1616153717041,0.2780918478965759,0.17171716690063477,0.2794612646102905,0.5286195278167725
MurE,trial_133,3175,0.0003,256,128,6.0,0.0,F2,0.005,200,False,29.903654098510742,24.949495315551758,0.28477394580841064,0.1750841736793518,0.28956228494644165,0.5319865345954895
MurE,trial_134,3176,0.0003,256,128,0.0,0.0,F2,0.001,200,False,30.56146240234375,25.744108200073242,0.2729800045490265,0.16835017502307892,0.2760942876338959,0.5387205481529236
MurE,trial_135,3177,0.0003,1024,64,12.0,1e-05,N3,0.001,200,True,4836.06298828125,5144.95263671875,0.0005970014026388526,0.0,0.0,0.0
MurE,trial_136,3178,0.003,1024,64,12.0,0.0,F2,0.001,200,False,29.016611099243164,27.538721084594727,0.26489564776420593,0.16161616146564484,0.26599326729774475,0.5084174871444702
MurE,trial_137,3179,0.001,512,128,0.0,0.0,F2,0.001,200,True,30.754152297973633,25.96632957458496,0.28004634380340576,0.16498316824436188,0.3097642958164215,0.5353535413742065
MurE,trial_138,3180,0.001,1024,32,0.0,1e-06,F2,0.001,200,False,167.7142791748047,182.35353088378906,0.2890259623527527,0.17845118045806885,0.30639731884002686,0.5286195278167725
MurE,trial_139,3181,0.003,512,32,12.0,0.0,F2,0.005,200,True,31.950166702270508,27.03367042541504,0.28361746668815613,0.16835017502307892,0.28956228494644165,0.5387205481529236
MurE,trial_140,3182,0.001,256,64,6.0,1e-05,F2,0.005,200,False,33.395347595214844,29.10437774658203,0.30168411135673523,0.17845118045806885,0.3400673270225525,0.5387205481529236
MurE,trial_141,3183,0.001,512,32,0.0,1e-05,F2,0.001,200,False,129.25914001464844,140.4915771484375,0.2925119996070862,0.17845118045806885,0.31313130259513855,0.5151515007019043
MurE,trial_142,3184,0.0003,256,64,0.0,0.0,F2,0.001,200,False,501.923583984375,450.242431640625,0.2850290536880493,0.17845118045806885,0.28956228494644165,0.5050504803657532
MurE,trial_143,3185,0.001,256,32,6.0,1e-05,N3,0.001,200,True,113.98670959472656,123.10774230957031,0.30160030722618103,0.1986531913280487,0.3030303120613098,0.5218855142593384
MurE,trial_144,3186,0.001,1024,32,6.0,1e-05,F2,0.005,200,False,31.598007202148438,26.080808639526367,0.263049453496933,0.1582491546869278,0.2794612646102905,0.5016834735870361
MurE,trial_145,3187,0.003,256,128,0.0,0.0,N3,0.005,200,True,31.667774200439453,29.87542152404785,0.2996721863746643,0.19528619945049286,0.3097642958164215,0.5319865345954895
MurE,trial_146,3188,0.001,512,128,12.0,1e-05,N3,0.001,200,False,276.2923583984375,253.47474670410156,0.28642821311950684,0.17845118045806885,0.30639731884002686,0.5151515007019043
MurE,trial_147,3189,0.003,1024,64,0.0,0.0,N3,0.001,200,False,30.674419403076172,25.8552188873291,0.279757022857666,0.17171716690063477,0.28956228494644165,0.4983164966106415
MurE,trial_148,3190,0.001,1024,32,6.0,1e-05,N3,0.001,200,False,31.88372039794922,25.501684188842773,0.2696036398410797,0.1582491546869278,0.2929292917251587,0.4983164966106415
MurE,trial_149,3191,0.003,512,128,12.0,1e-06,F2,0.005,200,False,32.046512603759766,27.474746704101562,0.27036964893341064,0.14814814925193787,0.30639731884002686,0.5488215684890747
MurE,trial_150,3192,0.003,1024,64,6.0,1e-06,F2,0.001,200,False,33.56146240234375,29.68686866760254,0.2768399119377136,0.1750841736793518,0.28282827138900757,0.5185185074806213
MurE,trial_151,3193,0.0003,512,32,0.0,1e-05,F2,0.005,200,True,32.59136199951172,27.865320205688477,0.2938477098941803,0.18518517911434174,0.30639731884002686,0.5656565427780151
MurE,trial_152,3194,0.001,1024,64,12.0,1e-06,F2,0.001,200,True,36.58139419555664,42.68687057495117,0.2815902531147003,0.17845118045806885,0.28956228494644165,0.5252525210380554
MurE,trial_153,3195,0.003,512,128,12.0,1e-06,N3,0.005,200,False,46.6910285949707,79.79460906982422,0.2694138288497925,0.17845118045806885,0.2693602740764618,0.4781144857406616
MurE,trial_154,3196,0.001,512,32,6.0,0.0,N3,0.001,200,False,343.8936767578125,288.34344482421875,0.28736168146133423,0.17845118045806885,0.30639731884002686,0.5185185074806213
MurE,trial_155,3197,0.003,512,64,6.0,1e-06,N3,0.005,200,False,33.362125396728516,36.511783599853516,0.30039727687835693,0.20202019810676575,0.3164983093738556,0.5016834735870361
MurE,trial_156,3198,0.003,1024,32,0.0,1e-05,F2,0.001,200,False,31.485050201416016,27.138046264648438,0.2534353733062744,0.1515151560306549,0.2626262605190277,0.49494948983192444
MurE,trial_157,3199,0.001,1024,128,0.0,0.0,F2,0.005,200,True,30.84717559814453,25.269359588623047,0.29661861062049866,0.18518517911434174,0.3232323229312897,0.5218855142593384
MurE,trial_158,3200,0.003,512,64,12.0,1e-05,F2,0.005,200,False,32.488372802734375,26.760942459106445,0.24326784908771515,0.14141413569450378,0.24242424964904785,0.46464645862579346
MurE,trial_159,3201,0.003,256,128,0.0,1e-06,N3,0.005,200,False,31.0930233001709,27.909090042114258,0.29611068964004517,0.2053872048854828,0.28282827138900757,0.48821547627449036
MurE,trial_160,3202,0.0003,256,32,0.0,1e-06,F2,0.001,200,True,277.0963439941406,273.0134582519531,0.28562891483306885,0.17845118045806885,0.30639731884002686,0.5117844939231873
MurE,trial_161,3203,0.0003,1024,64,6.0,1e-06,N3,0.001,200,True,732.1993408203125,638.1212158203125,0.2832764983177185,0.17845118045806885,0.29629629850387573,0.5252525210380554
MurE,trial_162,3204,0.0003,512,32,12.0,1e-05,F2,0.005,200,False,4789.6015625,5182.1884765625,0.000393323804019019,0.0,0.0,0.0
MurE,trial_163,3205,0.0003,512,32,6.0,1e-06,F2,0.001,200,True,28.302326202392578,30.511783599853516,0.29980340600013733,0.19528619945049286,0.31313130259513855,0.5454545617103577
MurE,trial_164,3206,0.001,512,64,0.0,1e-06,N3,0.001,200,True,32.657806396484375,26.595958709716797,0.2785814106464386,0.16835017502307892,0.2760942876338959,0.5387205481529236
MurE,trial_165,3207,0.001,512,128,12.0,1e-05,F2,0.005,200,False,29.14950180053711,25.488216400146484,0.28290852904319763,0.17845118045806885,0.2929292917251587,0.5084174871444702
MurE,trial_166,3208,0.001,512,128,12.0,1e-06,F2,0.005,200,False,30.598007202148438,25.269359588623047,0.2647901475429535,0.16835017502307892,0.25925925374031067,0.5218855142593384
MurE,trial_167,3209,0.001,512,64,6.0,0.0,F2,0.001,200,True,465.0963439941406,392.28955078125,0.28686273097991943,0.17845118045806885,0.3097642958164215,0.5185185074806213
MurE,trial_168,3210,0.003,512,64,12.0,1e-05,N3,0.001,200,True,32.32890319824219,29.89562225341797,0.274065226316452,0.17171716690063477,0.2929292917251587,0.48148149251937866
MurE,trial_169,3211,0.003,512,128,12.0,0.0,N3,0.005,200,True,226.63787841796875,292.2659912109375,0.2830921709537506,0.17845118045806885,0.2929292917251587,0.5084174871444702
MurE,trial_170,3212,0.003,512,32,6.0,1e-06,N3,0.001,200,True,171.53155517578125,188.78451538085938,0.28854408860206604,0.17845118045806885,0.30639731884002686,0.5218855142593384
MurE,trial_171,3213,0.0003,1024,32,6.0,1e-06,F2,0.005,200,False,3399.411865234375,3153.78125,0.00100334279704839,0.0,0.0,0.0
MurE,trial_172,3214,0.001,256,64,0.0,0.0,N3,0.005,200,True,32.508304595947266,27.259260177612305,0.2736167907714844,0.16498316824436188,0.27272728085517883,0.5353535413742065
MurE,trial_173,3215,0.0003,1024,128,0.0,1e-05,F2,0.001,200,False,2831.637939453125,2833.885498046875,0.0010085776448249817,0.0,0.0,0.0
MurE,trial_174,3216,0.0003,512,128,0.0,1e-06,N3,0.001,200,False,29.817276000976562,25.474746704101562,0.2867606282234192,0.1750841736793518,0.3164983093738556,0.5185185074806213
MurE,trial_175,3217,0.001,512,128,6.0,1e-05,N3,0.005,200,True,282.3853759765625,242.02357482910156,0.2850888967514038,0.17845118045806885,0.29629629850387573,0.5218855142593384
MurE,trial_176,3218,0.001,512,128,12.0,1e-05,N3,0.001,200,False,30.607973098754883,26.141414642333984,0.25984758138656616,0.16498316824436188,0.2390572428703308,0.4983164966106415
MurE,trial_177,3219,0.003,1024,32,12.0,1e-06,N3,0.005,200,True,32.55149459838867,27.067340850830078,0.27713721990585327,0.16161616146564484,0.2760942876338959,0.5690235495567322
MurE,trial_178,3220,0.0003,1024,128,0.0,1e-06,F2,0.005,200,True,816.1561279296875,734.404052734375,0.2730851471424103,0.17845118045806885,0.2929292917251587,0.4747474789619446
MurE,trial_179,3221,0.001,256,32,12.0,1e-06,N3,0.005,200,True,276.6910400390625,235.11447143554688,0.2828215956687927,0.17845118045806885,0.2794612646102905,0.5420875549316406
MurE,trial_180,3222,0.001,512,64,6.0,0.0,F2,0.001,200,True,29.08637809753418,25.03367042541504,0.30280545353889465,0.19191919267177582,0.3232323229312897,0.5353535413742065
MurE,trial_181,3223,0.003,256,32,0.0,0.0,N3,0.001,200,True,31.950166702270508,27.343435287475586,0.28441405296325684,0.17171716690063477,0.31313130259513855,0.5387205481529236
MurE,trial_182,3224,0.003,1024,128,6.0,1e-05,F2,0.001,200,True,32.461795806884766,41.66666793823242,0.29047104716300964,0.17845118045806885,0.3097642958164215,0.5454545617103577
MurE,trial_183,3225,0.0003,512,128,0.0,1e-05,F2,0.001,200,True,30.65448570251465,26.29292869567871,0.29328620433807373,0.1818181872367859,0.3097642958164215,0.5218855142593384
MurE,trial_184,3226,0.0003,1024,64,12.0,1e-05,F2,0.001,200,True,32.31561279296875,27.33333396911621,0.2671848237514496,0.14814814925193787,0.26599326729774475,0.5454545617103577
MurE,trial_185,3227,0.003,256,32,0.0,0.0,N3,0.001,200,False,32.2923583984375,27.996633529663086,0.22908258438110352,0.10101009905338287,0.24242424964904785,0.5319865345954895
MurE,trial_186,3228,0.003,256,32,6.0,1e-05,N3,0.005,200,False,32.491695404052734,27.942760467529297,0.26618337631225586,0.14141413569450378,0.2929292917251587,0.5521885752677917
MurE,trial_187,3229,0.0003,512,128,0.0,0.0,F2,0.005,200,True,29.740863800048828,25.680133819580078,0.2922900319099426,0.1818181872367859,0.29629629850387573,0.5218855142593384
MurE,trial_188,3230,0.001,256,32,12.0,0.0,F2,0.001,200,False,40.687705993652344,46.538719177246094,0.3027394413948059,0.2053872048854828,0.2996633052825928,0.5252525210380554
MurE,trial_189,3231,0.001,512,64,6.0,1e-05,N3,0.005,200,False,177.14617919921875,181.1851806640625,0.2884524166584015,0.17845118045806885,0.3030303120613098,0.5218855142593384
MurE,trial_190,3232,0.0003,1024,32,6.0,0.0,F2,0.001,200,False,5263.88037109375,5440.6630859375,0.00028510583797469735,0.0,0.0,0.0
MurE,trial_191,3233,0.001,512,32,6.0,1e-06,F2,0.001,200,True,299.8870544433594,302.18853759765625,0.29084154963493347,0.17845118045806885,0.3265993297100067,0.5050504803657532
MurE,trial_192,3234,0.0003,512,32,6.0,0.0,N3,0.005,200,False,4912.2822265625,5313.82177734375,0.00028042521444149315,0.0,0.0,0.0
MurE,trial_193,3235,0.0003,512,32,12.0,0.0,N3,0.005,200,False,31.88372039794922,26.81818199157715,0.2448720932006836,0.1346801370382309,0.2525252401828766,0.48148149251937866
MurE,trial_194,3236,0.0003,512,32,6.0,0.0,F2,0.005,200,True,419.5647888183594,318.03704833984375,0.2876112461090088,0.17845118045806885,0.30639731884002686,0.5319865345954895
MurE,trial_195,3237,0.0003,256,64,6.0,0.0,F2,0.001,200,False,475.0299072265625,401.8047180175781,0.28681620955467224,0.17845118045806885,0.3030303120613098,0.5252525210380554
MurE,trial_196,3238,0.003,256,32,12.0,0.0,F2,0.005,200,True,35.50165939331055,32.67340087890625,0.2909317910671234,0.18518517911434174,0.3164983093738556,0.5117844939231873
MurE,trial_197,3239,0.003,512,64,12.0,1e-06,F2,0.001,200,False,58.950164794921875,77.8855209350586,0.2614235281944275,0.17845118045806885,0.25589224696159363,0.44781145453453064
MurE,trial_198,3240,0.0003,512,32,12.0,1e-06,N3,0.005,200,False,44.40863800048828,47.66666793823242,0.28855305910110474,0.1986531913280487,0.28956228494644165,0.49494948983192444
MurE,trial_199,3241,0.001,1024,32,0.0,0.0,N3,0.001,200,True,32.42525100708008,27.885520935058594,0.28708702325820923,0.16835017502307892,0.3097642958164215,0.5656565427780151
MurE,trial_200,3242,0.003,512,32,0.0,1e-05,F2,0.005,200,False,32.55813980102539,27.175085067749023,0.24690043926239014,0.13131313025951385,0.24915824830532074,0.5488215684890747
MurE,trial_201,3243,0.0003,1024,128,0.0,1e-06,F2,0.005,200,False,31.20265769958496,25.07744026184082,0.2747657895088196,0.16161616146564484,0.2861952781677246,0.5387205481529236
MurE,trial_202,3244,0.001,1024,32,0.0,1e-05,F2,0.005,200,True,32.491695404052734,28.158248901367188,0.2687826156616211,0.16161616146564484,0.25925925374031067,0.5454545617103577
MurE,trial_203,3245,0.0003,256,128,6.0,0.0,N3,0.001,200,True,1395.2657470703125,1324.13134765625,0.20166681706905365,0.17845118045806885,0.17845118045806885,0.25925925374031067
MurE,trial_204,3246,0.001,1024,32,6.0,1e-05,N3,0.001,200,True,432.3056335449219,358.81817626953125,0.2762240469455719,0.17845118045806885,0.2626262605190277,0.5218855142593384
MurE,trial_205,3247,0.001,256,128,0.0,0.0,N3,0.005,200,False,30.23920249938965,25.58922576904297,0.2832237482070923,0.17845118045806885,0.28282827138900757,0.5353535413742065
MurE,trial_206,3248,0.0003,256,32,6.0,0.0,F2,0.001,200,False,4483.63134765625,4812.2421875,0.00039165059570223093,0.0,0.0,0.0
MurE,trial_207,3249,0.003,256,128,0.0,1e-05,F2,0.001,200,False,33.67774200439453,29.370370864868164,0.2968331277370453,0.19191919267177582,0.3164983093738556,0.5218855142593384
MurE,trial_208,3250,0.0003,256,128,12.0,1e-05,N3,0.001,200,False,736.3056640625,533.6060791015625,0.2830738127231598,0.17845118045806885,0.30639731884002686,0.5084174871444702
MurE,trial_209,3251,0.001,256,32,6.0,0.0,F2,0.001,200,False,52.3554801940918,65.05723571777344,0.29084381461143494,0.17845118045806885,0.3164983093738556,0.5286195278167725
MurE,trial_210,3252,0.001,1024,64,12.0,0.0,F2,0.005,200,False,31.282392501831055,25.299663543701172,0.2689100205898285,0.16161616146564484,0.27272728085517883,0.5084174871444702
MurE,trial_211,3253,0.003,256,64,6.0,1e-05,N3,0.005,200,False,34.73421859741211,30.612794876098633,0.24428842961788177,0.13804714381694794,0.2390572428703308,0.48821547627449036
MurE,trial_212,3254,0.0003,512,128,12.0,0.0,N3,0.001,200,False,758.5282592773438,660.1481323242188,0.27690476179122925,0.17845118045806885,0.30639731884002686,0.4781144857406616
MurE,trial_213,3255,0.001,256,32,0.0,1e-05,F2,0.001,200,True,100.59136199951172,115.79124450683594,0.30246320366859436,0.19191919267177582,0.3333333432674408,0.5218855142593384
MurE,trial_214,3256,0.0003,256,128,0.0,1e-05,N3,0.005,200,True,576.5481567382812,455.9427490234375,0.2867721915245056,0.17845118045806885,0.3164983093738556,0.5252525210380554
MurE,trial_215,3257,0.0003,256,32,12.0,1e-06,F2,0.001,200,False,356.0132751464844,293.1313171386719,0.28730136156082153,0.17845118045806885,0.30639731884002686,0.5151515007019043
MurE,trial_216,3258,0.003,256,128,6.0,0.0,F2,0.001,200,True,32.372093200683594,28.606060028076172,0.2972572147846222,0.17171716690063477,0.3265993297100067,0.5488215684890747
MurE,trial_217,3259,0.003,512,128,12.0,0.0,F2,0.005,200,True,32.803985595703125,34.95623016357422,0.2846817374229431,0.17171716690063477,0.3097642958164215,0.5252525210380554
MurE,trial_218,3260,0.001,256,128,6.0,1e-06,N3,0.005,200,True,31.40863800048828,27.00673484802246,0.30059128999710083,0.20202019810676575,0.3030303120613098,0.5387205481529236
MurE,trial_219,3261,0.0003,256,128,6.0,0.0,F2,0.001,200,False,33.8139533996582,32.898990631103516,0.2998902201652527,0.19528619945049286,0.31986531615257263,0.5420875549316406
MurE,trial_220,3262,0.0003,1024,64,12.0,1e-06,N3,0.005,200,True,32.312294006347656,34.17171859741211,0.28319308161735535,0.17845118045806885,0.28282827138900757,0.5319865345954895
MurE,trial_221,3263,0.0003,512,128,12.0,1e-06,N3,0.005,200,False,2264.740966796875,2241.1884765625,0.005193874705582857,0.0,0.003367003286257386,0.010101010091602802
MurE,trial_222,3264,0.0003,1024,32,0.0,0.0,N3,0.005,200,True,32.046512603759766,27.272727966308594,0.2740340530872345,0.16835017502307892,0.26599326729774475,0.5454545617103577
MurE,trial_223,3265,0.0003,256,32,12.0,1e-06,F2,0.005,200,False,5876.73095703125,6270.02001953125,0.0006034825928509235,0.0,0.0,0.0
MurE,trial_224,3266,0.0003,1024,128,12.0,1e-06,F2,0.001,200,True,31.661128997802734,33.19865417480469,0.2894613742828369,0.17171716690063477,0.30639731884002686,0.558922529220581
MurE,trial_225,3267,0.003,512,32,6.0,1e-06,F2,0.001,200,True,33.58803939819336,27.336700439453125,0.2508276104927063,0.14478114247322083,0.2457912415266037,0.5488215684890747
MurE,trial_226,3268,0.0003,512,128,6.0,0.0,N3,0.005,200,False,2745.65771484375,3069.087646484375,0.0015459469286724925,0.0,0.0,0.0
MurE,trial_227,3269,0.0003,512,64,6.0,1e-05,N3,0.001,200,False,31.325580596923828,28.861953735351562,0.2938534915447235,0.19191919267177582,0.2996633052825928,0.5252525210380554
MurE,trial_228,3270,0.001,1024,64,12.0,0.0,F2,0.001,200,True,269.8770751953125,247.7205352783203,0.28100237250328064,0.17845118045806885,0.3030303120613098,0.5185185074806213
MurE,trial_229,3271,0.001,512,128,12.0,1e-05,N3,0.005,200,True,769.3455200195312,669.7844848632812,0.28372684121131897,0.17845118045806885,0.3265993297100067,0.5016834735870361
MurE,trial_230,3272,0.003,256,32,12.0,0.0,F2,0.001,200,False,33.906978607177734,28.89562225341797,0.22586172819137573,0.12794612348079681,0.23569023609161377,0.44107744097709656
MurE,trial_231,3273,0.0003,256,128,0.0,1e-05,F2,0.005,200,False,29.770763397216797,26.646465301513672,0.27085551619529724,0.16835017502307892,0.2794612646102905,0.4983164966106415
MurE,trial_232,3274,0.001,256,64,6.0,0.0,N3,0.001,200,True,330.0498352050781,277.1952819824219,0.28522220253944397,0.17845118045806885,0.2929292917251587,0.5151515007019043
MurE,trial_233,3275,0.0003,1024,128,12.0,0.0,N3,0.001,200,True,40.345516204833984,49.033668518066406,0.275674968957901,0.17845118045806885,0.25925925374031067,0.5252525210380554
MurE,trial_234,3276,0.0003,256,32,0.0,0.0,N3,0.001,200,False,31.611295700073242,25.47811508178711,0.273838609457016,0.1582491546869278,0.29629629850387573,0.5454545617103577
MurE,trial_235,3277,0.001,512,64,12.0,1e-05,N3,0.001,200,True,611.9368896484375,455.8316650390625,0.28463560342788696,0.17845118045806885,0.29629629850387573,0.5218855142593384
MurE,trial_236,3278,0.003,1024,128,6.0,1e-06,N3,0.005,200,True,31.524917602539062,26.75084114074707,0.2761417031288147,0.16835017502307892,0.28282827138900757,0.5151515007019043
MurE,trial_237,3279,0.003,256,64,6.0,1e-05,N3,0.001,200,True,32.42192840576172,26.932659149169922,0.28165486454963684,0.1750841736793518,0.28282827138900757,0.5420875549316406
MurE,trial_238,3280,0.003,256,32,6.0,1e-05,F2,0.001,200,False,92.30232238769531,80.68013763427734,0.28925344347953796,0.17845118045806885,0.3097642958164215,0.5151515007019043
MurE,trial_239,3281,0.0003,512,128,0.0,1e-05,F2,0.001,200,True,29.305646896362305,26.074073791503906,0.2815258800983429,0.16835017502307892,0.2996633052825928,0.5387205481529236
MurE,trial_240,3282,0.003,256,64,12.0,0.0,N3,0.005,200,False,31.162790298461914,26.057239532470703,0.26429620385169983,0.14814814925193787,0.26599326729774475,0.558922529220581
MurE,trial_241,3283,0.001,256,64,0.0,0.0,F2,0.001,200,False,30.747509002685547,26.612794876098633,0.24362331628799438,0.12457912415266037,0.28282827138900757,0.4848484992980957
MurE,trial_242,3284,0.003,256,128,6.0,0.0,F2,0.005,200,False,34.514949798583984,38.80134582519531,0.289606511592865,0.18855218589305878,0.29629629850387573,0.5218855142593384
MurE,trial_243,3285,0.0003,256,128,0.0,1e-06,F2,0.001,200,True,500.5979919433594,383.5555419921875,0.2856847643852234,0.17845118045806885,0.30639731884002686,0.5218855142593384
MurE,trial_244,3286,0.003,1024,64,0.0,0.0,F2,0.005,200,True,32.33222579956055,35.77104187011719,0.28967034816741943,0.1818181872367859,0.2929292917251587,0.5488215684890747
MurE,trial_245,3287,0.0003,512,128,0.0,1e-05,N3,0.001,200,False,724.7907104492188,591.3939208984375,0.2741962969303131,0.17845118045806885,0.27272728085517883,0.5151515007019043
MurE,trial_246,3288,0.001,256,64,0.0,1e-05,N3,0.005,200,False,31.315614700317383,26.279460906982422,0.2520008683204651,0.14478114247322083,0.2390572428703308,0.5218855142593384
MurE,trial_247,3289,0.003,512,64,6.0,1e-05,F2,0.005,200,True,32.25249099731445,28.158248901367188,0.2890269160270691,0.17171716690063477,0.31313130259513855,0.5521885752677917
MurE,trial_248,3290,0.001,512,32,12.0,1e-05,F2,0.005,200,True,34.395347595214844,39.97306442260742,0.27989500761032104,0.17845118045806885,0.2760942876338959,0.5151515007019043
MurE,trial_249,3291,0.003,512,64,12.0,1e-05,N3,0.001,200,True,214.7475128173828,220.6969757080078,0.28748467564582825,0.17845118045806885,0.3030303120613098,0.5185185074806213
MurE,trial_250,3292,0.001,512,32,0.0,1e-06,N3,0.005,200,False,117.76412200927734,127.21548461914062,0.28952035307884216,0.17845118045806885,0.3097642958164215,0.5218855142593384
MurE,trial_251,3293,0.003,256,128,6.0,1e-05,N3,0.001,200,True,30.960132598876953,26.91582489013672,0.2844799757003784,0.1818181872367859,0.30639731884002686,0.49494948983192444
MurE,trial_252,3294,0.001,1024,64,12.0,1e-05,F2,0.005,200,True,36.787376403808594,50.693603515625,0.2761509418487549,0.17845118045806885,0.2861952781677246,0.48821547627449036
MurE,trial_253,3295,0.0003,256,32,6.0,1e-05,F2,0.001,200,False,4356.6279296875,4761.037109375,0.0005783753003925085,0.0,0.0,0.0
MurE,trial_254,3296,0.003,256,64,0.0,1e-05,F2,0.001,200,False,31.687707901000977,26.962963104248047,0.25809091329574585,0.14141413569450378,0.26599326729774475,0.5454545617103577
MurE,trial_255,3297,0.001,512,64,6.0,0.0,F2,0.005,200,False,581.4551391601562,460.1144714355469,0.28733789920806885,0.17845118045806885,0.3097642958164215,0.5151515007019043
RefE,trial_000,5042,0.001,2048,64,12.0,0.0,F2,0.001,200,False,40.687705993652344,54.16835021972656,0.2884116768836975,0.18518517911434174,0.2760942876338959,0.5319865345954895
RefE,trial_001,5043,0.001,512,128,12.0,1e-06,N3,0.005,200,False,342.568115234375,291.60943603515625,0.28753021359443665,0.17845118045806885,0.30639731884002686,0.5151515007019043
RefE,trial_002,5044,0.003,1024,128,6.0,1e-05,N3,0.001,200,True,26.219268798828125,23.83501625061035,0.310107558965683,0.19528619945049286,0.31986531615257263,0.5791245698928833
RefE,trial_003,5045,0.0003,512,32,12.0,1e-05,N3,0.001,200,True,31.94684410095215,44.010101318359375,0.2746986746788025,0.16498316824436188,0.2525252401828766,0.558922529220581
RefE,trial_004,5046,0.0003,512,64,0.0,1e-05,F2,0.005,200,False,32.073089599609375,28.185184478759766,0.2784065902233124,0.17171716690063477,0.2861952781677246,0.5488215684890747
RefE,trial_005,5047,0.0003,512,64,0.0,1e-06,N3,0.005,200,False,32.1229248046875,27.148147583007812,0.26217222213745117,0.1582491546869278,0.25589224696159363,0.5218855142593384
RefE,trial_006,5048,0.001,256,128,6.0,1e-05,F2,0.001,200,False,587.9468383789062,472.8484802246094,0.28749993443489075,0.17845118045806885,0.30639731884002686,0.5050504803657532
RefE,trial_007,5049,0.0003,256,64,12.0,0.0,N3,0.001,200,False,32.05647659301758,31.996633529663086,0.2708720862865448,0.15488214790821075,0.28956228494644165,0.5555555820465088
RefE,trial_008,5050,0.001,512,32,6.0,1e-06,F2,0.001,200,True,24.85382080078125,28.420875549316406,0.3118237257003784,0.19528619945049286,0.3265993297100067,0.5892255902290344
RefE,trial_009,5051,0.001,1024,64,6.0,1e-06,N3,0.005,200,True,32.23920440673828,34.67340087890625,0.2639772891998291,0.1515151560306549,0.2626262605190277,0.5420875549316406
RefE,trial_010,5052,0.001,1024,64,0.0,0.0,N3,0.005,200,True,32.069766998291016,34.45791244506836,0.28029507398605347,0.16498316824436188,0.2861952781677246,0.5555555820465088
RefE,trial_011,5053,0.0003,512,128,0.0,1e-05,N3,0.001,200,True,31.956809997558594,26.70707130432129,0.27157509326934814,0.16161616146564484,0.2794612646102905,0.5387205481529236
RefE,trial_012,5054,0.0003,256,32,12.0,0.0,N3,0.005,200,False,30.681062698364258,50.04376983642578,0.31773459911346436,0.20875421166419983,0.3468013405799866,0.5319865345954895
RefE,trial_013,5055,0.0003,1024,64,6.0,0.0,N3,0.001,200,False,31.475082397460938,27.787878036499023,0.27147722244262695,0.16161616146564484,0.2760942876338959,0.5286195278167725
RefE,trial_014,5056,0.0003,512,32,6.0,0.0,N3,0.001,200,True,500.0033264160156,402.9124450683594,0.2871336340904236,0.17845118045806885,0.3097642958164215,0.5084174871444702
RefE,trial_015,5057,0.0003,512,128,6.0,1e-06,F2,0.001,200,False,4788.5849609375,5160.76416015625,0.0004848085227422416,0.0,0.0,0.0
RefE,trial_016,5058,0.001,1024,32,6.0,1e-06,N3,0.001,200,True,32.481727600097656,47.19865417480469,0.3018563687801361,0.19191919267177582,0.3265993297100067,0.5454545617103577
RefE,trial_017,5059,0.003,512,128,0.0,1e-06,F2,0.005,200,False,32.74750900268555,28.622896194458008,0.3009156286716461,0.19528619945049286,0.31986531615257263,0.5454545617103577
RefE,trial_018,5060,0.001,256,64,6.0,1e-05,F2,0.005,200,False,33.32225799560547,37.488216400146484,0.2946494221687317,0.18518517911434174,0.31313130259513855,0.5286195278167725
RefE,trial_019,5061,0.001,256,64,6.0,1e-05,F2,0.001,200,True,25.55481719970703,28.558921813964844,0.3155405521392822,0.19191919267177582,0.3501683473587036,0.5622895359992981
RefE,trial_020,5062,0.001,256,128,0.0,0.0,F2,0.005,200,True,187.83056640625,207.6094207763672,0.2855898141860962,0.1750841736793518,0.30639731884002686,0.5185185074806213
RefE,trial_021,5063,0.003,512,64,6.0,1e-06,N3,0.001,200,True,154.24917602539062,190.35690307617188,0.28667569160461426,0.17845118045806885,0.31313130259513855,0.5151515007019043
RefE,trial_022,5064,0.0003,1024,64,0.0,0.0,F2,0.005,200,True,32.358802795410156,27.191919326782227,0.27691105008125305,0.1515151560306549,0.3030303120613098,0.5622895359992981
RefE,trial_023,5065,0.001,1024,64,12.0,0.0,F2,0.001,200,False,32.47508239746094,25.942760467529297,0.27937930822372437,0.16498316824436188,0.2929292917251587,0.5454545617103577
RefE,trial_024,5066,0.001,1024,64,0.0,0.0,F2,0.001,200,False,32.166114807128906,29.912458419799805,0.2777331471443176,0.17171716690063477,0.2996633052825928,0.5420875549316406
RefE,trial_025,5067,0.001,512,64,6.0,1e-06,N3,0.005,200,True,471.9269104003906,423.9932556152344,0.2793107330799103,0.17845118045806885,0.2760942876338959,0.5252525210380554
RefE,trial_026,5068,0.0003,256,32,6.0,1e-06,F2,0.005,200,True,24.315614700317383,23.973064422607422,0.3158421516418457,0.19528619945049286,0.3501683473587036,0.5690235495567322
RefE,trial_027,5069,0.0003,256,128,0.0,1e-06,N3,0.005,200,True,32.212623596191406,28.80471420288086,0.2833036482334137,0.1750841736793518,0.2861952781677246,0.5151515007019043
RefE,trial_028,5070,0.0003,512,32,12.0,1e-06,N3,0.005,200,False,6409.49169921875,6662.68701171875,0.00024603758356533945,0.0,0.0,0.0
RefE,trial_029,5071,0.001,512,128,0.0,0.0,F2,0.001,200,True,31.870431900024414,27.232322692871094,0.2708481252193451,0.1582491546869278,0.28956228494644165,0.5454545617103577
RefE,trial_030,5072,0.0003,1024,64,6.0,0.0,N3,0.005,200,False,31.372093200683594,27.404041290283203,0.307330846786499,0.19191919267177582,0.3232323229312897,0.5521885752677917
RefE,trial_031,5073,0.0003,256,64,6.0,1e-06,F2,0.001,200,False,488.923583984375,373.7845153808594,0.28226396441459656,0.17845118045806885,0.30639731884002686,0.5117844939231873
RefE,trial_032,5074,0.001,512,64,0.0,0.0,F2,0.001,200,True,167.36544799804688,183.451171875,0.2817598581314087,0.16835017502307892,0.2929292917251587,0.5252525210380554
RefE,trial_033,5075,0.0003,1024,64,0.0,1e-05,F2,0.005,200,False,5160.82373046875,5474.037109375,0.0003084898926317692,0.0,0.0,0.0
RefE,trial_034,5076,0.0003,512,128,0.0,1e-06,F2,0.005,200,True,801.9169311523438,589.144775390625,0.27706676721572876,0.17845118045806885,0.29629629850387573,0.5218855142593384
RefE,trial_035,5077,0.0003,1024,64,12.0,1e-06,N3,0.005,200,False,31.926910400390625,33.61279296875,0.2717761993408203,0.1582491546869278,0.2861952781677246,0.5454545617103577
RefE,trial_036,5078,0.003,512,32,12.0,1e-05,N3,0.001,200,True,31.84717559814453,29.319866180419922,0.27634793519973755,0.1582491546869278,0.28956228494644165,0.558922529220581
RefE,trial_037,5079,0.001,512,64,12.0,0.0,F2,0.001,200,False,36.88372039794922,52.21885681152344,0.29096826910972595,0.18855218589305878,0.30639731884002686,0.5117844939231873
RefE,trial_038,5080,0.0003,256,128,0.0,1e-06,N3,0.001,200,True,32.1063117980957,29.21548843383789,0.28627273440361023,0.17171716690063477,0.2929292917251587,0.5656565427780151
RefE,trial_039,5081,0.001,256,64,6.0,1e-06,N3,0.005,200,False,142.58139038085938,168.12457275390625,0.2891380488872528,0.17845118045806885,0.3030303120613098,0.5387205481529236
RefE,trial_040,5082,0.0003,256,64,0.0,1e-05,N3,0.001,200,True,521.9933471679688,422.5084228515625,0.28435495495796204,0.17845118045806885,0.30639731884002686,0.5016834735870361
RefE,trial_041,5083,0.0003,256,64,12.0,1e-06,F2,0.005,200,True,514.5149536132812,417.9494934082031,0.2848972678184509,0.17845118045806885,0.2861952781677246,0.5353535413742065
RefE,trial_042,5084,0.001,256,32,12.0,1e-06,F2,0.005,200,False,490.5747375488281,373.7845153808594,0.28790804743766785,0.17845118045806885,0.3097642958164215,0.5387205481529236
RefE,trial_043,5085,0.001,256,32,6.0,1e-06,F2,0.005,200,False,37.215946197509766,32.296295166015625,0.31483912467956543,0.2053872048854828,0.33670035004615784,0.5286195278167725
RefE,trial_044,5086,0.0003,512,128,0.0,1e-06,N3,0.005,200,False,855.0498046875,708.6902465820312,0.25285351276397705,0.1582491546869278,0.28956228494644165,0.44781145453453064
RefE,trial_045,5087,0.001,256,32,0.0,1e-05,F2,0.005,200,False,32.59136199951172,36.50505065917969,0.2663142681121826,0.1515151560306549,0.2794612646102905,0.5353535413742065
RefE,trial_046,5088,0.001,512,32,6.0,1e-06,F2,0.001,200,True,342.3853759765625,368.7508544921875,0.2819959819316864,0.17845118045806885,0.2794612646102905,0.5218855142593384
RefE,trial_047,5089,0.003,256,32,0.0,0.0,N3,0.001,200,True,39.26578140258789,32.7104377746582,0.23788665235042572,0.15488214790821075,0.23232322931289673,0.4040403962135315
RefE,trial_048,5090,0.001,512,128,12.0,0.0,F2,0.005,200,True,32.15282440185547,42.898990631103516,0.29103004932403564,0.17845118045806885,0.3097642958164215,0.5521885752677917
RefE,trial_049,5091,0.003,512,64,6.0,0.0,F2,0.005,200,True,33.40199279785156,31.289562225341797,0.2704619765281677,0.15488214790821075,0.30639731884002686,0.5117844939231873
RefE,trial_050,5092,0.001,512,32,12.0,0.0,F2,0.001,200,False,452.9202575683594,404.73065185546875,0.2842786908149719,0.17845118045806885,0.30639731884002686,0.5319865345954895
RefE,trial_051,5093,0.0003,1024,128,12.0,1e-05,N3,0.001,200,True,1128.4119873046875,889.9764404296875,0.2689249515533447,0.17845118045806885,0.30639731884002686,0.4377104341983795
RefE,trial_052,5094,0.0003,256,64,0.0,0.0,N3,0.001,200,False,31.91362190246582,27.959596633911133,0.2682829201221466,0.15488214790821075,0.27272728085517883,0.5521885752677917
RefE,trial_053,5095,0.0003,512,32,6.0,0.0,F2,0.005,200,True,1491.0233154296875,1525.2491455078125,0.19225753843784332,0.17845118045806885,0.17845118045806885,0.2053872048854828
RefE,trial_054,5096,0.0003,512,32,0.0,1e-06,F2,0.001,200,True,530.4518432617188,441.12457275390625,0.2850731611251831,0.17845118045806885,0.29629629850387573,0.5218855142593384
RefE,trial_055,5097,0.0003,256,64,6.0,0.0,F2,0.005,200,False,364.5581359863281,338.4141540527344,0.28297102451324463,0.17845118045806885,0.28956228494644165,0.5185185074806213
RefE,trial_056,5098,0.001,1024,32,0.0,0.0,N3,0.005,200,False,33.215946197509766,38.461280822753906,0.2955890893936157,0.18855218589305878,0.3097642958164215,0.5353535413742065
RefE,trial_057,5099,0.001,512,64,12.0,0.0,F2,0.001,200,False,1181.2059326171875,1007.7003173828125,0.24823057651519775,0.17845118045806885,0.28956228494644165,0.40740740299224854
RefE,trial_058,5100,0.003,256,32,0.0,0.0,N3,0.005,200,False,63.57143020629883,51.488216400146484,0.16366878151893616,0.09764309972524643,0.1582491546869278,0.28282827138900757
RefE,trial_059,5101,0.003,512,128,0.0,0.0,F2,0.005,200,True,31.986711502075195,30.367002487182617,0.2918272018432617,0.17845118045806885,0.30639731884002686,0.558922529220581
RefE,trial_060,5102,0.001,1024,128,0.0,1e-06,N3,0.001,200,True,361.7973327636719,317.7441101074219,0.27794891595840454,0.16161616146564484,0.30639731884002686,0.5185185074806213
RefE,trial_061,5103,0.001,256,128,6.0,0.0,F2,0.005,200,True,459.05316162109375,356.2491455078125,0.28795498609542847,0.17845118045806885,0.3232323229312897,0.5084174871444702
RefE,trial_062,5104,0.0003,512,64,6.0,0.0,F2,0.005,200,True,2115.83056640625,1876.0235595703125,0.18192613124847412,0.17845118045806885,0.17845118045806885,0.17845118045806885
RefE,trial_063,5105,0.0003,1024,32,0.0,1e-06,F2,0.001,200,True,610.4185791015625,583.4747314453125,0.2857848107814789,0.17845118045806885,0.3097642958164215,0.5084174871444702
RefE,trial_064,5106,0.0003,256,128,6.0,1e-06,F2,0.005,200,True,1627.9202880859375,1265.390625,0.19739553332328796,0.17845118045806885,0.1818181872367859,0.24242424964904785
RefE,trial_065,5107,0.0003,256,64,6.0,0.0,N3,0.001,200,True,23.980066299438477,24.545454025268555,0.3112073838710785,0.18855218589305878,0.3468013405799866,0.5925925970077515
RefE,trial_066,5108,0.003,1024,128,0.0,1e-06,N3,0.005,200,False,33.093021392822266,35.74410629272461,0.28849899768829346,0.17845118045806885,0.3030303120613098,0.5252525210380554
RefE,trial_067,5109,0.0003,512,32,12.0,1e-05,N3,0.001,200,True,31.455148696899414,35.6531982421875,0.2990627884864807,0.17845118045806885,0.3232323229312897,0.5420875549316406
RefE,trial_068,5110,0.001,512,128,12.0,1e-06,F2,0.005,200,True,871.966796875,665.9932861328125,0.2701271176338196,0.17845118045806885,0.2861952781677246,0.5016834735870361
RefE,trial_069,5111,0.0003,1024,128,6.0,1e-05,F2,0.005,200,True,3958.54150390625,3436.9091796875,0.004183440003544092,0.0,0.0,0.003367003286257386
RefE,trial_070,5112,0.0003,512,64,6.0,1e-06,N3,0.001,200,True,1816.06640625,1701.858642578125,0.1698259860277176,0.1582491546869278,0.1750841736793518,0.17845118045806885
RefE,trial_071,5113,0.0003,1024,64,6.0,1e-06,F2,0.001,200,False,31.953489303588867,28.441078186035156,0.27098140120506287,0.16161616146564484,0.2794612646102905,0.5454545617103577
RefE,trial_072,5114,0.003,256,128,6.0,1e-05,F2,0.005,200,False,49.20597839355469,53.09090805053711,0.25072774291038513,0.1750841736793518,0.24915824830532074,0.40740740299224854
RefE,trial_073,5115,0.001,256,64,12.0,1e-06,F2,0.001,200,False,525.6146240234375,484.0909118652344,0.28292837738990784,0.17845118045806885,0.30639731884002686,0.4915824830532074
RefE,trial_074,5116,0.0003,256,32,6.0,1e-06,F2,0.001,200,False,263.9966735839844,267.71380615234375,0.27844229340553284,0.17845118045806885,0.2794612646102905,0.5117844939231873
RefE,trial_075,5117,0.003,256,32,6.0,0.0,N3,0.005,200,False,40.12957000732422,48.13131332397461,0.29337748885154724,0.18855218589305878,0.31313130259513855,0.4915824830532074
RefE,trial_076,5118,0.001,256,32,12.0,1e-06,N3,0.001,200,False,34.44850540161133,50.92255783081055,0.27380046248435974,0.18518517911434174,0.2693602740764618,0.48148149251937866
RefE,trial_077,5119,0.001,256,128,6.0,1e-06,N3,0.001,200,False,33.15282440185547,44.77104187011719,0.2880587577819824,0.19528619945049286,0.2996633052825928,0.5117844939231873
RefE,trial_078,5120,0.0003,256,128,12.0,0.0,F2,0.005,200,False,608.1760864257812,527.9461059570312,0.2716400921344757,0.17845118045806885,0.2626262605190277,0.5218855142593384
RefE,trial_079,5121,0.003,512,32,0.0,0.0,N3,0.001,200,True,32.00332260131836,40.707069396972656,0.284919410943985,0.18518517911434174,0.2760942876338959,0.5454545617103577
RefE,trial_080,5122,0.003,512,128,12.0,1e-06,N3,0.005,200,False,42.33222579956055,66.94612884521484,0.26559194922447205,0.18518517911434174,0.25925925374031067,0.4579124450683594
RefE,trial_081,5123,0.001,256,64,12.0,1e-05,F2,0.005,200,False,33.89036560058594,48.54882049560547,0.30553409457206726,0.20202019810676575,0.31313130259513855,0.5454545617103577
RefE,trial_082,5124,0.001,1024,64,6.0,1e-05,F2,0.005,200,False,32.079734802246094,30.377103805541992,0.2666180431842804,0.16161616146564484,0.26599326729774475,0.5252525210380554
RefE,trial_083,5125,0.003,1024,64,0.0,0.0,F2,0.005,200,True,33.05647659301758,48.400672912597656,0.2876051068305969,0.1818181872367859,0.28282827138900757,0.5555555820465088
RefE,trial_084,5126,0.001,512,32,0.0,0.0,F2,0.005,200,True,137.4717559814453,151.2794647216797,0.29330044984817505,0.18855218589305878,0.3030303120613098,0.5420875549316406
RefE,trial_085,5127,0.003,1024,64,12.0,1e-06,F2,0.001,200,False,362.9036560058594,331.87542724609375,0.2892070710659027,0.17845118045806885,0.32996633648872375,0.5151515007019043
RefE,trial_086,5128,0.001,512,128,0.0,1e-05,F2,0.001,200,True,262.6976623535156,227.44444274902344,0.2818697392940521,0.17845118045806885,0.28282827138900757,0.5185185074806213
RefE,trial_087,5129,0.001,256,64,0.0,1e-05,F2,0.001,200,False,35.30564880371094,48.31312942504883,0.29699116945266724,0.18855218589305878,0.30639731884002686,0.5387205481529236
RefE,trial_088,5130,0.003,256,32,6.0,1e-05,N3,0.001,200,False,32.50165939331055,26.787878036499023,0.28216394782066345,0.17171716690063477,0.3097642958164215,0.5286195278167725
RefE,trial_089,5131,0.003,512,128,6.0,1e-05,F2,0.001,200,True,31.604650497436523,30.898990631103516,0.2789011597633362,0.16161616146564484,0.2861952781677246,0.5521885752677917
RefE,trial_090,5132,0.003,1024,32,12.0,0.0,F2,0.005,200,False,34.043190002441406,31.043771743774414,0.2707410156726837,0.16161616146564484,0.27272728085517883,0.5521885752677917
RefE,trial_091,5133,0.0003,1024,128,12.0,1e-05,F2,0.001,200,True,4389.6875,4285.87890625,0.0007901237113401294,0.0,0.0,0.0
RefE,trial_092,5134,0.003,512,128,0.0,1e-05,F2,0.005,200,True,32.461795806884766,27.276094436645508,0.2755705714225769,0.16498316824436188,0.2861952781677246,0.5353535413742065
RefE,trial_093,5135,0.0003,256,128,12.0,1e-06,F2,0.005,200,True,31.830564498901367,29.067340850830078,0.2823259234428406,0.17171716690063477,0.2760942876338959,0.558922529220581
RefE,trial_094,5136,0.003,512,128,0.0,1e-06,F2,0.001,200,False,33.166114807128906,40.39057159423828,0.27866750955581665,0.17171716690063477,0.3030303120613098,0.5185185074806213
RefE,trial_095,5137,0.001,1024,32,12.0,0.0,F2,0.005,200,True,30.584716796875,44.114479064941406,0.289751261472702,0.17845118045806885,0.31986531615257263,0.5218855142593384
RefE,trial_096,5138,0.001,1024,32,0.0,1e-05,F2,0.005,200,False,33.29568099975586,37.82491683959961,0.28297603130340576,0.1750841736793518,0.2861952781677246,0.5353535413742065
RefE,trial_097,5139,0.0003,1024,32,0.0,1e-06,N3,0.005,200,True,661.0797119140625,504.10101318359375,0.2813158333301544,0.17845118045806885,0.28282827138900757,0.5084174871444702
RefE,trial_098,5140,0.003,256,32,12.0,1e-06,N3,0.001,200,False,144.4053192138672,207.17507934570312,0.28527089953422546,0.17845118045806885,0.29629629850387573,0.5185185074806213
RefE,trial_099,5141,0.0003,512,32,6.0,0.0,N3,0.001,200,False,349.76080322265625,330.5016784667969,0.2870996594429016,0.17845118045806885,0.30639731884002686,0.5185185074806213
RefE,trial_100,5142,0.003,256,32,6.0,1e-06,N3,0.001,200,False,86.49169158935547,99.8787841796875,0.28565075993537903,0.17845118045806885,0.30639731884002686,0.5117844939231873
RefE,trial_101,5143,0.0003,512,128,12.0,1e-05,F2,0.001,200,False,33.538204193115234,47.39730453491211,0.296528160572052,0.19191919267177582,0.3097642958164215,0.5218855142593384
RefE,trial_102,5144,0.0003,1024,128,0.0,0.0,F2,0.005,200,True,1147.179443359375,770.0033569335938,0.2682798504829407,0.17845118045806885,0.2861952781677246,0.4747474789619446
RefE,trial_103,5145,0.0003,1024,64,6.0,1e-06,F2,0.005,200,True,2960.73095703125,2597.1884765625,0.010377776809036732,0.0,0.0,0.023569023236632347
RefE,trial_104,5146,0.003,512,32,6.0,0.0,F2,0.005,200,True,34.508304595947266,27.63973045349121,0.2563820779323578,0.1515151560306549,0.26599326729774475,0.5016834735870361
RefE,trial_105,5147,0.003,1024,32,6.0,0.0,N3,0.001,200,True,33.26910400390625,32.01346969604492,0.2684822082519531,0.15488214790821075,0.2693602740764618,0.5555555820465088
RefE,trial_106,5148,0.0003,512,128,0.0,0.0,N3,0.001,200,False,739.295654296875,621.242431640625,0.2241663783788681,0.16835017502307892,0.2222222238779068,0.33670035004615784
RefE,trial_107,5149,0.0003,1024,128,12.0,0.0,N3,0.005,200,False,31.724252700805664,31.77104377746582,0.2877732217311859,0.18855218589305878,0.2861952781677246,0.5488215684890747
RefE,trial_108,5150,0.003,1024,32,12.0,0.0,N3,0.005,200,False,33.41860580444336,51.61616134643555,0.2902626693248749,0.19528619945049286,0.2693602740764618,0.5488215684890747
RefE,trial_109,5151,0.0003,256,64,0.0,1e-05,F2,0.005,200,True,31.777408599853516,45.02356719970703,0.2852470874786377,0.17845118045806885,0.28282827138900757,0.5690235495567322
RefE,trial_110,5152,0.003,256,64,6.0,0.0,N3,0.005,200,False,31.777408599853516,32.23905563354492,0.28362470865249634,0.16498316824436188,0.31986531615257263,0.5690235495567322
RefE,trial_111,5153,0.001,256,32,0.0,0.0,N3,0.005,200,False,65.2890396118164,80.96295928955078,0.29025211930274963,0.17845118045806885,0.31313130259513855,0.5185185074806213
RefE,trial_112,5154,0.001,512,128,6.0,1e-05,N3,0.005,200,False,1109.20263671875,959.4107666015625,0.2743047773838043,0.17845118045806885,0.3030303120613098,0.5185185074806213
RefE,trial_113,5155,0.003,512,64,0.0,1e-05,F2,0.001,200,True,33.514949798583984,28.03367042541504,0.27376747131347656,0.16498316824436188,0.27272728085517883,0.5353535413742065
RefE,trial_114,5156,0.001,256,128,12.0,0.0,F2,0.005,200,False,49.86378860473633,59.55555725097656,0.3026621341705322,0.19191919267177582,0.3164983093738556,0.558922529220581
RefE,trial_115,5157,0.001,256,64,12.0,1e-06,N3,0.001,200,True,31.88039779663086,31.185184478759766,0.28890126943588257,0.1818181872367859,0.28282827138900757,0.5387205481529236
RefE,trial_116,5158,0.003,512,32,6.0,1e-05,N3,0.001,200,True,34.84385299682617,29.65993309020996,0.24825283885002136,0.14141413569450378,0.25589224696159363,0.4915824830532074
RefE,trial_117,5159,0.001,256,128,6.0,1e-06,F2,0.005,200,False,227.58804321289062,244.5723876953125,0.28178954124450684,0.17845118045806885,0.28956228494644165,0.4915824830532074
RefE,trial_118,5160,0.0003,256,64,12.0,0.0,F2,0.001,200,True,488.5216064453125,452.370361328125,0.2820577025413513,0.17845118045806885,0.30639731884002686,0.5050504803657532
RefE,trial_119,5161,0.003,512,32,12.0,1e-05,N3,0.005,200,True,32.342193603515625,27.909090042114258,0.2785286009311676,0.17171716690063477,0.2693602740764618,0.5353535413742065
RefE,trial_120,5162,0.001,256,32,12.0,1e-06,N3,0.005,200,True,29.421926498413086,28.740739822387695,0.29127204418182373,0.18855218589305878,0.3097642958164215,0.4983164966106415
RefE,trial_121,5163,0.0003,256,128,12.0,0.0,F2,0.005,200,False,31.1993350982666,25.713804244995117,0.2687516510486603,0.15488214790821075,0.28282827138900757,0.5454545617103577
RefE,trial_122,5164,0.0003,512,64,6.0,1e-06,F2,0.005,200,True,2115.481689453125,1851.93603515625,0.1855408400297165,0.1750841736793518,0.17845118045806885,0.1818181872367859
RefE,trial_123,5165,0.003,256,64,12.0,0.0,F2,0.001,200,False,31.923587799072266,31.572391510009766,0.293232798576355,0.18518517911434174,0.29629629850387573,0.5656565427780151
RefE,trial_124,5166,0.001,512,64,6.0,0.0,N3,0.001,200,False,32.53156280517578,35.080806732177734,0.2795454263687134,0.16498316824436188,0.2929292917251587,0.5319865345954895
RefE,trial_125,5167,0.003,1024,32,6.0,1e-06,F2,0.005,200,False,32.1229248046875,36.9023551940918,0.26290643215179443,0.1515151560306549,0.26599326729774475,0.5555555820465088
RefE,trial_126,5168,0.003,512,64,12.0,0.0,N3,0.001,200,False,31.581396102905273,29.040403366088867,0.2826322019100189,0.1750841736793518,0.2861952781677246,0.558922529220581
RefE,trial_127,5169,0.001,256,32,6.0,1e-05,N3,0.005,200,False,29.428571701049805,26.053871154785156,0.31126412749290466,0.1986531913280487,0.33670035004615784,0.5420875549316406
RefE,trial_128,5170,0.003,512,32,6.0,0.0,N3,0.001,200,False,42.55481719970703,34.643096923828125,0.242655947804451,0.14478114247322083,0.25589224696159363,0.4343434274196625
RefE,trial_129,5171,0.001,256,64,6.0,0.0,N3,0.005,200,True,25.428571701049805,25.043771743774414,0.3117843270301819,0.19528619945049286,0.3333333432674408,0.5521885752677917
RefE,trial_130,5172,0.0003,256,32,12.0,1e-06,F2,0.001,200,False,32.96345520019531,29.24915885925293,0.2713537812232971,0.16161616146564484,0.27272728085517883,0.5454545617103577
RefE,trial_131,5173,0.003,1024,32,12.0,0.0,N3,0.005,200,True,32.657806396484375,31.094276428222656,0.28472453355789185,0.17845118045806885,0.2929292917251587,0.5050504803657532
RefE,trial_132,5174,0.003,1024,128,12.0,0.0,N3,0.001,200,False,34.787376403808594,57.74074172973633,0.30743733048439026,0.18855218589305878,0.3569023609161377,0.5488215684890747
RefE,trial_133,5175,0.0003,256,64,6.0,0.0,N3,0.001,200,False,32.05647659301758,26.558921813964844,0.2608133554458618,0.13804714381694794,0.2794612646102905,0.5656565427780151
RefE,trial_134,5176,0.0003,512,128,0.0,1e-05,F2,0.001,200,False,30.953489303588867,26.232322692871094,0.2840450406074524,0.1818181872367859,0.28956228494644165,0.5319865345954895
RefE,trial_135,5177,0.0003,1024,64,0.0,0.0,F2,0.001,200,False,929.4185791015625,828.7542114257812,0.03670639544725418,0.003367003286257386,0.023569023236632347,0.10437710583209991
RefE,trial_136,5178,0.003,512,128,0.0,0.0,N3,0.001,200,False,34.348838806152344,50.14478302001953,0.2912476360797882,0.17171716690063477,0.3333333432674408,0.5218855142593384
RefE,trial_137,5179,0.003,512,128,6.0,1e-06,N3,0.005,200,True,26.29900360107422,25.88215446472168,0.30269455909729004,0.19191919267177582,0.30639731884002686,0.5723905563354492
RefE,trial_138,5180,0.0003,1024,128,6.0,1e-06,N3,0.005,200,True,30.372093200683594,36.461280822753906,0.29573068022727966,0.1818181872367859,0.2996633052825928,0.5454545617103577
RefE,trial_139,5181,0.001,1024,64,6.0,1e-05,F2,0.001,200,True,32.43521499633789,36.508419036865234,0.26736658811569214,0.16835017502307892,0.22558923065662384,0.5319865345954895
RefE,trial_140,5182,0.0003,512,64,0.0,1e-06,F2,0.001,200,True,32.15282440185547,26.912458419799805,0.27829986810684204,0.1750841736793518,0.28282827138900757,0.5690235495567322
RefE,trial_141,5183,0.0003,512,32,12.0,0.0,N3,0.005,200,False,29.069766998291016,38.58249282836914,0.30711817741394043,0.20875421166419983,0.31986531615257263,0.5387205481529236
RefE,trial_142,5184,0.0003,512,128,12.0,0.0,N3,0.005,200,False,5270.734375,5703.9091796875,0.0002866627764888108,0.0,0.0,0.0
RefE,trial_143,5185,0.003,512,32,0.0,1e-05,F2,0.001,200,False,32.514949798583984,26.447811126708984,0.2689662575721741,0.1515151560306549,0.29629629850387573,0.5488215684890747
RefE,trial_144,5186,0.001,1024,32,12.0,0.0,F2,0.005,200,False,30.926910400390625,44.54545593261719,0.2915617525577545,0.18518517911434174,0.31313130259513855,0.5319865345954895
RefE,trial_145,5187,0.0003,1024,32,0.0,1e-05,N3,0.001,200,False,31.833887100219727,34.21885681152344,0.265167772769928,0.1582491546869278,0.25925925374031067,0.5353535413742065
RefE,trial_146,5188,0.003,1024,32,0.0,1e-06,F2,0.001,200,True,32.491695404052734,42.63299560546875,0.2743804156780243,0.16161616146564484,0.25925925374031067,0.5622895359992981
RefE,trial_147,5189,0.003,512,128,6.0,1e-06,N3,0.005,200,False,31.91029930114746,28.626262664794922,0.2897503674030304,0.1750841736793518,0.31313130259513855,0.558922529220581
RefE,trial_148,5190,0.001,1024,32,0.0,1e-06,F2,0.001,200,True,32.49834060668945,27.286195755004883,0.27006760239601135,0.1582491546869278,0.26599326729774475,0.5387205481529236
RefE,trial_149,5191,0.001,512,128,12.0,1e-05,N3,0.001,200,False,956.4850463867188,870.6094360351562,0.20601387321949005,0.17171716690063477,0.19528619945049286,0.2861952781677246
RefE,trial_150,5192,0.001,1024,32,12.0,1e-05,F2,0.001,200,False,41.87375259399414,47.7508430480957,0.29868242144584656,0.19191919267177582,0.31986531615257263,0.5117844939231873
RefE,trial_151,5193,0.001,256,64,0.0,1e-06,F2,0.005,200,True,137.65447998046875,143.43771362304688,0.29879361391067505,0.18855218589305878,0.31313130259513855,0.5454545617103577
RefE,trial_152,5194,0.003,256,128,6.0,0.0,F2,0.001,200,False,37.00664520263672,44.89562225341797,0.28943848609924316,0.21212121844291687,0.2794612646102905,0.4579124450683594
RefE,trial_153,5195,0.0003,256,32,0.0,1e-05,F2,0.005,200,True,32.56810760498047,26.323232650756836,0.28093504905700684,0.16835017502307892,0.2794612646102905,0.5488215684890747
RefE,trial_154,5196,0.003,1024,32,6.0,1e-06,F2,0.001,200,False,32.15946960449219,33.252525329589844,0.2735695540904999,0.15488214790821075,0.29629629850387573,0.5353535413742065
RefE,trial_155,5197,0.003,256,128,0.0,1e-06,N3,0.005,200,True,34.8936882019043,28.88215446472168,0.2542186379432678,0.1582491546869278,0.26599326729774475,0.44781145453453064
RefE,trial_156,5198,0.0003,512,128,6.0,0.0,F2,0.005,200,True,24.315614700317383,26.525253295898438,0.305385559797287,0.1818181872367859,0.3468013405799866,0.5723905563354492
RefE,trial_157,5199,0.003,256,128,6.0,1e-05,F2,0.001,200,True,33.86046600341797,27.54208755493164,0.2609795331954956,0.16161616146564484,0.2626262605190277,0.48148149251937866
RefE,trial_158,5200,0.0003,512,128,0.0,1e-05,N3,0.001,200,False,1448.6810302734375,1234.2996826171875,0.029301568865776062,0.010101010091602802,0.023569023236632347,0.06397306174039841
RefE,trial_159,5201,0.0003,256,128,6.0,1e-05,F2,0.005,200,True,1799.08642578125,1611.626220703125,0.19004519283771515,0.17845118045806885,0.17845118045806885,0.19191919267177582
RefE,trial_160,5202,0.001,256,32,0.0,1e-05,N3,0.001,200,True,85.40863800048828,87.21885681152344,0.3049599230289459,0.1986531913280487,0.32996633648872375,0.5286195278167725
RefE,trial_161,5203,0.001,256,64,6.0,1e-06,N3,0.001,200,False,429.4950256347656,354.10101318359375,0.284153550863266,0.17845118045806885,0.30639731884002686,0.5151515007019043
RefE,trial_162,5204,0.001,256,32,12.0,0.0,N3,0.001,200,False,32.810630798339844,29.265993118286133,0.2852659523487091,0.1750841736793518,0.28956228494644165,0.5757575631141663
RefE,trial_163,5205,0.0003,1024,32,6.0,1e-06,N3,0.001,200,True,29.986711502075195,25.606060028076172,0.303209513425827,0.19191919267177582,0.31313130259513855,0.5319865345954895
RefE,trial_164,5206,0.003,256,128,12.0,1e-06,N3,0.005,200,True,32.52824020385742,33.427608489990234,0.2727871537208557,0.17845118045806885,0.26599326729774475,0.4915824830532074
RefE,trial_165,5207,0.0003,256,32,12.0,0.0,N3,0.001,200,False,314.18603515625,265.6464538574219,0.2872832715511322,0.17845118045806885,0.30639731884002686,0.5218855142593384
RefE,trial_166,5208,0.003,1024,64,0.0,1e-06,N3,0.001,200,False,32.166114807128906,30.7979793548584,0.28399574756622314,0.16835017502307892,0.29629629850387573,0.5521885752677917
RefE,trial_167,5209,0.001,512,128,6.0,1e-06,F2,0.001,200,True,295.245849609375,222.43771362304688,0.28494369983673096,0.1750841736793518,0.30639731884002686,0.5319865345954895
RefE,trial_168,5210,0.003,512,64,12.0,1e-05,F2,0.005,200,True,260.22259521484375,242.61952209472656,0.2799229621887207,0.17845118045806885,0.2929292917251587,0.5084174871444702
RefE,trial_169,5211,0.0003,256,128,0.0,1e-06,F2,0.001,200,False,726.4983520507812,597.3165283203125,0.26979368925094604,0.17845118045806885,0.27272728085517883,0.4444444477558136
RefE,trial_170,5212,0.003,256,128,0.0,1e-05,N3,0.005,200,True,35.66777420043945,29.636363983154297,0.25616294145584106,0.1582491546869278,0.2626262605190277,0.4915824830532074
RefE,trial_171,5213,0.0003,1024,128,0.0,0.0,F2,0.005,200,True,1031.0731201171875,905.888916015625,0.261279433965683,0.17845118045806885,0.2693602740764618,0.43097642064094543
RefE,trial_172,5214,0.0003,1024,64,6.0,1e-05,N3,0.001,200,True,30.52823829650879,24.7979793548584,0.29718488454818726,0.18518517911434174,0.3164983093738556,0.5420875549316406
RefE,trial_173,5215,0.001,1024,128,6.0,1e-06,N3,0.001,200,True,737.4551391601562,606.41748046875,0.2746097147464752,0.17845118045806885,0.2996633052825928,0.4983164966106415
RefE,trial_174,5216,0.001,256,32,6.0,0.0,F2,0.001,200,False,32.8770751953125,28.79124641418457,0.29824674129486084,0.19528619945049286,0.28956228494644165,0.5555555820465088
RefE,trial_175,5217,0.001,1024,64,0.0,1e-05,N3,0.001,200,True,257.262451171875,249.7340087890625,0.28473562002182007,0.17845118045806885,0.2861952781677246,0.5117844939231873
RefE,trial_176,5218,0.001,1024,32,6.0,1e-05,N3,0.005,200,True,24.78737449645996,23.8552188873291,0.32021647691726685,0.2053872048854828,0.34343433380126953,0.558922529220581
RefE,trial_177,5219,0.003,512,128,12.0,1e-05,N3,0.005,200,False,40.47508239746094,55.56229019165039,0.2866888642311096,0.20202019810676575,0.27272728085517883,0.4747474789619446
RefE,trial_178,5220,0.0003,1024,64,6.0,1e-05,N3,0.001,200,False,6373.45849609375,6587.6328125,0.00022353146050591022,0.0,0.0,0.0
RefE,trial_179,5221,0.003,1024,128,6.0,1e-06,N3,0.005,200,False,34.73754119873047,31.858585357666016,0.2857436239719391,0.19528619945049286,0.2794612646102905,0.5050504803657532
RefE,trial_180,5222,0.0003,512,64,12.0,1e-06,F2,0.001,200,False,5185.45849609375,5659.68701171875,0.00033251967397518456,0.0,0.0,0.0
RefE,trial_181,5223,0.001,1024,64,0.0,1e-06,N3,0.001,200,False,228.2558135986328,242.5084228515625,0.2857291102409363,0.17845118045806885,0.2996633052825928,0.5151515007019043
RefE,trial_182,5224,0.0003,512,32,6.0,1e-05,N3,0.001,200,False,29.40863800048828,26.579124450683594,0.32120856642723083,0.21885521709918976,0.32996633648872375,0.558922529220581
RefE,trial_183,5225,0.003,1024,128,6.0,1e-05,N3,0.005,200,False,395.9966735839844,334.8316650390625,0.28563737869262695,0.17845118045806885,0.30639731884002686,0.5185185074806213
RefE,trial_184,5226,0.0003,1024,128,0.0,1e-05,N3,0.001,200,True,1046.8770751953125,882.8989868164062,0.26163822412490845,0.17845118045806885,0.30639731884002686,0.4276094138622284
RefE,trial_185,5227,0.0003,1024,32,0.0,0.0,N3,0.005,200,False,32.03986740112305,32.053871154785156,0.28450796008110046,0.17845118045806885,0.2861952781677246,0.558922529220581
RefE,trial_186,5228,0.0003,1024,64,6.0,0.0,F2,0.005,200,False,5826.80419921875,6149.22900390625,0.00032197468681260943,0.0,0.0,0.0
RefE,trial_187,5229,0.0003,512,128,0.0,1e-06,N3,0.001,200,True,855.9368896484375,616.1818237304688,0.27726247906684875,0.17845118045806885,0.28956228494644165,0.5218855142593384
RefE,trial_188,5230,0.0003,256,128,0.0,1e-06,F2,0.001,200,True,734.64453125,525.340087890625,0.27991461753845215,0.17845118045806885,0.28956228494644165,0.5084174871444702
RefE,trial_189,5231,0.0003,256,32,0.0,1e-06,F2,0.005,200,False,32.87042999267578,27.356903076171875,0.2500736713409424,0.13804714381694794,0.24915824830532074,0.5454545617103577
RefE,trial_190,5232,0.001,1024,64,0.0,1e-05,F2,0.005,200,False,225.93687438964844,220.32997131347656,0.2860575020313263,0.17845118045806885,0.29629629850387573,0.5185185074806213
RefE,trial_191,5233,0.003,512,64,0.0,0.0,N3,0.001,200,True,33.40531539916992,29.171716690063477,0.2621719539165497,0.1515151560306549,0.2794612646102905,0.5286195278167725
RefE,trial_192,5234,0.001,1024,32,0.0,1e-05,N3,0.005,200,True,32.55149459838867,45.47138214111328,0.2805653214454651,0.1750841736793518,0.28282827138900757,0.5420875549316406
RefE,trial_193,5235,0.003,1024,32,0.0,0.0,F2,0.005,200,True,32.32558059692383,28.02020263671875,0.28674763441085815,0.17845118045806885,0.2996633052825928,0.5488215684890747
RefE,trial_194,5236,0.0003,256,32,6.0,0.0,N3,0.005,200,False,6727.45849609375,6791.1513671875,0.00020147960458416492,0.0,0.0,0.0
RefE,trial_195,5237,0.003,256,32,6.0,1e-06,N3,0.005,200,True,31.953489303588867,26.414140701293945,0.288748174905777,0.1818181872367859,0.2929292917251587,0.5521885752677917
RefE,trial_196,5238,0.003,512,128,0.0,1e-05,N3,0.001,200,True,31.94684410095215,35.92255783081055,0.27307361364364624,0.15488214790821075,0.2929292917251587,0.5286195278167725
RefE,trial_197,5239,0.001,256,32,12.0,0.0,N3,0.005,200,True,32.225914001464844,29.29292869567871,0.27656733989715576,0.1515151560306549,0.29629629850387573,0.5387205481529236
RefE,trial_198,5240,0.003,256,32,6.0,1e-05,F2,0.001,200,False,31.524917602539062,26.39057159423828,0.27346861362457275,0.16498316824436188,0.2794612646102905,0.5286195278167725
RefE,trial_199,5241,0.003,1024,128,12.0,1e-05,N3,0.005,200,True,32.27574920654297,40.82154846191406,0.2830432951450348,0.1750841736793518,0.28282827138900757,0.5319865345954895
RefE,trial_200,5242,0.0003,512,32,12.0,1e-06,F2,0.001,200,True,3442.25244140625,3091.92919921875,0.002973337424919009,0.0,0.0,0.0
RefE,trial_201,5243,0.001,256,64,6.0,0.0,F2,0.001,200,False,347.2956848144531,279.7643127441406,0.2889695167541504,0.17845118045806885,0.30639731884002686,0.5151515007019043
RefE,trial_202,5244,0.001,256,32,0.0,1e-05,F2,0.001,200,True,76.12957000732422,109.32659912109375,0.29608872532844543,0.18855218589305878,0.3097642958164215,0.5151515007019043
RefE,trial_203,5245,0.0003,512,32,6.0,1e-06,F2,0.005,200,True,1660.162841796875,1339.922607421875,0.18914714455604553,0.17845118045806885,0.17845118045806885,0.20202019810676575
RefE,trial_204,5246,0.003,256,32,12.0,1e-06,N3,0.005,200,True,32.74086380004883,27.531986236572266,0.2927608788013458,0.18855218589305878,0.2760942876338959,0.5555555820465088
RefE,trial_205,5247,0.001,256,64,6.0,0.0,F2,0.005,200,False,146.44186401367188,172.61952209472656,0.28768613934516907,0.17845118045806885,0.30639731884002686,0.5185185074806213
RefE,trial_206,5248,0.003,512,128,12.0,1e-05,F2,0.005,200,False,31.514949798583984,33.639732360839844,0.289311021566391,0.1750841736793518,0.3030303120613098,0.5387205481529236
RefE,trial_207,5249,0.0003,512,32,6.0,1e-06,N3,0.001,200,False,29.43521499633789,27.90235710144043,0.301270067691803,0.19528619945049286,0.3232323229312897,0.5353535413742065
RefE,trial_208,5250,0.003,256,32,6.0,1e-06,N3,0.005,200,False,67.85713958740234,88.4208755493164,0.28705868124961853,0.17845118045806885,0.2929292917251587,0.5286195278167725
RefE,trial_209,5251,0.0003,512,64,12.0,1e-06,N3,0.001,200,True,662.6079711914062,498.9090881347656,0.2811747193336487,0.17845118045806885,0.3097642958164215,0.4915824830532074
RefE,trial_210,5252,0.0003,1024,128,6.0,1e-06,F2,0.001,200,True,32.2923583984375,26.434343338012695,0.27045750617980957,0.1515151560306549,0.2760942876338959,0.5353535413742065
RefE,trial_211,5253,0.001,1024,128,12.0,0.0,N3,0.005,200,False,337.3488464355469,290.60943603515625,0.28550609946250916,0.17845118045806885,0.2861952781677246,0.4983164966106415
RefE,trial_212,5254,0.0003,512,64,0.0,1e-05,F2,0.005,200,False,31.740863800048828,26.43770980834961,0.26603803038597107,0.15488214790821075,0.27272728085517883,0.5387205481529236
RefE,trial_213,5255,0.003,256,32,0.0,1e-06,F2,0.001,200,True,32.212623596191406,27.55555534362793,0.2960394322872162,0.18855218589305878,0.30639731884002686,0.5454545617103577
RefE,trial_214,5256,0.003,1024,32,6.0,0.0,F2,0.005,200,False,32.189369201660156,29.0,0.28297752141952515,0.17171716690063477,0.29629629850387573,0.5353535413742065
RefE,trial_215,5257,0.001,512,128,0.0,1e-05,F2,0.001,200,True,32.01993179321289,27.20875358581543,0.27971580624580383,0.16835017502307892,0.28282827138900757,0.5319865345954895
RefE,trial_216,5258,0.0003,256,64,0.0,1e-06,N3,0.005,200,True,504.70098876953125,390.81146240234375,0.28459203243255615,0.17845118045806885,0.29629629850387573,0.5084174871444702
RefE,trial_217,5259,0.003,1024,128,12.0,1e-06,N3,0.001,200,False,32.55813980102539,42.336700439453125,0.29581502079963684,0.19191919267177582,0.31986531615257263,0.5252525210380554
RefE,trial_218,5260,0.003,512,32,6.0,1e-05,N3,0.001,200,False,132.754150390625,155.72390747070312,0.29205217957496643,0.17845118045806885,0.3232323229312897,0.5319865345954895
RefE,trial_219,5261,0.0003,1024,64,0.0,0.0,N3,0.001,200,False,811.5980224609375,724.1649780273438,0.045874305069446564,0.010101010091602802,0.03030303120613098,0.1111111119389534
RefE,trial_220,5262,0.001,1024,64,0.0,1e-05,F2,0.005,200,True,32.27574920654297,31.38047218322754,0.2647618055343628,0.15488214790821075,0.25925925374031067,0.5454545617103577
RefE,trial_221,5263,0.0003,256,64,6.0,1e-05,F2,0.005,200,True,32.392024993896484,27.558921813964844,0.2765733003616333,0.16161616146564484,0.2760942876338959,0.5420875549316406
RefE,trial_222,5264,0.003,1024,32,12.0,1e-06,N3,0.001,200,True,216.50830078125,200.8821563720703,0.2851924002170563,0.17845118045806885,0.3030303120613098,0.5084174871444702
RefE,trial_223,5265,0.0003,1024,64,6.0,1e-05,F2,0.001,200,False,5945.578125,6077.9462890625,0.0003435298858676106,0.0,0.0,0.0
RefE,trial_224,5266,0.0003,512,32,12.0,1e-06,N3,0.005,200,False,32.02657699584961,33.511783599853516,0.2998598515987396,0.19528619945049286,0.31313130259513855,0.5387205481529236
RefE,trial_225,5267,0.003,256,32,0.0,1e-06,F2,0.001,200,False,32.093021392822266,35.38383865356445,0.292129784822464,0.17171716690063477,0.3265993297100067,0.5555555820465088
RefE,trial_226,5268,0.001,256,128,12.0,1e-05,N3,0.001,200,True,32.59136199951172,27.13131332397461,0.2700791656970978,0.16498316824436188,0.2760942876338959,0.5117844939231873
RefE,trial_227,5269,0.003,1024,128,0.0,1e-05,N3,0.001,200,False,32.84717559814453,34.67340087890625,0.2862241566181183,0.1818181872367859,0.3030303120613098,0.5117844939231873
RefE,trial_228,5270,0.0003,512,32,0.0,1e-05,F2,0.005,200,True,465.601318359375,388.2558898925781,0.28819817304611206,0.17845118045806885,0.3030303120613098,0.5252525210380554
RefE,trial_229,5271,0.001,512,64,6.0,0.0,F2,0.005,200,False,550.0996704101562,404.855224609375,0.2852322459220886,0.17845118045806885,0.29629629850387573,0.5252525210380554
RefE,trial_230,5272,0.001,256,128,12.0,1e-05,F2,0.001,200,True,32.29900360107422,26.821548461914062,0.25952425599098206,0.14814814925193787,0.25589224696159363,0.5353535413742065
RefE,trial_231,5273,0.003,256,64,12.0,1e-06,N3,0.005,200,True,204.18936157226562,198.3333282470703,0.27536487579345703,0.17845118045806885,0.2693602740764618,0.5151515007019043
RefE,trial_232,5274,0.001,256,32,12.0,1e-06,F2,0.005,200,False,37.897010803222656,47.360267639160156,0.2920980751514435,0.17845118045806885,0.3164983093738556,0.5151515007019043
RefE,trial_233,5275,0.0003,256,128,6.0,0.0,N3,0.001,200,False,31.109634399414062,26.043771743774414,0.26861971616744995,0.16498316824436188,0.27272728085517883,0.5016834735870361
RefE,trial_234,5276,0.001,512,32,12.0,1e-05,F2,0.005,200,False,441.8205871582031,376.0,0.2882436513900757,0.17845118045806885,0.3097642958164215,0.5218855142593384
RefE,trial_235,5277,0.0003,512,128,12.0,0.0,N3,0.001,200,False,31.14617919921875,27.114479064941406,0.2861907482147217,0.1818181872367859,0.28956228494644165,0.5387205481529236
RefE,trial_236,5278,0.003,512,32,6.0,1e-05,N3,0.005,200,False,36.03986740112305,37.42424392700195,0.29302000999450684,0.19528619945049286,0.2996633052825928,0.5084174871444702
RefE,trial_237,5279,0.003,512,32,6.0,0.0,N3,0.005,200,False,38.46843719482422,37.64646530151367,0.29834479093551636,0.2053872048854828,0.2794612646102905,0.5555555820465088
RefE,trial_238,5280,0.0003,256,128,0.0,1e-05,N3,0.001,200,False,31.950166702270508,26.488216400146484,0.26545092463493347,0.15488214790821075,0.28282827138900757,0.5117844939231873
RefE,trial_239,5281,0.001,512,128,6.0,0.0,N3,0.001,200,False,31.551494598388672,29.87542152404785,0.2961219251155853,0.20202019810676575,0.29629629850387573,0.5151515007019043
RefE,trial_240,5282,0.003,1024,128,0.0,0.0,F2,0.005,200,True,32.362125396728516,35.84848403930664,0.2850278317928314,0.17171716690063477,0.29629629850387573,0.5454545617103577
RefE,trial_241,5283,0.001,512,32,0.0,1e-05,N3,0.005,200,False,104.47840881347656,122.06060791015625,0.2970127761363983,0.17845118045806885,0.3232323229312897,0.5387205481529236
RefE,trial_242,5284,0.003,1024,128,0.0,1e-05,N3,0.001,200,False,34.950164794921875,50.316497802734375,0.30501118302345276,0.18518517911434174,0.3468013405799866,0.5353535413742065
RefE,trial_243,5285,0.003,256,32,12.0,0.0,N3,0.001,200,True,33.43853759765625,28.703702926635742,0.2896047532558441,0.17845118045806885,0.2996633052825928,0.5185185074806213
RefE,trial_244,5286,0.0003,512,64,12.0,0.0,F2,0.001,200,False,31.85382080078125,36.272727966308594,0.2811284065246582,0.17171716690063477,0.2929292917251587,0.5555555820465088
RefE,trial_245,5287,0.003,512,64,12.0,1e-05,F2,0.001,200,True,226.1129608154297,203.6161651611328,0.286916583776474,0.17845118045806885,0.30639731884002686,0.5185185074806213
RefE,trial_246,5288,0.003,1024,128,0.0,1e-05,F2,0.001,200,False,33.42525100708008,48.90909194946289,0.3074563145637512,0.1986531913280487,0.3400673270225525,0.5488215684890747
RefE,trial_247,5289,0.0003,512,128,0.0,1e-05,N3,0.005,200,False,31.026578903198242,27.46464729309082,0.29129278659820557,0.18855218589305878,0.2794612646102905,0.5521885752677917
RefE,trial_248,5290,0.0003,256,64,0.0,1e-05,N3,0.005,200,True,521.7341918945312,464.96295166015625,0.2859760522842407,0.17845118045806885,0.3030303120613098,0.5151515007019043
RefE,trial_249,5291,0.003,1024,128,6.0,0.0,F2,0.001,200,False,36.495018005371094,34.919193267822266,0.28006306290626526,0.18518517911434174,0.2861952781677246,0.4915824830532074
RefE,trial_250,5292,0.003,256,64,12.0,0.0,N3,0.001,200,True,174.6677703857422,185.23568725585938,0.28704574704170227,0.17845118045806885,0.30639731884002686,0.5151515007019043
RefE,trial_251,5293,0.0003,1024,128,0.0,1e-06,N3,0.005,200,True,31.960132598876953,27.808080673217773,0.2811968922615051,0.17171716690063477,0.2760942876338959,0.5319865345954895
RefE,trial_252,5294,0.003,1024,128,12.0,1e-05,F2,0.005,200,False,33.43521499633789,52.82154846191406,0.3169398307800293,0.21212121844291687,0.32996633648872375,0.5420875549316406
RefE,trial_253,5295,0.003,512,128,0.0,0.0,F2,0.005,200,False,31.78737449645996,34.23905563354492,0.3001386225223541,0.1818181872367859,0.32996633648872375,0.5622895359992981
RefE,trial_254,5296,0.001,512,64,6.0,1e-06,F2,0.001,200,False,508.6412048339844,467.7979736328125,0.28762558102607727,0.17845118045806885,0.30639731884002686,0.5084174871444702
RefE,trial_255,5297,0.003,512,64,0.0,1e-06,F2,0.005,200,True,31.85382080078125,31.29292869567871,0.2957403361797333,0.19191919267177582,0.2929292917251587,0.5555555820465088
RefH,trial_000,8042,0.001,2048,64,12.0,0.0,F2,0.001,200,False,51.11627960205078,87.88888549804688,0.27737757563591003,0.18855218589305878,0.2794612646102905,0.48821547627449036
RefH,trial_001,8043,0.0003,512,32,6.0,1e-05,N3,0.005,200,True,41.342193603515625,38.56902313232422,0.16726285219192505,0.07407407462596893,0.16161616146564484,0.36026936769485474
RefH,trial_002,8044,0.0003,512,128,12.0,1e-06,F2,0.001,200,False,5394.48828125,5665.8857421875,0.0005628581275232136,0.0,0.0,0.0
RefH,trial_003,8045,0.0003,512,128,0.0,0.0,N3,0.001,200,False,833.2857055664062,689.114501953125,0.27681466937065125,0.17845118045806885,0.2861952781677246,0.4915824830532074
RefH,trial_004,8046,0.0003,512,32,12.0,0.0,F2,0.001,200,True,38.26578140258789,46.71717071533203,0.28902846574783325,0.17171716690063477,0.3164983093738556,0.5555555820465088
RefH,trial_005,8047,0.0003,1024,128,6.0,1e-05,N3,0.001,200,True,34.37541580200195,36.9023551940918,0.2363097071647644,0.13131313025951385,0.23232322931289673,0.4915824830532074
RefH,trial_006,8048,0.001,1024,64,12.0,1e-05,N3,0.005,200,True,37.189369201660156,31.942760467529297,0.1936497986316681,0.08080808073282242,0.20202019810676575,0.4276094138622284
RefH,trial_009,8051,0.0003,512,128,12.0,1e-05,F2,0.001,200,False,5553.056640625,5868.45458984375,0.00028248020680621266,0.0,0.0,0.0
RefH,trial_010,8052,0.003,1024,32,12.0,0.0,F2,0.005,200,False,93.45514678955078,103.6599349975586,0.2408485859632492,0.17171716690063477,0.25589224696159363,0.3468013405799866
RefH,trial_030,8072,0.001,512,32,12.0,1e-06,N3,0.005,200,True,39.784053802490234,34.400672912597656,0.20029503107070923,0.11784511804580688,0.18518517911434174,0.38383838534355164
RefH,trial_059,8101,0.0003,512,32,12.0,1e-06,N3,0.001,200,False,537.2990112304688,429.63299560546875,0.2839165925979614,0.17845118045806885,0.30639731884002686,0.5016834735870361
RotE,trial_000,4042,0.001,2048,64,12.0,0.0,F2,0.001,200,False,44.12624740600586,51.316497802734375,0.2983632981777191,0.19191919267177582,0.3232323229312897,0.5016834735870361
RotE,trial_001,4043,0.0003,512,64,0.0,1e-05,N3,0.001,200,True,32.202659606933594,46.88888931274414,0.2738334536552429,0.1582491546869278,0.2861952781677246,0.558922529220581
RotE,trial_002,4044,0.0003,1024,32,6.0,1e-05,N3,0.001,200,False,31.192691802978516,30.956228256225586,0.3146539330482483,0.21212121844291687,0.3400673270225525,0.5353535413742065
RotE,trial_003,4045,0.001,1024,32,6.0,1e-06,F2,0.001,200,False,427.6511535644531,389.2592468261719,0.2835683226585388,0.17845118045806885,0.2929292917251587,0.4848484992980957
RotE,trial_004,4046,0.003,256,128,12.0,1e-05,N3,0.001,200,False,43.55149459838867,36.50505065917969,0.24043983221054077,0.16161616146564484,0.23569023609161377,0.41750842332839966
RotE,trial_005,4047,0.001,512,128,12.0,1e-05,F2,0.005,200,True,879.8671264648438,706.370361328125,0.2729487419128418,0.17845118045806885,0.29629629850387573,0.5218855142593384
RotE,trial_006,4048,0.0003,1024,128,0.0,0.0,F2,0.005,200,True,1044.9600830078125,869.0875244140625,0.2681366503238678,0.17845118045806885,0.2861952781677246,0.47138047218322754
RotE,trial_007,4049,0.0003,1024,128,6.0,0.0,N3,0.001,200,False,2923.20263671875,2920.336669921875,0.0017190597718581557,0.0,0.0,0.0
RotE,trial_008,4050,0.0003,512,128,0.0,1e-06,N3,0.001,200,True,828.279052734375,621.727294921875,0.27495652437210083,0.17845118045806885,0.2929292917251587,0.4983164966106415
RotE,trial_009,4051,0.001,1024,64,0.0,1e-05,N3,0.001,200,False,252.55482482910156,231.82827758789062,0.29012036323547363,0.17845118045806885,0.30639731884002686,0.5151515007019043
RotE,trial_010,4052,0.001,512,64,6.0,1e-05,F2,0.001,200,False,33.833885192871094,30.851852416992188,0.2981438636779785,0.2053872048854828,0.3030303120613098,0.4983164966106415
RotE,trial_011,4053,0.003,512,32,0.0,1e-05,F2,0.001,200,False,38.94352340698242,35.25589370727539,0.25148487091064453,0.16498316824436188,0.2693602740764618,0.4208754301071167
RotE,trial_012,4054,0.003,1024,64,0.0,0.0,N3,0.005,200,True,32.69435119628906,45.81144714355469,0.2740306556224823,0.16498316824436188,0.27272728085517883,0.5454545617103577
RotE,trial_013,4055,0.003,512,32,6.0,0.0,N3,0.001,200,True,32.212623596191406,33.06397247314453,0.2882516384124756,0.1750841736793518,0.3030303120613098,0.5656565427780151
RotE,trial_014,4056,0.001,1024,128,0.0,1e-05,F2,0.005,200,True,31.820598602294922,35.296295166015625,0.2666415572166443,0.16161616146564484,0.2626262605190277,0.5488215684890747
RotE,trial_015,4057,0.0003,1024,128,12.0,1e-06,N3,0.005,200,False,31.428571701049805,30.6531982421875,0.2740803062915802,0.16498316824436188,0.2760942876338959,0.5656565427780151
RotE,trial_016,4058,0.001,512,32,0.0,1e-05,F2,0.005,200,False,131.2989959716797,132.48822021484375,0.2912636995315552,0.17845118045806885,0.3030303120613098,0.5218855142593384
RotE,trial_017,4059,0.0003,256,64,0.0,1e-06,N3,0.001,200,True,32.0,29.053871154785156,0.290951132774353,0.17845118045806885,0.29629629850387573,0.5555555820465088
RotE,trial_018,4060,0.0003,512,64,0.0,1e-05,N3,0.005,200,True,32.27906799316406,30.06397247314453,0.27679985761642456,0.15488214790821075,0.2929292917251587,0.5521885752677917
RotE,trial_019,4061,0.003,256,64,12.0,1e-05,F2,0.001,200,True,38.15614700317383,31.84848403930664,0.2536279559135437,0.17171716690063477,0.2390572428703308,0.4276094138622284
RotE,trial_020,4062,0.003,256,128,6.0,0.0,N3,0.005,200,True,27.8006649017334,27.11111068725586,0.29306188225746155,0.19191919267177582,0.29629629850387573,0.5252525210380554
RotE,trial_021,4063,0.003,1024,128,6.0,1e-05,F2,0.005,200,False,31.372093200683594,35.11784362792969,0.2899543046951294,0.1750841736793518,0.2929292917251587,0.5723905563354492
RotE,trial_022,4064,0.001,512,128,6.0,1e-05,N3,0.001,200,True,25.219268798828125,26.32659912109375,0.3106131851673126,0.19528619945049286,0.33670035004615784,0.5387205481529236
RotE,trial_023,4065,0.001,1024,128,0.0,1e-05,N3,0.005,200,False,381.93023681640625,326.83837890625,0.2858155071735382,0.17845118045806885,0.28956228494644165,0.5151515007019043
RotE,trial_024,4066,0.001,1024,128,0.0,1e-05,N3,0.001,200,False,394.6976623535156,309.42425537109375,0.28332623839378357,0.17845118045806885,0.30639731884002686,0.5185185074806213
RotE,trial_025,4067,0.003,512,32,6.0,0.0,N3,0.005,200,False,32.102989196777344,28.10437774658203,0.2801636755466461,0.16835017502307892,0.28282827138900757,0.5454545617103577
RotE,trial_026,4068,0.0003,512,128,6.0,0.0,N3,0.005,200,False,4695.15625,4940.31640625,0.00045004492858424783,0.0,0.0,0.0
RotE,trial_027,4069,0.003,256,128,0.0,1e-06,F2,0.005,200,False,46.6013298034668,49.360267639160156,0.24384945631027222,0.15488214790821075,0.25589224696159363,0.40740740299224854
RotE,trial_028,4070,0.003,1024,32,0.0,1e-06,N3,0.001,200,True,32.56810760498047,27.663299560546875,0.27359911799430847,0.16835017502307892,0.27272728085517883,0.5521885752677917
RotE,trial_029,4071,0.0003,1024,128,12.0,1e-06,F2,0.005,200,True,51.11627960205078,67.03704071044922,0.28727126121520996,0.17845118045806885,0.2996633052825928,0.5757575631141663
RotE,trial_030,4072,0.001,1024,64,6.0,1e-05,F2,0.005,200,False,31.893688201904297,34.185184478759766,0.2959827184677124,0.18855218589305878,0.3030303120613098,0.5353535413742065
RotE,trial_031,4073,0.001,512,64,12.0,0.0,N3,0.005,200,False,32.46511459350586,32.23905563354492,0.2911059558391571,0.1818181872367859,0.29629629850387573,0.5555555820465088
RotE,trial_032,4074,0.001,512,64,6.0,1e-06,N3,0.005,200,False,505.56146240234375,443.2525329589844,0.28549158573150635,0.17845118045806885,0.30639731884002686,0.5185185074806213
RotE,trial_033,4075,0.0003,256,64,0.0,0.0,F2,0.005,200,True,32.0631217956543,35.93939208984375,0.29060983657836914,0.1750841736793518,0.3097642958164215,0.5521885752677917
RotE,trial_034,4076,0.003,1024,64,12.0,0.0,F2,0.001,200,False,327.14617919921875,288.85858154296875,0.2857268750667572,0.17845118045806885,0.31986531615257263,0.48821547627449036
RotE,trial_035,4077,0.001,256,32,6.0,1e-06,N3,0.005,200,True,23.980066299438477,25.582490921020508,0.311550498008728,0.19191919267177582,0.3232323229312897,0.5858585834503174
RotE,trial_036,4078,0.003,1024,64,12.0,1e-06,N3,0.005,200,False,40.76079559326172,70.9663314819336,0.27123814821243286,0.18518517911434174,0.25589224696159363,0.4848484992980957
RotE,trial_037,4079,0.003,256,128,6.0,1e-06,N3,0.001,200,True,30.043190002441406,31.265993118286133,0.29896849393844604,0.18855218589305878,0.3097642958164215,0.5622895359992981
RotE,trial_038,4080,0.003,1024,64,0.0,1e-06,F2,0.001,200,True,32.15946960449219,28.89562225341797,0.27194449305534363,0.15488214790821075,0.2693602740764618,0.5420875549316406
RotE,trial_039,4081,0.003,512,64,6.0,1e-06,F2,0.005,200,False,188.23255920410156,197.51515197753906,0.28656941652297974,0.17845118045806885,0.28282827138900757,0.5286195278167725
RotE,trial_040,4082,0.001,512,128,0.0,1e-06,N3,0.005,200,True,32.28903579711914,26.744108200073242,0.27730485796928406,0.16498316824436188,0.28956228494644165,0.5387205481529236
RotE,trial_041,4083,0.0003,1024,64,12.0,0.0,F2,0.005,200,False,566.1959838867188,478.6700439453125,0.06792435795068741,0.010101010091602802,0.033670034259557724,0.18518517911434174
RotE,trial_042,4084,0.003,1024,32,6.0,0.0,N3,0.001,200,False,145.61129760742188,152.56228637695312,0.2875209450721741,0.17845118045806885,0.3097642958164215,0.5218855142593384
RotE,trial_043,4085,0.001,1024,32,6.0,1e-05,F2,0.005,200,True,33.11295700073242,51.03703689575195,0.2862279713153839,0.16498316824436188,0.31986531615257263,0.5353535413742065
RotE,trial_044,4086,0.003,1024,32,0.0,1e-05,F2,0.005,200,True,32.44186019897461,31.5488224029541,0.2724306881427765,0.1582491546869278,0.29629629850387573,0.5319865345954895
RotE,trial_045,4087,0.0003,256,64,6.0,1e-06,F2,0.005,200,False,458.52490234375,328.7407531738281,0.2880668640136719,0.17845118045806885,0.30639731884002686,0.5218855142593384
RotE,trial_046,4088,0.003,512,128,6.0,1e-06,F2,0.005,200,True,32.358802795410156,31.427608489990234,0.27862876653671265,0.17845118045806885,0.24915824830532074,0.558922529220581
RotE,trial_047,4089,0.001,512,64,12.0,0.0,N3,0.005,200,True,587.5382080078125,497.2020263671875,0.2810085415840149,0.17845118045806885,0.29629629850387573,0.5185185074806213
RotE,trial_048,4090,0.0003,512,64,0.0,0.0,F2,0.005,200,False,31.73421859741211,30.468013763427734,0.29264914989471436,0.18855218589305878,0.2929292917251587,0.558922529220581
RotE,trial_049,4091,0.001,1024,64,6.0,1e-05,N3,0.005,200,False,230.415283203125,236.51515197753906,0.28715771436691284,0.17845118045806885,0.30639731884002686,0.5151515007019043
RotE,trial_050,4092,0.001,256,64,12.0,1e-06,N3,0.005,200,True,471.85382080078125,372.7171630859375,0.2875901162624359,0.17845118045806885,0.29629629850387573,0.5117844939231873
RotE,trial_051,4093,0.001,512,64,12.0,1e-05,N3,0.001,200,False,34.780731201171875,68.080810546875,0.29815053939819336,0.19528619945049286,0.3164983093738556,0.5454545617103577
RotE,trial_052,4094,0.003,512,32,0.0,0.0,F2,0.005,200,False,41.242523193359375,33.82154846191406,0.24285000562667847,0.14814814925193787,0.2626262605190277,0.3973063826560974
RotE,trial_053,4095,0.001,256,32,6.0,1e-06,F2,0.001,200,True,289.0664367675781,204.22222900390625,0.2881356477737427,0.17845118045806885,0.29629629850387573,0.5185185074806213
RotE,trial_054,4096,0.001,1024,64,6.0,1e-05,N3,0.001,200,False,240.3588104248047,272.16497802734375,0.2877627909183502,0.17845118045806885,0.2996633052825928,0.5286195278167725
RotE,trial_055,4097,0.003,512,64,0.0,1e-06,F2,0.001,200,True,34.0166130065918,30.08417510986328,0.26809510588645935,0.15488214790821075,0.2760942876338959,0.5185185074806213
RotE,trial_056,4098,0.001,512,32,6.0,1e-05,F2,0.001,200,True,136.5747528076172,142.71380615234375,0.2974664568901062,0.19191919267177582,0.32996633648872375,0.5353535413742065
RotE,trial_057,4099,0.0003,512,64,0.0,1e-06,F2,0.005,200,True,32.40531539916992,28.356903076171875,0.2725476622581482,0.1582491546869278,0.2794612646102905,0.5420875549316406
RotE,trial_058,4100,0.0003,512,128,0.0,0.0,F2,0.005,200,True,32.1063117980957,26.663299560546875,0.27844899892807007,0.16498316824436188,0.2929292917251587,0.5387205481529236
RotE,trial_059,4101,0.001,1024,128,6.0,1e-05,N3,0.005,200,False,31.129568099975586,28.52188491821289,0.29494500160217285,0.18518517911434174,0.31986531615257263,0.5387205481529236
RotE,trial_060,4102,0.003,512,64,0.0,1e-05,F2,0.001,200,False,32.1063117980957,26.538721084594727,0.2780122756958008,0.16498316824436188,0.2996633052825928,0.558922529220581
RotE,trial_061,4103,0.0003,512,32,12.0,0.0,N3,0.005,200,False,31.083057403564453,53.9831657409668,0.30876514315605164,0.21212121844291687,0.31313130259513855,0.5286195278167725
RotE,trial_062,4104,0.001,1024,128,6.0,1e-06,F2,0.005,200,False,1388.7408447265625,1377.208740234375,0.049856871366500854,0.013468013145029545,0.047138046473264694,0.12794612348079681
RotE,trial_063,4105,0.0003,256,128,6.0,1e-06,N3,0.001,200,True,31.893688201904297,30.306396484375,0.2819238305091858,0.16835017502307892,0.2996633052825928,0.5555555820465088
RotE,trial_064,4106,0.001,512,64,6.0,1e-06,F2,0.001,200,False,32.97010040283203,47.33333206176758,0.3035403788089752,0.20202019810676575,0.3232323229312897,0.5353535413742065
RotE,trial_065,4107,0.0003,1024,64,0.0,1e-06,N3,0.005,200,False,5076.22607421875,5557.134765625,0.00048121463623829186,0.0,0.0,0.0
RotE,trial_066,4108,0.003,512,32,6.0,1e-05,N3,0.005,200,False,137.28903198242188,165.15151977539062,0.2881197929382324,0.17845118045806885,0.3097642958164215,0.5084174871444702
RotE,trial_067,4109,0.0003,1024,128,0.0,0.0,F2,0.005,200,False,5388.2890625,5484.32666015625,0.000285513378912583,0.0,0.0,0.0
RotE,trial_068,4110,0.003,512,32,0.0,1e-05,N3,0.005,200,False,32.12957000732422,27.047138214111328,0.2822064757347107,0.16498316824436188,0.30639731884002686,0.5454545617103577
RotE,trial_069,4111,0.001,512,32,0.0,1e-05,N3,0.005,200,True,114.75747680664062,138.97642517089844,0.2951136529445648,0.18855218589305878,0.3097642958164215,0.5319865345954895
RotE,trial_070,4112,0.0003,256,128,12.0,1e-05,N3,0.001,200,False,5481.3125,5802.0673828125,0.0003060687449760735,0.0,0.0,0.0
RotE,trial_071,4113,0.003,1024,32,12.0,0.0,N3,0.001,200,True,185.0564727783203,226.9629669189453,0.28295308351516724,0.17845118045806885,0.2794612646102905,0.5050504803657532
RotE,trial_072,4114,0.0003,256,128,0.0,0.0,N3,0.005,200,True,31.827241897583008,29.602693557739258,0.2826118469238281,0.17171716690063477,0.28282827138900757,0.5488215684890747
RotE,trial_073,4115,0.003,256,32,12.0,1e-05,F2,0.001,200,True,35.053157806396484,36.28282928466797,0.2915005385875702,0.1818181872367859,0.3164983093738556,0.5151515007019043
RotE,trial_074,4116,0.001,512,64,6.0,1e-06,F2,0.005,200,True,32.42192840576172,27.481481552124023,0.2774626314640045,0.16498316824436188,0.28282827138900757,0.5420875549316406
RotE,trial_075,4117,0.001,256,128,6.0,1e-05,F2,0.001,200,False,240.96678161621094,232.4006805419922,0.2818662226200104,0.17845118045806885,0.30639731884002686,0.5151515007019043
RotE,trial_076,4118,0.0003,512,128,0.0,1e-05,N3,0.005,200,False,4868.04638671875,5146.1513671875,0.000492000428494066,0.0,0.0,0.0
RotE,trial_077,4119,0.003,512,128,6.0,1e-05,F2,0.005,200,True,217.55482482910156,208.9595947265625,0.2860310971736908,0.17845118045806885,0.28956228494644165,0.5286195278167725
RotE,trial_078,4120,0.0003,256,32,12.0,1e-06,F2,0.005,200,True,5243.455078125,5080.5625,0.000239110755501315,0.0,0.0,0.0
RotE,trial_079,4121,0.003,512,64,6.0,1e-06,F2,0.001,200,True,31.84717559814453,27.8552188873291,0.2877928912639618,0.17845118045806885,0.28956228494644165,0.5454545617103577
RotE,trial_080,4122,0.0003,1024,64,12.0,0.0,N3,0.005,200,True,4405.64453125,4303.7744140625,0.0005462551489472389,0.0,0.0,0.0
RotE,trial_081,4123,0.003,512,64,12.0,1e-06,F2,0.005,200,False,42.076412200927734,84.20539093017578,0.27890995144844055,0.18855218589305878,0.2929292917251587,0.4579124450683594
RotE,trial_082,4124,0.0003,1024,128,6.0,1e-06,F2,0.001,200,True,3483.534912109375,3433.397216796875,0.004155638162046671,0.0,0.0,0.006734006572514772
RotE,trial_083,4125,0.001,256,128,12.0,1e-06,F2,0.001,200,True,32.641197204589844,26.377103805541992,0.2768906354904175,0.16835017502307892,0.2794612646102905,0.5353535413742065
RotE,trial_084,4126,0.0003,512,32,0.0,1e-06,N3,0.001,200,True,516.1661376953125,408.26934814453125,0.2860076427459717,0.17845118045806885,0.28956228494644165,0.5117844939231873
RotE,trial_085,4127,0.003,512,32,6.0,1e-06,N3,0.005,200,False,108.27574920654297,113.28619384765625,0.28733572363853455,0.17845118045806885,0.2996633052825928,0.5218855142593384
RotE,trial_086,4128,0.003,512,64,6.0,1e-06,F2,0.005,200,True,31.870431900024414,29.148147583007812,0.28432726860046387,0.17845118045806885,0.26599326729774475,0.5690235495567322
RotE,trial_087,4129,0.0003,256,128,12.0,1e-05,F2,0.005,200,False,548.4185791015625,434.43096923828125,0.28297480940818787,0.17845118045806885,0.2861952781677246,0.5420875549316406
RotE,trial_088,4130,0.001,256,64,12.0,1e-05,F2,0.001,200,False,149.60797119140625,175.56903076171875,0.28811901807785034,0.17845118045806885,0.3030303120613098,0.5151515007019043
RotE,trial_089,4131,0.003,256,32,0.0,1e-06,F2,0.005,200,False,31.827241897583008,27.191919326782227,0.2597997486591339,0.14814814925193787,0.26599326729774475,0.5319865345954895
RotE,trial_090,4132,0.001,256,32,0.0,1e-05,F2,0.005,200,False,44.810630798339844,67.60942840576172,0.2936728298664093,0.17845118045806885,0.30639731884002686,0.5252525210380554
RotE,trial_091,4133,0.001,1024,128,6.0,1e-06,N3,0.005,200,False,31.85714340209961,26.377103805541992,0.2915330231189728,0.18855218589305878,0.29629629850387573,0.5353535413742065
RotE,trial_092,4134,0.0003,1024,128,0.0,1e-05,F2,0.005,200,True,875.9634399414062,846.5757446289062,0.2694104015827179,0.17845118045806885,0.29629629850387573,0.4612794518470764
RotE,trial_093,4135,0.003,1024,32,6.0,1e-05,N3,0.001,200,True,25.76079750061035,24.07744026184082,0.3132852613925934,0.1986531913280487,0.3333333432674408,0.5858585834503174
RotE,trial_094,4136,0.001,256,64,12.0,1e-05,N3,0.001,200,True,127.17276000976562,134.35353088378906,0.28963708877563477,0.1818181872367859,0.29629629850387573,0.5319865345954895
RotE,trial_095,4137,0.0003,1024,64,12.0,1e-06,F2,0.005,200,False,37.96345520019531,55.21548843383789,0.29703372716903687,0.19191919267177582,0.30639731884002686,0.5319865345954895
RotE,trial_096,4138,0.003,512,128,6.0,1e-05,N3,0.001,200,True,32.053157806396484,45.0,0.2817692756652832,0.1750841736793518,0.2760942876338959,0.5622895359992981
RotE,trial_097,4139,0.001,512,64,6.0,0.0,N3,0.001,200,False,32.79402160644531,33.60606002807617,0.2932555377483368,0.19528619945049286,0.3030303120613098,0.5050504803657532
RotE,trial_098,4140,0.003,1024,32,0.0,1e-05,N3,0.005,200,True,32.335548400878906,33.41750717163086,0.2902872860431671,0.18518517911434174,0.2996633052825928,0.558922529220581
RotE,trial_099,4141,0.003,512,64,12.0,0.0,N3,0.005,200,True,32.16943359375,29.12457847595215,0.27780357003211975,0.17845118045806885,0.2794612646102905,0.5050504803657532
RotE,trial_100,4142,0.001,512,128,6.0,0.0,F2,0.001,200,False,31.621261596679688,28.36026954650879,0.2904961109161377,0.17845118045806885,0.2996633052825928,0.558922529220581
RotE,trial_101,4143,0.0003,256,32,6.0,0.0,N3,0.001,200,True,24.727575302124023,24.55555534362793,0.31099292635917664,0.18518517911434174,0.3501683473587036,0.5959596037864685
RotE,trial_102,4144,0.0003,1024,128,12.0,1e-06,N3,0.001,200,False,63.01993179321289,89.10774230957031,0.30086731910705566,0.1818181872367859,0.3265993297100067,0.5353535413742065
RotE,trial_103,4145,0.003,256,32,12.0,0.0,F2,0.001,200,True,197.35548400878906,184.97642517089844,0.2863718271255493,0.17845118045806885,0.3030303120613098,0.5218855142593384
RotE,trial_104,4146,0.0003,512,128,0.0,0.0,F2,0.005,200,True,735.431884765625,612.9932861328125,0.2803133428096771,0.17845118045806885,0.3097642958164215,0.5151515007019043
RotE,trial_105,4147,0.0003,256,32,12.0,0.0,N3,0.001,200,True,1870.754150390625,1733.5926513671875,0.19746172428131104,0.17845118045806885,0.1818181872367859,0.2626262605190277
RotE,trial_106,4148,0.001,256,32,0.0,0.0,F2,0.001,200,True,87.13621520996094,87.1548843383789,0.3017386198043823,0.19191919267177582,0.3333333432674408,0.5286195278167725
RotE,trial_107,4149,0.0003,1024,128,0.0,0.0,N3,0.001,200,True,32.11960220336914,28.710437774658203,0.28516528010368347,0.1750841736793518,0.2861952781677246,0.5488215684890747
RotE,trial_108,4150,0.001,1024,64,12.0,0.0,N3,0.001,200,True,765.1428833007812,682.41748046875,0.267654150724411,0.17845118045806885,0.28956228494644165,0.47138047218322754
RotE,trial_109,4151,0.003,512,128,6.0,1e-05,N3,0.001,200,False,33.27242660522461,52.245792388916016,0.28374966979026794,0.18518517911434174,0.28282827138900757,0.48821547627449036
RotE,trial_110,4152,0.0003,1024,64,0.0,1e-06,F2,0.005,200,False,32.053157806396484,25.316497802734375,0.2833818197250366,0.1818181872367859,0.2760942876338959,0.5387205481529236
RotE,trial_111,4153,0.001,256,32,12.0,1e-05,N3,0.001,200,False,63.797340393066406,98.6464614868164,0.2925984263420105,0.17845118045806885,0.3164983093738556,0.5185185074806213
RotE,trial_112,4154,0.003,1024,32,12.0,1e-06,N3,0.001,200,False,32.57474899291992,39.97979736328125,0.2777196168899536,0.17845118045806885,0.26599326729774475,0.5319865345954895
RotE,trial_113,4155,0.001,256,128,12.0,0.0,N3,0.001,200,True,554.8106079101562,592.4478149414062,0.2746528685092926,0.17845118045806885,0.27272728085517883,0.5286195278167725
RotE,trial_114,4156,0.001,256,64,12.0,1e-06,F2,0.005,200,True,29.481727600097656,33.14814758300781,0.2802266478538513,0.1750841736793518,0.3097642958164215,0.49494948983192444
RotE,trial_115,4157,0.003,512,128,6.0,1e-06,F2,0.001,200,False,41.32225799560547,51.31986618041992,0.27047374844551086,0.18518517911434174,0.28282827138900757,0.43097642064094543
RotE,trial_116,4158,0.003,1024,32,0.0,0.0,N3,0.001,200,True,32.26910400390625,46.50505065917969,0.2862052321434021,0.17171716690063477,0.2929292917251587,0.5622895359992981
RotE,trial_117,4159,0.0003,1024,128,6.0,0.0,N3,0.001,200,True,5089.3056640625,5696.99658203125,0.00032121577532961965,0.0,0.0,0.0
RotE,trial_118,4160,0.0003,1024,64,12.0,1e-05,N3,0.005,200,True,33.495018005371094,35.296295166015625,0.2878028154373169,0.17845118045806885,0.2929292917251587,0.5488215684890747
RotE,trial_119,4161,0.003,512,128,0.0,1e-05,N3,0.001,200,False,33.50165939331055,43.75757598876953,0.295695960521698,0.18518517911434174,0.30639731884002686,0.5387205481529236
RotE,trial_120,4162,0.003,512,128,6.0,0.0,N3,0.005,200,False,32.23255920410156,30.286195755004883,0.28154054284095764,0.16835017502307892,0.2996633052825928,0.5353535413742065
RotE,trial_121,4163,0.003,256,64,0.0,1e-05,N3,0.005,200,True,36.043190002441406,30.44444465637207,0.24106132984161377,0.16161616146564484,0.23232322931289673,0.4141414165496826
RotE,trial_122,4164,0.003,512,32,0.0,1e-06,N3,0.001,200,True,31.870431900024414,37.79798126220703,0.27489498257637024,0.16161616146564484,0.27272728085517883,0.5555555820465088
RotE,trial_123,4165,0.0003,256,32,6.0,1e-05,F2,0.005,200,True,24.65116310119629,23.693603515625,0.3151297867298126,0.18855218589305878,0.3501683473587036,0.5757575631141663
RotE,trial_124,4166,0.001,512,128,0.0,1e-06,F2,0.001,200,True,32.0631217956543,26.77777862548828,0.2821163833141327,0.16835017502307892,0.2861952781677246,0.5353535413742065
RotE,trial_125,4167,0.003,512,128,0.0,1e-05,F2,0.001,200,False,32.25913619995117,40.12458038330078,0.30041489005088806,0.1986531913280487,0.2996633052825928,0.5151515007019043
RotE,trial_126,4168,0.0003,512,32,0.0,0.0,F2,0.005,200,True,478.67108154296875,443.016845703125,0.2870095670223236,0.17845118045806885,0.2996633052825928,0.5185185074806213
RotE,trial_127,4169,0.003,1024,64,12.0,0.0,F2,0.001,200,True,297.7674560546875,272.07745361328125,0.27783238887786865,0.17845118045806885,0.26599326729774475,0.5084174871444702
RotE,trial_128,4170,0.003,256,32,6.0,0.0,N3,0.001,200,False,62.56478500366211,81.02356719970703,0.2908817529678345,0.17845118045806885,0.3164983093738556,0.5084174871444702
RotE,trial_129,4171,0.001,512,128,0.0,1e-06,N3,0.001,200,True,32.12624740600586,27.86868667602539,0.2663363218307495,0.1582491546869278,0.25589224696159363,0.5286195278167725
RotE,trial_130,4172,0.001,512,128,0.0,1e-05,N3,0.005,200,True,32.26910400390625,26.61952781677246,0.281646192073822,0.1750841736793518,0.27272728085517883,0.5521885752677917
RotE,trial_131,4173,0.0003,512,32,6.0,1e-06,F2,0.001,200,False,32.11960220336914,46.787879943847656,0.290820837020874,0.1750841736793518,0.3164983093738556,0.5387205481529236
RotE,trial_132,4174,0.003,256,128,12.0,0.0,F2,0.001,200,True,31.870431900024414,42.74074172973633,0.2915036380290985,0.17845118045806885,0.30639731884002686,0.5387205481529236
RotE,trial_133,4175,0.0003,256,128,12.0,1e-05,F2,0.001,200,True,31.511627197265625,27.53535270690918,0.2832677960395813,0.16835017502307892,0.2996633052825928,0.5690235495567322
RotE,trial_134,4176,0.001,1024,64,0.0,1e-05,F2,0.005,200,False,31.335548400878906,28.909090042114258,0.2767404615879059,0.16835017502307892,0.2861952781677246,0.5454545617103577
RotE,trial_135,4177,0.003,1024,64,6.0,1e-05,N3,0.001,200,True,198.9700927734375,226.48484802246094,0.28565526008605957,0.17845118045806885,0.3030303120613098,0.5151515007019043
RotE,trial_136,4178,0.0003,256,32,6.0,1e-05,F2,0.001,200,True,431.02325439453125,347.91583251953125,0.2856382429599762,0.17845118045806885,0.28956228494644165,0.5117844939231873
RotE,trial_137,4179,0.0003,256,128,12.0,1e-05,F2,0.001,200,False,608.3754272460938,563.9259033203125,0.26484987139701843,0.17845118045806885,0.24915824830532074,0.4983164966106415
RotE,trial_138,4180,0.003,1024,64,6.0,1e-06,F2,0.005,200,True,25.431894302368164,25.06397247314453,0.28828877210617065,0.18518517911434174,0.2996633052825928,0.5151515007019043
RotE,trial_139,4181,0.003,1024,32,12.0,1e-05,N3,0.005,200,True,32.67109680175781,28.794612884521484,0.2619505226612091,0.14141413569450378,0.2861952781677246,0.5319865345954895
RotE,trial_140,4182,0.003,512,128,0.0,1e-06,F2,0.001,200,True,31.963455200195312,28.282827377319336,0.288039892911911,0.17845118045806885,0.28282827138900757,0.5488215684890747
RotE,trial_141,4183,0.003,256,128,6.0,1e-05,N3,0.005,200,True,31.47176170349121,28.252525329589844,0.2844894230365753,0.17171716690063477,0.29629629850387573,0.5454545617103577
RotE,trial_142,4184,0.0003,512,64,0.0,0.0,F2,0.001,200,True,716.3488159179688,512.1953125,0.2809889614582062,0.17845118045806885,0.29629629850387573,0.5185185074806213
RotE,trial_143,4185,0.001,512,32,6.0,0.0,F2,0.001,200,True,328.7109680175781,294.4377136230469,0.28053736686706543,0.17845118045806885,0.2861952781677246,0.5218855142593384
RotE,trial_144,4186,0.001,512,128,12.0,0.0,F2,0.001,200,True,32.166114807128906,26.515151977539062,0.27548444271087646,0.16161616146564484,0.2760942876338959,0.5286195278167725
RotE,trial_145,4187,0.001,1024,32,12.0,1e-05,N3,0.001,200,False,131.0564727783203,193.53872680664062,0.29298514127731323,0.17845118045806885,0.3097642958164215,0.5117844939231873
RotE,trial_146,4188,0.0003,256,32,6.0,1e-05,F2,0.005,200,True,32.25249099731445,28.909090042114258,0.2761293649673462,0.1582491546869278,0.2996633052825928,0.5387205481529236
RotE,trial_147,4189,0.001,1024,64,6.0,1e-05,N3,0.005,200,True,32.242523193359375,33.707069396972656,0.27657458186149597,0.16161616146564484,0.2794612646102905,0.5353535413742065
RotE,trial_148,4190,0.003,512,128,6.0,0.0,F2,0.005,200,True,32.222591400146484,29.107744216918945,0.2645764648914337,0.14478114247322083,0.27272728085517883,0.5387205481529236
RotE,trial_149,4191,0.003,256,64,12.0,1e-05,F2,0.001,200,False,31.594684600830078,27.191919326782227,0.2811146676540375,0.16498316824436188,0.2996633052825928,0.5488215684890747
RotE,trial_150,4192,0.0003,1024,128,12.0,1e-05,N3,0.001,200,False,31.395349502563477,29.323232650756836,0.2936440110206604,0.1818181872367859,0.2996633052825928,0.5387205481529236
RotE,trial_151,4193,0.0003,1024,128,6.0,1e-06,F2,0.001,200,False,31.817276000976562,25.89562225341797,0.2753418982028961,0.16161616146564484,0.28282827138900757,0.5387205481529236
RotE,trial_152,4194,0.003,256,128,6.0,1e-05,F2,0.001,200,False,227.10299682617188,212.75083923339844,0.2871142327785492,0.17845118045806885,0.28956228494644165,0.5218855142593384
RotE,trial_153,4195,0.003,256,32,0.0,0.0,N3,0.005,200,False,64.09634399414062,55.66666793823242,0.17783401906490326,0.11447811126708984,0.16835017502307892,0.2929292917251587
RotE,trial_154,4196,0.001,256,32,0.0,1e-05,F2,0.001,200,False,57.335548400878906,98.4983139038086,0.2925654649734497,0.17845118045806885,0.31986531615257263,0.5151515007019043
RotE,trial_155,4197,0.003,256,64,0.0,1e-05,N3,0.001,200,False,55.85049819946289,49.22895812988281,0.19787965714931488,0.12121212482452393,0.21885521709918976,0.31986531615257263
RotE,trial_156,4198,0.0003,256,128,6.0,0.0,N3,0.005,200,True,31.903654098510742,40.78114318847656,0.28455042839050293,0.17845118045806885,0.29629629850387573,0.5387205481529236
RotE,trial_157,4199,0.003,1024,64,0.0,1e-06,F2,0.005,200,True,31.97010040283203,30.353534698486328,0.27574965357780457,0.1515151560306549,0.2996633052825928,0.5286195278167725
RotE,trial_158,4200,0.0003,256,32,6.0,1e-06,N3,0.001,200,True,1051.3089599609375,915.7811279296875,0.2712189853191376,0.17845118045806885,0.29629629850387573,0.4915824830532074
RotE,trial_159,4201,0.001,256,64,0.0,1e-05,F2,0.001,200,True,138.08970642089844,152.98316955566406,0.28983747959136963,0.1818181872367859,0.3097642958164215,0.5286195278167725
RotE,trial_160,4202,0.003,512,128,6.0,1e-05,N3,0.001,200,True,216.10299682617188,224.855224609375,0.2855397164821625,0.17845118045806885,0.29629629850387573,0.5420875549316406
RotE,trial_161,4203,0.0003,1024,128,12.0,1e-05,F2,0.005,200,False,4074.69091796875,4009.3603515625,0.0006272209575399756,0.0,0.0,0.0
RotE,trial_162,4204,0.0003,512,32,12.0,0.0,F2,0.005,200,False,346.7973327636719,329.16497802734375,0.28961050510406494,0.17845118045806885,0.3164983093738556,0.5218855142593384
RotE,trial_163,4205,0.0003,1024,32,12.0,1e-05,F2,0.001,200,False,32.02989959716797,29.814815521240234,0.30886155366897583,0.2053872048854828,0.3097642958164215,0.5353535413742065
RotE,trial_164,4206,0.003,512,64,6.0,1e-06,F2,0.005,200,True,33.538204193115234,27.454545974731445,0.25797924399375916,0.15488214790821075,0.2626262605190277,0.5117844939231873
RotE,trial_165,4207,0.0003,1024,32,12.0,0.0,N3,0.005,200,True,33.01993179321289,33.54545593261719,0.2917909324169159,0.17845118045806885,0.31313130259513855,0.5252525210380554
RotE,trial_166,4208,0.003,256,128,0.0,0.0,N3,0.001,200,False,43.335548400878906,41.82154846191406,0.2381872832775116,0.1582491546869278,0.22558923065662384,0.4107744097709656
RotE,trial_167,4209,0.001,1024,32,6.0,1e-06,N3,0.001,200,False,147.21926879882812,179.89898681640625,0.2865387201309204,0.17845118045806885,0.2996633052825928,0.5286195278167725
RotE,trial_168,4210,0.003,256,64,0.0,1e-06,F2,0.005,200,True,37.14617919921875,30.407407760620117,0.22691792249679565,0.1346801370382309,0.2289562225341797,0.44107744097709656
RotE,trial_169,4211,0.003,512,128,12.0,0.0,N3,0.005,200,True,31.79734230041504,36.54208755493164,0.286308616399765,0.17845118045806885,0.2794612646102905,0.5622895359992981
RotE,trial_170,4212,0.0003,512,32,0.0,1e-06,F2,0.001,200,False,352.31561279296875,321.81146240234375,0.2834097743034363,0.17845118045806885,0.30639731884002686,0.5050504803657532
RotE,trial_171,4213,0.0003,256,32,6.0,1e-06,N3,0.005,200,False,252.24252319335938,244.16162109375,0.2881048917770386,0.17845118045806885,0.30639731884002686,0.5151515007019043
RotE,trial_172,4214,0.003,256,128,6.0,0.0,F2,0.001,200,False,220.10963439941406,246.90908813476562,0.2850942313671112,0.17845118045806885,0.2996633052825928,0.5353535413742065
RotE,trial_173,4215,0.003,1024,64,6.0,1e-05,N3,0.005,200,False,32.03322219848633,48.380470275878906,0.3026014268398285,0.20202019810676575,0.3265993297100067,0.5151515007019043
RotE,trial_174,4216,0.001,512,64,6.0,0.0,N3,0.005,200,True,32.415283203125,30.53535270690918,0.2734909653663635,0.15488214790821075,0.2861952781677246,0.5521885752677917
RotE,trial_175,4217,0.001,1024,32,12.0,0.0,N3,0.005,200,False,32.661128997802734,30.070707321166992,0.2609385550022125,0.16161616146564484,0.2525252401828766,0.5286195278167725
RotE,trial_176,4218,0.001,256,128,0.0,1e-05,N3,0.005,200,False,230.9700927734375,227.41751098632812,0.2855554223060608,0.17845118045806885,0.30639731884002686,0.49494948983192444
RotE,trial_177,4219,0.001,256,32,0.0,0.0,F2,0.005,200,False,43.312294006347656,56.07070541381836,0.292337030172348,0.17845118045806885,0.3097642958164215,0.5117844939231873
RotE,trial_178,4220,0.0003,256,32,0.0,1e-06,N3,0.001,200,False,303.32891845703125,263.6195373535156,0.2851942181587219,0.17845118045806885,0.29629629850387573,0.5016834735870361
RotE,trial_179,4221,0.0003,512,64,12.0,1e-05,N3,0.001,200,False,32.069766998291016,40.92929458618164,0.3077545166015625,0.20202019810676575,0.3164983093738556,0.5555555820465088
RotE,trial_180,4222,0.003,256,32,0.0,1e-06,F2,0.005,200,False,61.73754119873047,53.75757598876953,0.19988051056861877,0.1346801370382309,0.19191919267177582,0.3232323229312897
RotE,trial_181,4223,0.001,256,128,0.0,1e-06,F2,0.005,200,True,193.4551544189453,196.70033264160156,0.2839531898498535,0.17171716690063477,0.30639731884002686,0.5218855142593384
RotE,trial_182,4224,0.0003,1024,32,0.0,1e-06,F2,0.005,200,True,634.6511840820312,528.9259033203125,0.2824745774269104,0.17845118045806885,0.29629629850387573,0.5286195278167725
RotE,trial_183,4225,0.0003,256,32,6.0,1e-06,F2,0.005,200,False,267.93023681640625,262.7340087890625,0.2875431180000305,0.17845118045806885,0.2929292917251587,0.5353535413742065
RotE,trial_184,4226,0.0003,512,64,12.0,1e-05,N3,0.005,200,False,36.57143020629883,72.8451156616211,0.29230552911758423,0.18518517911434174,0.2929292917251587,0.5420875549316406
RotE,trial_185,4227,0.0003,1024,64,0.0,1e-06,N3,0.005,200,False,4690.53173828125,5041.94970703125,0.0005032352637499571,0.0,0.0,0.0
RotE,trial_186,4228,0.003,512,64,0.0,0.0,F2,0.005,200,False,33.897010803222656,39.36700439453125,0.2758747935295105,0.17845118045806885,0.28956228494644165,0.5016834735870361
RotE,trial_187,4229,0.003,256,32,12.0,1e-05,F2,0.001,200,True,38.784053802490234,34.245792388916016,0.228834331035614,0.14814814925193787,0.21885521709918976,0.3737373650074005
RotE,trial_188,4230,0.001,1024,32,12.0,1e-06,F2,0.005,200,False,32.43189239501953,27.905723571777344,0.2804585099220276,0.17171716690063477,0.2929292917251587,0.5387205481529236
RotE,trial_189,4231,0.0003,256,128,12.0,1e-06,N3,0.005,200,True,27.0,25.350168228149414,0.2913477420806885,0.1750841736793518,0.30639731884002686,0.5521885752677917
RotE,trial_190,4232,0.0003,512,128,6.0,0.0,N3,0.005,200,True,752.534912109375,636.1347045898438,0.27869197726249695,0.17845118045806885,0.3030303120613098,0.5151515007019043
RotE,trial_191,4233,0.003,512,32,6.0,0.0,F2,0.001,200,True,33.96013259887695,28.370370864868164,0.2717091143131256,0.17845118045806885,0.2626262605190277,0.49494948983192444
RotE,trial_192,4234,0.003,512,32,0.0,1e-06,F2,0.001,200,True,32.15282440185547,26.929292678833008,0.2758801579475403,0.16161616146564484,0.2794612646102905,0.5521885752677917
RotE,trial_193,4235,0.001,1024,128,12.0,1e-05,N3,0.001,200,True,31.827241897583008,39.57575607299805,0.2804238796234131,0.16835017502307892,0.28282827138900757,0.5555555820465088
RotE,trial_194,4236,0.001,512,128,6.0,0.0,F2,0.005,200,False,30.684385299682617,28.872053146362305,0.2881450951099396,0.18518517911434174,0.2929292917251587,0.5319865345954895
RotE,trial_195,4237,0.003,1024,128,6.0,1e-06,F2,0.005,200,True,324.05316162109375,283.2828369140625,0.28482213616371155,0.17845118045806885,0.3030303120613098,0.5050504803657532
RotE,trial_196,4238,0.0003,512,128,6.0,1e-06,F2,0.005,200,False,30.009965896606445,30.296297073364258,0.3138181269168854,0.21548821032047272,0.3232323229312897,0.5622895359992981
RotE,trial_197,4239,0.001,256,32,12.0,0.0,N3,0.001,200,False,407.3023376464844,331.2929382324219,0.28384947776794434,0.17845118045806885,0.2929292917251587,0.5488215684890747
RotE,trial_198,4240,0.003,512,32,12.0,1e-05,N3,0.005,200,False,32.458473205566406,30.407407760620117,0.27879825234413147,0.16835017502307892,0.2929292917251587,0.5420875549316406
RotE,trial_199,4241,0.003,256,128,12.0,1e-05,N3,0.001,200,True,230.3588104248047,211.28282165527344,0.27605295181274414,0.17845118045806885,0.2760942876338959,0.5016834735870361
RotE,trial_200,4242,0.0003,512,64,6.0,1e-06,N3,0.005,200,False,32.42856979370117,28.393939971923828,0.3130306005477905,0.21885521709918976,0.3164983093738556,0.5454545617103577
RotE,trial_201,4243,0.003,256,32,0.0,1e-06,N3,0.001,200,False,62.28239059448242,55.461280822753906,0.18645016849040985,0.12794612348079681,0.1818181872367859,0.28956228494644165
RotE,trial_202,4244,0.001,1024,64,6.0,1e-05,N3,0.001,200,False,31.744186401367188,48.47811508178711,0.29362359642982483,0.19191919267177582,0.3097642958164215,0.4983164966106415
RotE,trial_203,4245,0.0003,1024,128,12.0,1e-06,F2,0.005,200,False,55.23920440673828,64.7340087890625,0.2900177240371704,0.18855218589305878,0.29629629850387573,0.5420875549316406
RotE,trial_204,4246,0.0003,512,128,0.0,1e-06,F2,0.001,200,True,32.348838806152344,26.767677307128906,0.26856282353401184,0.15488214790821075,0.25925925374031067,0.5454545617103577
RotE,trial_205,4247,0.001,256,128,0.0,1e-06,F2,0.005,200,True,33.13621139526367,26.24915885925293,0.27723097801208496,0.16835017502307892,0.2861952781677246,0.5286195278167725
RotE,trial_206,4248,0.001,256,64,6.0,1e-06,F2,0.005,200,False,315.83056640625,302.6397399902344,0.28492259979248047,0.17845118045806885,0.2794612646102905,0.5117844939231873
RotE,trial_207,4249,0.003,512,32,0.0,0.0,N3,0.001,200,False,32.225914001464844,33.27946090698242,0.2725965976715088,0.15488214790821075,0.29629629850387573,0.5454545617103577
RotE,trial_208,4250,0.003,256,64,6.0,0.0,F2,0.001,200,True,26.56146240234375,36.73737335205078,0.2923111319541931,0.17845118045806885,0.3265993297100067,0.5286195278167725
RotE,trial_209,4251,0.001,1024,128,0.0,1e-05,F2,0.001,200,True,405.4186096191406,345.44781494140625,0.28182268142700195,0.1750841736793518,0.2861952781677246,0.5185185074806213
RotE,trial_210,4252,0.001,1024,32,12.0,1e-05,N3,0.001,200,True,32.348838806152344,29.13131332397461,0.26810863614082336,0.1582491546869278,0.27272728085517883,0.5521885752677917
RotE,trial_211,4253,0.0003,256,64,6.0,1e-05,F2,0.001,200,False,507.737548828125,390.8956298828125,0.2817068099975586,0.17845118045806885,0.3030303120613098,0.5016834735870361
RotE,trial_212,4254,0.001,1024,32,0.0,0.0,N3,0.005,200,False,164.64451599121094,168.27609252929688,0.29007086157798767,0.17845118045806885,0.31313130259513855,0.5185185074806213
RotE,trial_213,4255,0.001,256,64,12.0,1e-05,N3,0.005,200,False,153.87374877929688,168.80807495117188,0.2893407642841339,0.17845118045806885,0.30639731884002686,0.5185185074806213
RotE,trial_214,4256,0.003,1024,64,6.0,1e-05,F2,0.001,200,False,32.189369201660156,31.976430892944336,0.2835094928741455,0.17171716690063477,0.2929292917251587,0.5319865345954895
RotE,trial_215,4257,0.001,1024,64,0.0,0.0,N3,0.005,200,False,206.04318237304688,202.93601989746094,0.28662922978401184,0.17845118045806885,0.3030303120613098,0.5353535413742065
RotE,trial_216,4258,0.003,1024,64,12.0,1e-05,F2,0.001,200,False,35.37873840332031,46.90909194946289,0.308468222618103,0.21885521709918976,0.31986531615257263,0.4915824830532074
RotE,trial_217,4259,0.003,1024,64,6.0,1e-05,N3,0.001,200,True,25.40863800048828,22.925926208496094,0.30087947845458984,0.18855218589305878,0.3164983093738556,0.5622895359992981
RotE,trial_218,4260,0.0003,1024,64,6.0,1e-05,F2,0.005,200,False,5389.12646484375,5574.58251953125,0.0002750316634774208,0.0,0.0,0.0
RotE,trial_219,4261,0.001,1024,32,6.0,1e-06,F2,0.001,200,False,33.29568099975586,33.7104377746582,0.3073584735393524,0.20875421166419983,0.31313130259513855,0.5521885752677917
RotE,trial_220,4262,0.0003,1024,32,12.0,0.0,F2,0.005,200,False,32.70099639892578,36.9831657409668,0.2720831334590912,0.15488214790821075,0.28956228494644165,0.5420875549316406
RotE,trial_221,4263,0.001,1024,32,12.0,0.0,N3,0.001,200,False,31.013288497924805,49.23905563354492,0.29316818714141846,0.19191919267177582,0.3030303120613098,0.5151515007019043
RotE,trial_222,4264,0.0003,256,128,12.0,0.0,N3,0.001,200,False,37.68438720703125,44.58585739135742,0.29271161556243896,0.1818181872367859,0.3232323229312897,0.5319865345954895
RotE,trial_223,4265,0.003,1024,64,6.0,1e-05,N3,0.005,200,False,33.89036560058594,40.538719177246094,0.2834446430206299,0.1750841736793518,0.2996633052825928,0.5117844939231873
RotE,trial_224,4266,0.001,256,64,6.0,1e-06,N3,0.005,200,True,383.0265808105469,296.7205505371094,0.283748984336853,0.17845118045806885,0.2861952781677246,0.5286195278167725
RotE,trial_225,4267,0.001,512,64,0.0,0.0,F2,0.005,200,False,178.415283203125,198.17845153808594,0.28748518228530884,0.17845118045806885,0.30639731884002686,0.5252525210380554
RotE,trial_226,4268,0.003,512,128,12.0,1e-05,N3,0.001,200,True,346.2325439453125,296.983154296875,0.2785528004169464,0.17845118045806885,0.28956228494644165,0.5050504803657532
RotE,trial_227,4269,0.003,256,64,12.0,1e-05,F2,0.005,200,True,32.40199279785156,26.730640411376953,0.28493157029151917,0.16835017502307892,0.29629629850387573,0.5555555820465088
RotE,trial_228,4270,0.0003,256,64,12.0,1e-05,N3,0.005,200,True,28.23587989807129,26.46464729309082,0.2994915246963501,0.18518517911434174,0.3164983093738556,0.5454545617103577
RotE,trial_229,4271,0.003,1024,128,12.0,1e-05,N3,0.005,200,False,31.837209701538086,39.7508430480957,0.2846081554889679,0.17171716690063477,0.2929292917251587,0.5622895359992981
RotE,trial_230,4272,0.003,512,64,0.0,1e-05,N3,0.001,200,True,32.15614700317383,39.12458038330078,0.27612629532814026,0.1582491546869278,0.29629629850387573,0.5420875549316406
RotE,trial_231,4273,0.0003,1024,128,0.0,1e-06,N3,0.001,200,False,31.013288497924805,28.38047218322754,0.2795952558517456,0.1750841736793518,0.2861952781677246,0.5387205481529236
RotE,trial_232,4274,0.001,512,32,0.0,1e-06,F2,0.001,200,True,32.687705993652344,27.501684188842773,0.26638227701187134,0.16161616146564484,0.25925925374031067,0.5218855142593384
RotE,trial_233,4275,0.003,1024,128,0.0,0.0,F2,0.001,200,False,35.079734802246094,52.010101318359375,0.3106025755405426,0.20202019810676575,0.3333333432674408,0.5488215684890747
RotE,trial_234,4276,0.0003,1024,32,6.0,1e-05,F2,0.005,200,False,30.398670196533203,30.602693557739258,0.3003816604614258,0.1986531913280487,0.3097642958164215,0.5353535413742065
RotE,trial_235,4277,0.003,256,32,12.0,1e-06,N3,0.005,200,True,32.661128997802734,27.734006881713867,0.28651735186576843,0.16835017502307892,0.2996633052825928,0.5622895359992981
RotE,trial_236,4278,0.0003,512,64,0.0,0.0,N3,0.001,200,False,577.1661376953125,428.1481628417969,0.2770828306674957,0.17845118045806885,0.2794612646102905,0.5050504803657532
RotE,trial_237,4279,0.001,256,64,0.0,0.0,F2,0.001,200,False,33.64784240722656,28.03367042541504,0.2829718589782715,0.1818181872367859,0.3030303120613098,0.49494948983192444
RotE,trial_238,4280,0.003,256,32,0.0,0.0,N3,0.001,200,True,32.076412200927734,28.781145095825195,0.284658282995224,0.17171716690063477,0.3030303120613098,0.5488215684890747
RotE,trial_239,4281,0.0003,512,32,12.0,1e-06,N3,0.001,200,False,40.37541580200195,44.69023513793945,0.30581170320510864,0.2053872048854828,0.3030303120613098,0.5319865345954895
RotE,trial_240,4282,0.003,256,64,12.0,1e-05,F2,0.001,200,False,194.92691040039062,223.78787231445312,0.28721776604652405,0.17845118045806885,0.2996633052825928,0.5218855142593384
RotE,trial_241,4283,0.003,256,32,6.0,1e-06,N3,0.005,200,False,80.18604278564453,116.06397247314453,0.2892463207244873,0.17845118045806885,0.3232323229312897,0.5218855142593384
RotE,trial_242,4284,0.003,1024,128,12.0,0.0,F2,0.005,200,False,50.202659606933594,54.29966354370117,0.29092732071876526,0.19191919267177582,0.2996633052825928,0.49494948983192444
RotE,trial_243,4285,0.003,512,64,6.0,1e-05,F2,0.001,200,False,31.717607498168945,26.932659149169922,0.2864935100078583,0.17171716690063477,0.30639731884002686,0.5454545617103577
RotE,trial_244,4286,0.001,1024,32,6.0,1e-06,N3,0.001,200,False,473.7441711425781,392.6666564941406,0.28168925642967224,0.17845118045806885,0.2794612646102905,0.5252525210380554
RotE,trial_245,4287,0.001,512,64,6.0,1e-05,N3,0.005,200,True,521.7142944335938,375.2727355957031,0.2834625244140625,0.17845118045806885,0.29629629850387573,0.5319865345954895
RotE,trial_246,4288,0.003,512,128,6.0,1e-05,N3,0.001,200,False,32.61129379272461,35.663299560546875,0.30513936281204224,0.19528619945049286,0.3333333432674408,0.5488215684890747
RotE,trial_247,4289,0.0003,256,128,6.0,1e-06,N3,0.001,200,False,5328.3623046875,5710.90234375,0.0003608717815950513,0.0,0.0,0.0
RotE,trial_248,4290,0.003,512,32,6.0,1e-06,F2,0.005,200,False,43.368770599365234,33.60269546508789,0.2408161610364914,0.14478114247322083,0.24915824830532074,0.4511784613132477
RotE,trial_249,4291,0.0003,256,128,6.0,1e-06,F2,0.001,200,False,31.61794090270996,26.54208755493164,0.30497369170188904,0.19528619945049286,0.33670035004615784,0.5286195278167725
RotE,trial_250,4292,0.0003,1024,32,12.0,1e-06,F2,0.001,200,False,504.2358703613281,442.71380615234375,0.26808252930641174,0.16161616146564484,0.3030303120613098,0.47138047218322754
RotE,trial_251,4293,0.0003,512,64,12.0,1e-05,N3,0.001,200,False,31.93687629699707,35.6767692565918,0.28331485390663147,0.16161616146564484,0.3097642958164215,0.558922529220581
RotE,trial_252,4294,0.001,512,64,0.0,1e-05,N3,0.001,200,False,31.548171997070312,34.9427604675293,0.2808116674423218,0.17171716690063477,0.28956228494644165,0.5622895359992981
RotE,trial_253,4295,0.0003,256,64,0.0,1e-05,N3,0.001,200,True,538.3887329101562,433.8518371582031,0.28661584854125977,0.17845118045806885,0.30639731884002686,0.5117844939231873
RotE,trial_254,4296,0.001,256,32,6.0,1e-06,N3,0.005,200,False,39.511627197265625,54.00673294067383,0.2940298020839691,0.17845118045806885,0.30639731884002686,0.5286195278167725
RotE,trial_255,4297,0.003,512,64,0.0,1e-06,F2,0.001,200,False,35.215946197509766,30.75757598876953,0.2659939229488373,0.16498316824436188,0.2693602740764618,0.5016834735870361
RotH,trial_000,7042,0.001,2048,64,12.0,0.0,F2,0.001,150,False,62.189369201660156,82.25926208496094,0.2766822874546051,0.1818181872367859,0.2929292917251587,0.4511784613132477
RotH,trial_001,7043,0.0003,256,32,12.0,1e-06,F2,0.005,200,False,35.54817199707031,54.2491569519043,0.24827149510383606,0.14141413569450378,0.24242424964904785,0.5185185074806213
RotH,trial_002,7044,0.003,1024,64,6.0,1e-06,N3,0.001,200,True,36.16943359375,36.77104187011719,0.22502554953098297,0.13131313025951385,0.19191919267177582,0.4612794518470764
RotH,trial_003,7045,0.001,256,128,0.0,0.0,F2,0.001,200,False,42.53156280517578,58.969696044921875,0.2556908130645752,0.14141413569450378,0.2525252401828766,0.5252525210380554
RotH,trial_004,7046,0.003,256,64,12.0,1e-05,N3,0.001,200,True,163.6710968017578,163.80471801757812,0.2703319191932678,0.1750841736793518,0.2794612646102905,0.48148149251937866
RotH,trial_005,7047,0.001,256,64,12.0,1e-05,F2,0.001,200,False,30.890365600585938,43.47474670410156,0.2546214461326599,0.1515151560306549,0.26599326729774475,0.4444444477558136
RotH,trial_006,7048,0.003,1024,64,6.0,1e-06,F2,0.005,200,True,36.079734802246094,37.54208755493164,0.22323590517044067,0.1346801370382309,0.20875421166419983,0.44781145453453064
RotH,trial_007,7049,0.0003,1024,32,0.0,0.0,N3,0.005,200,True,311.1960144042969,271.2659912109375,0.1942729949951172,0.09090909361839294,0.17171716690063477,0.4848484992980957
RotH,trial_008,7050,0.0003,512,64,0.0,0.0,F2,0.001,200,True,384.601318359375,333.4410705566406,0.15723975002765656,0.03703703731298447,0.16835017502307892,0.4781144857406616
RotH,trial_009,7051,0.001,512,128,12.0,1e-06,F2,0.005,200,False,721.8438720703125,602.9697265625,0.28299328684806824,0.17845118045806885,0.31313130259513855,0.4983164966106415
RotH,trial_010,7052,0.0003,512,64,0.0,1e-05,F2,0.001,200,True,38.83056640625,36.336700439453125,0.18338161706924438,0.09764309972524643,0.16835017502307892,0.38383838534355164
RotH,trial_011,7053,0.001,512,64,12.0,0.0,F2,0.001,200,False,551.365478515625,429.85858154296875,0.2834267020225525,0.17845118045806885,0.2996633052825928,0.5050504803657532
RotH,trial_012,7054,0.0003,256,64,6.0,0.0,F2,0.005,200,True,37.222591400146484,33.814815521240234,0.2123154252767563,0.12794612348079681,0.20202019810676575,0.3636363744735718
RotH,trial_013,7055,0.001,256,64,0.0,0.0,F2,0.001,200,True,35.00332260131836,27.65993309020996,0.2772632837295532,0.17171716690063477,0.2760942876338959,0.5016834735870361
RotH,trial_014,7056,0.001,1024,64,6.0,1e-06,F2,0.005,200,False,418.1096496582031,344.85858154296875,0.27962782979011536,0.1750841736793518,0.2861952781677246,0.5319865345954895
RotH,trial_015,7057,0.001,1024,64,6.0,1e-05,F2,0.001,200,False,41.26910400390625,56.094276428222656,0.25766292214393616,0.15488214790821075,0.24915824830532074,0.5286195278167725
RotH,trial_016,7058,0.001,512,32,6.0,1e-05,N3,0.005,200,True,29.451828002929688,37.508419036865234,0.3114120662212372,0.19528619945049286,0.3232323229312897,0.5656565427780151
RotH,trial_017,7059,0.0003,1024,64,6.0,1e-06,N3,0.005,200,False,1048.6910400390625,870.8248901367188,0.227498397231102,0.1750841736793518,0.23569023609161377,0.34343433380126953
RotH,trial_018,7060,0.0003,1024,128,6.0,1e-06,F2,0.005,200,True,899.2591552734375,721.919189453125,0.19318290054798126,0.17845118045806885,0.17845118045806885,0.17845118045806885
RotH,trial_019,7061,0.0003,512,64,0.0,1e-06,F2,0.005,200,False,312.60797119140625,285.1515197753906,0.2887025475502014,0.17845118045806885,0.30639731884002686,0.5218855142593384
RotH,trial_020,7062,0.001,512,64,12.0,0.0,N3,0.005,200,True,37.86046600341797,37.9595947265625,0.21641941368579865,0.12794612348079681,0.2053872048854828,0.42424243688583374
RotH,trial_021,7063,0.0003,256,128,6.0,1e-06,N3,0.001,200,False,473.16278076171875,408.11785888671875,0.2796393632888794,0.17845118045806885,0.2760942876338959,0.5319865345954895
RotH,trial_022,7064,0.0003,1024,32,6.0,1e-06,F2,0.001,200,False,838.7608032226562,716.4713745117188,0.2719036340713501,0.17845118045806885,0.2861952781677246,0.5286195278167725
RotH,trial_023,7065,0.001,512,32,6.0,0.0,F2,0.005,200,False,36.245845794677734,53.245792388916016,0.24378196895122528,0.14814814925193787,0.22558923065662384,0.4680134654045105
RotH,trial_024,7066,0.001,1024,32,12.0,1e-06,N3,0.005,200,True,37.53156280517578,39.723907470703125,0.22674021124839783,0.13804714381694794,0.23232322931289673,0.39393940567970276
RotH,trial_025,7067,0.001,1024,32,12.0,1e-05,F2,0.001,200,False,42.72425079345703,75.90235900878906,0.2573833465576172,0.16498316824436188,0.25925925374031067,0.4579124450683594
RotH,trial_026,7068,0.003,256,128,12.0,1e-05,F2,0.001,200,True,35.41196060180664,37.080806732177734,0.21820186078548431,0.12121212482452393,0.20875421166419983,0.44781145453453064
RotH,trial_027,7069,0.0003,1024,128,6.0,1e-06,F2,0.001,200,False,575.0897216796875,430.87542724609375,0.27730751037597656,0.17845118045806885,0.2626262605190277,0.5286195278167725
RotH,trial_028,7070,0.001,1024,32,12.0,1e-06,N3,0.001,200,False,35.8936882019043,44.25589370727539,0.2574346959590912,0.17845118045806885,0.2457912415266037,0.41750842332839966
RotH,trial_029,7071,0.0003,256,32,6.0,1e-05,F2,0.005,200,True,649.126220703125,502.2525329589844,0.27848750352859497,0.17845118045806885,0.2929292917251587,0.5185185074806213
RotH,trial_030,7072,0.001,256,32,12.0,0.0,F2,0.005,200,True,114.68106079101562,102.4612808227539,0.282783180475235,0.18855218589305878,0.26599326729774475,0.5387205481529236
RotH,trial_031,7073,0.0003,512,64,6.0,0.0,N3,0.005,200,False,26.225914001464844,31.8383846282959,0.25422653555870056,0.12457912415266037,0.2861952781677246,0.5218855142593384
RotH,trial_032,7074,0.0003,256,128,6.0,0.0,F2,0.001,200,False,932.8970336914062,743.0269165039062,0.2651808559894562,0.17845118045806885,0.2929292917251587,0.44107744097709656
RotH,trial_033,7075,0.0003,256,128,0.0,0.0,N3,0.001,200,False,26.777408599853516,34.60942840576172,0.2568451464176178,0.13131313025951385,0.2861952781677246,0.5286195278167725
RotH,trial_034,7076,0.003,512,32,12.0,1e-05,N3,0.005,200,False,69.34883880615234,89.58586120605469,0.17808936536312103,0.09090909361839294,0.20875421166419983,0.31313130259513855
RotH,trial_035,7077,0.0003,256,32,6.0,1e-06,N3,0.005,200,True,37.96677780151367,45.44444274902344,0.21933923661708832,0.12457912415266037,0.21212121844291687,0.44781145453453064
RotH,trial_036,7078,0.001,512,32,12.0,1e-05,F2,0.005,200,True,36.900333404541016,41.10437774658203,0.22168317437171936,0.10774410516023636,0.23232322931289673,0.4680134654045105
RotH,trial_037,7079,0.0003,256,64,0.0,1e-05,F2,0.005,200,True,38.634552001953125,32.80134582519531,0.21062825620174408,0.12794612348079681,0.19191919267177582,0.3905723989009857
RotH,trial_038,7080,0.0003,1024,128,12.0,1e-06,F2,0.001,200,False,2300.94677734375,2241.90234375,0.001225528889335692,0.0,0.0,0.0
RotH,trial_039,7081,0.0003,512,128,12.0,1e-06,F2,0.005,200,False,1942.431884765625,1761.693603515625,0.0018558696610853076,0.0,0.0,0.0
RotH,trial_040,7082,0.003,512,32,0.0,0.0,F2,0.005,200,True,35.8936882019043,37.17508316040039,0.23257404565811157,0.13804714381694794,0.23232322931289673,0.43097642064094543
RotH,trial_041,7083,0.003,1024,128,12.0,1e-05,N3,0.005,200,True,38.342193603515625,40.6767692565918,0.19586578011512756,0.11447811126708984,0.20202019810676575,0.3501683473587036
RotH,trial_042,7084,0.003,1024,64,0.0,1e-05,F2,0.005,200,True,50.31893539428711,43.08417510986328,0.1277160942554474,0.047138046473264694,0.11784511804580688,0.3232323229312897
RotH,trial_043,7085,0.003,512,64,6.0,1e-05,N3,0.005,200,False,34.13288879394531,50.66666793823242,0.26186278462409973,0.16161616146564484,0.27272728085517883,0.4680134654045105
RotH,trial_044,7086,0.0003,256,128,0.0,1e-05,F2,0.005,200,True,396.5182800292969,322.791259765625,0.16940273344516754,0.047138046473264694,0.16835017502307892,0.5185185074806213
RotH,trial_045,7087,0.001,512,32,6.0,0.0,F2,0.001,200,True,231.6312255859375,226.91246032714844,0.3012888431549072,0.19528619945049286,0.32996633648872375,0.5286195278167725
RotH,trial_046,7088,0.003,1024,32,0.0,1e-05,F2,0.001,200,True,37.15614700317383,35.93602752685547,0.23923556506633759,0.13804714381694794,0.2390572428703308,0.4579124450683594
RotH,trial_047,7089,0.001,1024,128,12.0,0.0,N3,0.005,200,True,50.225914001464844,54.88215637207031,0.27994826436042786,0.16498316824436188,0.2794612646102905,0.5555555820465088
RotH,trial_048,7090,0.0003,1024,64,6.0,0.0,F2,0.001,200,True,36.6910285949707,36.88215637207031,0.2265472710132599,0.13131313025951385,0.21885521709918976,0.4377104341983795
RotH,trial_049,7091,0.0003,256,64,0.0,1e-05,N3,0.005,200,True,38.98670959472656,33.61616134643555,0.19440411031246185,0.10437710583209991,0.17845118045806885,0.3905723989009857
RotH,trial_050,7092,0.003,512,64,12.0,0.0,F2,0.005,200,True,50.508304595947266,43.47138214111328,0.19046296179294586,0.12121212482452393,0.17845118045806885,0.34343433380126953
RotH,trial_051,7093,0.0003,512,128,6.0,0.0,F2,0.001,200,True,937.0963745117188,701.047119140625,0.19783630967140198,0.17845118045806885,0.17845118045806885,0.20202019810676575
RotH,trial_052,7094,0.001,1024,128,0.0,1e-06,N3,0.005,200,False,70.32890319824219,78.36026763916016,0.2732769250869751,0.16835017502307892,0.2693602740764618,0.5319865345954895
RotH,trial_053,7095,0.001,512,32,6.0,1e-06,F2,0.001,200,False,180.66445922851562,181.0370330810547,0.2835634648799896,0.17171716690063477,0.28956228494644165,0.5218855142593384
RotH,trial_054,7096,0.003,256,64,12.0,1e-06,F2,0.001,200,True,46.68438720703125,56.34343338012695,0.18787992000579834,0.11784511804580688,0.17845118045806885,0.33670035004615784
RotH,trial_055,7097,0.0003,256,64,12.0,1e-06,N3,0.005,200,True,275.3687744140625,249.67340087890625,0.15806140005588531,0.05723905563354492,0.1346801370382309,0.3905723989009857
RotH,trial_056,7098,0.001,1024,32,12.0,1e-05,N3,0.001,200,False,37.50165939331055,48.25925827026367,0.2265349179506302,0.14141413569450378,0.23569023609161377,0.4040403962135315
RotH,trial_057,7099,0.0003,256,128,6.0,1e-06,F2,0.001,200,True,36.62458419799805,35.643096923828125,0.22615297138690948,0.14141413569450378,0.20875421166419983,0.4276094138622284
RotH,trial_058,7100,0.001,256,128,6.0,0.0,N3,0.005,200,True,351.8205871582031,317.9292907714844,0.28444555401802063,0.17845118045806885,0.2996633052825928,0.5319865345954895
RotH,trial_059,7101,0.003,256,128,0.0,0.0,F2,0.001,200,True,35.40531539916992,37.20875549316406,0.2256028652191162,0.12457912415266037,0.21212121844291687,0.4848484992980957
RotH,trial_060,7102,0.0003,1024,32,12.0,1e-05,N3,0.005,200,False,1373.076416015625,1175.7845458984375,0.12475426495075226,0.06734006851911545,0.1515151560306549,0.2222222238779068
RotH,trial_061,7103,0.0003,256,64,6.0,0.0,F2,0.005,200,True,26.634552001953125,44.82154846191406,0.3019047677516937,0.18518517911434174,0.31986531615257263,0.5824915766716003
RotH,trial_062,7104,0.003,256,64,12.0,1e-06,F2,0.005,200,False,33.82059860229492,39.7508430480957,0.2653423547744751,0.16498316824436188,0.26599326729774475,0.4983164966106415
RotH,trial_063,7105,0.003,1024,128,0.0,0.0,F2,0.001,200,True,35.196014404296875,42.62963104248047,0.2214360535144806,0.12457912415266037,0.2053872048854828,0.4680134654045105
RotH,trial_064,7106,0.003,256,32,6.0,1e-05,N3,0.001,200,False,33.900333404541016,41.949493408203125,0.2642090618610382,0.16835017502307892,0.25589224696159363,0.49494948983192444
RotH,trial_065,7107,0.003,1024,64,12.0,0.0,N3,0.005,200,False,50.2923583984375,53.858585357666016,0.27897390723228455,0.1750841736793518,0.3097642958164215,0.4680134654045105
RotH,trial_066,7108,0.0003,512,128,0.0,0.0,F2,0.001,200,False,507.8106384277344,389.7845153808594,0.2883281111717224,0.17845118045806885,0.30639731884002686,0.5050504803657532
RotH,trial_067,7109,0.003,256,32,6.0,0.0,N3,0.001,200,True,48.37873840332031,41.92255783081055,0.2762763798236847,0.15488214790821075,0.30639731884002686,0.5286195278167725
RotH,trial_068,7110,0.001,1024,32,0.0,0.0,F2,0.001,200,False,34.53156280517578,47.99663162231445,0.2448965311050415,0.14814814925193787,0.24242424964904785,0.47138047218322754
RotH,trial_069,7111,0.003,512,128,0.0,0.0,N3,0.001,200,True,35.6445198059082,35.356903076171875,0.20654815435409546,0.10101009905338287,0.19528619945049286,0.4276094138622284
RotH,trial_070,7112,0.003,1024,64,0.0,1e-06,N3,0.005,200,False,35.72425079345703,43.707069396972656,0.2686377763748169,0.1750841736793518,0.2626262605190277,0.49494948983192444
RotH,trial_071,7113,0.003,512,32,0.0,0.0,F2,0.001,200,True,48.053157806396484,52.898990631103516,0.15929175913333893,0.06397306174039841,0.18855218589305878,0.3030303120613098
RotH,trial_072,7114,0.0003,256,128,12.0,0.0,F2,0.005,200,True,36.45515060424805,34.28282928466797,0.20532988011837006,0.11447811126708984,0.1986531913280487,0.4107744097709656
RotH,trial_073,7115,0.003,512,64,12.0,1e-06,N3,0.005,200,False,155.39866638183594,159.65992736816406,0.2683855891227722,0.1818181872367859,0.2794612646102905,0.44781145453453064
RotH,trial_074,7116,0.003,512,64,12.0,1e-05,N3,0.001,200,True,52.069766998291016,51.60606002807617,0.16124500334262848,0.09764309972524643,0.16161616146564484,0.2693602740764618
RotH,trial_075,7117,0.001,512,32,12.0,0.0,F2,0.001,200,False,37.85382080078125,66.83164978027344,0.28154873847961426,0.17845118045806885,0.29629629850387573,0.5117844939231873
RotH,trial_076,7118,0.003,512,128,12.0,0.0,F2,0.001,200,False,30.159467697143555,51.727272033691406,0.2813912332057953,0.18518517911434174,0.2760942876338959,0.49494948983192444
RotH,trial_077,7119,0.001,1024,32,12.0,1e-06,F2,0.005,200,False,35.43853759765625,73.88215637207031,0.2958633303642273,0.18855218589305878,0.30639731884002686,0.5286195278167725
RotH,trial_078,7120,0.0003,512,64,6.0,1e-05,N3,0.005,200,False,779.9767456054688,656.6060791015625,0.278463751077652,0.17845118045806885,0.28956228494644165,0.5252525210380554
RotH,trial_079,7121,0.0003,512,32,6.0,1e-05,N3,0.005,200,True,39.26578140258789,38.643096923828125,0.21925649046897888,0.13131313025951385,0.21885521709918976,0.41750842332839966
RotH,trial_080,7122,0.001,1024,32,0.0,0.0,F2,0.001,200,True,48.84385299682617,52.09090805053711,0.23610910773277283,0.12457912415266037,0.24242424964904785,0.48821547627449036
RotH,trial_082,7124,0.0003,1024,64,12.0,0.0,N3,0.005,200,True,422.923583984375,378.8316650390625,0.15772683918476105,0.03030303120613098,0.16161616146564484,0.4915824830532074
RotH,trial_083,7125,0.0003,256,32,0.0,1e-06,F2,0.005,200,True,38.69767379760742,34.838382720947266,0.227570578455925,0.14478114247322083,0.2222222238779068,0.3973063826560974
RotH,trial_085,7127,0.003,512,128,6.0,1e-06,F2,0.001,200,False,48.8770751953125,138.59259033203125,0.25633081793785095,0.1750841736793518,0.25589224696159363,0.41750842332839966
RotH,trial_086,7128,0.001,512,128,0.0,1e-06,F2,0.005,200,False,41.312294006347656,58.73064041137695,0.258426308631897,0.1515151560306549,0.27272728085517883,0.5117844939231873
RotH,trial_088,7130,0.003,512,32,0.0,1e-06,F2,0.001,200,False,33.538204193115234,45.2895622253418,0.2648756802082062,0.16161616146564484,0.2626262605190277,0.4781144857406616
RotH,trial_089,7131,0.001,512,32,6.0,1e-06,N3,0.001,200,True,47.87375259399414,45.97643280029297,0.27302175760269165,0.16498316824436188,0.2693602740764618,0.5218855142593384
RotH,trial_091,7133,0.0003,1024,128,6.0,0.0,N3,0.001,200,False,550.7142944335938,444.63299560546875,0.2827188968658447,0.17845118045806885,0.2929292917251587,0.5252525210380554
RotH,trial_092,7134,0.001,1024,128,6.0,1e-06,N3,0.005,200,False,566.5814208984375,492.8787841796875,0.28494152426719666,0.17845118045806885,0.28956228494644165,0.5084174871444702
RotH,trial_094,7136,0.003,512,64,12.0,1e-06,F2,0.005,200,True,39.073089599609375,38.82491683959961,0.22368164360523224,0.1346801370382309,0.21548821032047272,0.44107744097709656
RotH,trial_095,7137,0.003,512,128,0.0,0.0,F2,0.001,200,False,34.17275619506836,46.32659912109375,0.28471237421035767,0.19528619945049286,0.28956228494644165,0.4781144857406616
RotH,trial_097,7139,0.003,512,32,0.0,0.0,N3,0.005,200,False,44.906978607177734,49.79124450683594,0.22798025608062744,0.16161616146564484,0.21885521709918976,0.34343433380126953
RotH,trial_100,7142,0.0003,1024,32,0.0,1e-06,N3,0.005,200,True,37.358802795410156,36.95286178588867,0.23879078030586243,0.1515151560306549,0.2525252401828766,0.4040403962135315
RotH,trial_102,7144,0.003,512,128,6.0,1e-06,F2,0.005,200,True,32.774085998535156,38.19865417480469,0.299481064081192,0.18518517911434174,0.3265993297100067,0.5521885752677917
RotH,trial_103,7145,0.001,1024,64,12.0,1e-06,N3,0.005,200,False,37.073089599609375,58.11111068725586,0.2473416030406952,0.14814814925193787,0.23569023609161377,0.47138047218322754
RotH,trial_104,7146,0.0003,256,64,12.0,0.0,N3,0.001,200,False,293.0099792480469,286.4545593261719,0.2899252772331238,0.1750841736793518,0.31313130259513855,0.5218855142593384
RotH,trial_106,7148,0.001,512,64,6.0,0.0,F2,0.005,200,False,311.0265808105469,270.81146240234375,0.2890925407409668,0.1818181872367859,0.3164983093738556,0.5185185074806213
TransE,trial_000,1042,0.001,2048,64,12.0,0.0,F2,0.001,200,False,62.73421859741211,63.191917419433594,0.15432867407798767,0.0,0.20202019810676575,0.4545454680919647
TransE,trial_001,1043,0.003,256,128,12.0,1e-06,F2,0.001,200,False,38.538204193115234,37.53535461425781,0.21398083865642548,0.0875420868396759,0.24915824830532074,0.47138047218322754
TransE,trial_002,1044,0.0003,512,128,12.0,1e-06,F2,0.005,200,True,28.64784049987793,36.66666793823242,0.29294508695602417,0.18518517911434174,0.2996633052825928,0.558922529220581
TransE,trial_003,1045,0.0003,256,32,0.0,1e-06,N3,0.001,200,True,350.84716796875,292.0101013183594,0.2828950583934784,0.17845118045806885,0.2929292917251587,0.5117844939231873
TransE,trial_004,1046,0.001,512,64,6.0,0.0,F2,0.001,200,True,25.259136199951172,34.441078186035156,0.3123715817928314,0.19528619945049286,0.3468013405799866,0.5824915766716003
TransE,trial_005,1047,0.001,512,128,12.0,0.0,F2,0.005,200,True,230.7176055908203,199.3468017578125,0.20140105485916138,0.05387205258011818,0.2457912415266037,0.4915824830532074
TransE,trial_006,1048,0.0003,256,64,6.0,1e-06,F2,0.001,200,False,462.584716796875,412.16497802734375,0.2786705195903778,0.17845118045806885,0.28282827138900757,0.5084174871444702
TransE,trial_007,1049,0.0003,512,32,12.0,0.0,N3,0.001,200,False,32.23255920410156,46.54545593261719,0.27580350637435913,0.16835017502307892,0.2794612646102905,0.5218855142593384
TransE,trial_008,1050,0.001,1024,32,12.0,1e-06,N3,0.005,200,True,670.2890625,501.14141845703125,0.1668487787246704,0.0,0.23569023609161377,0.48148149251937866
TransE,trial_009,1051,0.001,512,32,0.0,0.0,N3,0.005,200,False,118.3687744140625,122.10437774658203,0.29745396971702576,0.1818181872367859,0.31986531615257263,0.5319865345954895
TransE,trial_010,1052,0.0003,256,32,0.0,1e-06,N3,0.005,200,True,332.8006591796875,307.9427490234375,0.2851565182209015,0.17845118045806885,0.3030303120613098,0.5016834735870361
TransE,trial_011,1053,0.0003,512,128,12.0,1e-06,F2,0.005,200,True,30.172758102416992,49.6700325012207,0.2835080921649933,0.16498316824436188,0.30639731884002686,0.5521885752677917
TransE,trial_012,1054,0.003,1024,32,12.0,1e-05,F2,0.005,200,True,32.196014404296875,30.356903076171875,0.27124422788619995,0.17845118045806885,0.2693602740764618,0.4983164966106415
TransE,trial_013,1055,0.003,512,32,6.0,1e-05,F2,0.001,200,False,51.249168395996094,67.45454406738281,0.1634359508752823,0.0,0.21548821032047272,0.4781144857406616
TransE,trial_014,1056,0.001,1024,128,6.0,1e-05,N3,0.005,200,True,861.906982421875,589.2120971679688,0.16395382583141327,0.0,0.2457912415266037,0.48148149251937866
TransE,trial_015,1057,0.0003,512,128,6.0,1e-05,F2,0.005,200,True,2468.348876953125,2216.71044921875,0.06788500398397446,0.0,0.1111111119389534,0.1750841736793518
TransE,trial_016,1058,0.0003,1024,128,12.0,0.0,F2,0.001,200,True,30.53156089782715,45.39057159423828,0.28974780440330505,0.1750841736793518,0.3164983093738556,0.5454545617103577
TransE,trial_017,1059,0.003,1024,64,6.0,0.0,F2,0.001,200,True,31.777408599853516,47.25925827026367,0.28197506070137024,0.17171716690063477,0.27272728085517883,0.5488215684890747
TransE,trial_018,1060,0.003,256,128,6.0,0.0,F2,0.001,200,False,32.3089714050293,53.306396484375,0.2738073170185089,0.16161616146564484,0.2929292917251587,0.5286195278167725
TransE,trial_019,1061,0.0003,256,32,0.0,0.0,N3,0.005,200,True,32.20930099487305,46.78114318847656,0.277400940656662,0.16498316824436188,0.27272728085517883,0.5521885752677917
TransE,trial_020,1062,0.003,1024,32,12.0,0.0,F2,0.001,200,True,32.57143020629883,51.969696044921875,0.26924607157707214,0.15488214790821075,0.2929292917251587,0.5185185074806213
TransE,trial_021,1063,0.001,256,32,6.0,1e-05,F2,0.005,200,True,67.60132598876953,95.4612808227539,0.2944149971008301,0.18518517911434174,0.3097642958164215,0.5353535413742065
TransE,trial_022,1064,0.003,512,32,6.0,1e-06,N3,0.001,200,False,147.3588104248047,137.96632385253906,0.28954771161079407,0.17845118045806885,0.3030303120613098,0.5016834735870361
TransE,trial_023,1065,0.003,512,32,12.0,1e-05,F2,0.005,200,True,31.59136199951172,50.55555725097656,0.28141722083091736,0.16835017502307892,0.28956228494644165,0.558922529220581
TransE,trial_024,1066,0.001,1024,128,6.0,1e-06,N3,0.001,200,True,860.1760864257812,688.58251953125,0.15661311149597168,0.0,0.2222222238779068,0.44107744097709656
TransE,trial_025,1067,0.003,512,64,0.0,1e-06,F2,0.001,200,True,31.3853816986084,48.97306442260742,0.28215333819389343,0.16835017502307892,0.28956228494644165,0.5488215684890747
TransE,trial_026,1068,0.0003,1024,128,6.0,1e-05,N3,0.005,200,True,3452.421875,3502.16845703125,0.0050739203579723835,0.0,0.003367003286257386,0.010101010091602802
TransE,trial_027,1069,0.0003,1024,32,12.0,1e-05,F2,0.005,200,True,4849.11279296875,4958.5185546875,0.0002986505860462785,0.0,0.0,0.0
TransE,trial_028,1070,0.001,512,64,12.0,1e-06,N3,0.001,200,True,31.607973098754883,49.73064041137695,0.2789761424064636,0.17171716690063477,0.27272728085517883,0.5555555820465088
TransE,trial_029,1071,0.0003,256,64,6.0,1e-06,F2,0.005,200,False,33.8139533996582,39.491580963134766,0.2672540545463562,0.1582491546869278,0.2693602740764618,0.5185185074806213
TransE,trial_030,1072,0.0003,512,128,0.0,0.0,N3,0.001,200,True,892.8172607421875,631.1851806640625,0.16416741907596588,0.0,0.23232322931289673,0.49494948983192444
TransE,trial_031,1073,0.0003,512,128,0.0,0.0,N3,0.005,200,False,32.47508239746094,41.7104377746582,0.2800208330154419,0.17171716690063477,0.30639731884002686,0.5084174871444702
TransE,trial_032,1074,0.001,512,128,6.0,0.0,F2,0.005,200,True,571.0299072265625,506.48486328125,0.16667719185352325,0.0,0.2289562225341797,0.4915824830532074
TransE,trial_033,1075,0.0003,256,32,12.0,1e-05,F2,0.005,200,False,6484.28564453125,6688.7607421875,0.00018670110148377717,0.0,0.0,0.0
TransE,trial_034,1076,0.001,256,64,6.0,0.0,F2,0.001,200,True,100.2026596069336,114.44781494140625,0.28566986322402954,0.1818181872367859,0.2929292917251587,0.5218855142593384
TransE,trial_035,1077,0.003,256,32,12.0,1e-05,N3,0.005,200,False,45.05647659301758,45.25925827026367,0.2332959622144699,0.14478114247322083,0.25589224696159363,0.40740740299224854
TransE,trial_036,1078,0.0003,256,64,6.0,0.0,N3,0.001,200,False,4606.17626953125,5088.16845703125,0.0004797381698153913,0.0,0.0,0.0
TransE,trial_037,1079,0.003,1024,32,6.0,0.0,F2,0.001,200,False,35.42192840576172,54.50505065917969,0.21841923892498016,0.09764309972524643,0.23569023609161377,0.48821547627449036
TransE,trial_038,1080,0.0003,256,64,6.0,0.0,N3,0.001,200,False,34.40199279785156,43.508419036865234,0.3082817792892456,0.20202019810676575,0.3164983093738556,0.5521885752677917
TransE,trial_039,1081,0.003,1024,128,0.0,0.0,N3,0.001,200,True,30.488372802734375,45.37036895751953,0.29889240860939026,0.18855218589305878,0.3097642958164215,0.5319865345954895
TransE,trial_040,1082,0.003,256,32,6.0,1e-06,F2,0.001,200,False,61.757476806640625,83.09091186523438,0.1939249187707901,0.12457912415266037,0.1986531913280487,0.31986531615257263
TransE,trial_041,1083,0.003,256,32,6.0,1e-05,N3,0.001,200,False,32.00996780395508,40.101009368896484,0.26696041226387024,0.1582491546869278,0.2626262605190277,0.5387205481529236
TransE,trial_042,1084,0.003,1024,64,12.0,1e-06,F2,0.005,200,True,31.55813980102539,50.2895622253418,0.28085094690322876,0.16498316824436188,0.28956228494644165,0.5420875549316406
TransE,trial_043,1085,0.001,512,128,6.0,1e-05,F2,0.001,200,True,212.63787841796875,205.2626190185547,0.2166094332933426,0.08080808073282242,0.2457912415266037,0.5050504803657532
TransE,trial_044,1086,0.0003,512,32,12.0,1e-05,F2,0.001,200,True,485.940185546875,418.1548767089844,0.25173312425613403,0.14478114247322083,0.26599326729774475,0.4848484992980957
TransE,trial_045,1087,0.0003,1024,32,12.0,1e-05,F2,0.001,200,True,35.61129379272461,55.9427604675293,0.27959638833999634,0.17845118045806885,0.2794612646102905,0.48821547627449036
TransE,trial_046,1088,0.0003,512,128,6.0,1e-06,F2,0.005,200,False,31.71096420288086,46.232322692871094,0.29147017002105713,0.1818181872367859,0.28956228494644165,0.5521885752677917
TransE,trial_047,1089,0.003,512,128,12.0,0.0,N3,0.001,200,True,31.285715103149414,40.114479064941406,0.26689431071281433,0.16835017502307892,0.2693602740764618,0.4612794518470764
TransE,trial_048,1090,0.003,1024,64,6.0,1e-05,F2,0.005,200,True,146.4717559814453,165.0134735107422,0.17196296155452728,0.0,0.23232322931289673,0.4680134654045105
TransE,trial_049,1091,0.003,512,128,6.0,1e-05,F2,0.005,200,False,36.86378860473633,56.73064041137695,0.16968636214733124,0.033670034259557724,0.20202019810676575,0.46464645862579346
TransE,trial_050,1092,0.001,256,32,0.0,0.0,F2,0.001,200,True,32.86711120605469,51.06397247314453,0.27952882647514343,0.16835017502307892,0.2861952781677246,0.5286195278167725
TransE,trial_051,1093,0.001,256,64,0.0,0.0,F2,0.005,200,True,31.953489303588867,44.7508430480957,0.29148590564727783,0.19528619945049286,0.28956228494644165,0.49494948983192444
TransE,trial_052,1094,0.001,512,128,0.0,1e-05,F2,0.005,200,True,227.10299682617188,218.55218505859375,0.20476049184799194,0.06734006851911545,0.22558923065662384,0.4983164966106415
TransE,trial_053,1095,0.001,1024,64,0.0,1e-05,N3,0.005,200,False,34.3089714050293,49.296295166015625,0.27099713683128357,0.17171716690063477,0.2626262605190277,0.5319865345954895
TransE,trial_054,1096,0.0003,256,32,0.0,1e-05,F2,0.005,200,True,32.196014404296875,49.66666793823242,0.2793187201023102,0.1750841736793518,0.27272728085517883,0.558922529220581
TransE,trial_055,1097,0.0003,512,64,0.0,1e-05,F2,0.005,200,True,31.827241897583008,49.2491569519043,0.281516969203949,0.1750841736793518,0.2794612646102905,0.5387205481529236
TransE,trial_056,1098,0.003,256,128,6.0,1e-05,N3,0.005,200,False,49.56478500366211,55.19528579711914,0.16378025710582733,0.06060606241226196,0.2053872048854828,0.3265993297100067
TransE,trial_057,1099,0.001,512,32,0.0,1e-05,N3,0.001,200,True,100.43189239501953,97.13468170166016,0.2835407853126526,0.17845118045806885,0.2861952781677246,0.5420875549316406
TransE,trial_058,1100,0.003,1024,128,6.0,0.0,F2,0.005,200,True,33.68438720703125,57.91245651245117,0.2774938642978668,0.16835017502307892,0.27272728085517883,0.5319865345954895
TransE,trial_059,1101,0.0003,512,128,0.0,1e-06,N3,0.005,200,True,760.1727294921875,611.4276123046875,0.16851259768009186,0.0,0.2525252401828766,0.4747474789619446
TransE,trial_060,1102,0.003,1024,128,6.0,0.0,N3,0.005,200,False,57.11960220336914,74.51515197753906,0.29688185453414917,0.19191919267177582,0.3097642958164215,0.5488215684890747
TransE,trial_061,1103,0.0003,1024,128,6.0,1e-05,F2,0.005,200,False,2708.750732421875,2638.57568359375,0.0005507831228896976,0.0,0.0,0.0
TransE,trial_062,1104,0.001,512,32,12.0,0.0,F2,0.001,200,False,921.3953247070312,789.5892333984375,0.24113336205482483,0.17845118045806885,0.28956228494644165,0.36026936769485474
TransE,trial_063,1105,0.001,512,32,12.0,1e-06,F2,0.005,200,False,35.59136199951172,36.050506591796875,0.2383360117673874,0.11784511804580688,0.27272728085517883,0.4848484992980957
TransE,trial_064,1106,0.0003,1024,128,0.0,1e-06,F2,0.005,200,True,1024.501708984375,824.6834716796875,0.15467120707035065,0.0,0.2390572428703308,0.43097642064094543
TransE,trial_065,1107,0.001,512,32,0.0,1e-05,F2,0.001,200,True,31.837209701538086,49.97643280029297,0.28340083360671997,0.1750841736793518,0.2861952781677246,0.5521885752677917
TransE,trial_066,1108,0.003,256,64,6.0,0.0,N3,0.001,200,True,105.09634399414062,115.38720703125,0.2815138101577759,0.17845118045806885,0.28282827138900757,0.5016834735870361
TransE,trial_067,1109,0.003,512,128,12.0,0.0,F2,0.005,200,True,31.428571701049805,46.29966354370117,0.291868656873703,0.20202019810676575,0.29629629850387573,0.4983164966106415
TransE,trial_068,1110,0.003,512,128,12.0,1e-06,F2,0.005,200,True,31.00332260131836,47.4040412902832,0.28601935505867004,0.1818181872367859,0.2861952781677246,0.5353535413742065
TransE,trial_069,1111,0.003,512,128,0.0,1e-05,N3,0.001,200,False,36.59136199951172,58.808082580566406,0.16669581830501556,0.033670034259557724,0.17845118045806885,0.4511784613132477
TransE,trial_070,1112,0.001,256,32,0.0,0.0,N3,0.001,200,False,32.56146240234375,49.06397247314453,0.287487268447876,0.1818181872367859,0.2929292917251587,0.5353535413742065
TransE,trial_071,1113,0.0003,1024,32,6.0,1e-06,F2,0.005,200,False,591.2757568359375,483.1481628417969,0.23253245651721954,0.1346801370382309,0.2457912415266037,0.44781145453453064
TransE,trial_072,1114,0.003,512,128,0.0,0.0,N3,0.005,200,False,37.750831604003906,53.9831657409668,0.28278470039367676,0.17171716690063477,0.28956228494644165,0.5521885752677917
TransE,trial_073,1115,0.001,256,32,12.0,0.0,N3,0.001,200,False,37.049835205078125,51.83164978027344,0.23499467968940735,0.1346801370382309,0.2457912415266037,0.4612794518470764
TransE,trial_074,1116,0.0003,512,32,12.0,1e-05,F2,0.001,200,False,6272.51513671875,6510.0908203125,0.0002824321563821286,0.0,0.0,0.0
TransE,trial_075,1117,0.001,1024,32,6.0,0.0,N3,0.005,200,False,32.97674560546875,48.37373733520508,0.2766339182853699,0.16835017502307892,0.3030303120613098,0.5016834735870361
TransE,trial_076,1118,0.003,256,128,6.0,1e-06,F2,0.005,200,False,218.26577758789062,247.3198699951172,0.282479852437973,0.17845118045806885,0.2929292917251587,0.5117844939231873
TransE,trial_077,1119,0.0003,512,32,6.0,1e-06,F2,0.001,200,False,33.11627960205078,38.23905563354492,0.26701030135154724,0.16161616146564484,0.2760942876338959,0.4848484992980957
TransE,trial_078,1120,0.0003,1024,128,6.0,1e-05,N3,0.005,200,False,5170.17919921875,5613.669921875,0.00027049588970839977,0.0,0.0,0.0
TransE,trial_079,1121,0.0003,256,64,6.0,1e-06,F2,0.001,200,True,23.784053802490234,31.400672912597656,0.313801109790802,0.18855218589305878,0.3501683473587036,0.5824915766716003
TransE,trial_080,1122,0.003,1024,128,12.0,1e-06,F2,0.001,200,True,31.730897903442383,30.303030014038086,0.2582693099975586,0.16835017502307892,0.2390572428703308,0.4545454680919647
TransE,trial_081,1123,0.0003,256,32,12.0,0.0,F2,0.005,200,False,270.093017578125,260.9292907714844,0.28533652424812317,0.17845118045806885,0.28956228494644165,0.5185185074806213
TransE,trial_082,1124,0.003,1024,32,0.0,0.0,F2,0.001,200,False,32.55149459838867,43.30976486206055,0.26941895484924316,0.16498316824436188,0.2693602740764618,0.4983164966106415
TransE,trial_083,1125,0.0003,1024,64,0.0,0.0,F2,0.001,200,False,1482.4884033203125,1358.1380615234375,0.0019717090763151646,0.0,0.0,0.0
TransE,trial_084,1126,0.003,512,64,6.0,1e-05,F2,0.005,200,True,27.56478500366211,35.84511947631836,0.29880157113075256,0.19528619945049286,0.3030303120613098,0.5218855142593384
TransE,trial_085,1127,0.0003,256,128,12.0,0.0,N3,0.005,200,False,34.215946197509766,46.67340087890625,0.25429898500442505,0.16498316824436188,0.2289562225341797,0.5117844939231873
TransE,trial_086,1128,0.001,512,32,12.0,1e-06,F2,0.005,200,True,98.54485321044922,119.2727279663086,0.28496053814888,0.17845118045806885,0.29629629850387573,0.5319865345954895
TransE,trial_087,1129,0.0003,1024,32,12.0,1e-05,N3,0.001,200,True,671.584716796875,492.06396484375,0.1700475960969925,0.0,0.2390572428703308,0.4680134654045105
TransE,trial_088,1130,0.001,1024,32,6.0,0.0,N3,0.005,200,False,38.62458419799805,42.6531982421875,0.18976974487304688,0.02693602629005909,0.2525252401828766,0.5084174871444702
TransE,trial_089,1131,0.003,512,32,6.0,1e-05,N3,0.005,200,True,96.85382080078125,88.2727279663086,0.285091370344162,0.1750841736793518,0.3030303120613098,0.5252525210380554
TransE,trial_090,1132,0.003,1024,32,12.0,1e-05,N3,0.001,200,False,32.54484939575195,45.723907470703125,0.27666035294532776,0.1750841736793518,0.27272728085517883,0.5286195278167725
TransE,trial_091,1133,0.0003,256,64,6.0,1e-06,N3,0.001,200,False,441.6976623535156,365.7272644042969,0.2840385437011719,0.17845118045806885,0.30639731884002686,0.5050504803657532
TransE,trial_092,1134,0.003,1024,64,12.0,1e-05,F2,0.001,200,True,31.255813598632812,46.39393997192383,0.2847026586532593,0.1750841736793518,0.29629629850387573,0.5286195278167725
TransE,trial_093,1135,0.001,512,32,6.0,0.0,F2,0.001,200,True,112.80731201171875,122.64309692382812,0.28208839893341064,0.16835017502307892,0.30639731884002686,0.5319865345954895
TransE,trial_094,1136,0.0003,1024,64,0.0,1e-06,F2,0.005,200,True,801.6411743164062,609.5791015625,0.16821087896823883,0.0,0.24242424964904785,0.4781144857406616
TransE,trial_095,1137,0.003,1024,32,0.0,1e-06,N3,0.001,200,False,32.17607879638672,47.838382720947266,0.27328649163246155,0.16498316824436188,0.2794612646102905,0.5185185074806213
TransE,trial_096,1138,0.0003,1024,64,0.0,1e-06,N3,0.005,200,False,34.08970260620117,48.52188491821289,0.27755385637283325,0.16161616146564484,0.30639731884002686,0.4781144857406616
TransE,trial_097,1139,0.003,1024,32,6.0,0.0,N3,0.001,200,True,25.684385299682617,31.107744216918945,0.2946554124355316,0.1818181872367859,0.3097642958164215,0.5252525210380554
TransE,trial_098,1140,0.001,512,64,6.0,1e-06,N3,0.005,200,False,211.44186401367188,214.0437774658203,0.28833937644958496,0.17845118045806885,0.30639731884002686,0.5117844939231873
TransE,trial_099,1141,0.0003,512,128,12.0,1e-05,N3,0.001,200,True,927.5814208984375,640.8013305664062,0.1635303795337677,0.0,0.21212121844291687,0.5016834735870361
TransE,trial_100,1142,0.003,1024,32,0.0,0.0,N3,0.005,200,False,32.641197204589844,44.86868667602539,0.2708757221698761,0.16161616146564484,0.27272728085517883,0.5218855142593384
TransE,trial_101,1143,0.0003,512,128,12.0,1e-05,F2,0.005,200,False,31.607973098754883,42.47138214111328,0.29173654317855835,0.18518517911434174,0.2996633052825928,0.5454545617103577
TransE,trial_102,1144,0.003,512,128,6.0,1e-05,F2,0.001,200,True,32.05647659301758,52.14478302001953,0.26679089665412903,0.15488214790821075,0.24915824830532074,0.5488215684890747
TransE,trial_103,1145,0.0003,1024,64,6.0,0.0,F2,0.001,200,True,861.4949951171875,719.9427490234375,0.16745306551456451,0.0,0.23232322931289673,0.5050504803657532
TransE,trial_104,1146,0.0003,256,32,12.0,1e-05,N3,0.005,200,True,27.833887100219727,32.92929458618164,0.27965033054351807,0.1818181872367859,0.2693602740764618,0.5117844939231873
TransE,trial_105,1147,0.003,256,32,12.0,0.0,F2,0.005,200,True,31.777408599853516,45.33333206176758,0.2832687795162201,0.17845118045806885,0.2760942876338959,0.5622895359992981
TransE,trial_106,1148,0.003,1024,32,6.0,1e-06,F2,0.001,200,True,26.980066299438477,36.0976448059082,0.30489814281463623,0.18518517911434174,0.3265993297100067,0.5555555820465088
TransE,trial_107,1149,0.001,256,64,12.0,1e-05,N3,0.001,200,True,31.830564498901367,45.02693557739258,0.27336734533309937,0.1582491546869278,0.2996633052825928,0.5353535413742065
TransE,trial_108,1150,0.001,256,32,0.0,1e-05,N3,0.005,200,True,65.67109680175781,85.85521697998047,0.28917238116264343,0.1818181872367859,0.30639731884002686,0.5252525210380554
TransE,trial_109,1151,0.001,512,32,0.0,0.0,N3,0.005,200,True,31.930233001708984,43.245792388916016,0.2746022641658783,0.16835017502307892,0.28282827138900757,0.5353535413742065
TransE,trial_110,1152,0.001,1024,128,0.0,1e-05,F2,0.001,200,True,30.4916934967041,46.356903076171875,0.28442275524139404,0.16498316824436188,0.29629629850387573,0.5387205481529236
TransE,trial_111,1153,0.003,512,64,0.0,0.0,N3,0.005,200,True,31.634552001953125,48.693603515625,0.2902388870716095,0.17845118045806885,0.29629629850387573,0.5488215684890747
TransE,trial_112,1154,0.0003,512,32,6.0,1e-05,F2,0.001,200,True,1662.9468994140625,1473.0909423828125,0.11130180954933167,0.0,0.20875421166419983,0.25589224696159363
TransE,trial_113,1155,0.003,512,64,12.0,0.0,N3,0.001,200,True,31.877077102661133,49.121212005615234,0.2839597165584564,0.17845118045806885,0.28282827138900757,0.5656565427780151
TransE,trial_114,1156,0.0003,1024,64,0.0,1e-06,N3,0.001,200,True,31.478404998779297,46.4040412902832,0.27856919169425964,0.17171716690063477,0.27272728085517883,0.5387205481529236
TransE,trial_115,1157,0.003,512,128,0.0,1e-06,N3,0.001,200,True,30.362125396728516,44.53535461425781,0.2938370108604431,0.18518517911434174,0.31313130259513855,0.5252525210380554
TransE,trial_116,1158,0.0003,1024,64,6.0,1e-06,F2,0.001,200,False,5767.54833984375,5891.8115234375,0.0006591310375370085,0.0,0.0,0.0
TransE,trial_117,1159,0.0003,512,64,0.0,0.0,N3,0.005,200,True,594.8338623046875,517.646484375,0.17057451605796814,0.0,0.2390572428703308,0.4747474789619446
TransE,trial_118,1160,0.0003,256,64,6.0,0.0,F2,0.005,200,False,427.16278076171875,341.1144714355469,0.2852529287338257,0.17845118045806885,0.30639731884002686,0.5151515007019043
TransE,trial_119,1161,0.001,1024,128,12.0,1e-05,N3,0.005,200,True,30.186046600341797,47.49494934082031,0.28767433762550354,0.1750841736793518,0.2996633052825928,0.5454545617103577
TransE,trial_120,1162,0.001,512,128,12.0,1e-06,F2,0.005,200,False,308.68438720703125,270.8148193359375,0.2868046164512634,0.17845118045806885,0.30639731884002686,0.5151515007019043
TransE,trial_121,1163,0.0003,256,64,6.0,1e-05,F2,0.001,200,True,31.870431900024414,46.4040412902832,0.2803603708744049,0.16835017502307892,0.2794612646102905,0.5555555820465088
TransE,trial_122,1164,0.003,512,128,12.0,1e-05,N3,0.005,200,False,38.777408599853516,59.232322692871094,0.2878924608230591,0.16498316824436188,0.31986531615257263,0.5387205481529236
TransE,trial_123,1165,0.003,1024,32,12.0,0.0,F2,0.001,200,False,35.96677780151367,57.9831657409668,0.20503494143486023,0.08080808073282242,0.20875421166419983,0.5151515007019043
TransE,trial_124,1166,0.0003,1024,32,6.0,1e-05,N3,0.001,200,True,29.514949798583984,41.3468017578125,0.2941725254058838,0.17845118045806885,0.3164983093738556,0.5488215684890747
TransE,trial_125,1167,0.001,512,32,0.0,1e-06,F2,0.001,200,False,32.687705993652344,49.45791244506836,0.27204644680023193,0.16498316824436188,0.28282827138900757,0.4915824830532074
TransE,trial_126,1168,0.003,1024,64,12.0,0.0,N3,0.005,200,False,40.03654479980469,58.06397247314453,0.2207188904285431,0.13131313025951385,0.23232322931289673,0.38383838534355164
TransE,trial_127,1169,0.0003,1024,128,12.0,1e-05,F2,0.005,200,True,45.84053039550781,64.63973236083984,0.2546505630016327,0.16835017502307892,0.2222222238779068,0.4983164966106415
TransE,trial_128,1170,0.001,256,32,12.0,1e-05,N3,0.001,200,False,31.79401969909668,47.82491683959961,0.28213900327682495,0.17845118045806885,0.26599326729774475,0.5185185074806213
TransE,trial_129,1171,0.0003,256,32,0.0,1e-05,F2,0.001,200,False,33.40199279785156,41.75757598876953,0.282128244638443,0.16835017502307892,0.28956228494644165,0.558922529220581
TransE,trial_130,1172,0.003,1024,64,12.0,0.0,F2,0.001,200,False,35.607975006103516,53.407405853271484,0.27494457364082336,0.16498316824436188,0.2861952781677246,0.5387205481529236
TransE,trial_131,1173,0.003,1024,32,12.0,1e-05,F2,0.001,200,True,32.28239059448242,53.7104377746582,0.2712472677230835,0.1515151560306549,0.2861952781677246,0.5353535413742065
TransE,trial_132,1174,0.0003,512,64,6.0,1e-06,N3,0.001,200,True,571.3355712890625,578.3905639648438,0.16930118203163147,0.0,0.23232322931289673,0.4915824830532074
TransE,trial_133,1175,0.003,256,128,12.0,1e-05,N3,0.001,200,True,223.5382080078125,160.35353088378906,0.16866366565227509,0.0,0.22558923065662384,0.47138047218322754
TransE,trial_134,1176,0.001,512,128,6.0,0.0,N3,0.005,200,False,39.03986740112305,39.75757598876953,0.16110679507255554,0.0,0.23569023609161377,0.44107744097709656
TransE,trial_135,1177,0.001,1024,32,0.0,0.0,F2,0.001,200,False,171.87374877929688,166.6801300048828,0.2914409041404724,0.17845118045806885,0.3232323229312897,0.5387205481529236
TransE,trial_136,1178,0.003,1024,32,12.0,0.0,N3,0.005,200,False,251.46511840820312,235.24916076660156,0.28700247406959534,0.17845118045806885,0.30639731884002686,0.5117844939231873
TransE,trial_137,1179,0.001,1024,64,0.0,1e-06,N3,0.005,200,False,264.5647888183594,249.61952209472656,0.2866499423980713,0.17845118045806885,0.2996633052825928,0.5218855142593384
TransE,trial_138,1180,0.003,1024,64,12.0,1e-05,F2,0.005,200,True,30.242525100708008,37.81144714355469,0.2672213017940521,0.1750841736793518,0.2626262605190277,0.46464645862579346
TransE,trial_139,1181,0.0003,512,32,12.0,1e-05,N3,0.001,200,False,368.19268798828125,318.6801452636719,0.2860022187232971,0.17845118045806885,0.28956228494644165,0.5353535413742065
TransE,trial_140,1182,0.003,512,64,6.0,1e-06,N3,0.005,200,True,31.465116500854492,48.83164978027344,0.2896142899990082,0.18518517911434174,0.27272728085517883,0.5454545617103577
TransE,trial_141,1183,0.003,512,32,0.0,1e-06,F2,0.001,200,True,33.32558059692383,47.9023551940918,0.2742563784122467,0.16498316824436188,0.2929292917251587,0.48821547627449036
TransE,trial_142,1184,0.003,256,64,0.0,0.0,N3,0.005,200,True,31.328903198242188,49.592594146728516,0.290338933467865,0.1818181872367859,0.28956228494644165,0.558922529220581
TransE,trial_143,1185,0.0003,256,32,6.0,1e-06,N3,0.005,200,True,31.8006649017334,46.946128845214844,0.2806250751018524,0.1750841736793518,0.2693602740764618,0.5656565427780151
TransE,trial_144,1186,0.0003,256,64,12.0,0.0,F2,0.001,200,True,26.368770599365234,29.747474670410156,0.2974623739719391,0.18518517911434174,0.3030303120613098,0.5488215684890747
TransE,trial_145,1187,0.001,512,64,6.0,0.0,F2,0.005,200,True,442.3721008300781,337.1515197753906,0.17137597501277924,0.0,0.23569023609161377,0.4848484992980957
TransE,trial_146,1188,0.003,1024,64,6.0,1e-05,N3,0.001,200,True,31.8006649017334,50.407405853271484,0.28222307562828064,0.16835017502307892,0.2996633052825928,0.5319865345954895
TransE,trial_147,1189,0.003,256,128,12.0,1e-06,F2,0.005,200,True,33.0166130065918,47.06060791015625,0.2983255386352539,0.19191919267177582,0.3164983093738556,0.4983164966106415
TransE,trial_148,1190,0.001,1024,64,12.0,0.0,N3,0.001,200,False,1601.5814208984375,1532.9898681640625,0.0009126599761657417,0.0,0.0,0.0
TransE,trial_149,1191,0.0003,512,64,12.0,1e-06,N3,0.005,200,True,28.156147003173828,31.11111068725586,0.2911185622215271,0.18518517911434174,0.2861952781677246,0.558922529220581
TransE,trial_150,1192,0.0003,256,32,0.0,0.0,F2,0.005,200,False,32.97342300415039,38.12794494628906,0.2787156403064728,0.17171716690063477,0.27272728085517883,0.5420875549316406
TransE,trial_151,1193,0.003,256,128,6.0,0.0,N3,0.005,200,False,197.71096801757812,200.6498260498047,0.28592607378959656,0.17845118045806885,0.29629629850387573,0.5151515007019043
TransE,trial_152,1194,0.003,256,64,6.0,1e-05,N3,0.001,200,True,34.98006820678711,46.205387115478516,0.2857949733734131,0.18855218589305878,0.28956228494644165,0.4915824830532074
TransE,trial_153,1195,0.001,1024,128,12.0,0.0,N3,0.005,200,False,37.28903579711914,44.86868667602539,0.2140691727399826,0.08417508751153946,0.24242424964904785,0.46464645862579346
TransE,trial_154,1196,0.0003,512,32,6.0,1e-05,N3,0.001,200,False,38.049835205078125,44.37373733520508,0.2972111999988556,0.19528619945049286,0.2996633052825928,0.5218855142593384
TransE,trial_155,1197,0.003,256,32,6.0,1e-05,F2,0.001,200,True,39.053157806396484,51.92255783081055,0.2550647258758545,0.16161616146564484,0.27272728085517883,0.4343434274196625
TransE,trial_156,1198,0.0003,512,128,6.0,1e-05,N3,0.001,200,True,25.488372802734375,35.767677307128906,0.3035956025123596,0.18518517911434174,0.31986531615257263,0.5892255902290344
TransE,trial_157,1199,0.003,256,64,6.0,1e-06,N3,0.005,200,True,34.6013298034668,44.16835021972656,0.2953013777732849,0.20875421166419983,0.29629629850387573,0.48148149251937866
TransE,trial_158,1200,0.003,256,128,6.0,0.0,F2,0.001,200,True,28.541528701782227,37.010101318359375,0.2768515646457672,0.1818181872367859,0.2760942876338959,0.4612794518470764
TransE,trial_159,1201,0.0003,1024,128,12.0,1e-06,F2,0.005,200,True,41.73754119873047,49.71717071533203,0.2534414231777191,0.16498316824436188,0.21885521709918976,0.5050504803657532
TransE,trial_160,1202,0.001,256,32,0.0,1e-06,N3,0.001,200,True,73.69435119628906,102.63299560546875,0.2881512939929962,0.17845118045806885,0.30639731884002686,0.5387205481529236
TransE,trial_161,1203,0.001,1024,128,0.0,0.0,N3,0.005,200,True,30.40863800048828,48.441078186035156,0.2971931993961334,0.1818181872367859,0.3232323229312897,0.5488215684890747
TransE,trial_162,1204,0.0003,512,64,12.0,1e-06,N3,0.005,200,False,687.956787109375,540.3770751953125,0.2408502697944641,0.16161616146564484,0.26599326729774475,0.4343434274196625
TransE,trial_163,1205,0.003,1024,64,12.0,1e-06,N3,0.001,200,True,31.744186401367188,48.92929458618164,0.2913978099822998,0.18518517911434174,0.3097642958164215,0.5218855142593384
TransE,trial_164,1206,0.003,512,64,0.0,1e-05,F2,0.005,200,False,35.897010803222656,46.2491569519043,0.228659987449646,0.12121212482452393,0.2289562225341797,0.4680134654045105
TransE,trial_165,1207,0.0003,1024,32,12.0,1e-05,F2,0.001,200,True,717.6876831054688,520.19189453125,0.16668936610221863,0.0,0.22558923065662384,0.48148149251937866
TransE,trial_166,1208,0.003,512,64,0.0,1e-05,F2,0.005,200,True,31.870431900024414,51.56229019165039,0.2688699960708618,0.1515151560306549,0.2996633052825928,0.48821547627449036
TransE,trial_167,1209,0.001,512,64,0.0,0.0,N3,0.005,200,True,152.31893920898438,153.67677307128906,0.2806669771671295,0.17845118045806885,0.2929292917251587,0.5286195278167725
TransE,trial_168,1210,0.001,512,64,0.0,1e-05,F2,0.001,200,False,34.71096420288086,53.82491683959961,0.26748982071876526,0.16498316824436188,0.27272728085517883,0.49494948983192444
TransE,trial_169,1211,0.003,512,64,12.0,0.0,F2,0.001,200,True,32.049835205078125,36.82491683959961,0.27761197090148926,0.17845118045806885,0.28282827138900757,0.4983164966106415
TransE,trial_170,1212,0.0003,256,128,0.0,1e-06,N3,0.005,200,False,3934.521484375,4252.111328125,0.00113908969797194,0.0,0.0,0.0
TransE,trial_171,1213,0.003,1024,64,0.0,1e-06,F2,0.001,200,False,40.25913619995117,62.39057159423828,0.20827451348304749,0.11784511804580688,0.20875421166419983,0.41750842332839966
TransE,trial_172,1214,0.001,256,128,12.0,1e-05,F2,0.001,200,True,706.033203125,507.0505065917969,0.16619691252708435,0.0,0.24242424964904785,0.47138047218322754
TransE,trial_173,1215,0.001,512,32,0.0,1e-06,N3,0.005,200,True,92.83056640625,124.56228637695312,0.2925582230091095,0.18855218589305878,0.29629629850387573,0.5387205481529236
TransE,trial_174,1216,0.003,512,128,0.0,1e-06,N3,0.001,200,False,35.44518280029297,51.14814758300781,0.2903941869735718,0.1818181872367859,0.30639731884002686,0.5353535413742065
TransE,trial_175,1217,0.0003,256,64,12.0,1e-05,F2,0.005,200,True,5130.44873046875,5139.5791015625,0.0003005646576639265,0.0,0.0,0.0
TransE,trial_176,1218,0.003,256,64,6.0,0.0,F2,0.005,200,False,56.604652404785156,78.76431274414062,0.19263865053653717,0.1111111119389534,0.21548821032047272,0.3501683473587036
TransE,trial_177,1219,0.001,512,64,0.0,1e-06,F2,0.001,200,True,135.50498962402344,149.21885681152344,0.27506959438323975,0.16835017502307892,0.27272728085517883,0.5084174871444702
TransE,trial_178,1220,0.0003,1024,32,6.0,1e-05,N3,0.001,200,True,31.720930099487305,49.508419036865234,0.26858794689178467,0.16161616146564484,0.25589224696159363,0.5387205481529236
TransE,trial_179,1221,0.003,1024,64,0.0,0.0,N3,0.001,200,True,31.94684410095215,51.41077423095703,0.27667292952537537,0.16835017502307892,0.2693602740764618,0.5488215684890747
TransE,trial_180,1222,0.003,1024,128,0.0,1e-05,F2,0.001,200,True,29.813953399658203,44.39057159423828,0.2933063507080078,0.1818181872367859,0.3030303120613098,0.5420875549316406
TransE,trial_181,1223,0.003,256,64,6.0,1e-05,N3,0.005,200,True,30.750829696655273,51.47138214111328,0.28708139061927795,0.1750841736793518,0.28282827138900757,0.5555555820465088
TransE,trial_182,1224,0.003,256,32,0.0,1e-06,F2,0.005,200,True,31.953489303588867,44.080806732177734,0.279703289270401,0.16835017502307892,0.2693602740764618,0.5521885752677917
TransE,trial_183,1225,0.001,512,64,6.0,1e-06,N3,0.001,200,True,456.5880432128906,390.2592468261719,0.17163044214248657,0.0,0.24242424964904785,0.48148149251937866
TransE,trial_184,1226,0.0003,256,128,0.0,1e-05,N3,0.001,200,False,31.720930099487305,36.101009368896484,0.2781371772289276,0.16498316824436188,0.3030303120613098,0.5117844939231873
TransE,trial_185,1227,0.001,256,128,12.0,0.0,N3,0.001,200,False,253.4053192138672,255.40740966796875,0.28815415501594543,0.17845118045806885,0.3097642958164215,0.5286195278167725
TransE,trial_186,1228,0.0003,512,64,12.0,1e-06,F2,0.005,200,False,777.79736328125,663.2155151367188,0.21939685940742493,0.16498316824436188,0.24915824830532074,0.3097642958164215
TransE,trial_187,1229,0.003,1024,32,0.0,1e-06,F2,0.001,200,True,31.963455200195312,53.966331481933594,0.2733788788318634,0.15488214790821075,0.28282827138900757,0.5353535413742065
TransE,trial_188,1230,0.0003,512,128,12.0,1e-06,N3,0.005,200,True,30.109634399414062,31.1447811126709,0.283002644777298,0.1818181872367859,0.27272728085517883,0.5521885752677917
TransE,trial_189,1231,0.001,512,128,0.0,0.0,N3,0.001,200,False,319.8438415527344,279.6868591308594,0.2873309552669525,0.17845118045806885,0.3030303120613098,0.5084174871444702
TransE,trial_190,1232,0.001,512,64,6.0,1e-05,F2,0.005,200,False,33.56146240234375,44.858585357666016,0.2732163667678833,0.17171716690063477,0.2861952781677246,0.4848484992980957
TransE,trial_191,1233,0.001,256,32,12.0,1e-05,F2,0.001,200,True,29.727575302124023,34.898990631103516,0.2758837640285492,0.1818181872367859,0.2794612646102905,0.5050504803657532
TransE,trial_192,1234,0.003,512,128,6.0,0.0,F2,0.001,200,False,38.046512603759766,58.39057159423828,0.15033785998821259,0.010101010091602802,0.19528619945049286,0.4511784613132477
TransE,trial_193,1235,0.003,1024,32,12.0,1e-06,F2,0.005,200,False,35.43189239501953,53.63299560546875,0.2539024353027344,0.1346801370382309,0.26599326729774475,0.5353535413742065
TransE,trial_194,1236,0.001,512,32,0.0,0.0,N3,0.001,200,False,105.5813980102539,123.1144790649414,0.29350265860557556,0.1818181872367859,0.3164983093738556,0.5151515007019043
TransE,trial_195,1237,0.003,512,128,0.0,0.0,N3,0.001,200,True,31.890365600585938,52.08417510986328,0.2833910286426544,0.17171716690063477,0.2996633052825928,0.5488215684890747
TransE,trial_196,1238,0.003,1024,32,0.0,0.0,F2,0.005,200,False,33.56478500366211,47.488216400146484,0.27119967341423035,0.16498316824436188,0.2794612646102905,0.4915824830532074
TransE,trial_197,1239,0.001,512,32,12.0,1e-05,F2,0.001,200,False,906.3156127929688,771.7205200195312,0.262256383895874,0.17845118045806885,0.28956228494644165,0.43097642064094543
TransE,trial_198,1240,0.001,256,64,12.0,0.0,F2,0.001,200,True,487.8936767578125,389.8720397949219,0.16736331582069397,0.0,0.2289562225341797,0.48148149251937866
TransE,trial_199,1241,0.003,512,128,12.0,1e-06,F2,0.005,200,True,31.88372039794922,51.38720703125,0.2880854606628418,0.1818181872367859,0.28282827138900757,0.5622895359992981
TransE,trial_200,1242,0.0003,256,32,12.0,1e-05,F2,0.001,200,True,31.730897903442383,46.292930603027344,0.289538711309433,0.1818181872367859,0.2794612646102905,0.5656565427780151
TransE,trial_201,1243,0.003,1024,64,12.0,0.0,N3,0.001,200,False,36.50165939331055,52.99663162231445,0.2749260365962982,0.16835017502307892,0.2693602740764618,0.5488215684890747
TransE,trial_202,1244,0.0003,512,64,0.0,1e-06,N3,0.005,200,False,675.83056640625,607.242431640625,0.24558857083320618,0.16498316824436188,0.25589224696159363,0.4276094138622284
TransE,trial_203,1245,0.003,1024,64,0.0,1e-05,N3,0.001,200,False,35.82059860229492,49.70033645629883,0.28307923674583435,0.17171716690063477,0.30639731884002686,0.5286195278167725
TransE,trial_204,1246,0.003,1024,128,6.0,1e-05,N3,0.001,200,False,387.67108154296875,322.9730529785156,0.28126367926597595,0.17845118045806885,0.2996633052825928,0.4781144857406616
TransE,trial_205,1247,0.001,256,32,0.0,1e-06,N3,0.005,200,True,32.046512603759766,40.2895622253418,0.28444546461105347,0.17171716690063477,0.2861952781677246,0.5420875549316406
TransE,trial_206,1248,0.001,512,128,0.0,1e-05,F2,0.005,200,False,305.09967041015625,277.0942687988281,0.2871128022670746,0.17845118045806885,0.2929292917251587,0.5185185074806213
TransE,trial_207,1249,0.001,1024,32,12.0,0.0,F2,0.005,200,True,621.873779296875,484.5589294433594,0.16649039089679718,0.0,0.22558923065662384,0.4983164966106415
TransE,trial_208,1250,0.001,512,32,12.0,1e-05,N3,0.001,200,False,625.9003295898438,562.629638671875,0.26873546838760376,0.17845118045806885,0.30639731884002686,0.4579124450683594
TransE,trial_209,1251,0.001,256,128,0.0,1e-05,N3,0.005,200,False,33.73089599609375,50.508419036865234,0.2422877848148346,0.1346801370382309,0.23232322931289673,0.5016834735870361
TransE,trial_210,1252,0.003,1024,64,6.0,1e-05,F2,0.005,200,False,38.930233001708984,58.80134582519531,0.22861260175704956,0.13804714381694794,0.21885521709918976,0.4141414165496826
TransE,trial_211,1253,0.003,1024,32,12.0,1e-06,F2,0.005,200,False,33.97342300415039,31.996633529663086,0.2526153326034546,0.16498316824436188,0.2457912415266037,0.46464645862579346
TransE,trial_212,1254,0.003,512,128,6.0,1e-06,N3,0.001,200,False,268.754150390625,272.95623779296875,0.28486600518226624,0.17845118045806885,0.30639731884002686,0.4915824830532074
TransE,trial_213,1255,0.0003,1024,128,0.0,1e-06,N3,0.001,200,False,34.5215950012207,48.61616134643555,0.26880478858947754,0.16498316824436188,0.2693602740764618,0.5117844939231873
TransE,trial_214,1256,0.001,256,64,6.0,1e-05,N3,0.005,200,True,119.30564880371094,129.0134735107422,0.2828948199748993,0.1750841736793518,0.29629629850387573,0.5218855142593384
TransE,trial_215,1257,0.001,1024,64,12.0,0.0,N3,0.001,200,False,32.72425079345703,40.814815521240234,0.25602826476097107,0.1515151560306549,0.2525252401828766,0.5084174871444702
TransE,trial_216,1258,0.0003,256,128,6.0,1e-05,F2,0.005,200,True,1944.126220703125,1665.55224609375,0.09860245138406754,0.0,0.17845118045806885,0.21548821032047272
TransE,trial_217,1259,0.001,256,128,0.0,1e-06,N3,0.005,200,True,31.009965896606445,49.2895622253418,0.2808293104171753,0.1750841736793518,0.2626262605190277,0.5353535413742065
TransE,trial_218,1260,0.003,512,64,0.0,1e-06,F2,0.005,200,True,31.6146183013916,47.15824890136719,0.284485399723053,0.1750841736793518,0.28956228494644165,0.5555555820465088
TransE,trial_219,1261,0.003,512,64,0.0,1e-06,F2,0.005,200,False,31.94352149963379,41.141414642333984,0.2880968451499939,0.1750841736793518,0.2929292917251587,0.5218855142593384
TransE,trial_220,1262,0.0003,512,128,0.0,1e-06,N3,0.001,200,True,864.4019775390625,637.016845703125,0.16545072197914124,0.0,0.2525252401828766,0.48821547627449036
TransE,trial_221,1263,0.003,512,64,12.0,1e-06,F2,0.001,200,False,31.91029930114746,49.74074172973633,0.2804346978664398,0.17171716690063477,0.28956228494644165,0.5420875549316406
TransE,trial_222,1264,0.003,256,32,6.0,1e-05,N3,0.001,200,True,81.60465240478516,79.47138214111328,0.2821398377418518,0.17845118045806885,0.29629629850387573,0.5185185074806213
TransE,trial_223,1265,0.001,256,32,12.0,1e-06,F2,0.005,200,True,27.05980110168457,30.265993118286133,0.281474769115448,0.18518517911434174,0.2861952781677246,0.48148149251937866
TransE,trial_224,1266,0.001,1024,64,12.0,0.0,F2,0.005,200,True,31.418603897094727,47.18855285644531,0.2808550298213959,0.17171716690063477,0.2794612646102905,0.5252525210380554
TransE,trial_225,1267,0.003,256,64,12.0,1e-06,F2,0.005,200,False,31.328903198242188,37.767677307128906,0.2800597548484802,0.16498316824436188,0.2996633052825928,0.5218855142593384
TransE,trial_226,1268,0.001,256,128,12.0,1e-06,N3,0.005,200,True,721.059814453125,504.48822021484375,0.16565461456775665,0.0,0.2289562225341797,0.4781144857406616
TransE,trial_227,1269,0.0003,512,32,6.0,1e-05,N3,0.001,200,False,6170.4052734375,6459.12451171875,0.00043227305286563933,0.0,0.0,0.0
TransE,trial_228,1270,0.0003,512,64,6.0,1e-05,N3,0.001,200,False,5759.43212890625,6072.7578125,0.00025249572354368865,0.0,0.0,0.0
TransE,trial_229,1271,0.003,1024,128,12.0,1e-05,N3,0.005,200,True,30.172758102416992,31.454545974731445,0.26615598797798157,0.1750841736793518,0.24915824830532074,0.46464645862579346
TransE,trial_230,1272,0.0003,512,64,12.0,1e-05,F2,0.005,200,True,3446.00341796875,3234.117919921875,0.012927907519042492,0.0,0.006734006572514772,0.04377104341983795
TransE,trial_231,1273,0.003,512,64,0.0,1e-05,F2,0.005,200,False,31.953489303588867,51.838382720947266,0.2912976145744324,0.18518517911434174,0.29629629850387573,0.5488215684890747
TransE,trial_232,1274,0.001,512,32,6.0,0.0,N3,0.005,200,False,478.4418640136719,402.18853759765625,0.2839697003364563,0.17845118045806885,0.28956228494644165,0.5151515007019043
TransE,trial_233,1275,0.0003,512,64,12.0,0.0,N3,0.001,200,True,3733.428466796875,3342.61962890625,0.0026475966442376375,0.0,0.0,0.003367003286257386
TransE,trial_234,1276,0.003,256,128,0.0,1e-05,F2,0.005,200,True,31.421926498413086,49.95286178588867,0.29167309403419495,0.17845118045806885,0.3030303120613098,0.5757575631141663
TransE,trial_235,1277,0.003,256,64,12.0,1e-06,F2,0.001,200,True,34.91694259643555,48.185184478759766,0.2826786935329437,0.18855218589305878,0.2929292917251587,0.4680134654045105
TransE,trial_236,1278,0.0003,1024,32,12.0,1e-06,N3,0.005,200,True,35.85382080078125,46.774410247802734,0.2807677090167999,0.17845118045806885,0.2760942876338959,0.5151515007019043
TransE,trial_237,1279,0.001,1024,64,0.0,0.0,F2,0.001,200,False,34.08970260620117,49.07744216918945,0.2521268427371979,0.13804714381694794,0.2794612646102905,0.5185185074806213
TransE,trial_238,1280,0.003,512,32,6.0,0.0,F2,0.001,200,True,27.521595001220703,35.22222137451172,0.30342090129852295,0.20202019810676575,0.3030303120613098,0.5387205481529236
TransE,trial_239,1281,0.003,512,32,6.0,0.0,F2,0.001,200,True,31.956809997558594,50.276092529296875,0.28316599130630493,0.1818181872367859,0.2693602740764618,0.558922529220581
TransE,trial_240,1282,0.001,1024,64,0.0,1e-06,F2,0.001,200,True,31.744186401367188,46.41077423095703,0.284682959318161,0.1750841736793518,0.2861952781677246,0.5151515007019043
TransE,trial_241,1283,0.003,1024,64,6.0,1e-06,N3,0.005,200,True,182.7176055908203,180.84512329101562,0.1726391762495041,0.0,0.2289562225341797,0.48821547627449036
TransE,trial_242,1284,0.003,1024,128,6.0,1e-06,F2,0.001,200,False,339.35546875,293.5454406738281,0.2804679870605469,0.17845118045806885,0.2794612646102905,0.5050504803657532
TransE,trial_243,1285,0.001,1024,32,0.0,1e-05,F2,0.001,200,True,133.8405303955078,152.7710418701172,0.2768769860267639,0.16498316824436188,0.29629629850387573,0.5420875549316406
TransE,trial_244,1286,0.0003,512,32,12.0,0.0,F2,0.005,200,False,5924.22265625,6053.2998046875,0.00031936197774484754,0.0,0.0,0.0
TransE,trial_245,1287,0.0003,1024,128,6.0,1e-06,N3,0.001,200,False,5440.91015625,5738.181640625,0.00042230403050780296,0.0,0.0,0.0
TransE,trial_246,1288,0.003,512,128,6.0,1e-06,F2,0.005,200,True,31.249170303344727,50.82154846191406,0.2895262837409973,0.17845118045806885,0.2996633052825928,0.5488215684890747
TransE,trial_247,1289,0.003,1024,32,0.0,1e-06,F2,0.001,200,True,32.08305740356445,49.45454406738281,0.27860507369041443,0.16835017502307892,0.2794612646102905,0.5353535413742065
TransE,trial_248,1290,0.001,1024,32,12.0,0.0,F2,0.005,200,False,194.09634399414062,183.65992736816406,0.2926861047744751,0.17845118045806885,0.31313130259513855,0.5218855142593384
TransE,trial_249,1291,0.003,256,32,6.0,0.0,N3,0.001,200,True,31.64451789855957,46.306396484375,0.2907273769378662,0.1818181872367859,0.2861952781677246,0.5656565427780151
TransE,trial_250,1292,0.001,256,64,12.0,1e-05,N3,0.005,200,False,35.91694259643555,49.9831657409668,0.2766490876674652,0.17845118045806885,0.2861952781677246,0.4680134654045105
TransE,trial_251,1293,0.003,256,64,0.0,1e-05,F2,0.001,200,False,31.159467697143555,42.774410247802734,0.28948187828063965,0.1818181872367859,0.29629629850387573,0.5387205481529236
TransE,trial_252,1294,0.0003,1024,64,6.0,1e-05,N3,0.005,200,False,39.02657699584961,43.93939208984375,0.17941753566265106,0.016835017129778862,0.24242424964904785,0.4545454680919647
TransE,trial_253,1295,0.003,256,128,6.0,1e-06,F2,0.005,200,True,104.8770751953125,101.37036895751953,0.18074309825897217,0.016835017129778862,0.2390572428703308,0.47138047218322754
TransE,trial_254,1296,0.003,1024,64,6.0,0.0,N3,0.001,200,False,263.93023681640625,216.15487670898438,0.2884376645088196,0.17845118045806885,0.3030303120613098,0.5151515007019043
TransE,trial_255,1297,0.0003,1024,64,12.0,0.0,N3,0.001,200,True,848.3023071289062,676.7946166992188,0.1659473329782486,0.0,0.24915824830532074,0.4848484992980957
